0.000         
0.000         
0.000         
0.000         
0.000         
0.000         
0.000         
0.000         
0.000         
0.000         
0.000         
0.000         
0.000         
0.000         
0.000         
0.000         
0.000         
0.000         
0.000         
0.000         
0.000         
0.000         
0.000         
0.000         
0.000         
0.000         
0.000         
0.000         
0.000         
0.000         
0.000         
0.000         
0.000         
0.000         
0.000         
0.000         
0.000         
0.000         
0.000         
0.000         
0.000         
0.000         
0.000         
0.000         
0.000         
0.000         
0.000         
11.682        
0.000         
0.000         
0.000         
0.000         
0.000         
0.000         
0.000         
0.000         
44.869        
0.000         
0.000         
0.000         
0.000         
0.000         
0.000         
0.000         
0.000         
0.000         
0.000         
0.000         
0.000         
0.000         
0.000         
0.000         
0.000         
0.000         
0.000         
0.000         
0.000         
0.000         
0.000         
0.000         
0.000         
0.000         
0.000         
0.000         
0.000         
0.000         
0.000         
5.144         
0.000         
0.000         
0.000         
0.000         
0.000         
0.000         
0.000         
0.000         
0.000         
0.000         
0.000         
0.000         
0.000         
0.000         
1.599         
0.000         
0.000         
0.000         
0.000         
0.000         
0.000         
0.000         
0.000         
0.000         
0.000         
0.000         
0.000         
0.000         
0.000         
0.000         
0.000         
0.000         
0.000         
0.000         
0.000         
0.000         
0.000         
0.000         
0.000         
0.000         
0.000         
0.000         
0.000         
0.000         
0.000         
0.000         
0.000         
0.000         
0.000         
0.000         
0.000         
0.000         
0.000         
0.000         
0.000         
0.000         
0.000         
0.000         
0.000         
0.000         
0.000         
0.000         
0.000         
0.000         
0.000         
0.000         
0.000         
0.000         
0.000         
0.000         
0.000         
0.000         
0.000         
0.000         
0.000         
0.000         
0.000         
0.000         
0.000         
0.000         
0.000         
0.000         
0.000         
0.000         
0.000         
0.000         
0.000         
0.000         
0.000         
0.000         
0.000         
0.000         
0.000         
0.000         
0.000         
0.000         
0.000         
2.278         
0.000         
0.000         
0.000         
0.000         
0.000         
0.000         
0.000         
0.000         
0.000         
0.000         
0.000         
0.548         
0.728         
0.000         
0.000         
0.000         
0.000         
0.000         
8.074         
0.000         
0.000         
0.000         
0.000         
0.000         
0.000         
0.000         
0.000         
0.000         
0.000         
0.000         
0.000         
0.000         
0.000         
0.000         
0.000         
0.000         
0.000         
0.000         
0.000         
0.000         
0.000         
0.000         
0.000         
0.000         
0.000         
0.000         
0.000         
0.000         
0.000         
0.000         
0.000         
0.000         
0.000         
0.000         
0.000         
0.000         
0.000         
0.000         
0.000         
0.000         
0.000         
0.000         
0.000         
0.000         
0.000         
0.000         
0.000         
0.000         
0.796         
0.000         
6.337         
2.144         
0.000         
0.000         
0.000         
0.000         
0.000         
0.000         
0.000         
0.000         
0.000         
1.263         
0.645         
0.000         
0.000         
0.000         
0.000         
0.000         
0.000         
0.000         
0.000         
0.000         
47.783        
0.000         
0.000         
0.000         
0.000         
0.000         
0.000         
0.000         
19.088        
0.000         
0.000         
0.000         
0.000         
0.000         
0.000         
0.000         
0.000         
0.000         
0.000         
0.000         
0.000         
0.000         
0.000         
0.000         
0.000         
0.001         
0.000         
0.000         
0.000         
0.000         
0.000         
0.000         
0.000         
0.000         
0.000         
0.000         
0.000         
0.000         
0.000         
0.000         
0.000         
0.000         
0.000         
0.000         
0.000         
0.000         
0.000         
0.000         
0.000         
0.000         
0.000         
0.000         
0.000         
0.000         
0.000         
0.000         
0.000         
15.856        
0.000         
0.000         
0.000         
0.000         
0.000         
0.000         
0.000         
0.000         
0.000         
0.000         
0.000         
0.000         
0.000         
0.000         
0.297         
0.000         
0.000         
0.000         
0.000         
0.000         
0.000         
0.000         
0.000         
0.000         
0.000         
0.000         
0.000         
0.000         
0.000         
0.000         
0.000         
0.000         
0.000         
0.000         
0.000         
0.000         
0.000         
0.000         
0.000         
0.000         
0.000         
0.000         
8.067         
0.000         
9.472         
0.000         
0.000         
0.000         
0.000         
0.000         
0.000         
0.000         
0.000         
0.000         
0.000         
0.000         
0.000         
0.000         
0.000         
0.000         
0.000         
0.000         
0.000         
0.000         
0.000         
0.000         
0.000         
0.000         
0.000         
0.000         
0.000         
0.000         
0.000         
1.352         
0.000         
0.000         
0.000         
0.000         
0.585         
0.000         
0.000         
0.000         
0.009         
0.000         
0.000         
0.000         
0.000         
0.000         
0.000         
0.000         
0.000         
0.000         
0.000         
0.000         
0.000         
0.000         
0.000         
0.000         
0.000         
0.000         
0.000         
0.000         
0.000         
0.000         
0.000         
0.000         
0.000         
0.000         
0.000         
0.000         
0.000         
0.000         
0.000         
0.000         
0.000         
0.000         
0.000         
0.000         
0.000         
0.000         
0.000         
0.000         
0.000         
0.000         
0.000         
0.000         
0.000         
0.000         
0.000         
8.833         
0.000         
15.669        
0.000         
0.000         
0.000         
0.000         
24.060        
0.000         
0.000         
0.000         
3.552         
0.000         
0.000         
0.000         
0.000         
0.000         
0.000         
0.642         
0.000         
0.000         
0.000         
0.000         
0.000         
6.144         
0.000         
0.000         
3.022         
0.000         
0.000         
0.000         
0.000         
0.000         
0.000         
0.000         
0.000         
0.000         
0.000         
0.000         
0.000         
0.000         
0.000         
0.000         
0.000         
0.000         
1.807         
0.000         
0.000         
0.000         
0.000         
0.000         
0.000         
0.000         
0.000         
0.000         
0.000         
0.000         
0.000         
0.000         
0.000         
0.000         
0.000         
0.000         
0.000         
0.000         
0.000         
0.000         
0.000         
0.000         
0.000         
0.000         
0.000         
0.000         
0.000         
0.000         
0.000         
0.000         
0.000         
0.000         
0.000         
0.000         
15.080        
0.000         
0.000         
0.000         
0.000         
0.000         
23.254        
0.000         
0.000         
24.903        
0.000         
13.492        
2.689         
0.000         
10.348        
0.000         
0.000         
0.000         
1.797         
0.000         
0.000         
0.000         
0.000         
0.000         
0.000         
0.000         
11.274        
10.945        
15.909        
0.000         
0.000         
0.000         
0.000         
0.000         
0.000         
0.000         
7.263         
0.000         
0.000         
0.000         
0.000         
0.000         
0.000         
0.000         
0.000         
0.000         
0.000         
0.000         
0.000         
0.000         
0.000         
0.000         
0.000         
0.000         
0.000         
0.000         
0.000         
0.000         
0.000         
0.000         
0.000         
0.000         
0.000         
0.000         
0.000         
0.000         
0.000         
0.000         
0.000         
0.000         
0.000         
0.000         
0.000         
0.000         
0.000         
0.000         
0.000         
0.000         
0.000         
0.000         
0.000         
0.000         
0.000         
0.000         
0.000         
0.000         
0.000         
0.000         
0.000         
0.000         
0.000         
0.000         
0.000         
0.000         
0.000         
0.000         
0.000         
0.000         
0.000         
0.000         
0.000         
0.000         
0.000         
0.000         
0.000         
0.000         
0.000         
0.000         
0.000         
0.000         
0.000         
0.000         
0.000         
0.000         
0.000         
0.000         
0.000         
0.000         
0.000         
0.000         
0.000         
0.000         
0.000         
0.000         
0.000         
0.000         
0.000         
0.000         
0.000         
0.000         
0.000         
0.000         
0.000         
0.000         
0.000         
0.000         
0.000         
0.000         
0.000         
0.000         
0.000         
0.000         
0.000         
0.000         
0.000         
0.000         
0.000         
0.000         
0.000         
0.000         
0.000         
0.000         
0.000         
3.504         
0.000         
0.000         
0.000         
0.000         
0.000         
0.000         
0.000         
0.000         
0.000         
0.000         
0.000         
0.000         
3.547         
0.000         
0.000         
0.000         
0.000         
0.000         
0.000         
0.000         
0.000         
0.518         
0.000         
0.000         
0.000         
0.000         
0.000         
0.000         
0.000         
0.000         
0.000         
0.000         
0.000         
0.000         
0.000         
0.000         
0.000         
0.000         
0.000         
0.000         
0.000         
0.000         
0.000         
0.000         
0.000         
0.000         
0.000         
0.000         
0.000         
0.000         
0.000         
0.000         
0.000         
0.000         
0.000         
0.000         
0.000         
0.000         
0.000         
0.000         
0.000         
0.000         
0.000         
0.000         
0.000         
0.000         
0.000         
0.000         
0.000         
4.376         
0.000         
0.000         
0.000         
0.000         
0.000         
0.000         
0.000         
0.000         
0.030         
0.000         
0.000         
0.000         
0.000         
0.000         
0.000         
0.000         
0.000         
0.000         
0.000         
0.000         
0.000         
0.000         
0.000         
0.000         
0.000         
0.000         
0.000         
0.000         
0.000         
0.000         
0.000         
0.000         
0.000         
0.000         
0.000         
0.000         
0.000         
0.000         
0.000         
0.000         
0.000         
0.000         
0.000         
0.000         
0.000         
0.000         
0.000         
0.585         
0.000         
0.000         
0.000         
0.000         
0.000         
0.000         
0.000         
0.000         
0.000         
0.000         
0.000         
0.000         
0.000         
3.764         
0.000         
0.000         
0.095         
0.000         
0.000         
0.000         
0.000         
0.000         
0.000         
0.000         
0.000         
0.000         
0.000         
0.000         
0.304         
0.000         
0.000         
0.000         
0.000         
0.000         
0.000         
0.000         
0.000         
0.000         
0.000         
0.000         
0.000         
0.000         
0.000         
0.000         
0.000         
0.000         
0.000         
0.000         
0.000         
0.000         
0.000         
0.258         
0.000         
0.000         
0.000         
0.000         
0.000         
0.000         
1.435         
0.000         
0.000         
0.000         
0.000         
0.000         
0.000         
0.000         
0.000         
0.000         
0.000         
0.000         
0.000         
0.000         
0.000         
0.000         
0.000         
0.000         
0.000         
0.000         
0.000         
0.000         
0.000         
0.069         
0.000         
0.000         
0.000         
0.000         
0.000         
0.000         
0.000         
0.000         
0.000         
0.000         
0.000         
0.000         
0.000         
0.000         
5.603         
0.000         
0.000         
1.194         
20.824        
12.213        
0.000         
0.000         
0.000         
3.268         
0.000         
0.000         
0.000         
0.000         
0.000         
0.000         
0.000         
0.000         
0.000         
0.000         
0.000         
0.000         
0.000         
0.000         
0.000         
0.000         
0.000         
0.000         
0.000         
9.327         
15.636        
0.000         
0.000         
0.000         
0.000         
0.000         
0.000         
56.712        
0.000         
25.160        
0.000         
31.368        
41.172        
50.072        
0.000         
0.000         
18.468        
18.760        
89.902        
0.000         
0.000         
0.000         
54.702        
0.000         
0.000         
19.436        
0.000         
103.775       
0.000         
0.000         
0.000         
0.000         
0.000         
0.000         
0.000         
0.000         
0.000         
0.000         
0.000         
0.000         
0.000         
0.000         
0.000         
0.000         
0.000         
17.616        
0.000         
0.000         
0.000         
4.844         
20.148        
0.000         
0.000         
0.000         
0.000         
0.000         
0.000         
0.000         
0.000         
0.000         
72.593        
0.000         
0.000         
0.000         
0.000         
0.000         
0.000         
0.000         
0.000         
0.000         
0.000         
0.000         
0.000         
0.000         
0.000         
0.000         
0.000         
0.000         
0.000         
0.210         
0.000         
0.000         
0.000         
0.000         
0.000         
0.000         
0.000         
0.000         
0.000         
18.267        
0.000         
0.000         
0.000         
0.000         
0.000         
0.000         
0.000         
0.000         
0.000         
0.000         
0.000         
0.000         
0.000         
0.000         
0.000         
0.000         
0.000         
0.000         
0.000         
0.000         
0.000         
0.000         
0.000         
0.000         
0.000         
0.000         
0.000         
0.000         
0.000         
0.000         
0.000         
0.000         
0.000         
10.347        
0.000         
0.000         
0.000         
0.000         
0.000         
0.000         
0.000         
0.000         
0.000         
0.000         
0.000         
0.000         
0.000         
0.000         
0.000         
8.413         
0.000         
0.000         
0.000         
0.000         
0.000         
0.000         
0.000         
0.000         
0.000         
0.000         
13.913        
0.000         
0.000         
0.000         
0.000         
0.000         
0.000         
0.000         
0.000         
0.000         
0.000         
0.000         
0.000         
0.000         
0.000         
0.000         
3.852         
0.000         
0.000         
0.000         
86.324        
0.000         
0.000         
4.126         
0.000         
0.000         
0.000         
0.000         
0.000         
87.283        
0.000         
0.000         
0.000         
0.000         
0.000         
0.000         
0.000         
0.000         
0.000         
0.000         
0.000         
0.000         
0.000         
0.000         
0.000         
0.000         
0.000         
0.000         
0.000         
0.000         
0.000         
28.910        
110.002       
0.000         
0.000         
0.000         
0.000         
0.000         
0.000         
0.000         
5.143         
0.000         
0.000         
0.000         
0.000         
0.762         
0.000         
0.000         
0.000         
0.000         
20.370        
0.000         
0.000         
0.000         
0.000         
0.000         
0.000         
0.000         
1.297         
0.000         
0.000         
0.000         
0.000         
0.000         
0.000         
0.000         
0.000         
14.142        
0.000         
0.000         
11.661        
0.000         
0.000         
0.000         
0.000         
42.290        
0.000         
0.000         
71.699        
0.000         
0.000         
0.000         
0.000         
0.000         
3.847         
0.000         
9.306         
0.000         
0.000         
0.000         
0.000         
0.000         
0.000         
0.000         
0.000         
0.000         
1.461         
0.000         
0.000         
0.000         
0.000         
0.000         
0.000         
0.000         
0.000         
0.000         
0.000         
0.000         
0.000         
0.000         
0.000         
0.000         
0.000         
0.000         
0.000         
0.000         
0.000         
0.000         
0.000         
0.000         
0.000         
0.000         
0.000         
0.000         
0.000         
0.000         
0.000         
0.000         
0.000         
0.000         
0.000         
0.000         
0.000         
0.000         
0.000         
0.000         
0.000         
0.000         
0.000         
0.000         
0.000         
0.000         
0.000         
0.000         
0.000         
0.000         
0.000         
0.000         
0.000         
0.000         
10.192        
0.000         
0.000         
0.000         
0.000         
0.000         
0.000         
0.000         
0.000         
0.000         
0.022         
0.000         
0.000         
0.000         
0.000         
0.000         
0.000         
0.000         
2.361         
0.000         
0.000         
4.600         
0.000         
5.842         
3.979         
0.000         
0.000         
0.000         
0.000         
2.870         
0.000         
0.000         
0.000         
0.000         
0.000         
0.000         
0.000         
0.000         
0.000         
0.000         
0.000         
0.000         
0.000         
0.000         
0.000         
0.000         
0.000         
0.000         
0.000         
0.000         
0.000         
0.000         
0.000         
0.000         
6.251         
0.000         
0.000         
0.000         
0.000         
0.000         
0.000         
0.000         
0.000         
0.000         
0.000         
0.000         
0.000         
0.017         
0.000         
3.946         
6.873         
0.000         
0.000         
0.000         
0.000         
0.000         
0.000         
11.737        
0.000         
1.401         
0.000         
0.000         
0.000         
0.000         
0.000         
0.000         
3.039         
0.000         
0.000         
0.000         
0.000         
37.164        
0.000         
0.000         
0.000         
0.000         
0.000         
0.000         
0.000         
0.000         
0.000         
5.864         
0.000         
0.000         
0.000         
0.000         
0.000         
0.000         
0.000         
0.000         
0.000         
0.000         
0.000         
0.000         
0.000         
0.000         
0.000         
0.000         
0.000         
0.000         
0.000         
0.000         
0.000         
0.000         
0.000         
0.000         
0.000         
0.000         
0.000         
0.000         
0.000         
0.000         
0.000         
0.000         
0.000         
0.000         
0.000         
0.000         
0.000         
0.000         
0.000         
0.000         
0.000         
0.000         
0.000         
0.000         
0.000         
0.000         
0.000         
0.000         
0.000         
0.000         
0.000         
0.000         
0.000         
0.000         
0.000         
0.000         
0.000         
0.000         
0.000         
0.000         
0.000         
0.000         
0.000         
0.000         
8.170         
0.000         
0.000         
0.308         
0.000         
0.000         
0.000         
0.000         
0.000         
0.000         
0.000         
0.000         
0.000         
0.000         
0.000         
0.000         
0.000         
0.000         
0.000         
0.000         
0.000         
0.000         
0.000         
0.000         
0.000         
0.000         
0.000         
0.000         
0.000         
0.000         
0.000         
0.000         
0.000         
0.000         
0.000         
0.000         
0.000         
0.000         
0.000         
80.034        
2.329         
0.000         
0.000         
0.000         
0.000         
0.000         
0.000         
7.366         
0.000         
0.000         
0.000         
0.000         
0.000         
0.000         
0.000         
7.247         
0.000         
0.000         
0.000         
0.000         
0.000         
0.000         
0.000         
0.000         
0.000         
0.000         
0.000         
0.000         
0.000         
37.512        
64.684        
0.000         
0.000         
0.000         
0.000         
21.969        
0.000         
0.000         
0.000         
0.000         
0.000         
0.000         
0.000         
0.000         
0.000         
0.000         
0.000         
0.000         
0.000         
0.000         
0.000         
0.000         
0.000         
0.000         
0.000         
0.000         
0.000         
0.000         
0.000         
0.000         
0.000         
0.000         
0.000         
0.000         
0.000         
0.000         
0.000         
0.000         
0.000         
0.000         
0.000         
0.000         
0.000         
0.000         
0.000         
0.000         
0.000         
0.000         
0.000         
0.000         
0.000         
18.211        
0.000         
0.000         
0.000         
0.000         
0.000         
0.000         
0.000         
0.000         
0.000         
0.000         
0.000         
0.000         
0.000         
0.000         
0.842         
0.000         
0.000         
0.000         
0.000         
0.000         
7.636         
0.000         
0.000         
0.000         
0.000         
0.369         
2.610         
0.000         
0.000         
0.000         
0.000         
0.000         
0.000         
0.000         
0.000         
0.000         
0.000         
0.000         
0.000         
0.000         
0.000         
0.000         
0.000         
0.000         
0.000         
0.000         
0.000         
0.000         
0.000         
0.000         
0.000         
0.000         
0.327         
0.000         
0.000         
0.000         
0.000         
0.000         
0.000         
13.745        
0.000         
0.000         
0.000         
0.000         
0.000         
3.769         
0.000         
0.000         
0.000         
0.000         
0.000         
0.000         
0.000         
16.781        
0.000         
0.000         
0.000         
0.000         
0.000         
0.000         
0.000         
0.000         
0.000         
0.000         
0.000         
0.000         
0.000         
0.000         
0.000         
0.000         
0.000         
0.000         
0.000         
0.000         
0.000         
0.000         
0.000         
0.000         
0.000         
0.000         
0.000         
0.000         
0.000         
31.766        
0.000         
0.000         
0.000         
0.000         
0.000         
0.000         
0.000         
0.000         
9.894         
0.000         
0.000         
0.000         
2.028         
0.913         
0.000         
0.000         
0.000         
11.044        
0.000         
0.000         
0.000         
0.000         
0.000         
0.000         
0.000         
0.000         
0.000         
0.000         
9.991         
0.000         
0.000         
0.000         
0.000         
0.000         
0.000         
0.000         
0.000         
0.000         
0.000         
0.000         
0.000         
0.000         
0.000         
0.000         
0.000         
0.000         
0.000         
6.658         
0.000         
0.000         
0.000         
0.000         
0.000         
0.000         
0.000         
0.000         
0.000         
0.000         
0.000         
0.000         
0.000         
0.415         
0.000         
0.000         
0.000         
0.000         
0.000         
17.979        
0.000         
1.142         
0.000         
0.000         
0.000         
0.000         
0.000         
0.000         
0.000         
0.000         
0.000         
0.000         
0.000         
0.000         
0.000         
0.000         
0.000         
0.000         
0.000         
0.000         
0.000         
0.000         
0.000         
0.000         
0.000         
0.000         
0.000         
0.000         
0.000         
0.000         
0.000         
0.000         
0.000         
0.000         
0.000         
0.000         
0.000         
0.000         
0.000         
0.000         
0.000         
0.000         
0.000         
0.000         
0.000         
0.000         
0.000         
0.000         
0.000         
0.000         
0.000         
0.000         
0.000         
0.000         
0.000         
0.000         
0.000         
0.000         
0.000         
0.000         
0.000         
0.000         
0.000         
0.000         
0.000         
0.000         
0.000         
0.000         
0.000         
0.000         
0.000         
0.000         
1.955         
0.000         
0.000         
6.614         
0.000         
0.000         
0.000         
0.000         
0.000         
0.000         
0.000         
0.000         
0.000         
0.000         
0.000         
0.000         
0.000         
1.635         
0.000         
0.000         
0.000         
0.000         
2.210         
0.000         
0.000         
0.000         
0.000         
0.000         
0.000         
0.000         
0.000         
6.544         
0.000         
54.374        
0.000         
11.161        
0.000         
0.000         
0.000         
0.000         
0.000         
0.000         
0.000         
0.000         
0.000         
0.000         
0.000         
15.614        
0.000         
0.000         
0.000         
0.000         
0.000         
0.000         
0.000         
0.000         
0.000         
0.000         
0.000         
0.000         
0.000         
0.000         
0.000         
0.000         
0.000         
0.000         
0.000         
0.000         
0.000         
0.000         
0.000         
73.116        
0.000         
19.465        
0.000         
0.000         
0.000         
0.000         
0.000         
0.000         
0.000         
5.186         
0.000         
0.000         
17.394        
0.000         
0.000         
0.000         
0.000         
20.616        
41.438        
0.000         
0.000         
0.000         
7.360         
0.000         
0.000         
0.000         
0.000         
0.000         
0.000         
0.000         
0.000         
3.038         
0.000         
7.579         
0.000         
0.000         
0.000         
0.000         
0.000         
0.000         
0.000         
0.000         
0.000         
0.000         
0.000         
0.000         
0.000         
0.000         
0.000         
0.000         
0.000         
0.000         
0.000         
0.000         
0.000         
0.000         
0.000         
0.000         
0.000         
0.000         
0.000         
0.000         
0.000         
0.000         
0.000         
0.000         
0.000         
0.000         
0.000         
0.000         
0.000         
0.000         
0.000         
0.000         
0.000         
0.000         
0.000         
0.000         
0.000         
0.000         
0.254         
0.000         
0.000         
0.000         
0.000         
0.000         
0.000         
0.000         
0.000         
0.000         
0.000         
0.000         
0.000         
0.000         
0.000         
0.000         
0.000         
0.000         
0.000         
0.000         
0.000         
0.000         
0.000         
0.000         
0.000         
0.000         
0.000         
0.000         
0.896         
0.000         
0.000         
0.000         
0.000         
0.000         
0.000         
22.682        
0.000         
0.000         
0.000         
0.000         
0.000         
0.000         
0.000         
0.000         
0.000         
0.000         
0.000         
0.000         
0.000         
0.000         
0.000         
0.000         
0.000         
0.000         
0.000         
0.042         
0.000         
0.000         
0.000         
0.000         
0.000         
0.000         
0.000         
0.000         
0.000         
0.000         
0.000         
0.000         
0.000         
0.000         
1.844         
0.000         
0.000         
0.000         
0.000         
0.000         
0.000         
0.000         
0.000         
0.000         
0.000         
0.000         
0.000         
0.000         
0.000         
0.000         
0.000         
0.000         
0.000         
0.000         
0.000         
0.000         
0.000         
11.947        
0.000         
0.000         
0.000         
45.913        
55.707        
56.123        
0.000         
21.694        
0.000         
0.000         
0.000         
31.085        
0.000         
0.000         
0.000         
0.000         
0.000         
0.000         
0.000         
0.081         
0.000         
0.000         
0.000         
0.000         
0.000         
1.688         
0.000         
0.000         
0.000         
0.000         
0.000         
0.000         
80.222        
22.301        
10.955        
0.000         
0.000         
0.000         
0.000         
0.000         
0.000         
0.000         
0.000         
6.562         
0.000         
0.000         
0.000         
100.517       
0.000         
0.000         
0.000         
0.000         
0.000         
0.000         
0.000         
0.000         
0.000         
0.000         
0.000         
0.000         
0.000         
0.000         
0.000         
0.000         
0.000         
0.000         
0.000         
0.000         
0.000         
0.000         
2.901         
0.000         
1.918         
0.000         
0.000         
0.000         
0.000         
0.000         
0.000         
0.000         
0.000         
0.000         
0.000         
0.000         
0.000         
0.000         
0.000         
0.000         
0.000         
0.000         
0.000         
0.000         
0.000         
0.000         
0.000         
0.000         
0.000         
0.000         
0.000         
0.000         
0.000         
0.000         
0.000         
0.000         
0.000         
0.000         
0.000         
0.000         
0.000         
0.000         
0.000         
0.000         
0.000         
0.000         
0.000         
0.000         
0.000         
0.000         
0.000         
0.000         
0.000         
0.000         
0.000         
0.000         
0.000         
0.000         
0.000         
0.000         
0.000         
0.000         
0.000         
0.007         
0.000         
0.000         
0.000         
0.000         
0.000         
0.000         
0.000         
0.000         
0.000         
0.000         
0.019         
0.000         
0.000         
0.000         
0.000         
0.000         
0.000         
0.000         
0.000         
0.000         
0.000         
0.000         
0.000         
0.000         
0.000         
0.000         
0.000         
0.000         
27.752        
0.000         
0.000         
0.000         
0.000         
0.000         
0.000         
0.000         
0.000         
0.000         
39.914        
5.108         
9.274         
0.000         
0.000         
0.000         
0.000         
0.000         
0.000         
13.690        
0.000         
0.000         
0.000         
0.000         
19.814        
0.000         
0.000         
0.000         
0.000         
0.000         
0.000         
0.000         
0.000         
0.000         
0.000         
0.000         
0.000         
0.000         
0.000         
0.000         
0.000         
0.000         
0.000         
0.000         
0.000         
0.000         
0.000         
0.000         
0.000         
0.000         
0.000         
0.000         
0.000         
0.000         
0.000         
0.000         
0.000         
0.000         
0.000         
0.000         
0.000         
0.000         
0.000         
0.000         
0.000         
0.000         
0.000         
0.000         
0.000         
0.000         
0.000         
0.000         
0.000         
0.000         
0.000         
0.000         
0.000         
0.000         
0.000         
5.560         
0.000         
0.000         
0.000         
0.000         
0.000         
0.000         
0.000         
0.000         
1.322         
0.000         
0.000         
0.000         
12.371        
0.000         
0.000         
0.000         
0.000         
0.000         
0.000         
0.000         
0.000         
0.000         
0.000         
0.000         
0.000         
0.000         
0.000         
0.000         
0.000         
0.000         
0.000         
0.000         
0.000         
0.000         
0.000         
0.000         
0.000         
0.000         
0.000         
0.000         
0.000         
0.000         
5.156         
0.000         
0.000         
0.000         
0.000         
0.000         
0.000         
0.000         
0.000         
0.000         
0.000         
0.000         
0.000         
0.000         
0.000         
0.000         
0.000         
0.000         
0.000         
0.000         
0.000         
0.000         
0.000         
0.000         
0.000         
0.000         
0.000         
0.000         
35.322        
0.000         
0.000         
0.000         
0.000         
0.000         
0.000         
0.000         
0.000         
0.000         
0.000         
0.000         
0.000         
0.000         
0.000         
0.000         
20.269        
0.000         
0.000         
0.000         
0.000         
0.000         
0.000         
0.000         
0.064         
0.000         
0.000         
0.515         
20.028        
20.168        
0.000         
0.000         
1.839         
7.573         
0.000         
5.238         
0.000         
0.000         
0.000         
0.000         
4.086         
0.000         
0.000         
0.000         
0.152         
1.593         
0.000         
0.000         
0.000         
0.000         
0.000         
0.000         
0.000         
0.000         
0.000         
0.000         
0.000         
0.000         
0.000         
0.000         
0.000         
3.324         
0.000         
0.000         
0.000         
0.000         
0.000         
0.000         
0.000         
0.000         
0.000         
0.000         
0.000         
0.000         
0.000         
0.000         
0.000         
0.000         
0.000         
0.000         
0.000         
0.000         
0.000         
0.000         
0.000         
0.000         
0.000         
0.000         
0.000         
0.000         
0.000         
0.000         
0.000         
0.000         
0.000         
0.000         
0.000         
0.000         
0.000         
0.000         
0.000         
0.000         
0.000         
0.000         
0.000         
0.000         
0.000         
0.000         
0.000         
0.000         
0.000         
0.000         
0.000         
0.000         
0.000         
0.000         
112.718       
0.000         
0.000         
0.000         
0.000         
0.000         
0.000         
0.000         
0.000         
0.000         
0.000         
0.000         
0.000         
0.000         
0.000         
0.000         
0.000         
0.000         
0.000         
0.000         
0.000         
0.000         
0.000         
0.000         
0.000         
0.000         
0.000         
0.000         
0.000         
0.000         
0.000         
0.000         
0.000         
0.000         
0.000         
0.000         
0.000         
0.000         
0.000         
0.000         
0.000         
0.000         
0.000         
0.000         
0.000         
0.000         
0.000         
0.000         
0.000         
0.000         
0.000         
0.000         
0.000         
0.000         
0.000         
0.000         
0.000         
0.000         
0.000         
0.000         
0.000         
0.000         
0.000         
0.000         
0.000         
0.000         
12.977        
0.000         
0.000         
0.000         
2.398         
0.000         
5.339         
0.000         
0.000         
0.000         
0.000         
0.000         
0.000         
0.000         
0.000         
0.000         
0.872         
0.000         
0.000         
10.613        
0.000         
0.000         
0.000         
0.000         
0.000         
0.000         
0.000         
0.000         
0.000         
0.000         
0.000         
0.000         
0.000         
0.000         
0.000         
0.000         
0.000         
0.000         
0.000         
0.000         
0.000         
0.000         
0.000         
0.000         
0.000         
0.000         
0.000         
0.000         
0.000         
0.000         
0.000         
0.000         
0.000         
0.000         
0.000         
0.000         
0.000         
0.000         
0.000         
0.000         
0.000         
0.000         
0.000         
0.000         
0.000         
0.000         
0.000         
0.000         
0.000         
0.000         
0.000         
0.000         
0.000         
4.252         
0.000         
0.000         
0.000         
0.000         
0.000         
0.000         
0.004         
0.000         
1.429         
0.000         
0.000         
0.000         
0.000         
0.000         
0.000         
0.000         
0.000         
0.000         
6.937         
2.643         
0.000         
0.000         
0.000         
0.000         
0.000         
0.000         
0.000         
0.000         
0.000         
0.000         
0.000         
0.000         
0.000         
0.000         
0.000         
0.000         
0.000         
0.000         
0.000         
9.741         
0.000         
0.000         
0.000         
0.000         
0.000         
10.154        
0.000         
0.000         
0.000         
0.000         
0.000         
0.000         
0.000         
0.000         
0.000         
0.000         
0.000         
0.000         
4.994         
0.000         
0.000         
0.000         
0.000         
0.000         
0.000         
0.000         
0.000         
0.867         
0.000         
0.000         
4.154         
0.000         
0.000         
0.000         
0.000         
0.000         
0.000         
5.746         
0.000         
0.000         
0.000         
0.000         
0.000         
0.000         
0.000         
0.000         
0.000         
0.000         
0.000         
0.000         
0.000         
0.000         
0.000         
0.000         
0.000         
0.000         
0.000         
0.000         
0.000         
0.000         
0.656         
0.000         
0.000         
0.000         
0.000         
0.000         
0.000         
0.000         
0.000         
0.000         
9.077         
0.000         
0.000         
0.000         
0.000         
0.000         
0.000         
0.000         
0.000         
0.000         
0.000         
0.000         
0.000         
0.000         
0.000         
0.000         
0.000         
0.000         
0.000         
0.000         
0.000         
0.000         
0.000         
0.000         
0.000         
0.000         
0.000         
0.000         
0.000         
0.000         
0.000         
0.000         
0.000         
0.000         
0.000         
0.000         
0.000         
0.000         
0.000         
0.000         
0.000         
0.000         
0.000         
0.000         
0.000         
0.000         
3.524         
33.611        
0.047         
0.000         
0.000         
0.000         
0.000         
0.000         
0.000         
0.000         
0.000         
0.000         
0.000         
0.000         
0.000         
0.000         
0.000         
0.000         
0.000         
0.000         
0.000         
0.000         
18.802        
0.000         
0.000         
0.000         
0.000         
0.000         
0.000         
0.000         
0.000         
0.000         
0.000         
1.984         
0.000         
0.000         
37.194        
0.000         
0.000         
0.000         
0.000         
0.000         
0.000         
0.000         
0.000         
0.000         
0.000         
21.821        
15.613        
0.000         
0.000         
0.000         
0.000         
0.000         
0.000         
0.000         
0.000         
0.000         
0.000         
0.000         
0.000         
0.000         
0.000         
0.000         
0.000         
0.000         
0.000         
23.051        
0.000         
0.000         
0.000         
0.000         
0.000         
0.000         
0.000         
0.000         
0.000         
0.000         
0.000         
0.000         
0.000         
0.000         
0.000         
0.000         
0.000         
0.000         
0.000         
0.000         
0.000         
0.000         
0.000         
0.000         
0.000         
0.000         
0.000         
0.000         
0.000         
0.000         
0.000         
0.000         
0.000         
0.000         
0.000         
0.000         
0.000         
0.000         
0.000         
0.000         
0.000         
0.000         
0.000         
0.000         
0.000         
0.000         
0.000         
0.000         
0.000         
0.000         
0.000         
0.000         
0.000         
0.000         
0.000         
0.000         
0.000         
0.000         
0.000         
0.000         
0.000         
0.000         
1.764         
13.717        
0.000         
0.000         
0.000         
0.000         
0.000         
0.000         
0.000         
0.000         
0.000         
0.000         
10.798        
0.000         
0.000         
0.000         
0.000         
0.000         
0.000         
0.000         
0.000         
0.000         
0.000         
0.000         
0.000         
0.000         
0.000         
0.000         
0.000         
0.000         
0.000         
0.000         
0.000         
0.000         
0.000         
0.000         
0.000         
0.000         
0.000         
0.000         
39.380        
0.000         
0.000         
0.000         
0.000         
0.000         
0.000         
0.000         
8.853         
0.000         
0.000         
0.000         
0.000         
0.000         
0.000         
0.000         
0.090         
11.407        
0.000         
0.000         
0.000         
0.000         
0.000         
0.000         
0.000         
0.000         
0.000         
0.000         
4.984         
0.000         
0.000         
0.000         
0.000         
0.000         
0.000         
0.000         
0.000         
0.000         
0.000         
0.000         
0.000         
0.000         
0.000         
0.000         
0.000         
0.000         
0.000         
0.000         
0.000         
0.000         
0.000         
0.000         
0.000         
0.000         
0.000         
0.000         
0.000         
0.000         
0.000         
0.000         
0.000         
0.000         
0.000         
0.000         
0.000         
0.000         
0.000         
0.000         
0.000         
0.000         
0.000         
0.000         
0.000         
0.000         
0.000         
0.000         
0.000         
0.000         
0.000         
0.000         
0.000         
0.000         
0.000         
0.000         
0.000         
0.000         
0.000         
0.000         
0.000         
0.000         
0.000         
0.000         
0.000         
0.000         
0.000         
2.423         
0.000         
0.000         
0.000         
0.000         
0.163         
0.000         
0.000         
0.000         
0.000         
7.861         
0.000         
0.000         
0.000         
13.608        
0.000         
0.000         
0.000         
0.000         
0.000         
0.000         
0.000         
0.000         
0.000         
0.000         
3.013         
0.000         
0.000         
0.000         
0.000         
0.000         
0.000         
0.000         
0.000         
0.000         
0.000         
0.000         
0.000         
0.000         
0.000         
0.000         
0.000         
0.000         
0.000         
0.000         
0.000         
0.000         
0.000         
0.000         
0.000         
0.000         
0.000         
0.000         
0.000         
0.000         
0.000         
0.000         
0.000         
0.000         
16.466        
0.000         
40.652        
0.000         
0.000         
1.941         
0.000         
0.000         
0.000         
0.000         
0.000         
0.000         
0.000         
3.458         
0.000         
38.926        
0.000         
0.000         
6.067         
4.237         
0.000         
0.000         
0.000         
0.000         
0.000         
4.492         
0.000         
1.248         
6.291         
7.275         
10.916        
0.000         
0.000         
17.211        
0.000         
0.000         
0.000         
1.736         
14.405        
2.137         
8.048         
0.000         
0.431         
0.000         
0.000         
0.000         
0.000         
0.000         
0.000         
0.000         
0.000         
0.000         
1.438         
0.000         
0.000         
0.000         
0.000         
0.000         
0.000         
0.000         
0.000         
0.000         
0.000         
0.000         
0.000         
0.000         
0.000         
0.000         
43.323        
37.512        
0.000         
20.107        
0.000         
0.000         
0.000         
0.000         
3.975         
0.000         
0.000         
0.000         
0.000         
0.000         
0.000         
0.000         
0.000         
0.000         
0.000         
0.000         
0.000         
0.000         
0.000         
0.000         
0.000         
0.000         
0.000         
0.000         
0.000         
0.000         
0.000         
0.000         
0.000         
0.000         
0.000         
0.000         
0.000         
0.000         
0.000         
0.000         
0.000         
0.000         
0.000         
0.000         
0.000         
0.000         
0.000         
0.000         
0.000         
0.000         
0.000         
0.000         
0.000         
0.000         
0.000         
0.000         
0.000         
0.000         
0.000         
0.000         
0.000         
0.000         
0.000         
0.000         
0.000         
0.000         
0.000         
0.000         
0.000         
0.000         
0.000         
0.000         
0.000         
0.000         
0.000         
0.000         
0.000         
0.000         
0.000         
0.000         
0.000         
0.000         
0.000         
0.000         
0.000         
0.000         
0.000         
0.000         
0.000         
0.000         
2.152         
0.000         
0.000         
0.000         
0.000         
0.000         
0.000         
0.000         
0.000         
0.000         
0.000         
0.000         
0.000         
0.000         
0.000         
0.000         
0.000         
0.000         
0.000         
0.000         
0.000         
0.000         
0.000         
19.411        
0.000         
0.346         
0.000         
0.000         
0.000         
0.000         
0.000         
0.000         
0.000         
9.668         
0.000         
0.000         
0.000         
3.183         
0.000         
0.000         
0.000         
0.000         
0.000         
0.000         
0.000         
0.000         
0.000         
0.000         
0.000         
0.000         
0.000         
0.000         
4.835         
0.000         
0.000         
0.000         
0.000         
0.000         
0.000         
0.000         
0.000         
0.000         
0.000         
0.000         
0.000         
0.000         
0.000         
0.000         
0.000         
0.000         
0.000         
0.000         
0.000         
0.000         
0.000         
0.000         
15.019        
0.000         
0.000         
0.000         
0.000         
0.000         
0.000         
0.000         
0.000         
0.000         
0.000         
0.000         
0.000         
0.000         
0.000         
0.000         
0.000         
0.000         
0.000         
0.000         
28.251        
0.000         
0.000         
0.000         
0.000         
0.000         
0.000         
0.000         
0.000         
0.000         
0.000         
0.000         
0.000         
0.000         
0.000         
0.000         
0.000         
0.000         
0.000         
0.000         
0.000         
0.000         
0.000         
0.000         
5.967         
0.342         
0.000         
0.000         
0.000         
0.000         
0.000         
0.000         
0.000         
0.000         
0.000         
0.000         
0.000         
0.000         
0.000         
0.000         
0.000         
0.172         
0.000         
0.000         
0.874         
0.000         
0.000         
0.000         
0.000         
0.677         
0.000         
19.228        
0.000         
0.000         
0.000         
0.000         
0.000         
0.000         
0.000         
0.000         
0.000         
0.000         
0.000         
0.000         
0.000         
0.000         
0.000         
0.000         
0.000         
0.000         
0.000         
0.000         
0.000         
0.000         
0.000         
0.000         
0.000         
0.000         
0.000         
0.000         
0.000         
0.000         
0.000         
0.000         
0.000         
0.000         
56.166        
0.000         
0.000         
0.000         
0.000         
0.000         
0.000         
0.000         
0.000         
0.000         
0.000         
0.000         
0.000         
0.565         
0.000         
0.000         
0.000         
0.000         
0.000         
1.706         
0.000         
0.000         
0.000         
0.000         
0.000         
0.000         
0.000         
0.000         
0.000         
0.000         
0.000         
0.000         
0.000         
0.000         
0.000         
0.000         
0.000         
0.000         
0.000         
0.000         
0.000         
0.000         
0.000         
9.643         
0.000         
0.000         
0.000         
0.000         
0.000         
0.000         
5.101         
0.000         
0.000         
0.000         
0.000         
0.000         
0.000         
0.000         
0.000         
0.000         
8.280         
0.573         
7.468         
0.000         
0.000         
0.000         
0.000         
0.000         
4.234         
0.000         
0.000         
0.000         
0.000         
0.000         
0.000         
0.000         
0.000         
0.000         
0.000         
0.000         
0.000         
0.000         
0.000         
0.000         
0.000         
0.000         
0.000         
0.000         
0.000         
0.000         
0.000         
0.000         
0.000         
0.000         
0.000         
0.000         
0.000         
0.000         
0.000         
0.000         
0.000         
0.000         
0.000         
0.000         
0.000         
0.000         
0.000         
2.749         
0.000         
27.878        
0.000         
0.000         
0.000         
0.000         
0.000         
0.000         
0.000         
0.000         
0.000         
0.000         
0.000         
0.000         
0.000         
0.000         
0.000         
0.000         
0.000         
0.000         
0.000         
0.000         
0.000         
0.000         
0.000         
0.000         
0.000         
0.000         
0.000         
0.000         
0.000         
0.000         
2.345         
0.000         
0.000         
0.000         
0.000         
0.000         
0.000         
0.000         
0.000         
0.000         
0.000         
0.000         
0.000         
0.000         
0.000         
0.000         
0.000         
0.000         
0.000         
0.000         
0.000         
0.000         
0.000         
0.000         
0.000         
0.000         
0.000         
0.000         
0.000         
0.000         
0.000         
0.000         
0.000         
0.000         
0.000         
0.000         
0.000         
0.000         
0.000         
0.000         
0.000         
0.000         
0.000         
0.000         
0.000         
0.000         
0.000         
0.000         
0.000         
0.000         
0.000         
0.000         
0.000         
0.000         
0.000         
0.000         
0.000         
0.000         
0.000         
0.000         
0.000         
0.000         
0.000         
0.000         
0.000         
0.000         
0.000         
0.000         
0.000         
0.000         
0.000         
0.000         
0.000         
0.000         
0.311         
0.000         
0.000         
0.000         
0.000         
0.000         
4.146         
0.000         
0.000         
0.000         
0.000         
0.000         
0.000         
0.000         
0.000         
0.000         
0.000         
0.000         
0.000         
0.000         
0.000         
0.000         
0.000         
0.000         
0.000         
0.000         
0.000         
0.000         
0.000         
0.000         
0.000         
0.000         
0.000         
0.000         
0.000         
0.000         
0.000         
0.000         
0.000         
0.000         
0.000         
0.000         
0.000         
0.000         
0.000         
0.000         
0.000         
0.000         
0.000         
0.000         
0.000         
0.000         
0.000         
0.000         
0.000         
0.000         
0.000         
0.000         
0.000         
0.000         
0.000         
0.000         
0.000         
0.000         
0.000         
0.000         
0.000         
0.000         
0.000         
0.346         
0.000         
0.000         
0.435         
0.000         
0.000         
0.471         
0.000         
0.000         
0.000         
0.000         
0.000         
0.000         
0.000         
0.000         
6.478         
0.000         
0.000         
0.000         
0.161         
0.000         
0.000         
0.000         
0.000         
0.000         
0.000         
0.000         
0.000         
2.340         
0.000         
0.000         
0.000         
0.000         
0.000         
0.000         
0.000         
0.000         
0.000         
0.000         
0.000         
6.592         
3.811         
0.000         
0.000         
0.000         
0.000         
0.000         
0.000         
0.000         
0.000         
0.000         
0.000         
0.000         
0.000         
0.000         
0.000         
0.000         
0.000         
0.000         
0.000         
0.000         
0.000         
0.000         
0.000         
0.000         
0.000         
0.000         
0.000         
0.000         
0.000         
0.000         
0.000         
0.000         
0.000         
0.000         
0.000         
0.000         
0.000         
0.000         
0.000         
0.000         
0.000         
0.000         
0.000         
0.000         
0.000         
0.000         
0.000         
0.000         
0.000         
0.000         
0.000         
0.000         
4.453         
0.000         
0.000         
0.000         
0.000         
0.000         
10.037        
67.127        
318.269       
0.000         
0.000         
0.000         
0.621         
0.000         
0.000         
0.000         
0.000         
0.000         
0.000         
0.000         
0.049         
0.000         
0.000         
0.000         
0.000         
0.000         
0.000         
0.000         
0.000         
7.260         
0.000         
0.000         
0.000         
0.000         
0.000         
0.000         
0.000         
0.000         
0.000         
0.000         
0.000         
0.000         
0.000         
0.000         
3.764         
0.000         
0.000         
0.000         
1.295         
0.000         
1.874         
4.662         
0.000         
0.000         
0.000         
0.000         
0.000         
0.000         
0.000         
0.000         
0.000         
0.000         
0.000         
0.000         
0.000         
0.000         
0.000         
0.000         
0.000         
0.000         
0.000         
0.000         
0.000         
0.000         
0.000         
0.000         
0.000         
0.000         
41.020        
49.357        
0.000         
11.154        
0.000         
0.000         
0.000         
0.000         
0.000         
0.000         
0.000         
0.000         
0.000         
0.000         
0.000         
0.000         
0.000         
0.000         
38.945        
0.000         
0.000         
0.000         
0.000         
0.000         
0.000         
0.000         
0.000         
0.000         
0.000         
0.000         
0.000         
0.000         
0.000         
0.000         
15.467        
0.000         
0.000         
0.000         
0.000         
0.000         
0.000         
0.000         
0.000         
0.000         
0.000         
0.000         
0.000         
0.000         
0.000         
0.000         
0.000         
0.000         
0.000         
0.000         
0.000         
0.000         
0.000         
0.000         
0.000         
0.000         
0.000         
0.000         
0.000         
0.000         
0.000         
0.000         
0.000         
0.000         
0.000         
0.000         
0.000         
0.000         
0.000         
0.000         
0.000         
0.000         
0.000         
0.000         
0.000         
0.000         
0.000         
0.000         
0.000         
0.000         
0.000         
0.000         
0.000         
0.000         
0.000         
0.000         
0.000         
0.000         
0.000         
0.000         
0.000         
0.000         
0.000         
0.000         
0.000         
0.000         
0.000         
0.000         
0.000         
0.000         
0.000         
0.000         
0.000         
0.000         
0.000         
0.000         
0.000         
0.000         
0.000         
0.000         
0.000         
0.000         
0.000         
0.000         
0.000         
0.000         
0.000         
0.000         
1.245         
0.000         
0.000         
0.000         
0.000         
0.000         
0.000         
0.000         
0.000         
0.000         
0.000         
0.000         
0.000         
0.000         
0.000         
0.000         
0.000         
0.000         
0.000         
0.000         
0.000         
0.000         
0.000         
0.000         
0.000         
0.000         
0.000         
0.000         
0.000         
0.847         
0.000         
0.000         
0.000         
7.714         
0.000         
0.000         
0.000         
0.000         
0.000         
0.000         
0.000         
0.000         
0.000         
0.000         
0.000         
0.000         
0.000         
0.000         
0.000         
0.000         
10.989        
0.000         
0.000         
8.012         
0.000         
0.000         
0.000         
0.000         
0.000         
0.000         
0.000         
0.000         
0.000         
0.000         
0.000         
0.000         
0.000         
4.945         
0.000         
0.000         
0.000         
0.000         
0.000         
0.000         
0.000         
0.000         
0.000         
8.668         
0.000         
1.386         
0.000         
0.000         
0.000         
0.000         
0.000         
0.000         
0.000         
0.000         
0.000         
0.000         
0.000         
0.000         
0.000         
0.000         
8.044         
0.000         
6.928         
0.000         
0.000         
0.000         
0.000         
0.000         
0.000         
0.000         
0.000         
4.638         
0.023         
0.000         
0.000         
56.693        
3.863         
0.000         
0.000         
0.000         
0.000         
0.000         
0.000         
0.000         
1.012         
0.000         
0.000         
0.000         
0.000         
8.361         
0.000         
0.000         
0.000         
0.000         
0.000         
0.000         
0.000         
0.000         
0.000         
0.000         
0.000         
0.000         
0.000         
0.000         
0.000         
0.000         
0.000         
0.000         
0.000         
0.000         
0.000         
0.000         
0.000         
0.000         
0.000         
0.000         
0.000         
0.000         
2.209         
0.000         
0.000         
0.000         
0.175         
0.000         
0.000         
18.348        
0.000         
0.000         
0.000         
0.000         
0.000         
0.000         
0.000         
0.000         
0.000         
0.000         
0.000         
0.000         
0.000         
0.000         
0.000         
0.000         
0.000         
0.000         
0.000         
0.000         
0.000         
0.000         
0.000         
0.000         
6.800         
0.000         
0.000         
0.000         
0.000         
0.000         
0.000         
0.000         
0.000         
2.002         
27.149        
0.000         
0.000         
2.141         
0.000         
5.484         
2.984         
2.204         
0.000         
0.000         
0.000         
0.000         
6.171         
0.000         
0.000         
0.000         
0.000         
0.000         
0.000         
0.000         
0.000         
0.000         
0.000         
0.000         
0.000         
3.433         
9.562         
4.372         
4.531         
9.595         
0.000         
0.000         
0.000         
0.000         
0.000         
16.548        
0.000         
13.628        
0.000         
0.000         
0.000         
0.000         
0.000         
0.000         
0.000         
0.000         
85.339        
0.000         
0.000         
0.000         
0.000         
0.000         
0.000         
0.000         
21.515        
0.000         
0.000         
0.000         
0.000         
68.395        
0.000         
0.000         
0.000         
0.000         
0.000         
0.000         
0.000         
0.000         
0.000         
0.000         
0.000         
0.000         
0.000         
0.000         
0.000         
0.000         
0.000         
0.000         
0.000         
0.000         
0.000         
0.000         
0.000         
10.167        
0.000         
0.000         
1.438         
0.000         
0.000         
0.000         
0.000         
0.000         
0.000         
0.000         
0.000         
0.000         
0.000         
0.000         
0.000         
0.000         
0.000         
0.000         
0.000         
0.000         
0.000         
0.000         
0.000         
0.000         
0.000         
0.000         
0.000         
0.000         
0.000         
0.000         
0.000         
0.000         
0.000         
0.000         
0.000         
0.000         
0.000         
0.000         
0.000         
0.000         
0.000         
0.000         
0.000         
0.000         
0.000         
0.000         
0.000         
0.000         
0.000         
0.000         
0.000         
0.000         
0.000         
0.000         
0.000         
0.000         
0.000         
0.000         
0.000         
0.000         
0.000         
0.000         
0.000         
0.000         
0.000         
0.000         
0.000         
0.000         
0.952         
0.000         
2.319         
0.000         
0.000         
0.000         
0.000         
0.000         
0.000         
0.000         
0.000         
0.000         
0.000         
0.000         
0.000         
0.000         
0.000         
0.000         
0.000         
0.000         
0.000         
0.000         
3.015         
0.000         
0.000         
0.000         
0.000         
0.000         
0.000         
0.000         
0.000         
0.000         
0.000         
0.000         
0.000         
0.000         
0.000         
0.000         
0.000         
0.000         
0.000         
0.000         
0.000         
0.000         
0.000         
0.000         
0.000         
0.000         
0.000         
0.000         
0.000         
0.000         
0.000         
0.000         
0.000         
0.000         
0.000         
0.000         
0.000         
0.000         
0.000         
0.000         
0.000         
0.000         
0.000         
0.000         
0.000         
0.000         
22.318        
0.000         
0.000         
0.000         
0.000         
0.000         
0.000         
0.000         
0.000         
0.000         
0.000         
0.000         
0.000         
0.000         
7.698         
0.000         
0.000         
0.000         
0.000         
0.000         
0.000         
0.000         
0.000         
0.000         
0.000         
0.000         
0.000         
0.000         
0.000         
0.000         
0.000         
0.000         
0.000         
0.000         
0.000         
0.000         
0.000         
0.000         
0.000         
0.000         
0.000         
0.000         
0.000         
0.000         
5.585         
0.000         
0.000         
0.000         
0.000         
0.000         
0.000         
3.274         
0.000         
0.000         
0.000         
0.000         
0.000         
0.000         
0.000         
0.000         
0.000         
0.000         
0.000         
0.000         
0.000         
0.000         
0.000         
0.000         
0.000         
0.000         
0.000         
0.000         
0.000         
0.000         
0.000         
0.000         
0.000         
0.000         
0.240         
0.000         
0.000         
0.333         
0.000         
0.000         
0.000         
0.000         
0.000         
0.000         
0.000         
9.599         
1.988         
5.362         
0.000         
0.000         
1.590         
0.000         
0.000         
0.000         
0.000         
0.000         
13.882        
0.000         
0.000         
0.000         
0.000         
0.000         
0.000         
0.000         
0.000         
0.000         
0.000         
0.000         
0.000         
0.000         
0.000         
0.000         
0.000         
0.000         
0.000         
0.000         
0.000         
0.000         
0.000         
0.000         
0.000         
0.000         
0.000         
0.000         
0.000         
0.000         
0.000         
0.000         
0.000         
0.000         
0.000         
0.000         
45.710        
0.000         
0.000         
0.000         
0.000         
0.000         
0.000         
0.000         
0.000         
0.000         
0.000         
0.000         
0.000         
0.000         
0.000         
2.361         
0.000         
0.000         
0.000         
0.000         
2.320         
0.000         
0.000         
0.000         
0.000         
0.000         
0.000         
6.228         
0.000         
0.000         
0.000         
0.000         
0.000         
0.000         
0.000         
0.000         
0.000         
0.000         
0.000         
0.000         
0.000         
0.000         
0.000         
0.000         
0.000         
0.000         
0.000         
0.000         
0.000         
0.000         
0.000         
0.000         
0.000         
0.000         
0.000         
0.000         
1.170         
0.000         
0.000         
0.000         
0.000         
0.000         
0.000         
0.000         
0.000         
0.000         
0.000         
0.000         
0.000         
0.000         
0.000         
0.000         
0.000         
0.000         
0.000         
0.000         
0.000         
0.000         
0.000         
0.377         
0.000         
0.000         
0.000         
0.000         
0.000         
13.193        
0.000         
0.000         
0.000         
0.000         
0.000         
0.000         
0.000         
0.000         
10.652        
0.000         
0.000         
0.000         
0.000         
0.000         
0.000         
0.000         
0.000         
0.000         
0.000         
0.000         
0.000         
0.000         
0.000         
0.000         
0.000         
0.000         
0.000         
0.000         
0.000         
0.000         
0.000         
0.000         
0.000         
0.000         
0.000         
0.000         
0.000         
0.000         
0.000         
0.000         
0.000         
0.000         
0.000         
0.000         
0.000         
0.000         
0.000         
0.000         
0.000         
0.000         
0.000         
0.000         
0.000         
0.000         
0.000         
0.000         
0.000         
0.000         
0.000         
0.000         
0.000         
0.000         
0.000         
0.000         
0.000         
0.000         
0.000         
0.000         
0.000         
0.000         
0.000         
0.000         
0.000         
0.000         
0.000         
0.000         
3.777         
0.000         
0.000         
0.000         
0.000         
0.000         
0.000         
5.040         
0.000         
0.000         
44.517        
0.000         
0.000         
0.000         
0.000         
0.000         
0.000         
0.000         
0.000         
0.000         
0.000         
0.000         
0.000         
0.000         
0.000         
0.000         
0.000         
8.514         
0.000         
0.000         
0.000         
0.000         
0.000         
0.000         
0.000         
0.000         
0.000         
0.000         
0.000         
0.000         
0.000         
0.000         
0.000         
0.000         
0.000         
0.000         
0.000         
0.000         
0.000         
0.000         
0.000         
0.000         
20.040        
0.000         
0.000         
0.000         
0.000         
0.000         
0.000         
0.000         
0.000         
0.000         
0.000         
60.407        
0.000         
0.000         
4.668         
0.000         
0.000         
0.000         
0.000         
0.000         
8.515         
0.000         
0.000         
0.000         
0.000         
0.000         
0.000         
0.000         
0.000         
0.000         
0.000         
0.000         
0.000         
0.000         
0.000         
0.000         
0.000         
0.000         
0.000         
0.000         
0.000         
0.000         
0.000         
0.000         
0.000         
0.000         
0.000         
0.000         
0.000         
0.000         
0.000         
0.000         
0.000         
0.000         
0.000         
0.000         
0.000         
0.000         
0.000         
0.000         
0.000         
0.000         
0.000         
0.000         
0.000         
0.000         
0.000         
0.000         
0.000         
3.574         
0.000         
2.863         
0.000         
0.000         
0.000         
0.000         
0.000         
0.000         
0.000         
0.000         
0.000         
0.000         
0.000         
0.000         
0.000         
0.000         
0.000         
0.000         
0.000         
0.000         
0.081         
0.000         
0.000         
0.000         
0.000         
0.000         
0.000         
0.390         
0.000         
0.000         
0.000         
0.000         
0.000         
0.000         
0.000         
0.000         
0.000         
0.000         
0.000         
0.922         
0.000         
0.000         
0.000         
0.000         
0.000         
0.000         
0.000         
0.000         
0.000         
0.000         
0.000         
0.000         
0.000         
0.000         
7.828         
6.449         
0.000         
0.000         
0.000         
0.000         
0.000         
0.000         
0.000         
0.000         
0.000         
0.000         
8.570         
0.000         
0.000         
0.000         
0.000         
0.000         
0.000         
0.000         
0.000         
0.000         
0.000         
0.000         
0.000         
0.000         
0.000         
0.000         
0.000         
0.000         
0.000         
0.000         
0.000         
0.000         
0.000         
0.000         
0.000         
0.000         
0.000         
0.000         
1.557         
0.000         
1.821         
0.000         
0.000         
0.000         
0.000         
1.519         
0.000         
0.000         
0.000         
0.000         
0.000         
0.000         
10.130        
0.000         
0.000         
0.000         
0.000         
0.000         
0.000         
0.000         
0.000         
0.000         
46.461        
0.000         
0.000         
0.000         
0.000         
0.000         
0.000         
0.000         
0.000         
0.000         
0.000         
0.000         
0.000         
0.000         
0.000         
0.000         
0.000         
0.000         
0.000         
0.000         
0.000         
0.000         
0.000         
0.000         
0.000         
0.000         
0.000         
0.000         
0.000         
0.000         
0.000         
0.000         
0.000         
0.170         
0.000         
0.000         
0.000         
0.000         
0.000         
0.000         
0.000         
1.815         
0.000         
0.000         
0.000         
0.000         
0.000         
0.000         
0.000         
21.642        
0.000         
0.249         
0.000         
0.000         
0.000         
3.222         
0.000         
0.000         
0.000         
0.000         
0.000         
0.000         
0.000         
0.000         
0.000         
0.000         
0.000         
0.000         
0.000         
27.373        
0.000         
0.000         
0.000         
0.000         
0.000         
0.000         
0.000         
0.000         
0.000         
0.000         
0.000         
0.000         
0.000         
5.723         
0.000         
0.000         
0.000         
0.000         
0.000         
0.000         
0.000         
0.000         
0.000         
0.000         
0.000         
0.000         
0.000         
0.000         
0.000         
0.000         
0.000         
0.000         
0.000         
0.000         
0.000         
0.000         
0.000         
0.000         
0.000         
0.000         
0.000         
0.000         
0.000         
0.000         
0.000         
0.000         
0.000         
0.000         
0.000         
0.000         
0.000         
0.000         
0.000         
0.000         
0.000         
0.000         
0.000         
0.000         
0.000         
0.000         
0.000         
0.000         
0.000         
0.000         
0.000         
0.000         
0.000         
0.000         
0.000         
0.000         
0.000         
0.000         
0.000         
0.000         
0.000         
0.366         
0.000         
0.000         
0.000         
0.000         
0.000         
0.000         
0.000         
0.000         
0.000         
0.000         
0.000         
0.000         
0.000         
0.000         
0.000         
0.000         
7.725         
0.000         
0.000         
0.000         
12.367        
0.000         
0.000         
0.000         
0.000         
0.000         
0.000         
0.000         
0.000         
0.000         
0.000         
0.000         
0.000         
0.000         
0.000         
0.000         
0.000         
0.000         
0.000         
0.000         
0.000         
0.000         
0.000         
0.000         
0.000         
0.000         
0.000         
0.000         
0.000         
0.000         
1.690         
0.000         
0.000         
0.000         
0.000         
0.000         
0.000         
21.238        
0.000         
0.000         
0.000         
0.000         
0.000         
0.000         
7.933         
0.000         
0.000         
0.000         
0.000         
11.038        
0.000         
0.000         
0.000         
0.000         
0.000         
0.000         
0.000         
0.000         
0.000         
0.000         
0.000         
0.000         
0.000         
0.000         
0.000         
0.000         
0.000         
0.000         
0.000         
0.000         
0.000         
0.000         
0.000         
0.000         
0.000         
0.000         
0.000         
0.000         
0.000         
0.000         
0.998         
0.000         
0.000         
0.000         
0.000         
0.000         
0.000         
0.000         
0.000         
0.000         
0.000         
0.000         
0.000         
0.000         
0.000         
0.000         
0.000         
0.000         
0.000         
0.000         
0.000         
0.000         
0.000         
0.000         
0.000         
0.000         
0.000         
0.000         
0.000         
0.000         
0.000         
0.000         
0.000         
0.000         
0.000         
0.000         
0.000         
0.000         
0.000         
0.000         
0.000         
3.498         
0.000         
0.000         
0.000         
0.000         
0.000         
0.207         
0.000         
0.000         
0.000         
0.000         
10.280        
0.000         
0.000         
0.000         
0.000         
0.000         
0.000         
0.000         
0.000         
0.000         
0.000         
0.000         
0.000         
0.000         
0.000         
0.000         
0.000         
0.000         
0.000         
0.000         
0.000         
0.000         
0.000         
0.000         
0.000         
0.000         
0.000         
0.000         
42.839        
0.000         
6.398         
0.000         
0.000         
0.000         
0.000         
0.000         
0.000         
0.000         
3.481         
0.000         
0.000         
0.000         
0.000         
0.000         
0.000         
0.000         
0.000         
0.000         
0.000         
0.000         
0.000         
0.000         
0.000         
0.000         
0.000         
0.000         
9.031         
0.000         
0.000         
0.000         
0.000         
0.000         
0.000         
0.000         
9.633         
0.000         
40.619        
4.319         
0.000         
0.000         
0.000         
0.000         
0.000         
0.000         
0.000         
0.000         
0.180         
0.000         
0.000         
0.000         
0.000         
0.000         
0.000         
0.000         
0.000         
0.000         
0.000         
0.000         
38.181        
0.000         
0.000         
0.000         
0.000         
36.544        
63.140        
88.154        
0.000         
0.000         
0.000         
0.000         
0.000         
0.000         
0.000         
0.000         
0.000         
0.000         
0.000         
0.000         
0.000         
0.000         
0.000         
0.000         
0.000         
0.000         
0.000         
0.000         
0.000         
0.000         
0.000         
0.000         
0.000         
0.000         
0.000         
0.000         
0.483         
0.000         
0.000         
0.000         
0.000         
0.000         
0.000         
0.000         
0.000         
0.000         
0.000         
0.000         
0.000         
0.000         
0.000         
0.000         
0.000         
0.000         
0.000         
0.000         
0.000         
0.000         
0.000         
0.000         
0.000         
0.000         
0.000         
0.000         
0.000         
0.000         
1.851         
0.000         
0.000         
0.000         
0.000         
0.000         
0.000         
0.000         
0.000         
0.000         
0.000         
0.000         
0.000         
0.000         
0.000         
0.000         
0.000         
0.000         
0.000         
0.000         
0.000         
0.000         
0.000         
0.000         
0.000         
0.000         
0.000         
0.000         
0.000         
0.000         
0.000         
0.000         
0.000         
0.000         
0.000         
0.000         
0.000         
0.000         
0.000         
0.000         
0.000         
0.000         
0.000         
1.227         
0.000         
0.000         
0.000         
0.000         
0.000         
0.000         
0.000         
0.000         
0.000         
0.000         
0.000         
0.000         
0.000         
0.000         
0.000         
0.000         
0.000         
0.000         
0.000         
0.000         
0.000         
0.000         
0.000         
0.000         
0.000         
0.000         
0.000         
0.000         
0.000         
0.000         
0.000         
0.000         
0.000         
0.000         
0.000         
0.000         
0.000         
0.000         
0.000         
0.000         
0.000         
0.000         
0.000         
0.000         
0.000         
0.000         
0.000         
0.000         
0.000         
0.000         
0.000         
8.272         
0.614         
0.000         
0.000         
0.000         
0.000         
0.000         
0.000         
0.000         
0.000         
0.000         
0.000         
0.000         
0.000         
0.000         
0.000         
0.000         
0.000         
0.000         
0.000         
0.000         
15.518        
0.000         
0.000         
0.295         
0.000         
0.000         
0.000         
0.000         
0.000         
0.000         
0.000         
0.000         
0.000         
0.000         
0.000         
0.000         
0.000         
0.000         
0.000         
0.000         
0.000         
0.000         
0.000         
0.000         
0.000         
0.000         
0.000         
0.000         
0.000         
0.000         
0.000         
0.000         
0.000         
0.000         
0.000         
0.000         
0.000         
0.000         
0.000         
0.000         
0.000         
0.000         
0.000         
0.000         
0.000         
0.000         
0.000         
0.000         
0.000         
0.000         
0.000         
0.000         
0.000         
0.000         
0.000         
0.000         
0.000         
0.000         
0.000         
0.000         
0.000         
0.000         
0.000         
0.000         
0.000         
0.000         
0.000         
0.000         
0.000         
0.000         
0.388         
0.000         
0.000         
0.000         
0.000         
0.000         
0.000         
0.000         
0.000         
0.000         
0.000         
0.000         
0.000         
0.000         
0.000         
0.000         
0.000         
0.000         
0.000         
0.000         
0.000         
0.000         
0.000         
0.249         
0.000         
0.000         
0.000         
0.000         
0.000         
0.000         
0.000         
0.000         
0.000         
0.000         
0.000         
0.000         
0.000         
0.000         
0.000         
0.000         
0.000         
0.000         
0.000         
0.000         
0.000         
0.000         
0.000         
0.000         
0.000         
0.000         
0.000         
0.000         
0.000         
0.000         
0.000         
0.000         
0.000         
0.000         
0.000         
0.000         
0.000         
0.000         
5.809         
0.736         
0.000         
0.000         
8.083         
0.000         
0.000         
0.000         
0.000         
0.000         
0.000         
0.000         
0.000         
0.000         
0.000         
13.724        
0.000         
0.000         
0.000         
3.019         
0.000         
0.000         
0.000         
0.000         
0.000         
0.000         
5.416         
0.000         
0.000         
0.000         
0.000         
12.082        
0.000         
0.000         
0.000         
0.000         
0.000         
0.000         
0.000         
0.000         
0.000         
0.000         
29.632        
0.000         
0.000         
0.000         
0.000         
0.000         
0.000         
0.000         
0.000         
0.000         
0.000         
0.000         
0.000         
0.000         
0.000         
0.000         
0.000         
0.000         
0.000         
0.000         
0.000         
0.000         
0.000         
27.236        
0.000         
0.000         
0.000         
11.123        
0.000         
0.000         
0.000         
3.477         
0.000         
0.000         
33.738        
0.000         
0.000         
6.399         
0.000         
0.000         
0.000         
4.135         
0.000         
0.000         
0.000         
0.000         
0.000         
0.000         
0.000         
50.537        
0.000         
0.000         
0.000         
0.000         
0.000         
0.000         
0.000         
0.000         
0.000         
0.000         
0.000         
0.000         
0.000         
0.000         
0.000         
0.000         
0.000         
0.000         
0.000         
0.000         
0.000         
0.000         
0.000         
0.000         
0.000         
0.000         
0.000         
0.000         
0.000         
0.000         
0.000         
0.000         
0.000         
0.000         
0.000         
0.000         
0.000         
0.000         
0.000         
0.000         
0.000         
0.000         
0.000         
0.000         
0.905         
0.000         
0.000         
0.000         
0.000         
0.000         
0.000         
0.000         
0.000         
0.000         
0.000         
0.000         
0.000         
0.000         
0.000         
0.000         
0.000         
0.000         
0.939         
0.000         
0.000         
0.000         
10.665        
0.000         
0.000         
0.000         
0.000         
0.000         
0.000         
0.000         
0.000         
0.000         
0.000         
0.000         
0.000         
0.000         
0.000         
0.000         
0.000         
0.000         
0.000         
0.000         
0.000         
0.000         
0.000         
0.000         
0.000         
0.000         
0.000         
0.000         
0.000         
0.000         
0.000         
0.000         
0.000         
0.000         
0.000         
0.000         
0.000         
0.000         
0.000         
0.000         
0.000         
0.000         
0.000         
0.000         
1.193         
0.000         
0.000         
0.000         
0.000         
0.000         
0.000         
0.000         
0.000         
0.000         
0.000         
0.000         
0.000         
57.078        
0.000         
0.000         
0.000         
0.000         
0.000         
0.000         
0.000         
0.000         
0.000         
0.000         
69.149        
0.000         
16.763        
0.000         
66.238        
0.000         
0.000         
9.475         
27.353        
0.000         
0.000         
0.000         
0.000         
8.605         
0.000         
0.000         
0.000         
2.975         
1.878         
0.000         
0.409         
1.365         
0.000         
0.000         
0.000         
0.000         
0.000         
0.000         
0.000         
0.000         
3.127         
0.000         
0.000         
0.000         
0.000         
8.560         
0.000         
0.000         
0.000         
0.000         
0.000         
8.616         
0.000         
0.000         
0.000         
0.000         
0.000         
1.531         
27.395        
0.124         
0.000         
0.000         
0.000         
0.535         
0.000         
0.000         
0.000         
0.000         
0.000         
0.000         
0.000         
0.000         
7.857         
0.000         
0.000         
0.000         
0.000         
18.267        
0.000         
0.000         
0.000         
13.203        
0.000         
0.000         
0.000         
0.000         
0.000         
0.000         
0.000         
0.000         
12.567        
0.000         
0.000         
0.000         
0.000         
0.000         
0.000         
0.000         
0.000         
0.000         
0.000         
0.000         
0.000         
0.000         
0.000         
0.000         
0.000         
0.000         
0.000         
0.000         
0.000         
0.000         
0.000         
0.000         
0.000         
0.000         
0.000         
0.000         
0.000         
0.000         
0.000         
0.000         
0.000         
0.000         
0.000         
0.000         
0.000         
0.000         
0.000         
0.000         
0.000         
0.000         
0.000         
0.000         
0.000         
0.000         
0.000         
0.000         
0.000         
0.000         
0.000         
0.000         
0.000         
0.000         
0.000         
0.000         
0.000         
0.000         
0.000         
0.000         
0.000         
0.000         
0.000         
0.000         
0.000         
0.000         
0.000         
0.000         
0.000         
0.000         
0.000         
0.000         
0.000         
0.000         
0.000         
0.000         
22.243        
0.000         
0.000         
0.000         
0.000         
0.000         
7.617         
0.000         
1.351         
0.000         
0.000         
0.000         
0.000         
3.597         
0.000         
0.000         
0.000         
0.000         
7.918         
0.000         
0.000         
0.000         
0.000         
44.292        
0.000         
13.535        
0.000         
0.000         
0.000         
0.000         
0.000         
0.000         
0.000         
0.000         
0.000         
0.000         
0.000         
35.005        
0.000         
0.000         
0.000         
0.000         
0.000         
0.000         
0.000         
4.480         
0.000         
0.000         
0.000         
0.000         
0.000         
0.000         
7.833         
0.000         
0.000         
0.000         
0.000         
0.000         
0.000         
0.000         
0.000         
4.214         
0.000         
0.000         
0.000         
0.000         
0.831         
0.000         
0.000         
12.402        
0.000         
0.000         
0.000         
0.000         
0.000         
0.000         
0.000         
0.000         
0.000         
0.000         
0.000         
0.000         
0.000         
0.000         
0.000         
0.000         
0.000         
0.000         
0.000         
0.000         
0.000         
0.000         
0.000         
0.000         
0.000         
0.000         
0.000         
0.000         
0.000         
0.000         
0.000         
0.000         
0.000         
0.000         
0.000         
0.000         
0.000         
0.000         
0.000         
0.000         
0.000         
0.000         
0.000         
0.000         
0.000         
0.000         
0.000         
0.000         
0.000         
0.000         
0.000         
0.000         
0.000         
0.000         
0.000         
0.000         
0.000         
0.000         
0.000         
0.000         
0.000         
0.000         
0.000         
0.000         
0.000         
0.000         
0.000         
0.000         
0.000         
0.000         
0.000         
0.000         
0.000         
0.000         
0.000         
0.000         
0.000         
0.000         
0.000         
0.000         
0.000         
0.000         
0.000         
0.000         
0.000         
0.000         
0.000         
0.000         
0.000         
0.000         
0.000         
0.000         
0.000         
0.000         
0.000         
0.000         
0.000         
0.000         
0.000         
0.000         
0.000         
0.000         
0.000         
0.000         
0.000         
0.000         
0.000         
0.000         
0.000         
16.719        
0.000         
0.000         
0.000         
0.000         
0.000         
0.000         
0.000         
0.000         
0.000         
0.000         
0.000         
0.000         
0.000         
0.000         
0.000         
0.000         
0.000         
0.000         
25.343        
0.000         
0.000         
0.000         
0.000         
0.000         
0.000         
0.000         
0.000         
0.000         
0.000         
0.000         
0.000         
0.000         
0.000         
0.000         
0.000         
0.000         
0.000         
93.391        
0.000         
0.000         
0.000         
0.000         
0.000         
0.000         
0.000         
0.000         
0.000         
0.000         
0.000         
0.000         
0.000         
0.000         
0.000         
0.000         
5.602         
0.000         
0.000         
7.652         
0.000         
0.000         
0.000         
0.000         
0.000         
0.000         
0.000         
0.000         
0.000         
0.000         
0.000         
0.000         
2.008         
0.000         
0.000         
0.000         
0.000         
0.000         
0.000         
74.130        
0.000         
0.000         
16.288        
0.000         
0.000         
0.000         
0.000         
0.000         
0.000         
0.000         
0.000         
0.000         
0.000         
0.000         
0.000         
0.000         
0.000         
2.008         
0.109         
13.396        
0.000         
0.000         
0.000         
0.000         
0.000         
0.000         
0.000         
0.000         
0.000         
0.000         
0.000         
0.000         
0.000         
0.000         
0.000         
0.000         
0.000         
0.000         
0.000         
0.000         
0.000         
0.000         
0.000         
0.000         
0.000         
0.000         
0.000         
0.000         
0.587         
0.000         
0.000         
5.130         
0.000         
5.994         
0.000         
0.000         
0.000         
0.000         
0.000         
0.000         
0.000         
0.000         
0.000         
4.636         
0.000         
0.000         
0.000         
0.000         
0.000         
0.000         
0.000         
0.000         
0.000         
0.000         
0.000         
0.000         
0.000         
0.000         
0.000         
0.000         
0.000         
0.000         
0.000         
0.000         
0.000         
0.000         
0.000         
0.000         
0.000         
0.000         
0.000         
0.000         
0.000         
0.000         
0.000         
0.000         
0.000         
0.000         
0.000         
0.000         
0.000         
0.000         
0.000         
0.000         
0.000         
0.000         
0.000         
0.000         
0.000         
0.000         
0.000         
3.133         
0.000         
0.000         
0.000         
0.000         
0.000         
0.000         
0.000         
0.000         
0.000         
2.109         
0.000         
0.000         
0.000         
0.000         
0.000         
0.000         
0.000         
0.000         
0.000         
0.000         
0.000         
0.000         
0.000         
0.000         
0.000         
0.000         
0.000         
0.000         
0.000         
56.017        
0.000         
51.845        
0.000         
0.000         
0.000         
0.000         
0.000         
0.000         
0.000         
0.000         
0.000         
0.000         
0.000         
0.000         
0.000         
0.000         
0.000         
0.000         
0.000         
0.000         
0.000         
0.000         
0.000         
0.000         
0.000         
0.000         
0.000         
0.000         
0.000         
0.000         
0.000         
5.073         
0.000         
13.479        
0.000         
0.000         
0.000         
0.000         
0.000         
0.000         
0.000         
0.000         
0.000         
0.000         
0.000         
0.000         
0.000         
0.000         
0.000         
4.544         
0.000         
0.000         
0.000         
0.000         
0.000         
0.000         
0.000         
0.000         
0.000         
0.000         
0.000         
0.000         
0.000         
0.000         
0.000         
0.000         
0.000         
0.000         
0.000         
0.000         
0.000         
0.000         
0.000         
0.000         
0.000         
0.000         
0.000         
0.000         
0.000         
0.000         
0.000         
0.000         
0.000         
0.000         
0.000         
0.000         
0.000         
0.000         
0.000         
0.000         
0.000         
0.000         
0.000         
0.000         
0.000         
0.000         
0.000         
0.000         
0.000         
0.000         
0.000         
0.000         
0.000         
0.000         
0.000         
0.000         
0.000         
0.000         
0.000         
0.000         
0.000         
0.000         
0.000         
0.000         
0.000         
0.000         
0.000         
0.000         
0.000         
0.000         
0.000         
0.000         
0.000         
0.000         
0.000         
0.000         
0.000         
0.000         
0.000         
0.000         
0.000         
0.000         
0.000         
0.000         
13.133        
0.000         
0.000         
0.000         
0.000         
0.000         
0.000         
0.000         
0.000         
0.000         
0.000         
0.000         
0.000         
0.000         
0.000         
0.000         
0.000         
0.000         
0.000         
0.000         
0.000         
0.585         
0.000         
0.000         
0.000         
0.000         
0.000         
0.000         
10.853        
0.000         
0.000         
0.000         
0.000         
0.000         
0.000         
0.000         
0.000         
0.000         
0.000         
0.000         
0.000         
0.000         
41.157        
10.370        
0.000         
0.000         
0.000         
1.146         
2.861         
0.000         
1.332         
0.000         
0.000         
0.000         
0.000         
0.000         
0.000         
0.000         
0.000         
0.000         
0.000         
0.000         
0.000         
0.000         
0.000         
0.000         
0.000         
0.000         
0.000         
0.000         
2.953         
0.000         
0.000         
0.000         
0.000         
0.000         
0.000         
0.000         
0.000         
0.000         
0.000         
0.000         
0.000         
0.000         
0.000         
0.000         
0.000         
0.000         
0.000         
0.000         
33.309        
0.000         
0.000         
0.000         
0.000         
0.000         
0.000         
0.000         
0.000         
0.000         
0.000         
0.000         
0.000         
0.000         
0.000         
0.000         
0.000         
0.000         
0.000         
0.000         
0.000         
0.000         
0.000         
0.000         
0.000         
0.000         
0.000         
0.000         
0.000         
0.000         
0.000         
0.000         
0.000         
0.000         
0.000         
0.000         
0.000         
0.000         
0.000         
0.000         
0.000         
0.000         
0.000         
0.000         
0.000         
0.000         
0.000         
0.000         
0.000         
0.000         
0.000         
0.321         
0.000         
0.000         
0.000         
0.000         
0.000         
0.000         
0.000         
0.000         
0.000         
0.000         
0.000         
0.000         
0.000         
0.000         
0.000         
0.000         
0.000         
0.000         
0.000         
0.075         
0.000         
0.000         
0.000         
0.000         
0.000         
0.000         
0.000         
0.000         
0.000         
0.000         
0.000         
0.000         
0.000         
0.000         
0.000         
0.000         
0.000         
0.000         
0.000         
0.000         
0.000         
0.000         
1.460         
5.832         
0.000         
0.000         
0.000         
0.000         
0.000         
0.000         
0.000         
0.000         
0.000         
0.000         
0.000         
0.000         
0.000         
4.440         
0.000         
0.000         
0.000         
0.188         
5.906         
0.000         
0.000         
0.000         
0.000         
6.217         
0.000         
0.000         
0.000         
0.000         
0.000         
0.000         
0.000         
0.000         
0.000         
0.000         
0.000         
0.000         
0.000         
0.000         
0.000         
0.000         
0.000         
0.000         
0.000         
0.000         
87.436        
0.000         
57.436        
0.000         
0.000         
0.000         
26.170        
0.000         
0.000         
0.000         
0.000         
0.000         
0.000         
0.000         
0.000         
0.000         
0.000         
0.000         
39.094        
0.000         
0.000         
0.000         
0.000         
0.000         
0.000         
32.148        
0.000         
0.000         
0.000         
0.000         
0.000         
0.000         
0.000         
0.000         
0.000         
0.000         
0.000         
0.000         
0.000         
0.000         
0.000         
0.000         
0.000         
0.000         
0.000         
0.000         
0.000         
0.000         
0.000         
0.000         
0.000         
0.000         
0.000         
0.000         
0.000         
0.000         
0.000         
0.000         
0.000         
0.000         
0.000         
0.000         
0.000         
0.000         
0.000         
0.000         
0.000         
0.000         
0.000         
0.000         
0.000         
0.059         
0.000         
0.000         
0.000         
0.000         
0.000         
0.000         
0.000         
0.000         
0.000         
0.000         
0.000         
0.000         
0.000         
0.000         
0.000         
0.000         
0.000         
0.000         
0.000         
0.000         
0.000         
0.000         
0.000         
0.000         
0.000         
0.000         
0.000         
0.000         
0.000         
0.000         
8.541         
0.000         
0.000         
0.000         
0.000         
0.000         
0.000         
0.000         
0.000         
0.576         
2.499         
0.000         
8.653         
0.000         
0.000         
0.000         
0.000         
0.000         
0.000         
0.000         
0.000         
0.000         
0.000         
0.000         
0.000         
0.000         
0.000         
0.000         
0.000         
0.158         
0.000         
0.000         
0.000         
0.000         
1.163         
0.000         
0.000         
0.000         
0.000         
0.000         
0.000         
0.000         
0.000         
0.000         
0.000         
0.000         
0.000         
0.000         
0.000         
0.000         
0.000         
0.000         
0.000         
0.000         
0.000         
0.000         
0.000         
0.000         
0.000         
0.000         
0.000         
0.000         
0.000         
6.824         
0.000         
0.000         
0.000         
0.000         
0.000         
0.000         
0.000         
5.453         
0.000         
0.000         
0.000         
0.000         
0.000         
17.635        
11.821        
0.000         
0.000         
0.000         
0.000         
4.042         
0.000         
118.558       
0.000         
0.000         
0.000         
0.000         
0.000         
0.000         
0.000         
0.000         
0.000         
0.000         
2.644         
0.000         
0.000         
0.658         
0.000         
0.000         
0.000         
0.000         
0.000         
0.000         
0.000         
0.000         
0.000         
0.000         
0.000         
0.000         
0.000         
0.000         
0.000         
0.000         
0.000         
0.000         
0.000         
0.000         
0.000         
0.000         
0.000         
0.000         
0.000         
0.000         
0.000         
0.000         
0.000         
0.000         
0.000         
3.057         
3.818         
0.000         
11.201        
0.000         
0.000         
9.379         
0.000         
0.000         
0.000         
2.303         
0.000         
0.000         
0.000         
0.000         
0.000         
0.000         
0.000         
0.000         
0.000         
0.000         
0.000         
0.000         
0.003         
0.000         
0.000         
0.000         
0.000         
0.000         
0.000         
0.000         
0.000         
2.057         
0.000         
0.000         
1.678         
0.000         
0.000         
0.000         
0.000         
0.000         
0.000         
0.000         
0.000         
0.000         
0.000         
26.343        
0.000         
0.000         
0.000         
1.951         
0.000         
0.000         
0.000         
0.000         
0.000         
0.000         
0.000         
0.000         
0.000         
0.000         
0.000         
0.000         
0.000         
0.000         
0.000         
0.000         
0.000         
0.000         
0.000         
0.000         
0.000         
0.000         
0.000         
0.000         
0.000         
0.000         
2.801         
0.000         
0.000         
0.000         
19.618        
0.517         
0.000         
0.000         
0.000         
0.000         
0.000         
0.000         
0.072         
0.000         
0.000         
0.000         
0.000         
0.000         
0.000         
0.000         
0.000         
0.000         
0.000         
0.000         
0.000         
28.215        
0.000         
0.000         
2.831         
0.000         
0.000         
0.000         
0.000         
0.000         
0.000         
6.467         
0.000         
4.821         
0.000         
0.000         
0.000         
16.899        
0.000         
0.000         
0.000         
0.000         
0.000         
0.000         
0.000         
0.000         
0.000         
19.179        
0.000         
0.000         
0.000         
0.000         
0.000         
0.000         
0.000         
0.000         
5.177         
0.000         
0.000         
0.000         
0.000         
0.000         
0.000         
0.000         
0.000         
51.364        
0.000         
0.000         
0.000         
0.000         
0.000         
0.000         
0.000         
0.000         
0.000         
0.000         
0.000         
0.000         
0.000         
0.000         
0.000         
0.000         
0.000         
0.000         
0.000         
0.000         
0.000         
0.000         
0.000         
0.000         
0.000         
0.000         
9.316         
0.000         
0.000         
10.138        
0.000         
0.000         
0.000         
0.000         
0.000         
0.000         
0.000         
0.000         
0.000         
0.000         
0.000         
0.000         
0.000         
0.000         
0.000         
0.000         
0.000         
0.000         
0.000         
0.000         
0.000         
0.000         
0.000         
0.000         
0.000         
0.000         
0.000         
0.000         
0.000         
0.000         
0.000         
0.000         
0.000         
0.000         
0.000         
0.000         
0.000         
0.000         
0.000         
0.000         
0.000         
0.000         
0.000         
0.000         
0.000         
0.000         
0.000         
0.000         
0.000         
0.000         
0.000         
0.000         
0.000         
0.000         
0.000         
0.000         
0.000         
0.000         
0.000         
0.000         
0.000         
0.000         
0.000         
19.449        
0.000         
0.000         
0.000         
0.000         
0.000         
0.000         
0.000         
0.000         
0.000         
0.000         
14.082        
4.401         
0.239         
0.000         
0.000         
0.000         
0.000         
0.000         
0.000         
0.000         
0.000         
0.000         
0.000         
0.000         
0.000         
0.000         
0.000         
0.000         
0.000         
0.000         
0.000         
10.482        
0.000         
0.000         
0.000         
0.000         
0.000         
0.000         
0.000         
0.000         
0.000         
0.952         
0.000         
0.000         
0.000         
3.252         
0.000         
0.000         
0.000         
15.830        
0.000         
0.000         
0.000         
0.000         
0.000         
0.000         
0.000         
0.000         
6.298         
0.000         
0.000         
0.000         
8.677         
0.000         
19.965        
0.000         
0.000         
0.000         
0.000         
0.000         
0.000         
0.000         
0.000         
0.000         
0.000         
0.000         
0.000         
0.000         
0.000         
0.000         
0.000         
0.000         
9.599         
0.000         
0.000         
0.000         
0.000         
1.831         
0.000         
0.000         
0.000         
0.000         
0.000         
0.000         
0.000         
0.000         
0.000         
0.000         
0.000         
0.000         
0.000         
0.000         
0.000         
0.000         
0.000         
0.000         
0.000         
0.000         
0.000         
0.000         
0.000         
0.000         
0.000         
0.000         
0.000         
11.216        
0.000         
0.000         
0.000         
0.000         
0.000         
0.000         
0.000         
0.000         
0.000         
0.000         
0.000         
0.000         
0.000         
0.000         
0.000         
0.000         
0.000         
0.000         
0.000         
0.000         
0.000         
0.000         
0.000         
0.000         
0.000         
2.721         
0.000         
0.000         
0.000         
0.000         
0.000         
0.000         
0.000         
0.000         
0.000         
0.000         
0.000         
0.000         
0.000         
0.098         
0.000         
0.000         
0.000         
0.000         
0.000         
0.000         
0.000         
0.000         
0.000         
0.000         
0.000         
0.000         
0.000         
0.000         
0.000         
0.000         
0.000         
0.000         
0.000         
0.000         
0.000         
0.000         
0.000         
0.000         
0.000         
0.000         
0.000         
0.000         
0.000         
0.000         
0.000         
0.000         
0.000         
0.000         
0.000         
0.000         
0.000         
0.000         
0.000         
0.000         
0.000         
0.000         
0.000         
0.000         
0.000         
0.000         
0.000         
0.000         
0.000         
0.000         
9.377         
1.188         
0.000         
0.000         
10.501        
0.000         
0.000         
0.000         
0.000         
0.000         
0.000         
0.000         
0.000         
0.000         
0.000         
0.000         
0.000         
0.000         
0.000         
0.000         
0.000         
0.000         
0.000         
0.000         
0.000         
0.000         
0.000         
0.000         
0.000         
0.000         
0.000         
0.000         
0.000         
0.000         
0.000         
0.000         
0.000         
0.000         
0.000         
0.000         
0.000         
0.000         
0.000         
0.000         
0.000         
0.000         
0.000         
0.000         
0.000         
0.000         
0.000         
0.000         
0.000         
0.000         
0.000         
0.000         
0.000         
0.188         
0.000         
4.282         
0.000         
0.000         
0.000         
0.000         
0.000         
0.000         
0.000         
0.000         
11.795        
42.679        
12.045        
1.294         
6.133         
0.000         
0.000         
0.000         
0.000         
0.000         
0.000         
0.000         
0.000         
0.000         
0.000         
0.000         
0.000         
42.551        
0.000         
0.000         
0.000         
0.000         
116.322       
0.000         
0.000         
0.000         
0.000         
0.000         
0.000         
0.000         
0.000         
0.000         
0.000         
0.000         
0.000         
0.000         
0.000         
0.000         
0.000         
0.000         
0.000         
0.000         
0.000         
0.000         
0.000         
0.000         
0.000         
0.000         
0.000         
0.000         
0.000         
0.000         
0.000         
0.000         
0.000         
0.000         
0.000         
0.000         
0.873         
0.000         
0.000         
0.000         
0.000         
0.000         
0.000         
0.000         
0.000         
0.000         
0.000         
0.000         
0.000         
0.000         
0.000         
0.000         
0.000         
0.000         
0.000         
0.000         
0.000         
0.000         
0.000         
0.000         
0.000         
0.000         
0.000         
0.000         
0.000         
0.000         
0.000         
0.000         
0.000         
0.000         
0.000         
0.000         
0.000         
0.000         
0.000         
0.000         
0.000         
0.000         
0.000         
0.000         
0.000         
16.736        
0.000         
0.000         
0.000         
0.000         
0.000         
0.000         
0.000         
0.000         
0.000         
0.000         
0.000         
0.000         
0.000         
0.000         
0.000         
0.000         
0.000         
0.000         
0.000         
0.000         
0.000         
0.000         
0.000         
0.000         
0.000         
0.000         
0.000         
0.000         
0.000         
0.000         
0.000         
0.000         
0.000         
0.000         
0.000         
0.000         
0.000         
0.000         
0.000         
0.000         
0.000         
0.000         
0.000         
1.582         
0.000         
0.000         
0.000         
0.000         
0.000         
4.447         
70.784        
0.000         
0.000         
0.000         
0.000         
0.000         
0.848         
21.738        
0.000         
0.000         
0.000         
0.000         
33.016        
0.000         
0.000         
0.000         
0.082         
7.528         
0.000         
0.000         
0.000         
0.000         
0.000         
0.000         
0.000         
0.000         
0.000         
0.000         
1.885         
0.000         
0.000         
0.000         
0.000         
0.000         
0.000         
0.000         
0.000         
0.000         
0.000         
0.000         
0.000         
0.000         
0.000         
0.000         
0.000         
0.000         
0.000         
0.000         
0.119         
4.492         
0.000         
0.000         
28.147        
0.000         
0.000         
0.000         
0.000         
0.000         
0.000         
0.000         
0.000         
0.000         
0.000         
0.000         
0.000         
1.525         
0.000         
0.000         
0.000         
0.000         
0.000         
0.000         
0.000         
3.576         
0.000         
0.000         
0.000         
0.000         
0.000         
0.000         
0.000         
0.000         
0.000         
0.000         
0.000         
0.000         
0.000         
0.000         
0.000         
0.000         
0.000         
0.000         
0.000         
0.000         
0.000         
0.000         
0.000         
0.000         
0.000         
0.000         
0.000         
0.000         
0.000         
0.000         
0.000         
0.000         
0.000         
0.000         
0.000         
0.000         
1.937         
0.000         
0.000         
0.000         
0.000         
0.000         
1.850         
0.000         
0.000         
0.000         
0.000         
0.000         
0.000         
0.000         
0.000         
0.000         
0.000         
0.000         
0.000         
0.000         
0.000         
0.000         
0.000         
0.210         
54.582        
0.000         
0.000         
0.000         
0.000         
0.000         
0.000         
0.000         
0.000         
0.000         
0.000         
0.000         
0.000         
0.000         
0.000         
0.000         
0.000         
0.000         
0.000         
0.000         
0.000         
0.000         
0.000         
0.000         
4.397         
9.283         
0.000         
0.000         
0.000         
0.000         
0.000         
7.960         
0.000         
0.000         
0.000         
5.962         
0.000         
0.000         
0.000         
0.000         
0.000         
0.000         
0.000         
0.000         
0.000         
0.000         
9.789         
0.000         
0.000         
0.000         
0.000         
0.000         
0.000         
0.000         
0.000         
0.000         
0.000         
0.000         
0.000         
0.000         
0.000         
0.000         
0.000         
0.000         
0.000         
0.000         
0.000         
0.000         
0.000         
0.000         
0.000         
0.000         
9.514         
0.000         
0.000         
0.000         
0.000         
0.000         
0.000         
0.000         
0.000         
0.000         
0.000         
0.000         
0.000         
0.000         
0.000         
0.000         
4.105         
0.000         
0.446         
0.000         
0.000         
0.000         
0.000         
0.000         
0.000         
0.000         
0.000         
0.000         
0.000         
0.000         
0.000         
0.000         
0.000         
0.000         
0.000         
0.000         
0.000         
0.000         
0.000         
0.000         
0.000         
0.000         
0.000         
0.000         
0.000         
0.000         
0.000         
0.000         
0.000         
0.000         
0.000         
0.000         
0.000         
0.000         
0.000         
0.000         
0.000         
0.000         
0.000         
0.000         
0.000         
0.000         
0.000         
0.000         
0.000         
0.000         
0.000         
0.000         
0.000         
0.000         
0.000         
0.000         
0.000         
0.000         
0.000         
0.000         
0.000         
0.000         
0.000         
0.000         
0.000         
0.000         
0.000         
0.000         
0.000         
0.000         
0.000         
0.000         
0.000         
0.000         
0.000         
0.000         
0.000         
0.000         
0.000         
0.000         
0.000         
0.000         
0.000         
0.000         
0.000         
0.000         
0.000         
0.000         
0.000         
0.000         
0.000         
0.000         
0.000         
0.000         
0.000         
0.000         
0.000         
0.000         
0.000         
0.000         
0.000         
0.000         
0.000         
0.000         
0.000         
0.000         
0.000         
0.000         
0.000         
0.000         
0.000         
0.000         
0.000         
0.000         
0.000         
0.000         
0.000         
0.000         
0.000         
0.000         
0.000         
0.000         
0.000         
0.000         
0.000         
0.000         
0.000         
0.000         
0.000         
0.000         
0.000         
0.000         
0.000         
0.000         
0.000         
0.000         
2.811         
0.000         
0.000         
0.000         
0.000         
0.000         
0.000         
0.000         
0.000         
0.000         
0.000         
0.000         
0.000         
0.000         
0.000         
0.000         
0.000         
0.000         
0.000         
0.000         
0.000         
0.000         
0.000         
0.000         
0.342         
0.006         
0.000         
0.000         
0.000         
0.000         
0.000         
0.000         
0.000         
0.000         
0.000         
0.000         
0.000         
0.000         
0.000         
0.000         
0.000         
0.000         
0.000         
0.000         
0.000         
0.000         
0.000         
0.000         
0.000         
0.000         
0.000         
0.000         
0.000         
0.000         
0.000         
0.000         
0.000         
0.000         
0.000         
0.587         
0.000         
0.000         
0.062         
11.032        
0.000         
0.148         
15.097        
1.622         
1.090         
0.000         
0.000         
0.000         
0.286         
0.000         
0.000         
0.000         
0.000         
0.000         
0.000         
0.000         
1.782         
0.000         
0.000         
0.000         
0.000         
0.000         
0.000         
0.000         
0.000         
2.560         
0.000         
0.000         
0.000         
0.000         
0.000         
1.381         
0.000         
0.000         
0.000         
0.000         
0.000         
0.000         
0.000         
0.000         
0.000         
0.000         
0.000         
0.000         
0.000         
0.000         
0.000         
0.000         
0.000         
0.000         
0.000         
0.000         
0.000         
0.000         
0.000         
0.000         
0.619         
13.605        
0.000         
0.000         
0.000         
0.000         
0.000         
0.000         
0.000         
0.000         
0.000         
0.000         
0.000         
0.000         
0.000         
0.000         
0.000         
0.000         
0.000         
0.000         
0.000         
0.000         
0.000         
0.000         
0.000         
0.000         
0.000         
0.000         
0.000         
0.000         
10.442        
0.000         
0.000         
0.000         
0.000         
0.000         
0.000         
0.000         
0.000         
0.000         
0.000         
0.000         
1.308         
0.000         
0.000         
0.000         
0.000         
0.000         
0.000         
0.000         
0.000         
0.000         
0.000         
0.000         
0.000         
0.000         
0.000         
0.000         
1.781         
0.000         
0.000         
0.000         
0.000         
0.000         
0.000         
0.000         
0.000         
0.000         
0.000         
0.000         
0.000         
0.000         
0.000         
0.000         
0.000         
0.000         
0.000         
0.000         
0.000         
0.000         
0.000         
0.000         
0.000         
0.000         
0.000         
0.000         
0.000         
0.000         
0.000         
0.000         
0.000         
0.000         
0.000         
0.000         
0.000         
0.000         
0.000         
0.000         
0.000         
0.000         
0.000         
0.000         
0.000         
0.000         
0.000         
33.765        
0.000         
0.000         
0.000         
0.000         
0.000         
0.000         
0.000         
0.000         
0.000         
0.000         
0.000         
0.000         
0.000         
0.000         
0.000         
0.000         
0.000         
0.000         
0.000         
0.000         
0.000         
0.000         
0.000         
0.000         
0.000         
0.000         
0.000         
0.000         
0.000         
0.000         
0.000         
0.000         
0.000         
0.000         
0.000         
0.000         
0.000         
0.000         
0.000         
0.000         
0.000         
0.000         
0.000         
0.000         
0.000         
0.000         
0.000         
0.000         
0.000         
4.809         
0.000         
0.000         
0.000         
0.000         
0.000         
0.000         
0.000         
0.000         
0.000         
0.000         
0.000         
0.000         
0.000         
0.000         
0.000         
0.000         
0.000         
0.000         
0.000         
0.000         
0.000         
0.000         
0.000         
0.000         
0.000         
0.000         
0.000         
0.151         
0.000         
0.000         
32.831        
15.744        
0.000         
0.000         
1.095         
0.000         
0.000         
0.000         
0.000         
0.000         
0.000         
0.000         
0.000         
0.000         
0.000         
0.000         
0.000         
0.000         
4.933         
0.000         
0.000         
0.000         
0.000         
0.000         
0.000         
0.000         
0.000         
0.000         
0.000         
0.000         
0.000         
85.226        
0.000         
0.000         
0.000         
21.520        
0.000         
0.000         
27.788        
0.000         
0.000         
0.000         
0.000         
0.000         
0.000         
0.000         
0.000         
0.000         
0.000         
0.000         
0.000         
0.000         
0.000         
0.000         
0.000         
0.000         
0.000         
0.000         
0.000         
0.000         
0.000         
0.000         
0.000         
0.000         
0.000         
0.000         
0.000         
0.000         
0.000         
0.000         
0.000         
0.000         
0.000         
0.000         
0.000         
0.000         
0.000         
0.000         
0.527         
0.000         
0.000         
0.000         
0.006         
0.000         
0.000         
0.000         
0.000         
0.000         
21.169        
0.000         
0.000         
0.000         
0.000         
0.000         
0.000         
0.000         
0.000         
0.000         
0.000         
0.000         
0.000         
0.000         
0.000         
0.151         
0.000         
0.000         
0.000         
0.104         
0.000         
0.000         
0.000         
0.000         
0.000         
0.000         
0.000         
0.000         
0.000         
0.000         
0.000         
0.000         
0.000         
0.000         
0.000         
0.000         
0.000         
12.462        
0.000         
0.000         
0.000         
0.000         
0.000         
0.000         
1.720         
0.000         
0.000         
0.585         
0.000         
0.000         
0.000         
0.000         
0.000         
0.000         
0.000         
0.000         
0.000         
2.124         
0.000         
0.000         
3.303         
0.000         
9.991         
0.000         
0.000         
0.000         
0.000         
0.000         
0.000         
0.000         
0.000         
0.000         
0.000         
0.000         
0.000         
0.000         
0.000         
0.000         
0.000         
0.000         
12.632        
0.000         
0.000         
0.000         
0.000         
0.000         
0.000         
0.000         
0.000         
0.000         
0.000         
0.000         
0.000         
0.000         
0.000         
0.000         
0.000         
0.000         
0.000         
0.000         
0.000         
0.000         
0.000         
0.000         
0.000         
0.000         
45.180        
0.000         
0.000         
0.000         
0.000         
0.000         
0.000         
0.087         
0.000         
9.929         
0.000         
0.000         
0.000         
0.000         
0.000         
0.000         
0.506         
4.729         
0.000         
0.000         
0.000         
0.000         
0.000         
0.000         
34.605        
1.401         
0.000         
0.000         
0.000         
0.000         
0.000         
0.034         
0.000         
0.000         
0.000         
22.769        
0.000         
0.000         
0.000         
0.000         
0.000         
0.000         
0.000         
0.000         
0.000         
0.000         
0.000         
0.034         
0.000         
21.157        
0.000         
0.000         
0.000         
0.000         
0.000         
0.000         
0.000         
0.000         
0.000         
0.000         
0.000         
0.000         
0.000         
0.000         
18.912        
0.000         
4.545         
0.000         
0.000         
0.000         
0.000         
0.000         
0.000         
0.000         
0.000         
0.000         
0.000         
0.000         
0.000         
0.000         
0.000         
0.000         
0.000         
0.000         
0.000         
0.000         
24.927        
0.000         
0.000         
0.000         
0.000         
0.000         
0.000         
0.000         
0.000         
0.000         
0.000         
0.000         
0.000         
0.000         
0.000         
4.786         
0.000         
0.000         
0.000         
0.000         
0.000         
0.000         
0.000         
0.000         
0.000         
0.000         
0.000         
0.000         
0.000         
0.000         
0.000         
0.000         
0.000         
0.000         
0.000         
0.000         
0.000         
0.000         
0.000         
0.000         
0.000         
0.000         
0.000         
0.000         
0.000         
0.000         
0.000         
0.000         
0.000         
0.000         
0.000         
0.000         
0.000         
0.000         
0.000         
0.000         
0.000         
0.000         
0.000         
0.000         
0.000         
0.000         
0.000         
0.000         
0.000         
0.000         
0.000         
0.000         
0.000         
0.000         
0.000         
0.000         
0.000         
0.000         
0.000         
0.000         
0.000         
0.000         
0.000         
0.000         
0.000         
0.000         
0.000         
0.000         
0.000         
0.000         
0.000         
0.000         
0.000         
0.000         
0.632         
0.000         
0.000         
0.000         
0.000         
1.385         
0.000         
0.000         
0.000         
0.000         
0.000         
0.000         
0.000         
0.000         
0.000         
0.000         
0.000         
0.000         
0.000         
0.000         
0.000         
0.000         
0.000         
0.000         
0.000         
0.000         
0.000         
0.000         
0.000         
0.000         
2.042         
0.000         
0.000         
0.000         
0.000         
0.000         
0.000         
0.000         
0.000         
0.000         
0.000         
0.000         
0.000         
0.000         
0.000         
0.000         
0.000         
1.848         
0.000         
0.000         
0.000         
0.000         
0.000         
0.000         
0.000         
0.000         
0.000         
0.000         
0.000         
12.212        
0.000         
0.000         
30.369        
0.000         
0.000         
0.000         
0.000         
0.000         
0.000         
0.000         
0.000         
0.000         
0.000         
0.000         
17.004        
0.000         
0.000         
0.000         
0.000         
0.000         
25.242        
0.000         
0.000         
0.000         
0.000         
0.000         
0.000         
0.000         
0.000         
0.000         
0.000         
0.000         
0.000         
0.000         
0.000         
0.000         
0.000         
0.000         
0.000         
0.000         
0.000         
0.000         
0.000         
0.000         
0.000         
0.000         
0.000         
0.000         
0.000         
0.000         
0.000         
0.000         
0.000         
2.943         
0.000         
6.545         
0.000         
0.243         
0.000         
0.000         
0.000         
0.000         
0.000         
0.241         
0.000         
0.000         
0.000         
0.000         
0.000         
0.000         
0.000         
0.000         
0.000         
0.000         
0.000         
0.000         
0.000         
0.000         
0.000         
0.000         
0.000         
0.000         
0.000         
0.000         
0.000         
0.000         
0.000         
0.000         
0.000         
0.000         
0.000         
0.000         
0.000         
0.000         
0.000         
0.000         
0.000         
0.000         
0.000         
0.000         
0.000         
0.000         
0.000         
0.000         
0.000         
0.000         
0.000         
0.000         
0.000         
0.000         
4.607         
0.000         
0.000         
0.000         
0.000         
4.768         
0.000         
0.000         
0.000         
0.000         
0.000         
0.000         
0.000         
0.000         
0.000         
0.000         
0.000         
0.000         
0.000         
0.000         
0.000         
0.000         
0.000         
0.000         
0.000         
0.000         
0.000         
0.000         
0.000         
0.000         
0.000         
0.000         
0.000         
0.000         
0.000         
0.000         
0.000         
0.000         
0.000         
0.000         
0.000         
1.525         
0.000         
0.000         
0.000         
0.000         
0.000         
2.321         
0.000         
0.000         
0.000         
0.000         
0.000         
0.000         
0.000         
0.000         
0.000         
0.000         
0.000         
0.000         
0.000         
0.000         
0.000         
0.000         
0.000         
0.000         
0.000         
0.000         
41.207        
0.000         
0.000         
0.000         
0.000         
0.000         
0.000         
0.000         
3.203         
0.000         
0.000         
0.000         
0.000         
0.000         
0.000         
0.000         
0.000         
0.000         
0.000         
0.000         
0.000         
0.000         
0.000         
0.000         
0.000         
0.000         
16.994        
0.000         
0.000         
0.000         
0.000         
0.000         
0.000         
2.839         
0.000         
0.000         
0.000         
0.000         
0.402         
0.000         
0.000         
0.000         
0.000         
0.000         
0.000         
0.000         
0.000         
0.000         
0.000         
0.000         
11.232        
0.000         
0.000         
0.000         
0.000         
0.000         
0.000         
0.000         
0.000         
0.000         
0.000         
0.000         
0.000         
0.000         
0.000         
0.000         
0.000         
0.000         
0.000         
0.000         
0.000         
0.000         
0.000         
0.000         
0.000         
0.000         
0.000         
0.000         
0.000         
0.000         
0.000         
0.000         
0.000         
0.000         
0.000         
0.000         
0.000         
0.000         
0.000         
0.000         
0.000         
0.000         
0.000         
0.000         
0.000         
0.000         
0.000         
0.000         
0.000         
0.000         
0.000         
0.000         
0.000         
0.000         
0.000         
0.000         
0.000         
0.000         
0.000         
0.000         
0.000         
0.000         
0.000         
0.000         
0.000         
0.000         
0.000         
0.000         
0.000         
0.000         
0.000         
0.000         
0.000         
0.000         
0.000         
0.000         
0.000         
0.000         
0.000         
0.000         
0.000         
0.000         
0.000         
0.000         
0.000         
0.000         
0.000         
0.000         
0.000         
0.000         
0.000         
9.869         
0.000         
0.000         
0.000         
0.000         
0.000         
0.000         
0.000         
0.000         
0.000         
0.000         
2.245         
0.000         
0.000         
0.000         
0.000         
0.000         
0.000         
0.000         
0.000         
0.000         
0.000         
0.000         
0.000         
21.431        
0.000         
0.000         
0.000         
0.000         
0.000         
0.000         
0.000         
0.000         
0.000         
0.000         
0.000         
101.277       
0.000         
0.000         
0.000         
0.000         
0.000         
0.000         
0.000         
0.000         
0.000         
0.000         
0.000         
0.000         
0.000         
0.000         
0.000         
0.000         
0.000         
0.000         
0.000         
0.000         
0.000         
0.000         
6.149         
0.000         
0.144         
0.000         
0.192         
0.719         
0.000         
0.000         
0.000         
0.000         
0.950         
0.000         
0.000         
2.401         
0.000         
0.000         
0.000         
0.000         
0.000         
0.000         
0.437         
0.000         
0.000         
0.000         
0.000         
0.000         
0.000         
0.000         
0.000         
0.000         
0.000         
0.000         
0.000         
8.032         
0.000         
0.000         
0.000         
0.000         
0.000         
0.000         
0.000         
0.000         
0.000         
0.000         
0.000         
0.000         
0.000         
16.415        
0.000         
0.000         
0.000         
0.000         
0.000         
0.000         
0.000         
0.000         
2.323         
0.000         
0.000         
0.000         
0.000         
0.231         
0.000         
0.000         
0.000         
0.000         
0.000         
0.000         
0.000         
0.000         
0.000         
0.000         
0.000         
0.000         
0.000         
0.000         
0.000         
0.000         
0.000         
0.000         
0.000         
0.000         
0.000         
0.000         
0.000         
0.000         
0.000         
0.000         
0.000         
0.000         
0.000         
0.000         
0.000         
0.000         
0.000         
0.000         
0.000         
0.000         
0.000         
0.000         
0.000         
0.516         
0.000         
0.000         
0.000         
0.000         
0.000         
0.000         
0.000         
0.000         
0.000         
0.000         
0.000         
0.000         
0.000         
0.000         
0.000         
0.000         
0.000         
0.000         
0.000         
0.000         
0.000         
0.000         
0.000         
0.000         
0.000         
0.000         
0.000         
0.000         
0.000         
0.000         
0.000         
0.000         
0.000         
0.000         
0.000         
0.000         
0.000         
0.000         
0.000         
0.000         
0.000         
0.000         
0.000         
0.000         
1.071         
0.000         
0.000         
5.054         
0.000         
0.000         
0.000         
0.000         
0.000         
0.000         
32.505        
0.047         
3.459         
0.000         
3.426         
0.000         
0.000         
0.000         
0.000         
0.000         
0.000         
0.000         
12.026        
126.776       
0.000         
0.000         
0.000         
0.000         
0.000         
0.000         
0.000         
0.000         
0.000         
0.000         
0.000         
0.000         
0.000         
32.302        
0.000         
0.000         
0.000         
0.000         
2.250         
7.107         
0.000         
0.000         
0.000         
0.000         
0.000         
0.000         
0.000         
0.000         
0.000         
0.000         
0.000         
0.000         
0.000         
2.176         
0.000         
0.000         
0.000         
0.000         
0.000         
0.000         
0.000         
0.000         
0.000         
0.000         
0.000         
0.000         
0.000         
0.000         
42.486        
0.000         
0.000         
0.000         
0.000         
0.000         
0.000         
0.000         
0.000         
0.000         
0.000         
0.000         
0.000         
0.000         
0.000         
0.000         
0.000         
0.000         
0.000         
0.000         
0.000         
0.000         
0.000         
0.000         
0.000         
0.000         
0.000         
0.000         
0.000         
0.000         
0.000         
0.000         
0.000         
0.000         
0.000         
0.000         
0.000         
0.000         
0.000         
0.000         
0.000         
0.000         
0.000         
0.000         
0.000         
0.000         
0.000         
0.000         
0.000         
0.000         
0.000         
0.000         
0.000         
0.000         
0.000         
0.000         
0.000         
0.000         
0.000         
0.000         
0.000         
0.000         
0.000         
0.000         
0.000         
0.000         
0.000         
2.997         
0.327         
0.000         
1.050         
0.000         
0.000         
0.000         
0.000         
0.000         
0.000         
0.000         
0.000         
0.000         
0.000         
0.000         
0.000         
0.000         
0.000         
16.849        
0.000         
0.000         
0.000         
0.000         
0.000         
0.000         
0.000         
0.000         
0.000         
0.000         
121.826       
0.000         
0.000         
0.000         
0.000         
0.000         
0.000         
0.000         
0.000         
0.000         
0.000         
0.000         
0.000         
0.000         
0.000         
0.000         
0.000         
0.000         
0.000         
0.000         
0.000         
0.000         
0.000         
0.000         
0.000         
0.000         
0.000         
0.000         
0.000         
0.000         
0.000         
0.000         
0.000         
0.000         
0.000         
0.000         
0.000         
0.000         
0.000         
23.061        
0.000         
0.000         
0.000         
0.000         
0.000         
0.000         
0.000         
0.000         
0.000         
0.000         
0.000         
0.000         
0.000         
0.000         
0.000         
0.000         
0.000         
0.000         
0.000         
0.000         
0.000         
0.000         
0.000         
0.000         
0.000         
0.000         
0.000         
0.000         
40.257        
6.874         
0.000         
0.000         
0.000         
0.000         
0.000         
0.000         
0.000         
0.000         
0.000         
0.000         
0.000         
0.000         
0.000         
0.000         
0.000         
0.000         
0.000         
0.000         
0.000         
0.000         
0.327         
0.000         
0.000         
0.000         
0.000         
1.702         
0.000         
0.000         
0.000         
0.000         
0.000         
0.000         
0.000         
0.000         
0.000         
4.959         
0.000         
0.000         
0.000         
0.000         
0.000         
0.000         
0.000         
0.581         
0.000         
0.000         
0.000         
0.000         
0.000         
0.000         
0.000         
0.000         
0.000         
0.000         
0.000         
0.000         
0.000         
0.000         
0.000         
0.000         
0.000         
0.000         
0.000         
0.000         
0.000         
0.000         
0.000         
0.000         
0.000         
0.000         
0.000         
0.000         
0.000         
0.000         
0.000         
0.000         
0.000         
0.000         
0.000         
0.000         
0.000         
0.000         
0.000         
0.000         
0.000         
0.000         
0.000         
0.000         
0.000         
0.000         
0.000         
0.000         
0.000         
0.000         
0.000         
0.000         
0.000         
0.000         
0.000         
0.000         
0.000         
0.000         
0.000         
0.000         
0.000         
0.039         
0.000         
0.000         
0.000         
0.000         
0.000         
0.000         
0.000         
0.000         
0.000         
0.000         
0.000         
0.000         
0.000         
7.380         
1.185         
0.000         
0.000         
1.654         
0.000         
0.663         
7.912         
0.813         
0.000         
3.822         
0.000         
0.000         
0.000         
0.000         
0.000         
2.106         
0.000         
0.000         
0.000         
0.000         
0.000         
0.000         
0.000         
0.000         
0.000         
0.000         
0.000         
27.562        
0.000         
0.000         
0.000         
0.000         
0.000         
0.000         
0.000         
0.000         
0.000         
0.000         
0.000         
0.000         
0.000         
10.414        
0.000         
0.000         
0.000         
1.414         
0.000         
0.000         
0.000         
0.000         
0.000         
0.000         
0.000         
0.000         
0.000         
0.000         
3.246         
0.000         
0.000         
26.416        
0.000         
0.000         
2.225         
0.000         
0.000         
0.000         
0.000         
0.000         
0.000         
0.000         
0.000         
0.000         
0.000         
9.146         
0.000         
0.000         
0.000         
13.325        
0.000         
0.000         
0.000         
0.000         
0.000         
0.000         
0.000         
0.000         
0.000         
0.000         
0.000         
0.000         
0.000         
0.000         
0.000         
0.000         
0.000         
0.000         
0.000         
0.000         
0.000         
0.000         
0.000         
0.000         
0.000         
0.000         
0.000         
0.000         
0.000         
0.000         
0.000         
0.000         
0.000         
0.000         
0.000         
0.000         
0.000         
0.000         
0.000         
0.000         
0.000         
0.000         
0.000         
0.000         
0.000         
0.000         
0.000         
0.000         
0.000         
0.000         
0.000         
0.000         
0.000         
0.000         
0.000         
0.000         
0.000         
0.000         
0.000         
0.000         
0.000         
0.000         
0.000         
0.000         
0.000         
0.000         
0.000         
0.000         
0.000         
0.000         
0.000         
0.174         
0.000         
0.000         
5.779         
0.000         
0.000         
0.000         
0.000         
0.000         
0.000         
0.000         
0.000         
0.000         
0.000         
0.000         
0.000         
0.000         
0.000         
0.000         
0.000         
0.000         
0.841         
0.000         
0.000         
0.000         
0.000         
0.000         
0.000         
0.000         
0.000         
0.000         
0.000         
0.000         
0.000         
0.000         
0.000         
0.000         
0.000         
0.000         
0.000         
0.000         
0.000         
6.714         
0.000         
0.000         
0.000         
0.000         
0.000         
0.000         
0.000         
0.000         
0.000         
2.009         
0.000         
0.000         
0.000         
0.000         
0.000         
0.000         
0.000         
0.000         
1.893         
0.000         
0.000         
0.000         
0.000         
0.000         
0.000         
0.000         
0.000         
0.000         
0.000         
0.000         
0.000         
0.000         
0.000         
0.000         
21.949        
0.000         
0.000         
4.418         
0.000         
0.000         
0.000         
11.678        
0.000         
0.000         
0.000         
0.000         
0.000         
0.000         
0.000         
0.000         
0.000         
0.000         
0.000         
0.000         
0.000         
0.000         
0.000         
0.000         
0.000         
0.000         
0.000         
0.000         
0.000         
0.000         
0.000         
0.000         
0.000         
0.000         
0.000         
0.000         
0.000         
0.000         
0.000         
0.000         
0.000         
0.000         
0.000         
0.000         
0.000         
0.000         
0.000         
0.000         
0.000         
0.000         
0.007         
3.654         
0.000         
0.000         
0.000         
0.000         
0.000         
0.000         
0.000         
7.731         
0.000         
0.000         
0.000         
6.025         
0.000         
0.000         
0.000         
0.000         
0.000         
0.000         
0.000         
0.000         
0.000         
0.000         
0.000         
0.000         
0.000         
0.000         
0.000         
0.000         
0.000         
0.000         
0.000         
0.000         
0.000         
0.000         
0.000         
0.000         
0.000         
0.000         
0.000         
0.000         
0.000         
0.000         
0.000         
0.000         
0.000         
0.000         
0.000         
0.000         
0.000         
6.565         
0.000         
0.000         
0.000         
0.000         
0.000         
0.000         
0.000         
0.000         
0.000         
0.000         
0.000         
0.000         
0.000         
0.429         
0.000         
0.000         
0.000         
0.000         
0.000         
0.000         
0.000         
0.000         
0.000         
0.000         
0.000         
0.000         
0.000         
0.000         
0.000         
0.001         
0.000         
0.000         
0.000         
0.000         
0.000         
0.000         
0.000         
4.608         
0.000         
0.000         
0.000         
6.179         
0.000         
0.000         
31.223        
0.005         
8.678         
0.000         
0.000         
0.000         
3.144         
0.000         
0.000         
0.000         
1.376         
0.000         
10.215        
0.000         
3.940         
0.000         
119.502       
2.041         
0.000         
0.000         
0.000         
0.000         
0.000         
0.000         
0.000         
0.000         
0.000         
13.874        
0.000         
0.000         
0.000         
0.000         
0.000         
0.000         
0.000         
0.000         
0.000         
0.000         
0.000         
0.000         
101.505       
0.000         
0.060         
0.000         
7.970         
0.000         
0.000         
0.000         
0.000         
0.000         
0.000         
0.000         
0.000         
0.000         
0.000         
0.000         
0.000         
0.000         
0.000         
0.000         
0.000         
0.000         
0.000         
0.000         
0.000         
0.000         
0.000         
0.000         
0.000         
0.000         
0.000         
0.000         
0.000         
0.000         
0.000         
0.000         
0.000         
0.000         
0.000         
0.000         
0.000         
0.000         
0.000         
0.000         
0.000         
0.000         
0.000         
0.000         
0.000         
0.000         
0.000         
0.000         
0.000         
0.000         
0.000         
0.000         
0.000         
0.000         
0.000         
0.000         
0.000         
0.000         
0.000         
0.000         
0.000         
1.845         
0.000         
0.000         
0.000         
0.000         
2.101         
0.000         
0.000         
0.000         
0.000         
0.000         
0.000         
0.000         
0.000         
0.000         
0.000         
0.000         
0.000         
0.000         
0.000         
0.000         
0.000         
0.000         
0.000         
0.000         
0.000         
0.000         
0.000         
0.000         
0.000         
0.000         
0.000         
0.000         
0.000         
0.000         
0.000         
0.000         
0.000         
0.000         
0.000         
0.000         
0.000         
0.000         
0.865         
0.000         
0.000         
0.000         
0.000         
0.000         
0.000         
0.000         
0.000         
0.000         
0.000         
0.000         
0.000         
0.000         
0.000         
0.000         
0.181         
0.000         
0.000         
0.000         
0.000         
0.000         
0.000         
0.000         
0.000         
0.000         
0.000         
0.000         
0.000         
0.000         
0.000         
0.000         
20.971        
0.000         
0.000         
0.000         
0.000         
0.000         
0.000         
0.000         
0.000         
0.000         
0.000         
0.000         
0.000         
0.000         
0.000         
0.000         
0.000         
0.000         
0.000         
0.000         
0.000         
0.000         
0.000         
0.643         
0.000         
0.000         
0.000         
0.000         
0.000         
0.000         
0.504         
0.000         
0.000         
0.000         
0.000         
0.000         
0.000         
0.000         
0.000         
0.000         
0.000         
0.000         
0.000         
0.000         
0.000         
0.000         
0.000         
0.000         
0.903         
0.000         
0.000         
7.140         
0.000         
0.000         
0.000         
0.000         
0.000         
0.000         
0.000         
0.000         
0.000         
0.000         
0.000         
0.000         
0.000         
0.000         
0.000         
0.000         
0.000         
0.000         
0.000         
6.319         
0.000         
0.000         
0.000         
0.480         
0.000         
0.000         
0.000         
0.000         
0.000         
0.000         
0.000         
0.000         
0.000         
0.000         
0.000         
0.000         
0.000         
0.144         
0.000         
0.000         
0.000         
0.000         
0.000         
25.588        
0.000         
18.089        
44.144        
0.000         
0.000         
2.992         
0.000         
0.000         
0.000         
0.000         
0.000         
0.000         
0.000         
0.000         
0.000         
0.000         
0.000         
0.000         
0.000         
0.000         
0.000         
0.000         
0.000         
0.000         
0.000         
0.000         
0.000         
0.000         
0.000         
0.000         
0.000         
0.000         
0.000         
0.000         
0.000         
0.000         
0.000         
0.000         
0.000         
0.000         
0.000         
0.000         
0.000         
0.000         
0.000         
0.000         
0.000         
0.000         
0.000         
0.000         
0.000         
0.000         
0.000         
0.000         
0.000         
0.000         
0.024         
0.000         
0.000         
0.000         
0.000         
0.000         
0.000         
0.000         
0.000         
0.000         
0.000         
0.000         
0.000         
0.000         
0.000         
0.000         
55.468        
0.000         
0.000         
0.000         
0.000         
1.823         
0.000         
0.000         
0.000         
0.000         
0.000         
0.000         
0.000         
0.000         
0.000         
0.000         
0.000         
0.000         
0.000         
0.000         
0.000         
0.000         
0.000         
0.000         
1.293         
0.000         
0.000         
0.000         
0.000         
0.000         
0.000         
0.000         
0.000         
0.000         
0.000         
0.000         
0.000         
0.000         
0.000         
0.000         
0.000         
0.000         
0.000         
42.155        
0.000         
0.000         
0.000         
0.000         
0.000         
0.000         
0.000         
0.000         
0.000         
0.000         
0.000         
0.000         
0.000         
0.000         
0.000         
0.000         
0.000         
0.000         
0.000         
0.000         
0.000         
0.007         
0.197         
6.633         
0.000         
22.693        
0.000         
0.000         
0.000         
1.871         
0.000         
0.000         
0.000         
0.000         
0.000         
0.000         
0.000         
0.000         
0.000         
0.000         
0.000         
0.000         
0.000         
3.351         
0.000         
0.000         
0.000         
0.000         
0.000         
0.000         
0.000         
0.000         
0.000         
0.000         
0.000         
0.000         
0.000         
0.000         
0.000         
0.000         
0.000         
0.000         
0.000         
0.000         
0.000         
0.000         
0.000         
0.000         
0.000         
0.000         
0.000         
0.000         
0.000         
0.000         
0.000         
0.000         
0.000         
0.000         
0.000         
0.000         
0.000         
0.000         
0.000         
0.000         
0.000         
0.000         
0.000         
0.000         
0.000         
0.000         
0.000         
0.000         
0.000         
0.000         
0.000         
0.000         
0.000         
0.000         
0.000         
0.000         
0.000         
0.000         
0.000         
0.000         
0.000         
0.000         
0.000         
0.000         
0.000         
0.000         
0.000         
0.000         
0.000         
0.000         
0.000         
0.000         
0.000         
0.000         
0.000         
0.000         
0.000         
0.000         
0.000         
1.444         
0.000         
0.000         
0.000         
0.535         
0.000         
0.462         
0.000         
0.000         
0.000         
11.986        
0.000         
0.000         
0.000         
0.000         
0.000         
0.000         
0.000         
0.000         
0.000         
0.000         
0.000         
0.000         
0.000         
0.000         
0.000         
0.000         
0.000         
0.000         
0.000         
0.757         
0.000         
0.000         
0.000         
0.000         
0.000         
0.000         
0.000         
0.000         
0.000         
0.000         
0.000         
0.000         
0.000         
0.000         
0.000         
0.000         
0.000         
0.000         
0.000         
0.000         
0.000         
0.000         
0.000         
9.797         
0.000         
0.000         
0.000         
13.223        
0.000         
0.000         
0.000         
0.000         
61.337        
4.911         
0.000         
0.000         
7.194         
0.000         
0.000         
0.000         
0.000         
1.071         
0.000         
0.606         
0.000         
0.254         
0.000         
0.000         
0.000         
0.000         
0.000         
0.000         
0.000         
0.000         
0.000         
0.000         
0.000         
0.000         
0.000         
0.000         
0.000         
0.000         
0.000         
0.000         
0.000         
0.000         
0.000         
0.000         
0.000         
0.000         
0.000         
0.000         
0.000         
0.000         
0.000         
0.000         
0.000         
18.633        
0.000         
0.000         
0.000         
0.000         
0.000         
0.000         
0.000         
0.000         
0.000         
0.000         
0.000         
0.000         
0.000         
0.000         
0.000         
0.000         
0.000         
0.000         
0.000         
0.000         
0.000         
0.000         
0.000         
0.000         
0.000         
0.000         
0.000         
0.001         
0.000         
0.000         
0.000         
0.000         
0.000         
0.000         
0.000         
0.000         
6.290         
0.000         
0.000         
0.000         
0.000         
0.000         
0.000         
0.000         
0.000         
0.000         
0.000         
0.000         
0.000         
0.000         
0.000         
0.000         
2.607         
0.000         
0.000         
0.000         
0.000         
0.000         
0.000         
0.000         
0.000         
0.000         
0.000         
0.000         
0.000         
0.000         
0.000         
0.000         
0.000         
0.000         
0.000         
0.000         
0.000         
0.000         
0.000         
0.000         
0.000         
0.000         
0.000         
0.000         
0.000         
0.000         
0.000         
8.258         
0.000         
0.000         
0.000         
0.000         
0.000         
0.000         
0.000         
11.803        
0.000         
0.000         
0.000         
0.000         
13.235        
0.000         
0.000         
0.000         
0.000         
0.000         
0.000         
0.000         
0.000         
0.000         
0.000         
0.000         
0.000         
0.000         
0.000         
0.000         
0.000         
0.000         
1.820         
0.000         
13.448        
0.000         
0.000         
0.000         
0.000         
46.916        
0.000         
0.000         
0.000         
0.000         
0.000         
0.000         
0.000         
0.000         
0.000         
2.011         
0.000         
0.000         
0.000         
0.000         
0.000         
0.000         
0.000         
0.000         
0.000         
0.073         
0.000         
0.000         
0.000         
0.000         
0.000         
0.000         
0.000         
5.452         
0.000         
0.000         
0.000         
0.000         
0.000         
0.000         
0.000         
0.000         
0.000         
0.000         
0.000         
0.000         
0.000         
0.000         
0.000         
0.000         
0.000         
0.000         
0.000         
0.000         
0.000         
20.325        
0.000         
0.000         
0.000         
0.000         
22.147        
0.000         
0.000         
0.000         
0.000         
0.000         
0.000         
0.000         
0.000         
0.000         
0.000         
0.000         
0.000         
0.000         
0.000         
0.000         
0.000         
0.000         
0.000         
0.000         
0.000         
0.000         
0.000         
0.000         
0.000         
0.000         
0.000         
0.000         
0.000         
0.000         
0.000         
0.000         
0.000         
0.000         
0.000         
0.000         
0.000         
0.000         
0.000         
0.000         
0.000         
0.000         
0.000         
0.000         
0.000         
0.000         
0.000         
0.000         
0.000         
0.000         
0.000         
0.000         
0.000         
0.000         
0.000         
0.000         
0.000         
0.000         
0.000         
0.000         
0.000         
0.000         
0.000         
0.000         
0.000         
0.000         
0.000         
0.000         
0.000         
0.000         
0.000         
0.000         
0.000         
0.000         
0.000         
0.000         
0.000         
0.000         
0.000         
0.000         
0.000         
0.000         
0.000         
0.000         
0.000         
0.000         
0.000         
0.000         
0.000         
0.000         
0.000         
0.000         
0.000         
0.000         
0.000         
0.000         
0.000         
0.000         
0.000         
0.000         
0.000         
0.000         
0.000         
0.000         
53.247        
0.000         
0.000         
0.000         
0.000         
0.000         
0.000         
0.000         
0.000         
1.935         
0.000         
0.000         
0.000         
0.000         
0.000         
0.000         
0.000         
0.000         
0.000         
0.000         
0.000         
0.000         
0.000         
0.000         
0.000         
0.000         
0.000         
0.000         
0.000         
0.000         
34.359        
0.000         
0.000         
0.000         
0.000         
0.000         
9.312         
12.469        
0.000         
0.000         
0.000         
0.000         
0.000         
0.000         
0.023         
0.000         
0.000         
0.000         
0.000         
0.000         
0.000         
0.000         
0.000         
0.000         
0.000         
0.000         
0.000         
0.000         
0.000         
0.000         
0.000         
0.000         
0.000         
0.000         
0.000         
2.323         
2.726         
0.000         
0.000         
0.000         
0.000         
0.000         
0.000         
0.000         
0.000         
0.000         
0.000         
0.000         
0.000         
0.000         
0.000         
0.000         
0.000         
0.000         
0.000         
0.000         
0.000         
0.000         
0.000         
0.000         
0.000         
0.000         
3.637         
0.000         
21.632        
0.000         
0.000         
4.053         
0.000         
0.000         
10.703        
0.000         
0.000         
0.000         
0.000         
0.000         
0.000         
0.000         
0.000         
0.000         
0.000         
0.000         
0.000         
0.000         
0.000         
0.000         
0.000         
0.000         
0.000         
0.000         
0.000         
0.000         
0.000         
0.000         
0.000         
0.000         
0.000         
0.000         
0.000         
0.000         
0.000         
0.199         
8.751         
0.000         
0.000         
0.000         
0.000         
0.000         
0.000         
0.000         
0.000         
0.000         
0.000         
0.000         
0.000         
0.000         
0.000         
0.000         
0.000         
0.000         
0.000         
0.000         
8.298         
0.000         
0.000         
0.000         
0.000         
0.000         
21.098        
14.455        
0.000         
0.000         
0.000         
0.000         
0.000         
0.000         
0.000         
0.000         
0.000         
0.000         
0.000         
0.002         
0.000         
0.000         
0.000         
0.000         
0.000         
0.000         
0.000         
0.000         
0.000         
0.000         
0.000         
0.000         
0.000         
0.000         
0.000         
0.000         
0.000         
0.000         
0.000         
0.000         
0.000         
0.000         
0.000         
0.000         
0.000         
0.000         
0.000         
0.000         
0.000         
0.000         
1.967         
0.000         
5.579         
0.000         
0.000         
0.000         
0.000         
0.000         
0.000         
0.000         
37.629        
0.000         
0.000         
0.000         
0.000         
0.000         
0.000         
0.000         
0.000         
0.000         
0.000         
0.000         
10.022        
0.000         
0.000         
0.000         
58.920        
0.000         
0.000         
0.000         
0.000         
71.320        
0.000         
0.000         
0.000         
0.000         
0.000         
0.000         
1.149         
0.000         
0.000         
0.000         
0.000         
0.000         
22.796        
0.000         
0.000         
0.000         
1.738         
0.000         
0.000         
0.000         
0.827         
0.000         
0.000         
0.000         
0.000         
0.000         
0.000         
4.502         
0.000         
0.000         
0.000         
0.000         
0.000         
0.000         
0.000         
0.000         
0.000         
0.000         
0.000         
0.000         
0.000         
0.000         
0.000         
0.000         
0.000         
0.000         
0.000         
0.000         
0.000         
0.000         
0.000         
0.000         
0.000         
0.000         
0.000         
0.000         
0.000         
0.000         
0.000         
0.000         
0.000         
0.000         
0.000         
0.000         
0.000         
0.000         
0.000         
0.000         
0.000         
0.000         
0.000         
0.000         
0.000         
0.000         
0.000         
0.000         
0.000         
0.000         
0.000         
0.000         
0.000         
0.000         
0.000         
0.000         
0.000         
0.000         
0.000         
0.000         
0.000         
0.000         
0.000         
0.000         
0.000         
0.000         
0.000         
0.000         
0.000         
0.000         
0.000         
0.000         
0.000         
0.000         
0.000         
0.000         
0.000         
0.000         
2.104         
0.000         
0.000         
0.000         
0.000         
8.135         
0.000         
0.000         
0.005         
0.021         
0.000         
16.028        
0.000         
0.000         
0.000         
0.000         
0.000         
0.000         
1.361         
0.000         
0.000         
0.000         
0.000         
0.000         
0.000         
0.000         
0.000         
0.000         
0.000         
0.000         
0.000         
1.124         
0.000         
0.000         
0.000         
0.000         
0.000         
0.000         
0.000         
0.000         
0.000         
0.000         
0.000         
0.000         
0.000         
0.000         
0.000         
0.000         
0.000         
0.000         
0.000         
0.000         
0.000         
0.000         
0.000         
24.281        
0.000         
0.000         
0.000         
0.000         
0.000         
0.000         
0.000         
0.000         
11.340        
0.000         
0.000         
0.000         
0.000         
0.000         
0.000         
0.000         
0.000         
0.000         
0.000         
0.000         
0.000         
1.845         
5.570         
0.000         
0.000         
0.000         
6.068         
25.155        
0.000         
0.000         
0.000         
0.000         
0.000         
0.000         
0.136         
0.000         
0.000         
0.000         
0.000         
0.000         
0.000         
0.000         
0.000         
1.044         
0.000         
0.000         
0.000         
4.066         
0.000         
2.095         
0.000         
0.000         
0.000         
0.000         
39.220        
0.000         
0.000         
0.000         
0.000         
0.000         
0.000         
0.000         
0.000         
0.000         
0.000         
0.000         
0.000         
0.000         
0.000         
27.772        
5.605         
0.000         
0.000         
0.000         
0.142         
0.000         
0.000         
0.000         
0.000         
0.360         
0.000         
0.000         
0.000         
0.000         
0.000         
0.000         
0.000         
0.000         
0.000         
3.646         
0.000         
0.000         
0.000         
0.000         
0.000         
0.000         
0.000         
0.000         
0.000         
0.000         
0.000         
0.000         
0.000         
0.000         
3.260         
0.000         
0.000         
0.000         
0.000         
0.000         
0.000         
0.000         
0.000         
0.000         
0.000         
0.000         
0.000         
0.000         
0.000         
0.000         
0.000         
0.000         
0.000         
0.000         
0.000         
0.000         
0.000         
0.000         
0.000         
0.000         
0.000         
0.000         
0.000         
0.000         
0.000         
0.000         
0.000         
0.000         
0.000         
0.000         
0.000         
0.000         
0.000         
0.000         
0.000         
0.000         
0.000         
0.000         
0.000         
0.000         
0.000         
8.080         
0.000         
0.000         
0.000         
0.000         
0.000         
0.000         
0.000         
3.917         
0.000         
0.000         
0.000         
0.000         
0.000         
0.000         
0.000         
0.000         
3.983         
0.000         
0.000         
0.000         
0.000         
0.000         
0.000         
7.560         
0.000         
0.000         
0.000         
0.000         
0.000         
0.000         
0.000         
0.000         
13.032        
0.000         
4.754         
20.168        
0.000         
0.000         
0.000         
0.000         
0.000         
0.000         
0.000         
0.000         
0.000         
63.410        
34.865        
38.539        
0.000         
0.000         
55.042        
0.000         
0.000         
0.000         
0.000         
0.000         
0.000         
0.000         
0.000         
0.000         
11.716        
0.000         
0.000         
0.000         
38.645        
0.000         
0.000         
0.000         
0.000         
0.000         
0.000         
0.000         
44.440        
0.000         
0.000         
0.000         
0.000         
0.000         
0.000         
0.000         
0.000         
0.000         
0.851         
11.665        
0.000         
0.000         
0.000         
0.000         
0.000         
0.000         
0.000         
0.000         
0.000         
0.000         
0.000         
0.000         
0.000         
0.000         
0.000         
0.000         
0.000         
0.000         
0.000         
0.000         
0.000         
0.000         
0.000         
0.000         
0.000         
0.000         
0.000         
0.000         
0.000         
0.000         
0.000         
0.000         
0.000         
0.000         
0.000         
0.000         
0.000         
0.000         
0.000         
0.000         
0.000         
0.000         
0.000         
0.000         
0.000         
0.000         
0.000         
0.000         
0.000         
0.000         
0.000         
0.000         
0.000         
0.000         
0.000         
0.000         
0.000         
0.000         
0.000         
0.000         
0.000         
0.000         
0.000         
0.000         
0.000         
0.000         
0.000         
0.000         
0.000         
0.000         
0.000         
0.000         
0.000         
0.000         
0.000         
0.000         
0.000         
0.000         
0.000         
0.000         
0.000         
6.881         
0.000         
0.000         
0.000         
0.000         
0.000         
0.000         
0.000         
0.000         
0.000         
0.000         
0.000         
0.000         
0.000         
0.000         
0.000         
0.000         
0.000         
0.000         
0.000         
0.000         
0.000         
0.000         
205.989       
0.000         
126.197       
0.000         
0.000         
0.000         
0.000         
0.000         
0.000         
0.000         
0.000         
0.000         
16.854        
0.000         
0.000         
0.000         
0.000         
0.000         
0.000         
0.000         
0.000         
0.000         
0.000         
0.000         
0.000         
0.000         
0.000         
0.000         
0.000         
0.000         
0.000         
0.000         
0.000         
21.311        
0.000         
0.000         
0.000         
0.000         
0.000         
24.541        
0.000         
0.000         
19.622        
0.000         
0.000         
0.000         
0.439         
0.000         
0.000         
0.000         
0.000         
0.000         
0.000         
0.000         
0.000         
0.000         
0.000         
0.000         
0.000         
0.000         
0.000         
0.000         
0.000         
0.000         
0.000         
0.000         
0.000         
0.000         
0.000         
0.000         
0.000         
0.000         
0.000         
0.000         
0.000         
0.000         
0.000         
0.000         
0.000         
0.000         
0.000         
0.000         
0.000         
7.536         
0.000         
0.000         
13.162        
0.000         
0.000         
2.377         
0.000         
0.000         
0.000         
0.000         
1.381         
0.000         
0.000         
0.000         
0.000         
1.088         
0.000         
0.000         
0.000         
0.000         
0.000         
5.497         
0.000         
0.000         
0.000         
0.000         
0.000         
0.000         
0.000         
0.000         
0.000         
0.000         
0.000         
0.000         
0.000         
0.000         
0.000         
0.000         
0.000         
0.000         
0.000         
0.000         
0.000         
0.000         
0.000         
0.000         
0.000         
0.000         
0.000         
0.000         
0.000         
0.000         
0.000         
0.000         
0.380         
0.000         
0.000         
0.000         
0.000         
0.644         
0.000         
0.000         
0.000         
0.000         
0.000         
0.000         
0.000         
0.000         
0.000         
0.000         
0.000         
0.000         
0.000         
0.000         
0.000         
0.000         
0.000         
0.000         
0.000         
0.000         
0.000         
0.000         
0.000         
0.000         
0.000         
0.000         
0.000         
0.000         
0.000         
0.000         
0.000         
0.000         
0.000         
0.000         
0.000         
0.000         
0.000         
0.000         
0.000         
0.000         
0.000         
0.000         
0.000         
0.000         
1.341         
0.000         
0.000         
0.000         
0.000         
0.000         
0.000         
4.907         
0.000         
0.000         
0.000         
0.000         
0.000         
0.000         
0.000         
0.000         
0.000         
0.000         
0.000         
0.000         
0.000         
0.000         
0.000         
0.000         
0.000         
0.000         
0.000         
0.000         
0.000         
0.000         
0.000         
0.000         
0.000         
0.000         
0.000         
0.000         
0.000         
0.000         
0.000         
0.000         
0.000         
0.000         
0.000         
0.000         
0.000         
0.000         
0.000         
24.372        
0.000         
0.000         
0.000         
0.000         
0.000         
0.000         
0.000         
0.000         
0.000         
0.000         
0.000         
2.668         
0.000         
0.000         
0.000         
0.000         
0.000         
0.000         
0.000         
0.000         
0.000         
0.000         
0.000         
0.000         
0.000         
0.000         
0.000         
0.000         
0.000         
0.000         
0.000         
0.000         
0.000         
0.000         
0.000         
0.000         
0.000         
0.000         
0.000         
0.000         
114.191       
0.000         
0.000         
0.000         
0.000         
0.000         
0.000         
0.000         
0.000         
0.000         
0.000         
0.000         
0.000         
0.000         
0.000         
0.000         
0.000         
0.000         
0.000         
0.000         
0.000         
0.000         
0.000         
0.000         
0.000         
0.000         
0.000         
0.000         
0.000         
0.000         
0.000         
0.000         
0.000         
0.000         
0.000         
0.000         
0.000         
0.000         
0.000         
0.000         
0.000         
0.000         
0.000         
0.000         
0.000         
0.000         
0.000         
0.000         
0.000         
0.000         
0.000         
0.000         
0.000         
0.000         
0.000         
0.000         
3.357         
0.000         
0.000         
0.000         
51.147        
0.000         
0.000         
0.000         
0.000         
0.000         
0.000         
0.000         
0.000         
0.000         
0.000         
0.000         
0.000         
0.000         
0.000         
0.000         
0.000         
0.000         
0.000         
0.000         
0.000         
0.000         
0.000         
0.000         
0.000         
0.000         
0.000         
0.000         
0.000         
0.000         
0.000         
0.000         
0.000         
0.000         
0.000         
0.000         
0.000         
0.000         
0.000         
0.000         
0.000         
0.000         
0.000         
0.000         
0.000         
0.000         
15.414        
0.000         
0.000         
0.000         
0.000         
0.000         
12.179        
0.000         
0.000         
0.000         
0.000         
0.000         
0.000         
0.000         
3.304         
0.000         
27.540        
0.000         
0.000         
0.000         
0.000         
0.000         
0.000         
0.000         
1.128         
0.000         
0.000         
0.408         
5.767         
0.000         
0.000         
0.000         
0.000         
0.000         
0.000         
0.000         
0.000         
0.000         
0.000         
0.000         
0.000         
0.000         
0.000         
0.000         
0.549         
0.000         
0.000         
0.000         
0.000         
0.000         
0.000         
0.000         
0.000         
0.000         
0.000         
0.000         
0.000         
0.000         
0.000         
0.000         
0.000         
0.000         
0.000         
0.000         
0.000         
0.000         
0.000         
0.000         
0.000         
0.000         
0.000         
14.691        
0.000         
0.000         
0.000         
0.000         
0.000         
0.000         
0.000         
0.000         
0.000         
0.000         
0.000         
0.000         
0.000         
0.000         
0.000         
0.000         
0.000         
0.000         
0.000         
0.000         
0.000         
0.000         
0.000         
0.000         
0.000         
0.000         
0.000         
0.000         
0.000         
0.000         
0.000         
0.000         
0.000         
0.000         
0.000         
0.000         
0.000         
0.000         
0.000         
0.000         
0.000         
0.000         
0.000         
0.000         
0.000         
0.000         
0.000         
0.000         
0.000         
0.000         
0.000         
0.000         
0.000         
0.000         
0.000         
0.000         
0.000         
0.000         
0.000         
0.000         
0.000         
0.000         
0.000         
0.000         
0.000         
0.000         
0.000         
0.000         
0.000         
0.000         
0.000         
0.000         
0.000         
0.000         
0.000         
0.000         
0.684         
0.000         
0.000         
0.000         
0.000         
0.000         
0.034         
0.000         
0.000         
0.000         
0.000         
16.813        
0.000         
0.000         
0.000         
0.000         
0.000         
0.000         
0.000         
0.266         
2.887         
0.000         
0.000         
0.000         
0.000         
0.000         
0.000         
0.000         
0.000         
0.000         
0.000         
0.000         
0.000         
0.000         
0.000         
0.000         
0.000         
234.431       
0.000         
73.316        
162.580       
0.000         
0.000         
39.603        
0.000         
45.024        
0.000         
0.000         
0.000         
0.000         
0.195         
0.000         
0.002         
0.000         
0.000         
0.000         
26.623        
26.803        
0.000         
0.000         
0.000         
0.000         
0.000         
32.950        
0.000         
0.000         
0.000         
0.000         
0.000         
0.000         
0.000         
5.299         
0.000         
0.000         
0.000         
1.655         
46.211        
0.000         
0.000         
0.000         
0.000         
50.072        
0.000         
0.000         
0.000         
0.000         
0.000         
0.000         
0.000         
0.000         
0.000         
0.000         
0.000         
0.000         
0.000         
0.000         
0.000         
0.000         
0.000         
0.000         
0.000         
0.000         
0.000         
0.000         
0.000         
0.000         
0.000         
0.000         
0.000         
0.000         
0.000         
0.000         
0.000         
0.000         
0.000         
0.000         
0.000         
0.000         
0.000         
0.000         
0.000         
0.000         
0.000         
0.000         
0.193         
0.000         
0.000         
0.000         
0.000         
0.000         
0.000         
0.000         
0.000         
0.000         
0.000         
0.000         
0.000         
0.000         
0.000         
0.000         
0.000         
0.000         
0.000         
0.000         
0.000         
0.000         
0.000         
0.000         
0.000         
0.000         
0.000         
0.000         
0.000         
0.000         
0.000         
0.000         
0.000         
0.000         
0.000         
0.000         
0.000         
0.000         
0.000         
0.000         
0.000         
0.000         
0.000         
0.000         
0.000         
0.000         
0.000         
0.000         
0.000         
0.000         
0.000         
0.000         
0.008         
0.000         
0.375         
0.000         
0.000         
0.000         
0.000         
0.000         
0.000         
0.000         
0.000         
0.000         
0.000         
0.000         
0.000         
0.000         
0.000         
0.000         
0.000         
0.000         
0.000         
0.000         
0.000         
0.000         
0.000         
0.000         
0.000         
0.000         
0.000         
0.000         
0.000         
0.000         
0.000         
0.000         
0.000         
0.000         
0.000         
0.000         
0.000         
0.000         
0.000         
0.000         
0.000         
0.000         
0.000         
0.000         
0.000         
0.000         
0.000         
25.899        
0.000         
9.130         
0.000         
7.006         
0.000         
0.000         
0.000         
0.000         
0.000         
21.511        
17.249        
0.000         
0.000         
0.000         
0.000         
0.000         
9.666         
0.000         
0.000         
0.000         
0.000         
0.000         
0.000         
0.000         
0.000         
0.000         
0.000         
0.000         
0.000         
0.000         
0.000         
0.000         
0.000         
0.000         
0.000         
0.000         
0.000         
0.000         
0.000         
0.000         
0.000         
2.356         
0.000         
0.000         
0.000         
0.000         
0.000         
0.000         
0.000         
0.000         
0.000         
0.000         
0.000         
0.000         
0.000         
0.000         
0.066         
4.020         
0.000         
0.000         
0.000         
0.000         
0.000         
12.658        
4.268         
11.613        
0.000         
0.000         
0.000         
0.000         
0.000         
0.000         
0.000         
0.000         
0.000         
0.000         
0.000         
0.000         
0.000         
0.213         
0.000         
0.000         
0.000         
0.000         
0.000         
0.000         
0.000         
0.000         
0.000         
0.000         
0.000         
0.000         
0.000         
0.000         
0.000         
0.000         
0.000         
0.000         
0.000         
0.000         
0.000         
0.000         
0.000         
0.000         
0.000         
0.000         
0.000         
0.000         
0.000         
0.000         
0.000         
0.000         
0.000         
0.000         
0.000         
0.000         
0.000         
0.000         
0.000         
2.207         
0.000         
0.000         
0.000         
0.000         
0.000         
0.000         
0.000         
0.000         
0.000         
0.000         
0.000         
0.000         
0.000         
0.000         
0.000         
0.000         
0.744         
0.000         
0.212         
0.000         
0.000         
0.000         
0.000         
0.000         
0.000         
0.000         
7.138         
0.000         
1.979         
15.704        
0.000         
4.638         
0.000         
0.000         
1.361         
0.000         
0.000         
0.000         
0.000         
0.000         
0.000         
0.000         
0.000         
0.000         
0.000         
0.000         
12.225        
0.000         
0.000         
3.869         
0.000         
0.000         
0.000         
0.000         
0.000         
0.000         
1.746         
0.000         
0.000         
0.000         
0.000         
0.000         
0.000         
0.000         
0.000         
0.000         
0.000         
42.706        
17.316        
0.000         
0.000         
0.000         
0.000         
0.000         
0.000         
0.000         
26.991        
0.000         
0.000         
0.000         
0.000         
28.896        
0.000         
0.000         
0.000         
0.000         
0.000         
0.000         
0.000         
0.000         
0.000         
0.000         
0.000         
0.000         
0.000         
0.000         
0.000         
0.000         
0.000         
0.000         
0.000         
0.000         
0.000         
0.000         
0.000         
0.000         
15.008        
0.000         
0.000         
0.000         
0.000         
0.149         
0.000         
0.000         
0.000         
0.000         
0.000         
0.000         
0.000         
0.000         
0.000         
0.000         
0.000         
0.000         
0.000         
0.000         
71.367        
0.000         
0.000         
0.000         
0.000         
0.000         
0.000         
0.000         
0.000         
0.000         
0.000         
0.000         
0.000         
0.000         
0.000         
0.000         
0.000         
0.000         
0.611         
0.000         
0.000         
0.000         
0.000         
0.000         
0.000         
0.000         
0.000         
0.000         
0.000         
0.000         
0.000         
0.000         
0.000         
0.000         
0.000         
0.000         
0.000         
0.000         
0.000         
0.000         
0.000         
0.000         
0.000         
0.000         
0.000         
0.000         
0.000         
0.000         
0.000         
0.000         
21.901        
0.000         
0.000         
0.000         
0.000         
0.000         
0.000         
0.000         
0.000         
0.000         
0.000         
0.000         
47.512        
0.000         
0.000         
0.000         
0.000         
0.000         
0.000         
32.454        
0.000         
0.000         
16.546        
0.000         
0.000         
0.000         
0.000         
0.000         
0.000         
0.000         
0.000         
0.000         
0.000         
0.000         
0.000         
10.557        
0.000         
0.000         
0.000         
0.000         
1.877         
0.000         
0.000         
0.000         
0.000         
0.000         
0.000         
0.000         
0.000         
0.000         
1.836         
0.000         
0.000         
0.000         
0.000         
0.000         
0.000         
0.000         
0.000         
0.000         
0.000         
0.000         
0.000         
0.000         
0.000         
0.000         
0.000         
0.000         
0.000         
17.799        
0.000         
0.000         
0.000         
0.000         
0.000         
0.000         
0.000         
0.000         
0.000         
0.000         
1.658         
0.000         
0.000         
0.000         
0.000         
0.000         
0.000         
0.000         
0.000         
0.000         
0.000         
0.000         
0.000         
0.000         
0.110         
0.000         
0.000         
0.000         
0.000         
0.000         
0.000         
0.000         
0.000         
0.000         
0.000         
0.000         
0.000         
0.000         
0.000         
0.000         
0.000         
0.000         
0.000         
0.000         
0.000         
0.000         
0.000         
0.000         
0.000         
0.000         
0.000         
0.000         
0.000         
0.000         
0.000         
0.000         
0.000         
0.000         
0.000         
0.000         
0.000         
0.000         
0.000         
0.000         
0.000         
0.000         
0.000         
0.000         
0.000         
0.000         
0.000         
0.000         
0.000         
0.000         
0.000         
0.000         
0.000         
0.000         
0.000         
0.000         
0.000         
0.000         
0.000         
0.000         
0.000         
0.000         
0.000         
0.000         
0.000         
0.000         
0.000         
0.000         
0.000         
0.000         
0.000         
0.000         
0.000         
0.000         
0.000         
0.000         
0.000         
0.000         
0.000         
0.000         
3.863         
0.000         
0.000         
0.000         
0.000         
0.000         
0.000         
0.000         
0.000         
0.000         
0.000         
0.000         
0.000         
0.000         
0.000         
0.000         
0.000         
0.000         
0.000         
0.000         
0.000         
0.000         
1.389         
0.000         
0.000         
0.000         
0.000         
0.000         
0.000         
0.000         
0.000         
0.000         
0.000         
0.000         
0.000         
0.000         
0.000         
0.000         
0.000         
0.000         
0.000         
0.000         
0.000         
0.000         
0.000         
0.000         
0.000         
0.000         
0.000         
0.000         
0.000         
0.000         
0.000         
0.000         
0.000         
0.000         
0.000         
0.000         
0.000         
0.000         
0.000         
0.000         
0.000         
0.000         
0.000         
0.000         
0.000         
0.000         
0.000         
0.000         
0.000         
0.000         
0.000         
0.000         
0.000         
0.000         
0.000         
0.000         
0.000         
0.000         
0.000         
0.000         
0.000         
0.000         
0.000         
0.000         
0.000         
0.000         
0.000         
0.000         
0.000         
0.000         
0.000         
0.000         
0.000         
0.000         
0.000         
0.000         
0.000         
0.000         
0.521         
0.197         
0.000         
0.000         
0.000         
0.679         
2.835         
0.000         
0.325         
0.000         
0.000         
0.000         
0.000         
0.000         
37.773        
0.000         
0.000         
0.000         
0.000         
0.000         
0.000         
0.000         
3.957         
0.000         
0.000         
0.000         
0.000         
5.978         
0.000         
0.000         
0.000         
0.000         
0.000         
0.000         
0.000         
0.000         
0.000         
0.000         
0.000         
0.000         
0.000         
0.000         
0.000         
0.000         
0.000         
0.000         
0.000         
0.000         
0.000         
0.000         
0.000         
0.000         
0.000         
0.000         
0.000         
0.000         
0.000         
0.000         
0.000         
0.000         
0.000         
0.000         
0.000         
0.000         
0.000         
0.000         
0.000         
0.000         
0.000         
0.000         
0.000         
0.000         
0.000         
0.000         
0.000         
0.000         
0.000         
0.000         
0.000         
0.000         
0.000         
0.000         
0.000         
0.000         
0.000         
0.000         
0.000         
0.000         
0.000         
0.000         
0.000         
0.000         
0.000         
0.000         
0.000         
0.000         
0.000         
0.000         
0.000         
0.000         
0.000         
0.000         
0.000         
0.000         
0.000         
0.000         
0.000         
0.000         
0.000         
0.000         
0.000         
0.000         
0.000         
0.000         
0.000         
0.000         
0.000         
0.000         
4.753         
0.000         
0.000         
0.000         
0.000         
0.000         
0.000         
0.000         
0.000         
0.000         
0.000         
0.000         
0.000         
0.000         
0.000         
0.000         
4.058         
0.000         
0.000         
0.000         
0.000         
0.000         
0.000         
0.000         
0.000         
0.000         
0.000         
0.000         
1.283         
0.000         
0.000         
0.000         
0.000         
0.000         
0.000         
0.000         
0.000         
0.000         
0.000         
20.223        
0.000         
0.000         
0.000         
13.469        
57.086        
0.000         
0.000         
0.000         
0.000         
0.000         
0.000         
0.000         
5.660         
0.000         
0.000         
0.000         
0.000         
0.000         
0.000         
0.000         
0.000         
0.000         
0.000         
0.000         
0.000         
0.000         
0.000         
0.000         
0.000         
0.000         
0.000         
0.000         
0.000         
0.000         
0.000         
0.000         
0.000         
0.000         
1.099         
35.570        
0.000         
0.000         
0.000         
0.000         
0.000         
0.000         
0.000         
0.000         
0.000         
0.000         
0.000         
0.000         
0.000         
0.000         
0.000         
0.000         
1.492         
0.000         
0.000         
0.000         
0.000         
0.000         
24.161        
0.000         
0.000         
0.000         
0.000         
0.000         
0.000         
15.900        
0.005         
0.000         
0.000         
0.000         
0.000         
0.000         
0.000         
0.000         
0.000         
0.000         
0.000         
0.000         
0.000         
0.000         
0.000         
0.000         
0.000         
1.588         
0.000         
0.000         
0.000         
0.000         
0.000         
0.000         
0.000         
0.000         
0.000         
0.000         
0.000         
0.000         
0.000         
0.000         
0.000         
0.000         
0.000         
0.000         
0.000         
0.000         
0.000         
0.000         
0.000         
0.000         
0.000         
0.000         
0.000         
0.000         
0.000         
0.000         
0.000         
0.000         
0.000         
0.000         
0.000         
0.000         
0.000         
0.000         
0.000         
0.000         
0.000         
0.000         
0.000         
0.000         
0.000         
0.000         
0.000         
0.000         
0.000         
0.000         
0.000         
0.000         
0.000         
0.000         
0.000         
0.000         
0.000         
15.705        
7.945         
0.000         
0.000         
0.000         
0.000         
0.000         
0.000         
6.667         
0.000         
0.000         
0.000         
0.000         
0.000         
0.000         
0.000         
0.000         
2.182         
8.841         
0.000         
0.000         
0.000         
0.789         
0.000         
0.000         
0.000         
0.000         
0.000         
0.000         
0.000         
0.000         
0.000         
0.000         
0.000         
0.000         
0.000         
0.000         
0.000         
0.000         
0.000         
0.000         
0.000         
0.000         
0.000         
0.000         
0.000         
0.000         
0.000         
0.000         
0.000         
0.000         
0.000         
0.068         
0.000         
15.575        
8.064         
38.819        
0.000         
0.000         
6.612         
0.000         
33.329        
0.000         
0.000         
23.553        
0.646         
0.000         
0.000         
0.000         
0.000         
0.000         
0.000         
0.000         
0.000         
0.000         
0.000         
0.000         
0.000         
0.000         
0.000         
0.000         
0.000         
0.000         
0.000         
0.000         
0.000         
0.000         
6.287         
0.000         
0.000         
0.000         
0.000         
0.000         
0.000         
0.000         
0.000         
0.000         
0.000         
0.000         
0.000         
0.000         
0.000         
0.000         
0.000         
0.000         
0.000         
0.000         
0.000         
0.000         
0.000         
0.000         
0.000         
0.000         
0.000         
0.000         
0.000         
0.000         
0.000         
0.000         
0.000         
0.000         
0.000         
0.000         
0.000         
0.000         
0.000         
0.000         
0.000         
0.000         
0.000         
0.000         
0.000         
0.000         
0.000         
0.000         
0.000         
0.000         
0.000         
0.000         
0.000         
0.000         
0.000         
0.000         
0.000         
0.000         
0.000         
0.000         
0.000         
0.000         
0.000         
0.000         
0.000         
0.000         
0.000         
0.000         
0.000         
0.000         
0.000         
0.000         
0.000         
0.000         
0.000         
0.000         
0.000         
0.000         
0.000         
0.000         
0.000         
0.000         
0.000         
0.000         
0.000         
0.000         
0.000         
0.000         
0.000         
0.000         
0.000         
0.000         
0.000         
0.000         
0.000         
0.000         
7.434         
0.000         
0.000         
0.000         
0.000         
0.000         
0.000         
15.084        
0.000         
0.000         
0.000         
0.000         
0.000         
0.000         
0.000         
0.000         
0.000         
0.000         
8.467         
0.000         
0.000         
0.000         
3.137         
0.000         
0.000         
0.000         
0.000         
0.000         
0.000         
0.000         
0.000         
0.000         
10.570        
0.000         
0.000         
0.000         
2.690         
0.000         
0.000         
0.000         
0.000         
0.000         
0.000         
0.000         
0.000         
0.000         
0.000         
0.000         
0.000         
0.000         
0.000         
0.000         
3.490         
0.000         
0.000         
0.000         
0.000         
0.000         
9.692         
0.000         
0.000         
0.000         
0.000         
0.000         
0.000         
0.000         
0.000         
0.000         
0.000         
0.000         
0.000         
0.000         
0.000         
0.000         
3.072         
0.000         
0.210         
0.000         
0.000         
0.000         
0.000         
0.000         
0.000         
0.000         
0.000         
0.000         
0.000         
0.000         
0.000         
0.000         
0.000         
0.000         
0.000         
0.000         
0.000         
0.000         
0.000         
0.000         
0.000         
0.000         
0.000         
0.000         
0.000         
5.987         
0.000         
0.000         
7.444         
0.000         
0.000         
0.000         
0.000         
0.000         
0.000         
0.000         
0.000         
0.000         
0.000         
0.000         
0.000         
13.001        
1.301         
0.000         
0.000         
0.000         
0.000         
0.000         
0.000         
0.000         
0.000         
0.000         
0.000         
0.000         
0.000         
0.000         
0.000         
0.000         
0.000         
0.000         
0.000         
0.000         
0.000         
0.000         
0.000         
0.000         
0.000         
0.000         
0.000         
0.000         
0.000         
0.000         
0.000         
0.000         
0.000         
0.000         
0.000         
0.000         
0.000         
0.000         
0.000         
0.000         
0.000         
0.000         
0.000         
0.000         
0.000         
0.000         
0.000         
0.000         
0.000         
0.000         
0.000         
0.000         
0.000         
25.145        
0.000         
0.000         
0.000         
0.000         
0.000         
1.095         
0.000         
0.000         
0.000         
0.535         
0.000         
0.000         
0.000         
0.826         
0.000         
0.000         
0.000         
0.000         
0.000         
0.000         
0.000         
2.040         
0.000         
0.000         
3.054         
0.000         
0.000         
5.803         
0.000         
0.000         
0.000         
0.000         
0.000         
0.000         
0.000         
0.000         
0.000         
0.000         
0.000         
0.000         
0.000         
0.000         
0.000         
0.000         
0.000         
0.000         
0.000         
0.000         
0.000         
0.000         
0.000         
0.000         
0.000         
0.000         
35.895        
0.000         
0.000         
0.000         
0.000         
0.000         
0.000         
0.000         
9.455         
0.566         
0.000         
0.000         
0.000         
0.000         
0.000         
0.000         
0.000         
0.000         
0.000         
0.006         
0.000         
0.000         
0.000         
0.000         
0.000         
0.000         
0.000         
0.000         
0.000         
0.000         
0.000         
0.000         
0.000         
119.705       
0.000         
0.000         
0.000         
0.000         
0.000         
0.000         
0.000         
0.000         
0.000         
0.000         
0.000         
7.890         
0.000         
0.000         
0.000         
0.000         
0.000         
0.000         
0.000         
0.000         
0.000         
0.000         
0.000         
0.000         
0.000         
0.000         
0.000         
0.000         
0.000         
0.000         
0.000         
0.000         
0.000         
0.000         
0.000         
0.000         
9.187         
0.000         
0.000         
0.000         
0.000         
0.000         
0.000         
0.000         
0.000         
0.000         
0.000         
0.000         
0.000         
0.000         
0.000         
0.000         
0.000         
0.000         
0.000         
0.000         
0.000         
0.000         
0.000         
0.000         
0.000         
0.000         
0.000         
0.000         
0.000         
0.000         
0.000         
0.000         
0.000         
0.000         
0.000         
0.000         
0.000         
0.000         
0.000         
0.000         
0.000         
0.000         
0.000         
0.000         
0.000         
0.000         
0.000         
0.000         
0.000         
0.000         
0.000         
0.000         
0.000         
0.000         
0.000         
0.000         
0.000         
0.000         
0.000         
0.000         
0.000         
0.000         
0.000         
0.000         
0.000         
0.000         
0.000         
0.000         
0.000         
0.000         
0.000         
0.000         
0.000         
0.000         
0.000         
0.000         
0.000         
0.000         
0.000         
0.000         
0.000         
0.000         
0.000         
0.000         
0.000         
0.000         
0.000         
0.000         
0.000         
0.000         
0.000         
0.000         
0.000         
0.000         
0.000         
0.000         
0.000         
0.000         
0.000         
0.000         
0.000         
0.000         
0.000         
0.000         
0.000         
0.000         
0.000         
0.000         
0.000         
0.000         
0.000         
0.000         
0.000         
0.000         
0.000         
15.439        
0.000         
0.000         
0.000         
0.000         
0.000         
0.091         
0.000         
0.000         
0.000         
0.000         
0.000         
0.000         
0.000         
0.000         
0.000         
0.000         
0.000         
0.000         
6.163         
0.000         
0.000         
0.000         
0.000         
0.000         
0.000         
0.000         
0.000         
0.000         
0.000         
0.000         
0.000         
0.000         
0.000         
0.000         
0.000         
0.000         
0.000         
0.000         
0.000         
0.000         
0.000         
0.000         
0.000         
0.000         
0.000         
0.000         
0.000         
0.000         
0.000         
0.000         
0.000         
0.000         
3.459         
0.000         
0.000         
0.000         
0.000         
0.532         
0.000         
0.000         
7.991         
0.000         
0.000         
0.000         
0.000         
0.000         
0.000         
0.000         
0.000         
0.000         
0.000         
0.000         
0.000         
0.000         
0.000         
0.000         
0.000         
0.000         
0.000         
0.000         
0.000         
0.000         
0.000         
0.000         
0.000         
0.000         
0.000         
0.000         
0.000         
0.000         
0.000         
0.000         
0.000         
0.000         
0.000         
0.000         
0.000         
0.000         
0.000         
0.000         
0.000         
0.000         
0.000         
0.000         
0.000         
0.000         
0.000         
0.000         
0.000         
0.000         
0.000         
0.000         
0.000         
0.000         
0.000         
0.000         
0.000         
0.000         
0.000         
0.000         
0.000         
0.000         
0.000         
0.000         
0.000         
0.000         
0.000         
0.000         
0.000         
0.000         
0.000         
0.000         
0.000         
0.000         
0.000         
0.000         
0.208         
0.000         
0.000         
22.769        
11.705        
0.000         
0.000         
0.000         
0.000         
0.000         
0.000         
0.000         
5.410         
0.000         
0.000         
0.000         
0.000         
5.701         
0.000         
0.000         
0.000         
0.000         
0.000         
0.000         
0.000         
0.000         
0.000         
28.857        
0.000         
0.000         
0.000         
0.000         
0.000         
0.000         
0.000         
0.000         
0.000         
0.000         
0.000         
0.000         
0.000         
0.000         
0.000         
0.000         
0.000         
0.000         
0.000         
0.000         
0.000         
0.000         
0.000         
0.000         
0.000         
0.000         
18.317        
0.000         
0.000         
0.000         
0.000         
0.000         
0.000         
0.000         
0.000         
0.000         
0.000         
0.000         
0.000         
0.000         
0.000         
0.000         
15.138        
0.000         
0.000         
0.000         
0.000         
0.000         
0.000         
0.000         
0.000         
0.000         
0.000         
0.000         
0.000         
0.000         
0.000         
0.000         
0.000         
0.000         
0.000         
0.000         
0.000         
7.617         
0.000         
0.000         
0.000         
0.000         
0.000         
0.000         
0.000         
0.000         
0.000         
0.000         
0.000         
0.000         
0.426         
0.000         
0.000         
0.000         
0.000         
0.000         
0.000         
0.000         
0.000         
0.000         
0.000         
0.000         
0.000         
0.000         
0.000         
0.000         
0.000         
0.000         
0.000         
0.000         
0.000         
0.000         
0.000         
0.000         
0.000         
0.000         
0.000         
0.000         
0.000         
0.000         
0.000         
0.000         
0.000         
0.000         
0.000         
0.000         
0.000         
0.000         
0.000         
0.000         
0.000         
0.000         
0.000         
0.000         
0.000         
9.788         
0.000         
0.000         
0.000         
0.000         
0.718         
0.000         
0.000         
0.000         
0.000         
0.000         
0.000         
0.000         
0.000         
0.000         
0.000         
0.000         
0.000         
0.000         
0.000         
0.000         
3.049         
0.000         
0.000         
17.603        
0.000         
0.000         
0.000         
0.000         
0.000         
0.000         
0.000         
0.000         
0.000         
0.000         
0.000         
0.000         
0.000         
7.466         
0.000         
0.000         
0.000         
0.000         
0.000         
0.000         
0.000         
0.000         
0.000         
0.000         
0.000         
0.000         
0.000         
0.000         
0.000         
0.000         
0.000         
0.000         
0.000         
0.000         
0.000         
0.000         
0.000         
0.000         
0.000         
0.000         
0.000         
0.000         
0.000         
0.000         
0.000         
0.000         
0.000         
0.000         
0.000         
0.000         
0.000         
0.000         
0.000         
0.000         
6.133         
0.000         
0.000         
0.000         
0.000         
0.000         
0.000         
1.225         
0.000         
0.000         
0.000         
0.000         
0.000         
0.000         
0.000         
0.000         
0.000         
0.000         
0.000         
0.000         
0.000         
0.000         
0.000         
0.000         
0.000         
0.000         
0.516         
0.000         
0.000         
0.000         
0.000         
0.000         
0.095         
0.000         
0.000         
0.000         
0.718         
0.000         
0.000         
0.000         
0.000         
0.000         
0.000         
0.000         
0.000         
0.000         
0.000         
0.000         
0.000         
0.000         
0.000         
0.000         
0.000         
0.000         
0.000         
0.000         
0.000         
0.000         
0.000         
0.000         
0.000         
0.000         
0.000         
0.000         
0.000         
0.000         
0.000         
0.000         
0.000         
0.000         
0.000         
0.000         
0.000         
0.000         
0.000         
0.000         
0.000         
0.000         
0.000         
0.000         
0.000         
6.275         
35.794        
0.000         
0.000         
0.000         
0.000         
0.000         
0.000         
17.353        
0.000         
0.000         
0.000         
0.000         
0.000         
0.000         
0.000         
0.000         
0.000         
0.000         
0.000         
0.000         
0.000         
25.293        
0.000         
0.058         
0.000         
0.000         
0.000         
0.000         
0.000         
0.000         
0.000         
0.000         
0.000         
0.000         
0.000         
0.000         
0.000         
0.000         
0.000         
0.000         
0.000         
0.000         
0.000         
0.000         
0.000         
0.000         
0.000         
0.000         
0.000         
0.000         
0.000         
0.000         
0.000         
0.000         
0.000         
0.000         
0.000         
0.000         
0.000         
0.000         
0.000         
0.000         
0.000         
0.000         
0.000         
0.000         
0.000         
0.000         
4.525         
0.000         
0.000         
0.000         
2.898         
0.000         
0.000         
0.000         
0.000         
0.000         
0.000         
2.431         
0.000         
0.000         
0.000         
0.000         
0.000         
0.000         
10.358        
0.000         
0.000         
0.000         
0.000         
0.000         
0.000         
0.000         
0.000         
0.000         
0.000         
88.824        
0.000         
0.000         
0.000         
20.916        
0.000         
0.000         
0.000         
0.000         
0.000         
5.101         
0.000         
0.000         
0.000         
0.000         
0.000         
70.475        
2.458         
2.730         
0.000         
0.000         
0.000         
0.000         
0.000         
0.000         
0.000         
0.000         
0.000         
0.000         
0.000         
0.000         
0.000         
0.000         
16.094        
0.000         
0.000         
0.000         
3.242         
0.000         
0.000         
0.000         
0.000         
0.000         
0.000         
0.000         
0.000         
0.000         
0.000         
0.000         
0.000         
0.000         
0.000         
0.000         
0.000         
0.000         
0.000         
0.000         
0.000         
0.000         
0.000         
0.000         
0.000         
0.000         
0.000         
0.000         
0.000         
0.000         
0.000         
0.000         
0.000         
0.000         
0.000         
0.000         
0.000         
0.000         
0.000         
0.000         
0.000         
0.000         
0.000         
0.000         
0.000         
0.000         
0.000         
0.000         
0.000         
0.000         
0.000         
0.000         
0.000         
0.000         
0.000         
0.000         
0.000         
0.000         
0.000         
0.000         
0.000         
0.000         
0.000         
0.000         
0.000         
0.000         
0.000         
0.000         
0.000         
0.000         
0.000         
0.000         
0.000         
0.000         
0.000         
0.000         
0.000         
0.000         
0.000         
0.000         
0.089         
0.000         
0.000         
0.000         
0.000         
0.000         
0.000         
0.000         
0.000         
0.000         
0.000         
0.000         
0.000         
0.000         
0.000         
0.000         
0.000         
0.000         
0.000         
0.000         
0.000         
0.000         
0.000         
0.000         
0.000         
0.000         
0.000         
0.000         
0.000         
0.000         
0.000         
0.000         
0.000         
0.000         
0.000         
0.000         
0.000         
0.000         
0.000         
0.000         
0.000         
0.000         
0.000         
0.000         
0.000         
0.000         
0.000         
0.000         
1.308         
0.000         
46.725        
31.190        
0.000         
0.000         
0.000         
0.000         
0.000         
0.000         
0.000         
0.000         
0.000         
0.000         
0.000         
0.000         
0.000         
0.000         
0.000         
0.000         
0.000         
0.426         
0.000         
0.000         
0.870         
0.000         
2.412         
0.000         
7.826         
0.000         
0.000         
0.000         
0.000         
0.000         
0.000         
0.000         
0.000         
0.000         
0.000         
0.000         
6.313         
2.100         
0.000         
0.000         
0.000         
0.000         
0.000         
0.000         
0.000         
0.000         
0.000         
0.000         
0.000         
0.000         
0.000         
0.000         
0.000         
0.000         
0.000         
0.000         
0.000         
0.000         
0.000         
0.000         
6.752         
0.000         
10.990        
0.000         
0.000         
0.000         
0.000         
0.000         
0.000         
0.000         
6.304         
29.983        
0.000         
0.000         
0.000         
0.000         
0.000         
0.000         
0.000         
0.000         
0.000         
0.000         
1.209         
0.000         
0.000         
0.000         
0.000         
0.000         
0.000         
0.000         
0.000         
0.000         
0.000         
0.000         
0.000         
0.000         
0.000         
0.000         
0.000         
0.000         
0.000         
1.683         
0.000         
0.000         
0.000         
0.000         
0.000         
0.000         
9.676         
0.000         
0.000         
0.000         
0.000         
0.000         
0.000         
0.000         
0.000         
0.000         
0.000         
0.000         
0.000         
0.000         
0.000         
7.613         
0.000         
0.000         
0.000         
0.000         
0.000         
0.000         
0.000         
0.000         
0.000         
0.000         
0.000         
0.000         
0.000         
0.000         
0.000         
0.000         
0.000         
0.206         
0.000         
0.000         
0.000         
0.479         
0.000         
0.055         
0.000         
0.000         
0.000         
0.000         
0.000         
0.000         
0.000         
0.000         
0.000         
0.000         
0.000         
0.000         
0.000         
0.000         
0.000         
0.000         
3.653         
0.000         
0.000         
13.154        
0.000         
0.000         
3.213         
7.870         
0.000         
0.000         
0.000         
0.000         
0.000         
0.000         
0.000         
0.000         
0.000         
0.000         
0.000         
0.000         
0.000         
202.603       
0.000         
0.000         
95.531        
0.000         
0.000         
0.000         
11.320        
0.000         
0.000         
3.352         
3.066         
0.000         
0.000         
0.000         
0.000         
0.000         
0.000         
0.000         
0.000         
0.000         
0.000         
0.000         
0.000         
0.000         
0.000         
0.000         
0.000         
0.000         
0.000         
0.000         
0.000         
10.700        
0.000         
0.000         
0.000         
0.000         
0.000         
0.000         
0.000         
37.195        
0.000         
0.000         
0.000         
0.000         
0.000         
0.000         
0.000         
0.000         
0.000         
0.000         
0.000         
0.000         
0.000         
87.422        
0.000         
0.000         
0.000         
0.000         
0.000         
0.000         
0.000         
0.000         
0.000         
0.000         
0.000         
0.000         
0.000         
0.000         
0.000         
0.000         
0.000         
0.000         
0.000         
0.000         
0.000         
0.000         
0.000         
0.000         
0.000         
0.000         
0.000         
0.000         
0.000         
0.000         
0.000         
0.000         
0.000         
0.000         
0.000         
0.000         
0.000         
0.000         
0.000         
0.000         
0.000         
0.000         
0.000         
0.000         
0.000         
0.000         
0.000         
0.000         
0.000         
0.000         
0.000         
0.000         
0.000         
0.000         
0.000         
0.000         
0.000         
0.000         
0.000         
0.000         
0.000         
0.000         
0.000         
0.000         
0.000         
13.847        
0.000         
0.000         
0.000         
0.000         
0.000         
0.000         
0.000         
0.000         
23.713        
0.000         
0.000         
0.000         
9.855         
0.000         
0.000         
0.000         
6.044         
0.000         
0.000         
2.290         
0.000         
0.000         
0.000         
0.000         
0.000         
0.000         
0.000         
0.000         
0.000         
0.000         
0.000         
0.000         
0.000         
0.000         
18.701        
4.671         
0.000         
0.000         
0.000         
0.000         
0.000         
0.000         
0.000         
0.000         
0.000         
0.000         
0.000         
0.000         
0.000         
0.000         
0.000         
0.000         
0.000         
0.000         
0.000         
0.000         
0.000         
0.000         
0.000         
0.000         
0.000         
0.000         
2.409         
0.000         
0.000         
0.000         
4.056         
0.000         
0.000         
0.000         
0.000         
0.000         
0.000         
0.000         
0.000         
0.000         
1.309         
0.000         
0.000         
0.000         
25.497        
0.000         
0.000         
0.000         
14.489        
0.000         
0.000         
0.000         
0.000         
0.000         
0.000         
0.000         
0.000         
0.000         
0.000         
0.000         
0.000         
0.000         
0.000         
0.000         
0.000         
0.000         
20.002        
0.000         
0.000         
0.000         
0.000         
4.654         
0.000         
5.699         
0.000         
0.000         
0.000         
0.000         
0.000         
0.000         
0.000         
0.000         
0.000         
0.000         
0.000         
1.270         
0.000         
15.118        
0.000         
0.000         
0.000         
0.000         
0.000         
0.000         
3.475         
0.000         
25.358        
0.000         
0.000         
0.000         
0.000         
0.000         
0.000         
0.000         
0.000         
0.000         
0.000         
0.000         
0.000         
0.000         
8.141         
0.000         
0.000         
0.000         
0.000         
0.000         
0.000         
0.000         
0.000         
0.000         
0.378         
0.000         
0.000         
19.875        
0.000         
0.000         
0.000         
0.000         
0.000         
0.000         
0.000         
0.000         
0.000         
0.000         
0.000         
0.000         
0.000         
0.000         
0.000         
0.000         
0.000         
0.000         
0.000         
0.000         
0.000         
0.000         
0.000         
0.000         
0.000         
0.000         
0.000         
0.000         
0.000         
0.000         
0.000         
0.000         
0.000         
0.000         
0.000         
0.000         
0.000         
0.000         
0.000         
0.000         
0.000         
0.000         
0.000         
0.000         
0.000         
21.986        
0.000         
0.000         
0.000         
0.000         
0.000         
0.000         
0.000         
0.000         
0.000         
0.000         
0.000         
0.000         
0.000         
0.000         
0.000         
0.000         
17.264        
0.000         
0.000         
0.000         
0.000         
0.000         
0.000         
0.000         
0.000         
0.000         
0.000         
0.000         
0.000         
0.000         
0.000         
0.000         
0.000         
0.000         
12.825        
0.000         
0.000         
0.000         
0.000         
0.000         
0.000         
0.000         
0.000         
0.000         
0.000         
0.000         
0.000         
0.000         
0.000         
0.000         
0.000         
0.000         
0.000         
0.000         
0.000         
0.000         
0.000         
0.000         
0.000         
0.000         
0.000         
0.000         
0.000         
0.000         
0.000         
0.000         
0.000         
0.000         
10.728        
0.000         
0.000         
0.000         
17.984        
0.000         
0.000         
0.000         
0.000         
0.000         
0.000         
0.000         
0.000         
71.188        
0.000         
0.000         
0.000         
0.000         
0.000         
0.000         
0.000         
0.000         
76.287        
0.000         
0.000         
0.000         
0.000         
0.000         
0.000         
0.000         
0.000         
0.000         
0.000         
0.000         
0.000         
0.000         
0.000         
0.000         
0.000         
0.000         
0.000         
0.000         
0.000         
0.000         
0.000         
0.000         
0.000         
0.000         
0.000         
0.000         
0.000         
0.000         
0.000         
0.000         
0.000         
0.000         
0.000         
0.000         
0.000         
0.000         
0.000         
0.000         
0.000         
0.000         
0.000         
0.000         
0.000         
0.000         
0.000         
0.000         
0.000         
0.000         
0.000         
0.000         
0.000         
0.000         
0.000         
0.000         
0.000         
0.000         
0.000         
0.000         
0.000         
0.000         
0.000         
0.000         
0.000         
0.000         
0.000         
0.259         
0.000         
0.000         
0.000         
0.000         
0.000         
0.000         
0.000         
0.000         
0.000         
0.000         
0.000         
0.000         
0.000         
0.000         
0.000         
0.000         
0.000         
0.000         
0.000         
0.000         
30.762        
0.000         
0.000         
0.000         
0.000         
0.000         
0.000         
9.250         
0.000         
0.000         
0.000         
0.000         
0.000         
0.000         
0.000         
0.000         
0.470         
0.000         
0.000         
0.000         
0.000         
0.000         
0.000         
0.000         
0.000         
0.000         
0.000         
0.000         
0.000         
0.000         
0.000         
0.000         
0.000         
0.000         
0.000         
0.000         
0.000         
0.000         
0.000         
0.000         
0.000         
1.573         
0.000         
10.007        
0.000         
0.000         
0.000         
0.000         
19.802        
0.000         
5.391         
0.000         
0.000         
0.000         
0.000         
0.000         
0.000         
40.790        
0.000         
0.000         
0.000         
0.000         
0.000         
0.000         
3.952         
2.951         
1.634         
0.000         
0.052         
0.000         
0.000         
0.000         
0.000         
0.000         
0.000         
0.000         
0.000         
0.000         
0.000         
0.000         
0.000         
0.000         
0.000         
0.000         
0.000         
4.456         
0.000         
0.000         
0.000         
0.000         
0.000         
0.000         
0.000         
0.000         
0.000         
0.000         
0.000         
0.000         
3.392         
0.000         
58.537        
0.276         
0.000         
0.000         
0.000         
0.000         
0.000         
0.000         
0.000         
0.000         
0.000         
0.000         
0.000         
0.000         
11.904        
0.000         
0.000         
0.000         
0.000         
0.000         
0.000         
0.000         
0.000         
0.000         
0.000         
0.000         
0.000         
0.000         
0.000         
0.000         
0.000         
0.000         
0.000         
0.000         
0.000         
0.000         
0.000         
0.000         
0.000         
0.000         
0.000         
0.000         
0.000         
0.000         
0.000         
0.000         
0.000         
0.000         
0.000         
0.000         
0.000         
0.000         
0.000         
0.000         
0.000         
0.000         
0.000         
0.000         
0.000         
0.000         
0.000         
0.000         
0.000         
0.000         
0.000         
0.000         
0.000         
0.000         
0.000         
0.000         
0.000         
0.000         
0.000         
0.000         
0.000         
0.000         
0.000         
0.000         
0.000         
0.000         
0.000         
0.000         
0.000         
0.000         
0.000         
0.000         
0.000         
0.000         
0.000         
0.000         
0.000         
0.000         
0.000         
0.000         
0.000         
0.000         
0.000         
0.000         
0.000         
0.000         
0.111         
0.657         
0.000         
0.000         
0.000         
0.000         
0.000         
0.000         
0.000         
0.000         
0.000         
0.000         
7.382         
0.000         
0.000         
1.735         
0.863         
0.000         
0.000         
11.957        
0.000         
0.000         
0.000         
0.000         
0.000         
0.000         
0.000         
0.000         
0.000         
0.000         
0.000         
0.000         
0.000         
0.000         
0.000         
0.000         
0.000         
0.000         
0.000         
0.000         
0.000         
0.000         
0.992         
0.000         
0.000         
0.000         
0.000         
0.000         
0.000         
0.000         
0.000         
0.000         
0.000         
0.000         
0.000         
0.000         
0.000         
0.000         
0.000         
0.000         
0.000         
0.000         
0.000         
0.000         
0.000         
0.000         
0.000         
0.000         
0.000         
36.719        
0.000         
0.000         
0.000         
0.000         
0.000         
0.044         
0.000         
0.000         
0.000         
0.000         
6.391         
3.416         
0.000         
0.000         
0.000         
0.000         
0.000         
0.000         
0.000         
0.000         
0.000         
0.000         
0.000         
0.000         
0.000         
0.000         
0.000         
0.000         
0.000         
0.000         
0.000         
0.000         
0.000         
0.000         
0.000         
0.000         
0.000         
0.000         
0.000         
0.000         
0.000         
0.000         
0.000         
0.000         
0.000         
0.000         
0.000         
0.000         
0.000         
0.000         
0.000         
0.000         
0.000         
0.000         
0.000         
0.000         
0.000         
0.000         
0.000         
0.000         
0.000         
0.000         
0.000         
0.000         
0.000         
0.000         
0.000         
0.000         
0.000         
0.000         
0.000         
0.000         
0.000         
0.000         
7.332         
0.000         
0.000         
0.000         
0.000         
3.693         
37.197        
13.694        
0.000         
0.000         
0.000         
0.000         
0.000         
0.000         
0.000         
0.000         
0.000         
0.000         
0.000         
0.000         
0.000         
0.000         
0.000         
0.000         
3.403         
0.000         
0.000         
0.000         
0.000         
0.000         
1.128         
0.000         
41.889        
14.374        
0.000         
203.477       
0.000         
0.000         
0.000         
0.000         
0.000         
0.000         
0.000         
0.000         
0.000         
0.000         
0.000         
0.000         
0.000         
0.000         
0.000         
0.000         
5.161         
0.000         
0.000         
0.000         
0.000         
0.000         
0.000         
0.000         
0.000         
0.000         
0.000         
0.000         
0.000         
0.000         
0.000         
0.000         
0.000         
0.000         
0.000         
0.000         
0.000         
0.000         
19.518        
0.000         
0.000         
0.000         
0.000         
0.000         
22.237        
0.000         
0.000         
0.000         
0.000         
0.000         
0.000         
0.000         
0.000         
0.000         
0.000         
0.000         
0.000         
0.000         
0.000         
1.955         
0.000         
0.000         
0.000         
0.000         
0.000         
0.000         
0.000         
0.000         
0.000         
0.000         
0.000         
0.000         
0.000         
0.000         
0.000         
0.000         
0.000         
0.000         
0.000         
0.000         
0.000         
0.000         
0.000         
0.000         
0.000         
9.083         
0.000         
0.000         
0.000         
0.000         
0.000         
0.000         
0.046         
0.454         
0.000         
0.000         
0.000         
0.000         
0.000         
0.000         
0.000         
0.000         
0.000         
0.000         
0.000         
0.000         
0.000         
0.000         
1.522         
0.000         
0.000         
0.000         
0.000         
6.014         
0.000         
0.000         
0.000         
0.000         
0.000         
0.000         
0.000         
0.000         
0.000         
0.000         
1.914         
0.000         
0.000         
0.000         
0.000         
0.000         
0.000         
0.000         
0.000         
0.000         
0.000         
0.000         
0.000         
0.000         
0.000         
0.000         
0.000         
0.000         
0.000         
0.000         
0.000         
0.000         
0.000         
0.000         
0.000         
0.000         
0.000         
0.651         
0.000         
0.000         
0.000         
0.000         
0.000         
0.000         
0.000         
0.000         
0.000         
0.000         
0.000         
0.000         
0.000         
0.000         
0.000         
0.000         
0.000         
0.000         
0.000         
0.000         
0.000         
0.000         
0.000         
0.000         
0.000         
9.645         
0.000         
7.152         
0.000         
0.000         
0.000         
0.000         
0.000         
4.562         
0.000         
0.391         
0.000         
0.087         
0.000         
0.000         
0.000         
0.000         
0.000         
0.000         
0.000         
0.000         
0.000         
0.000         
100.592       
0.000         
5.248         
0.000         
0.000         
0.000         
0.000         
41.321        
0.000         
0.000         
0.000         
0.000         
0.000         
0.000         
0.000         
0.000         
0.000         
0.000         
0.000         
0.000         
0.000         
0.000         
0.000         
0.000         
0.000         
0.000         
0.000         
0.000         
0.000         
0.000         
0.000         
0.000         
0.000         
0.000         
0.000         
0.000         
0.000         
0.000         
0.000         
0.000         
0.000         
0.000         
0.000         
0.000         
0.000         
9.959         
26.970        
0.000         
0.000         
0.000         
0.000         
0.000         
0.000         
0.000         
0.000         
0.000         
0.000         
0.000         
0.000         
0.000         
0.000         
0.000         
0.000         
0.000         
0.000         
7.384         
0.000         
7.064         
0.000         
0.000         
0.000         
0.000         
0.000         
0.000         
0.000         
0.000         
0.000         
0.000         
0.000         
0.000         
0.000         
0.000         
0.000         
0.000         
0.000         
0.000         
0.000         
0.000         
0.000         
0.000         
0.000         
0.000         
0.000         
0.000         
0.000         
0.000         
0.000         
0.000         
0.000         
0.000         
0.000         
0.000         
0.000         
0.000         
0.000         
0.000         
0.000         
0.000         
0.000         
0.000         
0.000         
0.000         
0.000         
0.000         
0.000         
0.000         
0.000         
0.000         
0.000         
0.000         
0.000         
0.000         
0.000         
0.000         
0.000         
0.000         
0.000         
0.000         
0.000         
0.000         
0.000         
0.000         
0.000         
0.000         
0.000         
0.000         
0.000         
0.000         
0.000         
0.000         
0.000         
0.000         
0.000         
5.790         
0.000         
0.000         
0.000         
0.000         
0.000         
0.000         
0.000         
0.000         
0.000         
0.000         
0.000         
0.000         
0.000         
0.000         
0.000         
0.000         
0.000         
0.000         
0.000         
0.000         
0.000         
0.000         
0.000         
0.000         
0.000         
0.000         
0.000         
0.000         
0.000         
0.000         
0.000         
0.000         
0.000         
0.000         
0.000         
0.000         
0.000         
0.000         
0.000         
0.000         
0.000         
16.160        
0.000         
0.000         
0.000         
0.000         
0.000         
0.000         
0.000         
0.000         
25.336        
0.000         
0.000         
0.000         
0.000         
45.442        
0.000         
44.780        
0.000         
0.000         
0.000         
42.442        
0.000         
23.778        
0.000         
9.800         
0.000         
5.206         
0.000         
0.000         
0.000         
0.000         
56.284        
0.000         
0.000         
0.000         
0.000         
0.000         
0.000         
0.000         
0.000         
0.000         
0.000         
0.000         
19.586        
0.000         
0.000         
0.000         
1.390         
0.000         
0.000         
0.000         
0.000         
0.000         
0.000         
0.000         
0.000         
0.000         
0.000         
0.000         
0.000         
0.000         
0.000         
0.000         
0.000         
2.727         
0.000         
0.000         
0.000         
0.000         
0.000         
3.784         
0.000         
0.000         
0.000         
0.000         
0.000         
0.000         
0.000         
0.000         
0.000         
0.000         
0.000         
0.000         
0.000         
0.000         
0.000         
0.000         
0.000         
0.000         
0.000         
0.000         
0.000         
0.000         
0.000         
0.000         
0.000         
0.000         
0.000         
0.000         
0.000         
0.000         
0.000         
0.000         
0.000         
0.000         
0.000         
0.000         
0.000         
0.000         
0.000         
0.000         
0.000         
0.000         
0.000         
0.000         
0.000         
0.000         
0.000         
0.000         
0.000         
0.000         
0.000         
0.000         
0.000         
0.000         
0.000         
0.000         
0.000         
0.000         
0.000         
0.000         
0.000         
0.000         
0.000         
0.000         
0.000         
0.000         
0.000         
0.000         
0.000         
0.000         
0.000         
0.906         
0.000         
0.000         
0.000         
0.000         
0.000         
0.000         
0.000         
0.000         
0.000         
0.000         
0.000         
0.000         
0.000         
0.000         
0.000         
0.000         
0.000         
0.000         
0.000         
0.000         
0.000         
0.000         
0.000         
0.000         
0.000         
0.000         
3.099         
11.462        
0.000         
0.000         
0.000         
1.904         
0.000         
0.000         
0.000         
2.483         
0.000         
0.000         
0.000         
0.000         
0.000         
0.000         
0.000         
0.000         
0.000         
50.888        
0.000         
5.043         
0.000         
0.000         
0.000         
0.000         
0.000         
0.499         
0.000         
0.000         
0.000         
0.000         
23.962        
0.000         
22.609        
0.000         
0.000         
0.000         
0.000         
0.000         
0.000         
0.000         
93.672        
0.000         
0.000         
0.000         
0.000         
0.000         
0.000         
0.000         
0.482         
0.000         
0.000         
0.000         
0.000         
0.000         
0.000         
0.000         
0.000         
0.000         
0.000         
0.000         
0.000         
0.000         
0.000         
0.000         
0.000         
0.000         
0.000         
50.806        
0.000         
0.000         
0.000         
0.000         
0.000         
0.000         
0.000         
0.000         
159.630       
0.000         
0.000         
0.000         
0.000         
0.000         
0.000         
0.000         
0.000         
126.416       
0.000         
0.000         
0.000         
0.000         
0.000         
0.000         
0.000         
0.000         
0.000         
0.000         
0.000         
0.000         
0.000         
0.000         
0.000         
0.000         
0.000         
0.000         
0.000         
0.000         
0.477         
0.000         
0.000         
0.000         
0.000         
0.000         
0.000         
0.000         
0.000         
0.000         
0.000         
0.000         
0.000         
0.000         
0.000         
0.000         
0.000         
0.000         
0.000         
0.000         
0.000         
0.000         
0.000         
0.000         
0.000         
0.000         
0.000         
0.000         
0.000         
0.000         
0.000         
0.000         
56.691        
0.000         
0.000         
0.000         
0.000         
0.000         
0.000         
0.000         
0.000         
0.000         
0.000         
0.000         
0.000         
0.000         
1.340         
0.000         
0.000         
0.000         
0.000         
0.000         
0.000         
0.000         
0.000         
0.000         
0.000         
0.000         
0.000         
2.178         
0.000         
18.621        
0.000         
0.000         
0.000         
0.000         
0.000         
0.000         
0.000         
0.000         
0.000         
0.000         
13.478        
0.000         
0.000         
0.000         
11.064        
0.000         
0.000         
0.000         
0.000         
0.000         
0.000         
0.000         
0.000         
0.000         
0.000         
0.000         
0.000         
0.000         
0.000         
12.397        
0.000         
0.000         
0.000         
8.395         
0.000         
0.000         
0.000         
0.000         
0.000         
0.000         
4.437         
0.000         
0.000         
0.000         
0.000         
0.000         
0.000         
0.000         
0.000         
0.000         
30.562        
15.616        
0.000         
0.000         
1.457         
0.000         
0.000         
0.000         
0.000         
0.046         
0.000         
0.000         
0.000         
0.000         
0.000         
0.000         
0.000         
0.000         
0.000         
0.000         
0.000         
0.015         
0.000         
0.000         
0.000         
0.000         
0.000         
0.000         
0.000         
0.000         
0.000         
0.000         
0.000         
0.000         
0.000         
1.597         
0.000         
0.000         
0.000         
0.000         
0.000         
0.000         
0.000         
2.252         
0.000         
0.000         
0.000         
0.000         
0.000         
0.000         
0.000         
0.000         
0.000         
0.000         
0.115         
0.000         
0.000         
0.000         
0.000         
0.000         
0.000         
0.000         
0.000         
0.001         
0.000         
0.000         
0.000         
0.000         
0.000         
0.000         
0.000         
0.000         
0.000         
0.000         
0.000         
0.000         
0.000         
6.487         
0.000         
0.000         
0.000         
0.000         
0.000         
0.000         
0.000         
0.000         
0.000         
0.000         
0.000         
0.000         
0.000         
0.000         
0.000         
0.000         
0.000         
0.000         
0.000         
0.000         
0.000         
0.000         
0.000         
0.000         
0.000         
0.015         
0.000         
0.000         
0.000         
0.000         
0.000         
0.000         
0.000         
0.000         
0.000         
0.000         
0.000         
0.000         
0.000         
0.000         
0.000         
0.000         
0.000         
0.000         
0.000         
0.000         
0.000         
0.000         
0.000         
0.000         
0.000         
0.000         
0.000         
0.000         
0.000         
0.000         
0.000         
0.000         
0.000         
0.000         
0.000         
0.000         
2.801         
11.740        
0.000         
0.000         
0.000         
0.146         
0.000         
3.774         
0.000         
0.000         
0.000         
0.000         
0.000         
0.000         
18.010        
0.000         
17.330        
0.000         
0.000         
0.000         
0.000         
0.000         
0.000         
0.000         
0.000         
0.000         
0.000         
0.000         
0.000         
0.000         
0.000         
34.276        
10.450        
3.090         
0.000         
0.000         
0.000         
0.433         
0.000         
0.000         
0.000         
0.000         
0.000         
0.000         
77.391        
0.000         
0.000         
0.000         
0.000         
0.000         
67.955        
0.000         
0.000         
0.000         
0.000         
18.331        
0.000         
0.000         
0.000         
0.000         
0.000         
0.000         
0.000         
0.000         
0.000         
0.000         
0.000         
0.000         
0.000         
0.000         
117.542       
0.000         
0.000         
106.188       
0.000         
0.000         
0.000         
0.000         
0.000         
0.000         
0.000         
36.698        
0.000         
0.000         
0.000         
0.000         
0.000         
0.000         
35.423        
0.000         
0.000         
0.000         
0.000         
0.000         
0.000         
0.000         
0.000         
0.000         
0.000         
0.000         
0.000         
0.000         
0.000         
0.000         
0.000         
0.000         
0.000         
0.000         
0.000         
0.000         
0.000         
0.000         
0.000         
0.000         
0.000         
0.000         
0.000         
0.000         
0.000         
0.000         
0.000         
0.000         
0.000         
0.000         
0.000         
0.000         
0.000         
0.000         
0.000         
0.000         
0.000         
0.000         
0.000         
0.000         
0.000         
10.516        
0.000         
0.000         
0.000         
0.000         
0.000         
0.000         
0.000         
0.000         
0.000         
0.000         
0.000         
0.000         
0.000         
0.000         
0.000         
0.000         
0.000         
0.000         
0.000         
0.000         
0.000         
0.000         
0.000         
0.000         
0.000         
0.000         
0.000         
0.000         
0.000         
0.000         
0.000         
2.656         
0.000         
0.000         
0.000         
0.000         
0.000         
0.000         
0.000         
0.000         
0.000         
0.000         
0.000         
0.000         
0.000         
0.000         
0.000         
0.000         
0.000         
0.000         
0.000         
0.000         
0.000         
0.000         
0.000         
0.000         
0.000         
0.000         
0.000         
0.000         
0.000         
0.000         
0.000         
0.000         
0.000         
0.000         
0.000         
0.000         
0.000         
0.000         
0.000         
0.000         
0.000         
0.000         
0.000         
0.000         
0.000         
0.000         
0.000         
0.000         
9.820         
0.000         
0.000         
0.000         
0.000         
0.000         
0.000         
0.000         
0.000         
0.000         
14.469        
0.000         
0.000         
0.000         
12.469        
0.000         
0.000         
0.000         
27.086        
0.000         
0.000         
4.369         
0.000         
0.000         
17.067        
0.000         
0.000         
0.000         
0.000         
0.000         
0.220         
0.000         
0.000         
0.000         
0.000         
0.000         
0.000         
0.000         
0.000         
0.000         
3.808         
0.000         
0.000         
0.000         
0.000         
0.000         
0.000         
0.000         
0.000         
0.000         
0.000         
0.000         
0.000         
0.000         
0.000         
0.000         
0.000         
0.000         
0.000         
0.000         
0.000         
0.000         
0.000         
0.000         
0.000         
0.000         
0.000         
0.000         
0.000         
0.000         
0.000         
0.000         
0.000         
0.000         
0.000         
0.000         
0.000         
0.000         
0.000         
0.000         
0.000         
0.000         
0.000         
0.000         
0.000         
0.000         
0.000         
0.000         
0.000         
0.000         
0.000         
0.000         
0.000         
0.000         
0.000         
0.000         
0.000         
0.000         
0.000         
0.000         
0.000         
0.000         
0.000         
0.000         
0.000         
0.000         
0.000         
0.000         
0.000         
0.000         
0.000         
0.000         
0.000         
0.000         
0.000         
0.000         
0.000         
0.000         
0.000         
0.000         
0.000         
0.000         
0.000         
0.000         
0.000         
0.004         
0.000         
0.000         
0.000         
0.000         
0.000         
0.000         
0.000         
0.000         
0.000         
0.000         
0.000         
0.000         
0.000         
0.000         
0.000         
0.316         
0.000         
0.831         
0.000         
0.000         
0.000         
8.737         
0.000         
0.000         
0.000         
0.000         
0.000         
0.000         
0.000         
0.000         
0.000         
0.000         
0.255         
0.000         
0.000         
0.000         
0.000         
0.000         
0.000         
0.000         
0.000         
0.000         
0.000         
0.000         
0.330         
0.000         
5.055         
0.000         
0.000         
0.000         
0.000         
74.089        
0.000         
0.000         
0.000         
8.282         
0.000         
0.000         
0.000         
0.000         
0.000         
0.000         
0.000         
0.000         
0.000         
0.000         
0.000         
0.000         
0.000         
0.000         
0.000         
0.000         
0.000         
0.000         
42.124        
25.673        
42.485        
0.000         
0.000         
0.000         
0.000         
0.000         
0.000         
0.000         
0.000         
0.000         
0.000         
0.000         
0.000         
0.000         
0.000         
14.451        
0.000         
0.000         
7.072         
31.698        
3.107         
0.000         
0.000         
0.000         
0.000         
0.000         
0.000         
0.000         
0.000         
0.000         
0.000         
0.000         
0.000         
0.000         
0.000         
0.000         
0.000         
0.000         
0.000         
0.000         
0.000         
0.000         
0.000         
0.000         
0.000         
0.000         
0.000         
0.000         
0.000         
0.000         
0.000         
0.000         
0.000         
0.000         
0.000         
0.000         
0.000         
0.000         
0.000         
0.000         
0.000         
0.000         
0.000         
0.000         
0.000         
0.000         
0.000         
0.000         
0.000         
0.000         
0.000         
0.000         
0.000         
0.000         
0.000         
0.000         
0.000         
0.000         
0.000         
0.000         
0.000         
0.000         
0.000         
0.000         
0.000         
0.000         
0.000         
0.000         
0.000         
0.000         
0.000         
0.000         
0.000         
1.028         
0.000         
0.000         
0.000         
0.000         
0.000         
0.463         
0.000         
0.000         
0.000         
15.311        
0.000         
0.000         
0.000         
0.000         
17.407        
0.000         
0.000         
0.000         
0.000         
0.000         
0.000         
0.000         
0.000         
0.000         
0.000         
8.027         
0.000         
0.000         
0.000         
0.000         
0.000         
0.244         
0.000         
0.000         
0.000         
0.000         
0.000         
0.000         
0.000         
0.000         
0.000         
0.000         
0.000         
0.000         
0.000         
0.000         
0.000         
0.000         
0.000         
0.000         
0.000         
0.000         
0.000         
0.000         
0.000         
0.000         
0.000         
0.000         
0.000         
0.000         
0.000         
0.000         
0.000         
0.000         
0.000         
0.000         
0.000         
0.000         
0.000         
0.000         
16.232        
5.782         
0.000         
0.000         
0.000         
0.000         
0.000         
0.000         
0.000         
0.000         
0.000         
1.099         
0.000         
0.000         
0.000         
0.020         
0.000         
0.000         
14.270        
0.000         
3.577         
0.000         
0.000         
0.000         
0.000         
0.000         
0.000         
0.000         
0.000         
0.000         
0.000         
0.000         
0.000         
0.000         
0.000         
0.000         
0.000         
0.000         
0.000         
0.000         
0.000         
0.000         
0.000         
0.000         
0.000         
0.000         
0.000         
0.000         
0.000         
0.000         
0.000         
0.000         
0.000         
0.000         
0.436         
0.000         
0.000         
0.000         
1.447         
0.179         
0.000         
0.000         
0.000         
0.000         
0.000         
0.000         
0.000         
0.000         
0.000         
0.000         
0.000         
0.000         
0.000         
0.000         
0.000         
0.000         
0.000         
0.000         
0.000         
0.000         
0.000         
0.000         
0.000         
0.000         
0.000         
0.000         
0.000         
0.000         
0.000         
0.000         
0.000         
0.000         
0.000         
0.000         
0.000         
0.000         
0.000         
0.000         
0.000         
0.000         
0.000         
0.000         
0.000         
0.000         
0.000         
0.000         
0.000         
0.000         
0.000         
0.000         
0.000         
0.000         
0.000         
0.000         
0.000         
0.000         
0.000         
0.000         
0.044         
0.000         
0.000         
0.000         
0.000         
0.000         
0.000         
0.000         
0.000         
0.000         
0.000         
0.000         
0.000         
0.000         
0.000         
0.000         
0.000         
0.000         
0.000         
0.000         
0.000         
0.000         
0.000         
0.000         
0.000         
0.000         
0.000         
0.000         
7.285         
7.948         
0.000         
0.000         
0.000         
0.000         
0.000         
0.000         
0.000         
0.000         
0.000         
0.000         
0.000         
0.000         
0.000         
0.000         
0.000         
0.000         
0.000         
0.000         
0.000         
0.000         
0.000         
0.000         
0.000         
0.000         
0.000         
0.000         
2.883         
0.000         
0.000         
0.000         
0.000         
0.000         
0.000         
0.000         
0.000         
0.000         
0.000         
0.000         
0.536         
0.000         
0.000         
0.000         
0.000         
0.000         
0.000         
0.000         
0.000         
0.000         
0.000         
0.000         
0.000         
0.000         
0.000         
0.000         
0.000         
0.000         
0.000         
0.000         
0.000         
0.000         
0.000         
0.000         
0.000         
0.000         
0.000         
0.000         
0.000         
0.000         
0.000         
0.000         
0.000         
0.000         
0.000         
0.000         
0.000         
0.000         
0.000         
0.000         
0.000         
0.000         
0.000         
0.000         
0.000         
65.553        
0.000         
0.000         
0.000         
0.000         
0.000         
0.000         
0.000         
0.000         
0.000         
0.000         
0.000         
0.000         
0.000         
0.000         
0.000         
0.000         
0.000         
0.000         
0.000         
0.000         
0.000         
0.000         
0.000         
0.000         
0.000         
0.000         
0.000         
0.000         
0.000         
0.000         
0.000         
0.000         
0.000         
0.000         
0.000         
0.000         
0.000         
0.000         
0.000         
0.000         
0.000         
0.000         
0.000         
0.000         
0.000         
0.000         
0.000         
0.000         
0.000         
0.000         
0.000         
0.000         
0.000         
0.000         
0.000         
0.000         
0.000         
0.000         
0.000         
0.000         
0.000         
0.000         
0.000         
0.000         
0.000         
0.000         
1.505         
0.000         
0.000         
0.000         
0.000         
0.000         
0.000         
0.000         
0.000         
0.000         
0.000         
0.000         
0.000         
0.000         
0.000         
0.000         
0.000         
0.000         
0.000         
0.000         
0.000         
0.000         
0.000         
0.000         
0.000         
0.000         
0.000         
0.000         
0.000         
0.000         
0.000         
0.000         
0.000         
0.000         
0.000         
0.000         
0.000         
0.000         
0.000         
0.000         
0.000         
0.000         
0.000         
0.000         
0.000         
0.000         
0.000         
0.000         
0.000         
0.000         
0.000         
0.000         
0.000         
0.000         
0.000         
0.000         
0.000         
0.000         
0.000         
0.000         
0.000         
0.000         
0.000         
0.000         
0.000         
0.000         
0.000         
0.000         
0.000         
0.000         
0.000         
0.000         
0.000         
0.000         
0.000         
0.000         
0.000         
0.000         
0.000         
0.000         
0.000         
0.000         
0.000         
0.000         
0.000         
0.000         
0.000         
0.000         
0.000         
0.000         
0.000         
0.000         
0.000         
0.000         
0.000         
0.000         
0.000         
0.000         
0.000         
0.000         
0.000         
0.000         
0.000         
0.000         
0.000         
0.000         
0.000         
0.000         
0.000         
0.984         
12.043        
0.000         
0.000         
0.000         
0.000         
0.000         
0.000         
0.000         
0.000         
0.000         
0.000         
0.000         
0.000         
0.000         
0.000         
0.000         
0.000         
0.000         
0.000         
0.000         
0.000         
0.000         
0.000         
0.000         
0.000         
0.000         
3.596         
6.457         
0.000         
0.000         
9.748         
0.000         
0.000         
0.000         
0.000         
0.000         
0.000         
0.000         
0.000         
0.000         
0.000         
2.194         
0.971         
0.000         
0.000         
0.000         
0.000         
0.000         
1.112         
0.000         
0.000         
0.000         
1.220         
0.000         
0.000         
0.000         
0.000         
0.000         
0.000         
0.000         
0.000         
0.000         
0.000         
0.000         
0.000         
0.000         
0.000         
0.000         
0.000         
0.000         
0.000         
0.000         
0.000         
0.000         
0.000         
0.193         
0.000         
0.006         
0.000         
0.000         
0.000         
0.000         
0.000         
0.000         
0.000         
0.000         
0.000         
0.000         
0.000         
0.000         
0.000         
0.000         
0.000         
0.052         
0.000         
0.000         
0.000         
0.000         
0.000         
0.000         
0.000         
0.000         
0.000         
0.000         
0.000         
0.000         
0.152         
0.000         
7.705         
0.000         
0.000         
0.000         
0.000         
0.000         
0.000         
0.000         
0.000         
0.000         
5.086         
0.000         
0.000         
0.000         
0.000         
0.000         
0.000         
0.000         
0.000         
0.000         
0.000         
0.000         
1.154         
0.000         
2.756         
0.000         
0.000         
0.000         
0.000         
0.000         
0.000         
0.000         
0.000         
29.860        
0.000         
0.000         
0.000         
0.000         
0.000         
0.000         
0.000         
0.000         
0.000         
0.000         
0.000         
0.000         
0.000         
35.320        
0.000         
0.000         
60.760        
0.000         
0.000         
0.000         
0.000         
0.000         
0.000         
28.589        
0.000         
0.000         
0.000         
0.000         
0.000         
0.000         
0.000         
0.000         
0.000         
0.000         
0.000         
0.000         
0.000         
29.468        
0.000         
0.000         
0.000         
0.000         
0.000         
0.000         
0.000         
0.000         
0.000         
0.000         
0.000         
0.000         
0.000         
0.000         
0.000         
0.000         
0.000         
0.000         
0.000         
0.000         
0.000         
0.000         
0.000         
0.000         
0.000         
0.000         
0.000         
0.000         
0.000         
0.000         
0.000         
0.000         
0.000         
0.000         
0.000         
0.000         
0.000         
0.000         
0.000         
0.000         
0.000         
0.000         
0.000         
0.000         
0.000         
0.000         
0.000         
0.000         
0.000         
0.000         
0.000         
0.000         
0.000         
0.000         
0.000         
0.000         
0.000         
0.000         
0.000         
0.000         
0.000         
0.000         
0.000         
0.000         
0.000         
3.367         
0.000         
0.000         
0.000         
0.000         
0.000         
0.000         
3.566         
0.000         
0.000         
0.000         
0.000         
0.000         
2.347         
0.000         
0.000         
0.000         
0.000         
0.000         
0.000         
0.000         
0.000         
0.000         
0.000         
0.000         
0.000         
0.000         
0.000         
0.000         
84.166        
0.000         
0.000         
0.000         
0.000         
0.000         
0.000         
0.000         
3.952         
0.000         
0.000         
5.776         
0.000         
0.000         
0.000         
0.000         
0.000         
0.000         
0.000         
0.000         
0.000         
0.000         
0.000         
0.000         
0.000         
0.000         
0.000         
0.000         
0.000         
0.000         
0.000         
0.000         
0.000         
0.000         
0.000         
0.000         
0.000         
0.000         
0.000         
0.000         
0.000         
0.000         
0.000         
0.000         
0.000         
0.000         
81.855        
0.000         
0.000         
0.000         
0.000         
0.000         
1.600         
0.000         
10.283        
0.000         
0.000         
0.000         
0.000         
0.000         
6.598         
0.000         
0.000         
0.000         
0.000         
5.774         
0.000         
0.000         
0.000         
0.000         
0.000         
0.000         
0.000         
0.000         
0.000         
0.000         
0.000         
0.000         
0.000         
0.000         
0.000         
0.000         
0.000         
1.253         
8.632         
0.000         
0.000         
0.000         
0.000         
0.000         
0.000         
0.000         
0.000         
0.000         
5.871         
0.000         
0.000         
0.000         
0.000         
0.000         
0.000         
0.000         
10.901        
25.468        
0.000         
0.000         
0.000         
26.483        
0.000         
0.000         
0.000         
0.000         
0.000         
0.000         
0.000         
0.000         
0.000         
0.000         
0.000         
0.000         
0.000         
0.000         
0.000         
0.000         
0.000         
0.000         
0.000         
0.000         
0.000         
0.000         
0.000         
0.000         
0.000         
0.000         
0.000         
0.000         
0.000         
0.000         
0.000         
0.000         
0.000         
0.000         
0.000         
0.000         
0.000         
2.600         
0.000         
0.000         
0.000         
0.000         
2.348         
0.000         
0.000         
0.000         
0.000         
0.000         
0.000         
0.000         
0.000         
0.000         
0.000         
0.000         
19.467        
0.000         
0.000         
0.000         
0.000         
0.000         
0.000         
0.000         
0.183         
0.000         
0.000         
0.000         
0.000         
0.000         
0.000         
0.000         
0.000         
0.000         
0.000         
0.000         
0.000         
0.000         
0.000         
0.000         
0.000         
0.000         
0.000         
0.000         
0.000         
0.000         
0.000         
0.000         
0.000         
0.000         
0.000         
3.322         
0.000         
0.000         
0.000         
0.000         
0.000         
0.000         
0.000         
0.000         
0.000         
12.466        
0.000         
1.691         
0.000         
15.186        
0.000         
0.000         
0.000         
0.000         
0.000         
0.000         
0.000         
0.000         
0.000         
0.000         
0.000         
0.000         
0.000         
0.000         
0.000         
0.000         
0.000         
0.000         
0.000         
0.000         
0.000         
0.000         
0.000         
0.000         
0.000         
0.000         
0.000         
0.000         
0.000         
0.000         
0.000         
0.000         
3.814         
0.000         
0.000         
0.000         
0.000         
0.000         
1.054         
0.000         
0.000         
0.000         
0.000         
0.000         
0.000         
0.000         
0.000         
0.000         
0.000         
0.000         
0.000         
0.000         
0.000         
0.000         
1.641         
0.000         
7.053         
0.000         
0.000         
0.000         
6.986         
0.000         
0.000         
0.000         
0.000         
0.000         
0.000         
15.358        
0.000         
0.000         
0.000         
0.000         
0.000         
0.000         
0.000         
0.000         
0.000         
0.000         
85.375        
0.000         
0.000         
0.000         
0.000         
0.000         
0.000         
0.000         
0.000         
0.000         
0.000         
0.000         
0.000         
0.000         
0.000         
0.000         
0.000         
0.000         
0.000         
0.000         
0.000         
0.000         
0.000         
0.000         
0.000         
0.000         
0.000         
0.000         
0.000         
0.000         
0.000         
0.000         
0.000         
0.000         
0.000         
0.000         
0.000         
0.000         
0.000         
0.000         
0.000         
0.000         
0.000         
0.000         
0.000         
0.000         
0.000         
0.000         
0.000         
0.000         
0.000         
0.000         
0.000         
0.000         
0.000         
0.000         
0.000         
0.000         
0.000         
0.000         
1.187         
1.997         
2.598         
0.000         
14.694        
0.000         
0.000         
0.000         
0.000         
6.786         
0.000         
0.000         
0.000         
0.000         
0.000         
0.000         
0.000         
0.000         
3.881         
0.000         
0.000         
0.000         
0.000         
0.000         
0.000         
0.000         
0.000         
0.000         
0.000         
0.000         
0.000         
0.000         
0.000         
0.000         
0.000         
0.000         
0.000         
0.000         
0.000         
0.000         
0.000         
0.000         
0.000         
0.000         
0.000         
0.000         
0.000         
0.000         
0.000         
0.000         
0.000         
0.000         
0.000         
0.000         
0.000         
0.000         
0.000         
0.000         
0.000         
0.000         
0.000         
0.000         
0.000         
0.000         
0.000         
0.000         
0.000         
0.000         
0.000         
0.000         
0.000         
0.000         
0.000         
1.438         
0.103         
0.223         
0.000         
0.000         
0.000         
0.000         
0.000         
0.000         
0.000         
0.000         
0.000         
0.000         
0.000         
0.000         
0.000         
0.000         
0.000         
0.000         
0.000         
0.000         
0.000         
0.000         
0.000         
0.000         
0.000         
0.000         
0.000         
0.000         
0.000         
0.000         
0.000         
0.000         
0.000         
0.000         
0.000         
0.000         
12.243        
6.371         
0.000         
0.000         
0.000         
0.000         
0.000         
0.000         
0.000         
0.000         
0.000         
0.000         
0.000         
0.000         
0.000         
0.000         
0.000         
0.000         
0.161         
1.802         
0.000         
0.000         
0.000         
0.000         
0.000         
0.000         
0.000         
0.000         
0.000         
0.000         
0.000         
0.000         
0.000         
0.000         
0.000         
0.000         
0.000         
0.000         
0.000         
0.000         
0.000         
17.404        
0.000         
0.000         
3.116         
0.000         
0.000         
0.000         
0.000         
0.000         
0.000         
0.000         
0.000         
0.000         
0.000         
0.000         
0.000         
0.000         
0.000         
0.000         
0.000         
0.000         
0.000         
0.000         
0.000         
0.000         
0.000         
0.000         
0.000         
0.000         
0.000         
0.000         
0.000         
0.000         
0.000         
0.000         
0.000         
0.000         
0.000         
0.000         
0.000         
0.000         
0.000         
0.000         
0.000         
0.000         
0.334         
0.000         
0.000         
0.000         
0.000         
0.000         
0.000         
0.000         
0.000         
0.000         
0.000         
0.000         
0.000         
0.000         
0.000         
0.000         
0.000         
0.000         
0.000         
0.000         
0.000         
0.000         
0.299         
0.000         
0.000         
0.000         
0.000         
0.775         
0.000         
6.034         
0.000         
12.594        
0.000         
1.330         
7.603         
2.584         
0.000         
0.000         
92.414        
12.429        
0.000         
0.000         
0.000         
0.000         
0.000         
0.000         
0.000         
0.336         
0.000         
0.000         
0.000         
25.100        
0.000         
58.887        
72.610        
0.000         
0.000         
0.000         
0.000         
0.000         
0.000         
0.000         
13.683        
0.000         
0.000         
0.000         
0.000         
0.000         
41.386        
0.000         
0.000         
0.000         
0.000         
0.000         
0.000         
0.000         
0.000         
0.000         
0.000         
0.000         
0.000         
0.202         
0.000         
0.000         
0.000         
0.000         
0.000         
0.000         
0.000         
0.000         
0.000         
0.000         
0.000         
30.404        
6.739         
0.000         
10.788        
0.000         
0.000         
0.000         
0.000         
0.000         
0.000         
0.000         
0.000         
0.000         
0.000         
0.000         
0.000         
0.000         
0.000         
0.000         
0.000         
0.000         
0.000         
0.000         
0.000         
0.000         
0.000         
0.000         
0.000         
0.000         
0.000         
0.000         
0.000         
0.000         
0.000         
0.000         
0.000         
0.000         
0.000         
0.000         
0.000         
0.000         
0.000         
0.000         
0.000         
0.000         
0.000         
0.000         
0.000         
0.000         
0.000         
0.000         
0.000         
0.000         
0.000         
0.000         
0.000         
0.000         
0.000         
0.000         
0.000         
0.000         
0.000         
0.000         
0.000         
0.000         
0.000         
0.000         
0.000         
0.000         
0.000         
0.000         
0.000         
0.000         
0.000         
0.000         
0.000         
0.000         
0.000         
0.000         
0.000         
0.000         
0.000         
0.000         
0.000         
0.000         
0.000         
0.000         
0.000         
0.000         
0.000         
0.000         
0.000         
0.000         
0.000         
0.000         
0.000         
0.000         
0.000         
0.000         
0.000         
0.000         
0.000         
0.000         
0.000         
0.000         
0.000         
0.000         
0.000         
0.000         
0.000         
0.000         
0.000         
0.000         
0.000         
0.000         
0.000         
0.000         
0.000         
0.000         
0.000         
0.000         
0.000         
0.000         
0.000         
0.000         
0.000         
0.000         
0.000         
0.000         
0.000         
0.000         
0.000         
0.000         
0.000         
0.000         
0.000         
12.153        
13.139        
0.000         
0.000         
0.000         
14.260        
0.000         
0.000         
0.000         
0.000         
0.000         
0.000         
0.000         
0.000         
0.000         
0.000         
0.000         
0.000         
0.000         
0.000         
0.000         
0.000         
0.000         
0.000         
0.000         
0.000         
0.000         
0.000         
0.000         
0.000         
0.000         
4.231         
0.000         
0.000         
0.072         
0.000         
0.147         
0.000         
0.000         
0.000         
0.000         
0.000         
0.000         
0.000         
0.000         
0.000         
0.000         
0.000         
0.000         
0.000         
9.403         
0.000         
0.000         
0.000         
0.002         
0.000         
0.000         
0.000         
0.000         
0.000         
0.000         
0.000         
0.000         
0.000         
0.000         
0.000         
0.000         
0.000         
0.000         
0.000         
0.000         
0.000         
0.000         
0.000         
0.000         
0.000         
0.000         
0.000         
0.000         
0.000         
0.000         
0.000         
0.000         
0.000         
0.000         
0.000         
0.000         
3.566         
0.000         
14.980        
0.000         
0.001         
0.000         
0.000         
0.000         
0.000         
0.000         
0.000         
0.000         
0.000         
0.000         
0.000         
0.000         
0.000         
0.000         
0.000         
0.000         
0.000         
0.000         
0.000         
0.000         
0.000         
0.000         
0.000         
0.000         
0.000         
0.000         
0.000         
0.000         
0.000         
0.000         
0.000         
0.000         
0.000         
0.000         
0.000         
0.000         
0.000         
0.000         
0.000         
0.000         
0.000         
0.000         
0.000         
0.000         
0.000         
0.000         
0.000         
0.000         
0.000         
0.000         
0.000         
0.000         
0.000         
0.321         
0.000         
0.000         
0.000         
0.000         
0.000         
0.000         
0.000         
0.000         
0.000         
0.000         
7.858         
0.000         
0.000         
0.000         
0.000         
0.000         
0.000         
0.000         
0.000         
0.000         
0.000         
0.000         
0.000         
0.000         
0.000         
0.000         
0.000         
0.000         
0.000         
0.000         
49.231        
0.000         
0.000         
48.865        
0.000         
0.000         
0.000         
12.281        
0.000         
0.000         
0.000         
0.000         
0.000         
0.000         
0.000         
0.000         
0.000         
0.000         
0.000         
0.346         
0.000         
0.000         
0.000         
0.000         
22.156        
0.000         
0.000         
0.000         
0.000         
0.000         
0.000         
0.000         
0.000         
0.000         
0.000         
0.000         
136.813       
0.000         
0.000         
0.000         
0.000         
0.000         
0.000         
0.000         
0.000         
0.000         
0.000         
0.000         
0.000         
0.000         
0.000         
0.000         
0.000         
0.000         
0.000         
0.000         
0.000         
0.000         
0.000         
0.000         
0.000         
0.000         
0.000         
0.000         
0.000         
0.000         
0.000         
0.000         
0.000         
0.000         
0.000         
0.000         
0.000         
0.000         
0.000         
0.000         
0.000         
0.000         
0.000         
0.000         
1.506         
0.000         
0.000         
0.000         
0.000         
0.000         
0.000         
0.000         
0.000         
0.000         
0.000         
0.000         
0.000         
0.000         
0.000         
0.000         
0.000         
0.000         
0.000         
0.000         
0.000         
0.000         
0.000         
0.000         
0.000         
0.000         
0.000         
0.000         
0.000         
0.000         
0.000         
0.000         
0.000         
0.000         
0.000         
0.000         
0.000         
0.000         
0.000         
0.000         
0.000         
0.000         
0.000         
0.000         
0.000         
0.000         
0.000         
0.000         
0.000         
0.000         
0.000         
0.000         
0.000         
0.000         
0.000         
0.000         
0.000         
0.000         
0.000         
5.206         
0.000         
0.000         
26.820        
0.000         
0.000         
0.000         
0.000         
0.000         
0.000         
0.000         
0.000         
0.000         
0.000         
0.000         
0.000         
0.000         
0.000         
0.000         
0.000         
0.000         
0.000         
0.000         
13.332        
4.627         
0.000         
0.000         
0.000         
1.862         
0.000         
0.000         
0.000         
0.000         
0.000         
0.000         
0.000         
0.000         
0.000         
0.000         
0.000         
0.000         
0.000         
0.000         
0.000         
0.000         
0.000         
89.477        
0.000         
0.000         
0.000         
0.000         
0.000         
0.000         
0.000         
0.000         
0.000         
24.548        
0.000         
0.000         
0.000         
0.000         
0.376         
0.000         
26.328        
14.414        
0.000         
33.914        
0.000         
4.376         
0.000         
0.000         
0.000         
0.000         
0.000         
0.000         
0.000         
0.000         
0.916         
0.000         
0.000         
2.076         
0.000         
0.000         
0.000         
0.000         
0.000         
0.000         
0.000         
0.000         
0.000         
0.000         
0.000         
0.000         
0.000         
0.000         
0.000         
0.000         
0.000         
0.000         
0.000         
7.433         
0.000         
0.296         
0.000         
0.000         
4.454         
0.000         
0.000         
0.000         
153.829       
0.000         
0.000         
0.000         
0.000         
0.000         
0.000         
0.000         
0.000         
0.000         
0.000         
0.000         
0.000         
0.000         
0.000         
0.000         
0.000         
0.000         
0.000         
0.000         
4.952         
0.000         
0.000         
0.000         
0.000         
0.000         
0.000         
0.000         
0.000         
0.000         
10.874        
0.000         
0.000         
0.000         
0.000         
0.000         
1.032         
0.000         
0.000         
0.000         
0.000         
0.000         
0.000         
0.000         
0.000         
0.000         
0.000         
0.000         
0.000         
0.000         
7.530         
0.000         
0.000         
0.000         
0.000         
0.000         
0.000         
0.000         
0.000         
0.000         
0.000         
0.000         
0.000         
0.000         
0.000         
0.000         
0.000         
0.000         
0.000         
0.000         
0.000         
0.000         
0.000         
0.000         
0.000         
0.000         
0.000         
0.000         
0.000         
0.000         
0.000         
0.000         
0.000         
0.000         
0.000         
0.000         
0.000         
0.000         
0.000         
0.000         
0.000         
0.000         
0.000         
0.028         
5.774         
0.000         
0.000         
0.000         
0.404         
0.000         
0.000         
0.000         
0.000         
0.000         
0.000         
0.000         
0.000         
0.000         
0.000         
4.250         
0.000         
0.000         
0.000         
0.000         
0.000         
0.000         
0.000         
5.216         
0.000         
10.858        
8.416         
0.000         
0.000         
0.000         
0.000         
0.000         
0.000         
0.000         
0.000         
0.000         
0.000         
0.000         
0.000         
0.000         
0.000         
0.000         
0.000         
0.000         
0.000         
0.000         
9.558         
0.000         
0.000         
0.000         
0.000         
0.000         
0.000         
0.000         
0.000         
25.908        
0.000         
0.000         
0.000         
15.482        
38.051        
0.000         
0.000         
0.000         
0.000         
0.000         
0.000         
0.000         
0.000         
0.000         
0.000         
0.000         
0.000         
0.000         
0.000         
0.000         
0.000         
0.000         
0.000         
0.000         
0.000         
0.000         
0.000         
0.000         
0.000         
0.000         
0.000         
0.000         
0.000         
0.000         
0.000         
0.000         
0.000         
0.000         
0.000         
0.000         
0.000         
0.000         
0.000         
0.000         
0.000         
0.000         
0.000         
0.000         
0.000         
0.000         
0.000         
0.000         
0.000         
0.000         
0.000         
0.000         
0.000         
0.000         
0.000         
0.000         
0.000         
0.000         
0.000         
0.000         
0.000         
0.000         
0.000         
0.000         
0.000         
0.000         
0.000         
0.000         
0.000         
0.000         
0.000         
0.000         
0.000         
0.000         
0.000         
0.000         
0.000         
0.000         
0.000         
0.000         
0.000         
0.000         
0.000         
0.000         
0.000         
0.000         
0.000         
0.000         
0.000         
0.000         
0.000         
0.000         
0.000         
0.000         
0.000         
0.000         
0.000         
0.000         
0.000         
0.000         
0.000         
0.000         
0.000         
0.000         
0.000         
0.000         
9.439         
0.000         
0.000         
0.000         
0.000         
0.000         
0.000         
0.000         
0.000         
0.000         
0.000         
0.000         
0.000         
0.000         
0.000         
0.000         
0.000         
0.000         
0.000         
0.000         
0.000         
0.000         
0.000         
0.000         
0.000         
0.000         
0.000         
0.000         
0.000         
0.000         
0.000         
0.000         
0.000         
0.000         
0.000         
0.000         
1.116         
0.000         
0.000         
0.000         
0.000         
0.000         
0.000         
6.144         
0.000         
0.086         
0.000         
0.000         
0.000         
0.014         
0.000         
2.200         
0.000         
0.000         
7.262         
7.652         
0.000         
0.000         
0.000         
0.000         
0.000         
1.064         
0.000         
0.000         
0.000         
0.000         
0.000         
0.000         
0.000         
0.000         
0.000         
0.000         
0.000         
0.000         
0.000         
0.000         
0.000         
0.000         
0.000         
0.000         
0.000         
0.000         
0.000         
0.000         
0.000         
0.000         
0.000         
0.000         
0.000         
0.000         
0.000         
0.000         
0.000         
0.000         
0.000         
0.000         
0.000         
0.000         
0.000         
0.000         
0.000         
11.405        
0.000         
0.000         
1.204         
0.000         
0.000         
0.000         
0.106         
0.000         
0.000         
0.000         
0.000         
0.000         
0.000         
0.000         
0.000         
0.000         
0.000         
0.000         
0.000         
0.000         
0.000         
0.000         
0.000         
0.000         
0.000         
0.000         
0.000         
0.000         
0.000         
0.000         
0.000         
0.000         
0.000         
0.000         
0.000         
0.000         
0.000         
0.000         
0.000         
0.000         
2.414         
0.000         
0.000         
0.000         
15.263        
0.000         
0.000         
0.000         
0.000         
0.000         
0.000         
0.000         
0.000         
0.000         
0.000         
0.000         
0.000         
0.000         
0.000         
0.000         
0.000         
0.000         
0.000         
0.000         
0.000         
0.000         
0.000         
0.000         
0.000         
0.000         
0.000         
0.000         
0.000         
0.000         
0.000         
0.000         
0.000         
0.000         
0.000         
0.000         
0.000         
0.000         
0.000         
0.000         
0.000         
0.000         
0.000         
0.000         
7.761         
0.000         
9.971         
0.000         
0.000         
0.000         
0.000         
0.000         
0.000         
0.000         
0.000         
0.000         
0.000         
24.241        
9.194         
0.000         
0.000         
10.263        
6.635         
14.643        
22.539        
0.000         
0.000         
0.000         
0.000         
0.000         
0.021         
0.241         
0.000         
0.000         
0.000         
0.000         
0.000         
0.000         
0.000         
0.000         
0.000         
0.000         
0.000         
0.000         
0.000         
0.000         
0.000         
0.000         
3.593         
0.000         
0.000         
0.000         
0.000         
0.000         
0.000         
0.000         
0.000         
0.000         
0.000         
0.000         
0.000         
0.000         
0.000         
0.000         
0.000         
0.000         
0.000         
0.000         
0.000         
0.000         
0.000         
0.000         
0.000         
0.189         
0.000         
1.574         
0.000         
0.000         
0.713         
0.000         
14.965        
0.000         
0.000         
0.000         
0.000         
1.917         
0.000         
0.000         
0.000         
0.000         
0.000         
0.000         
0.000         
0.000         
10.957        
0.000         
0.000         
0.000         
0.000         
0.000         
0.000         
0.000         
0.000         
0.000         
0.000         
0.000         
0.000         
0.000         
0.000         
0.000         
0.000         
0.000         
0.000         
0.000         
0.000         
0.000         
0.000         
0.000         
0.000         
0.000         
0.000         
0.000         
0.000         
0.000         
0.000         
0.000         
0.000         
0.000         
0.000         
0.000         
0.000         
0.000         
0.000         
0.000         
0.000         
0.000         
0.000         
0.000         
0.000         
0.000         
0.000         
0.000         
0.000         
0.000         
0.000         
0.000         
0.000         
0.000         
0.000         
0.000         
0.000         
0.000         
0.000         
0.000         
0.000         
0.000         
0.000         
0.000         
0.000         
0.000         
0.000         
0.000         
0.000         
0.000         
0.209         
0.000         
0.000         
0.000         
0.000         
0.000         
0.000         
0.395         
0.000         
0.000         
0.000         
0.000         
0.000         
0.000         
5.512         
0.000         
33.708        
0.000         
0.000         
0.000         
0.000         
0.000         
0.000         
0.000         
0.000         
13.347        
0.000         
0.000         
0.000         
0.000         
0.000         
0.000         
0.000         
0.000         
0.000         
0.000         
0.000         
0.000         
0.000         
0.000         
0.000         
0.000         
0.000         
0.000         
0.000         
0.000         
0.000         
0.000         
0.000         
0.000         
0.000         
0.000         
0.000         
0.000         
0.000         
0.000         
0.000         
0.000         
0.000         
0.000         
0.000         
0.000         
4.720         
0.000         
0.000         
0.000         
0.000         
0.000         
0.000         
0.000         
0.000         
0.000         
11.530        
0.000         
0.000         
0.000         
7.466         
0.000         
0.000         
0.000         
0.000         
0.000         
4.020         
0.000         
0.000         
0.000         
0.000         
0.000         
0.000         
0.000         
0.000         
0.000         
0.000         
0.000         
0.000         
0.000         
0.000         
0.000         
0.000         
0.353         
0.000         
0.000         
0.000         
0.000         
0.000         
0.000         
0.000         
0.000         
22.293        
0.000         
0.000         
0.000         
0.000         
0.000         
0.000         
0.000         
0.000         
9.931         
0.000         
0.000         
0.000         
0.000         
0.000         
21.896        
0.000         
0.000         
0.000         
0.000         
0.000         
0.000         
0.000         
0.000         
0.000         
0.000         
0.536         
0.000         
0.000         
0.000         
0.000         
0.000         
0.000         
0.000         
0.000         
0.000         
0.000         
0.000         
0.000         
0.000         
0.000         
0.000         
0.000         
0.000         
0.000         
0.000         
0.000         
0.000         
0.000         
0.000         
0.000         
0.000         
0.000         
0.000         
0.000         
0.000         
0.000         
0.000         
0.000         
0.000         
0.000         
0.000         
0.000         
0.000         
0.000         
0.000         
0.000         
0.000         
0.065         
0.000         
0.000         
0.000         
0.000         
0.000         
0.000         
0.000         
0.000         
0.000         
0.000         
0.000         
0.000         
0.000         
0.000         
0.000         
0.000         
0.000         
0.000         
0.000         
0.000         
0.000         
0.000         
0.000         
0.000         
0.000         
0.000         
0.000         
0.000         
0.000         
0.000         
0.000         
1.005         
0.000         
0.000         
0.000         
3.496         
0.000         
0.000         
0.000         
0.000         
0.000         
0.000         
0.000         
0.000         
0.000         
0.000         
0.000         
0.000         
7.580         
3.124         
11.763        
0.000         
0.000         
0.000         
0.000         
0.000         
3.002         
0.000         
0.000         
0.000         
0.000         
50.792        
0.000         
0.000         
0.000         
0.000         
0.000         
0.000         
0.000         
0.000         
0.000         
0.000         
0.000         
0.000         
0.000         
10.040        
0.000         
13.996        
0.000         
0.000         
0.000         
0.000         
0.000         
0.000         
0.000         
0.000         
0.000         
5.331         
0.000         
0.000         
0.000         
2.353         
0.000         
0.000         
0.000         
0.000         
0.000         
0.000         
0.000         
0.000         
0.000         
0.000         
0.000         
0.000         
0.000         
0.000         
0.000         
0.000         
0.000         
0.000         
0.000         
0.000         
0.000         
0.000         
17.901        
2.946         
0.000         
0.000         
0.000         
0.000         
0.000         
0.000         
0.000         
0.000         
0.000         
0.000         
0.000         
0.000         
0.000         
0.000         
0.000         
0.000         
0.000         
0.000         
0.000         
0.000         
0.000         
0.000         
0.000         
0.000         
0.000         
0.000         
0.000         
0.000         
0.000         
0.000         
0.000         
0.000         
0.000         
0.000         
0.000         
0.000         
0.000         
0.000         
0.000         
0.000         
0.000         
0.000         
0.000         
0.000         
0.000         
0.000         
0.000         
0.000         
0.000         
0.000         
0.000         
0.000         
0.000         
0.000         
0.000         
0.000         
0.000         
0.000         
0.000         
0.000         
0.000         
0.000         
0.000         
0.000         
0.000         
0.000         
0.000         
0.000         
23.033        
0.000         
0.000         
0.000         
0.061         
0.000         
0.000         
0.000         
0.000         
0.000         
0.000         
0.000         
0.000         
0.000         
0.000         
0.000         
0.000         
0.000         
0.000         
0.000         
0.000         
0.000         
0.000         
0.000         
0.000         
0.000         
0.000         
0.000         
0.000         
0.000         
0.000         
0.000         
0.000         
0.000         
0.000         
0.000         
0.000         
1.693         
0.000         
0.000         
0.000         
0.000         
0.000         
2.414         
0.000         
0.000         
0.000         
0.000         
0.000         
3.057         
0.000         
0.000         
0.000         
0.000         
0.000         
0.000         
0.000         
0.000         
0.000         
0.000         
0.000         
0.000         
0.000         
0.000         
0.000         
0.000         
3.154         
3.790         
0.000         
0.000         
0.000         
0.000         
0.000         
0.000         
0.000         
15.251        
0.000         
0.000         
0.000         
0.000         
0.000         
2.887         
0.000         
0.000         
0.000         
0.000         
0.000         
0.000         
0.000         
1.765         
0.000         
0.000         
0.000         
0.000         
0.000         
0.000         
0.000         
0.000         
0.000         
0.000         
0.000         
0.000         
0.000         
0.000         
0.000         
0.000         
0.000         
0.000         
0.000         
0.000         
0.000         
1.924         
0.000         
1.598         
0.000         
0.000         
0.000         
0.000         
0.000         
0.000         
0.000         
0.000         
0.000         
0.000         
0.000         
0.000         
0.000         
0.000         
0.000         
0.235         
0.000         
0.000         
0.000         
0.000         
0.000         
0.000         
0.000         
0.000         
0.000         
0.000         
0.000         
0.000         
0.000         
0.000         
0.000         
0.000         
0.000         
0.000         
0.000         
0.000         
0.000         
0.000         
0.000         
0.000         
0.000         
0.000         
0.000         
0.000         
0.000         
0.000         
0.000         
0.000         
0.000         
0.000         
0.000         
0.000         
0.000         
0.000         
0.000         
0.000         
0.000         
0.000         
0.000         
3.978         
0.000         
0.000         
0.000         
0.000         
0.000         
0.000         
0.000         
0.000         
0.000         
0.000         
0.000         
0.000         
0.000         
0.000         
0.000         
0.000         
0.000         
0.000         
0.000         
0.000         
0.000         
0.000         
0.000         
0.000         
0.000         
0.000         
0.000         
0.000         
0.000         
0.000         
0.000         
0.000         
0.000         
0.000         
0.000         
0.000         
0.000         
0.000         
0.000         
0.000         
0.000         
0.000         
0.000         
0.000         
0.000         
0.000         
0.000         
0.000         
0.000         
0.000         
0.000         
0.000         
0.000         
0.000         
0.000         
0.000         
29.221        
0.000         
0.000         
0.000         
0.000         
0.000         
2.224         
24.007        
21.664        
0.000         
0.000         
0.000         
0.000         
0.000         
0.000         
0.000         
0.000         
0.000         
0.000         
0.000         
0.000         
0.000         
0.000         
0.000         
22.788        
0.000         
3.604         
0.000         
0.000         
0.000         
0.000         
0.000         
0.000         
0.000         
0.000         
0.000         
0.000         
0.000         
3.224         
0.000         
7.908         
0.000         
0.000         
0.000         
0.000         
4.046         
0.000         
0.000         
0.000         
0.000         
0.000         
0.000         
0.000         
3.839         
0.000         
0.000         
0.000         
0.000         
0.000         
0.000         
37.074        
0.000         
0.609         
0.000         
0.000         
0.000         
0.000         
0.000         
0.000         
0.000         
0.000         
0.000         
0.000         
0.000         
0.000         
0.000         
0.000         
0.000         
0.000         
0.000         
0.000         
0.000         
0.000         
0.000         
0.000         
0.000         
0.000         
0.000         
0.000         
0.000         
0.000         
0.000         
0.000         
0.000         
0.000         
0.000         
0.000         
0.000         
0.000         
0.000         
0.000         
0.000         
0.000         
0.000         
0.000         
0.000         
0.000         
0.000         
0.000         
0.000         
0.000         
0.000         
0.000         
0.000         
0.000         
0.000         
0.000         
0.000         
0.000         
0.000         
0.000         
0.000         
0.000         
0.000         
0.000         
0.000         
0.000         
0.000         
0.000         
0.000         
0.000         
0.000         
0.000         
0.000         
0.000         
0.000         
0.000         
0.000         
0.000         
0.000         
0.000         
0.000         
0.000         
0.000         
0.000         
0.000         
0.000         
0.000         
0.000         
0.000         
0.000         
0.000         
0.000         
4.883         
0.000         
0.137         
0.000         
0.000         
0.000         
4.734         
0.000         
0.000         
0.000         
0.000         
0.000         
0.000         
0.000         
0.000         
0.000         
0.000         
0.000         
0.000         
0.000         
0.000         
85.676        
0.000         
0.000         
0.000         
0.000         
0.000         
0.000         
0.000         
0.000         
0.000         
0.000         
0.000         
0.000         
0.000         
0.000         
0.000         
0.000         
0.000         
0.000         
34.175        
0.000         
0.000         
0.000         
0.000         
0.000         
0.000         
0.000         
0.000         
0.000         
0.000         
0.000         
0.000         
0.000         
0.000         
0.000         
0.000         
0.000         
0.000         
0.000         
0.000         
0.000         
0.000         
0.000         
0.000         
0.000         
0.000         
0.000         
0.000         
0.000         
0.000         
0.000         
0.000         
1.620         
10.223        
0.000         
0.000         
0.000         
0.000         
7.250         
2.289         
9.442         
0.000         
0.000         
0.000         
0.000         
0.000         
0.000         
0.000         
2.129         
0.000         
18.460        
0.000         
0.000         
0.000         
0.000         
0.000         
0.000         
0.000         
0.000         
0.000         
0.000         
0.000         
0.000         
0.000         
0.000         
0.000         
0.000         
0.000         
0.000         
0.000         
0.000         
0.000         
0.000         
0.000         
0.000         
0.000         
0.000         
0.000         
0.000         
0.000         
0.000         
0.000         
0.000         
0.000         
0.000         
0.000         
0.000         
0.000         
0.000         
0.000         
0.000         
0.000         
0.000         
0.000         
0.000         
0.000         
0.000         
0.000         
0.000         
0.000         
0.000         
0.000         
0.000         
0.000         
0.000         
0.000         
0.000         
0.000         
0.000         
0.000         
0.000         
0.000         
0.000         
0.000         
0.000         
0.000         
0.000         
0.000         
0.000         
0.000         
0.000         
0.000         
0.000         
0.000         
4.913         
0.000         
0.000         
0.000         
0.000         
0.000         
0.000         
0.000         
0.000         
0.000         
0.611         
0.000         
0.000         
0.000         
0.000         
0.000         
0.000         
0.000         
0.000         
0.000         
0.000         
0.000         
0.000         
0.000         
0.000         
0.000         
0.000         
23.555        
0.000         
0.000         
0.000         
0.000         
0.000         
0.000         
0.000         
0.000         
0.000         
0.000         
7.847         
0.000         
0.000         
0.000         
0.000         
0.000         
0.000         
0.000         
0.000         
0.000         
0.000         
0.000         
0.000         
0.000         
0.000         
0.000         
0.000         
0.000         
5.427         
0.000         
0.000         
0.000         
0.000         
0.000         
0.000         
0.000         
0.000         
0.000         
0.000         
9.007         
0.000         
11.937        
0.000         
0.000         
0.000         
0.000         
0.668         
0.000         
0.000         
0.000         
0.000         
0.000         
0.000         
0.000         
0.000         
0.000         
0.000         
0.000         
0.000         
0.000         
1.317         
0.000         
0.000         
3.378         
0.000         
0.000         
0.000         
0.000         
0.000         
0.000         
5.796         
0.000         
6.230         
0.000         
0.000         
0.000         
0.000         
0.000         
0.000         
0.000         
0.000         
0.000         
0.000         
0.000         
0.000         
0.000         
0.000         
0.000         
0.573         
5.276         
0.000         
0.000         
0.000         
0.000         
0.000         
0.000         
0.000         
0.000         
0.000         
0.000         
0.000         
0.000         
0.000         
0.000         
0.000         
0.000         
0.000         
0.000         
0.000         
0.000         
0.000         
0.000         
0.000         
0.000         
0.000         
0.000         
0.000         
0.000         
0.000         
0.000         
0.000         
0.000         
0.000         
0.000         
0.000         
0.000         
0.000         
0.000         
0.000         
0.000         
0.000         
0.000         
0.000         
0.000         
0.000         
0.000         
0.000         
0.000         
0.000         
0.000         
0.000         
0.000         
0.000         
0.000         
0.000         
0.000         
0.000         
0.000         
0.000         
0.000         
0.000         
0.000         
0.000         
0.000         
0.000         
12.810        
0.000         
0.000         
0.000         
0.000         
0.000         
0.000         
0.000         
0.000         
0.000         
0.000         
0.000         
0.000         
0.000         
0.000         
0.000         
0.000         
0.000         
0.000         
0.000         
0.000         
0.000         
0.000         
0.000         
0.000         
0.000         
0.000         
0.000         
0.000         
0.000         
0.000         
0.000         
0.000         
0.000         
16.272        
0.000         
0.000         
0.000         
0.000         
0.000         
0.000         
0.000         
26.906        
0.000         
5.413         
0.000         
0.000         
0.000         
0.000         
0.000         
0.000         
0.000         
0.000         
0.000         
0.000         
0.000         
0.000         
0.000         
0.000         
0.000         
27.169        
0.000         
0.000         
0.000         
0.000         
0.000         
0.000         
0.000         
0.000         
0.000         
0.000         
0.000         
0.000         
0.000         
0.000         
0.000         
66.046        
0.000         
0.000         
0.000         
0.000         
0.000         
0.000         
0.000         
0.000         
0.000         
0.000         
0.000         
0.000         
0.000         
0.000         
0.000         
0.000         
1.051         
0.000         
0.000         
0.000         
0.000         
0.000         
0.000         
0.000         
0.000         
0.000         
0.000         
0.000         
0.000         
14.748        
17.340        
0.000         
0.000         
0.000         
0.000         
0.000         
0.000         
2.969         
0.000         
0.000         
0.000         
0.000         
0.000         
0.000         
0.000         
0.855         
0.000         
0.000         
0.000         
0.000         
0.000         
0.000         
0.000         
0.000         
0.000         
0.000         
0.000         
0.000         
2.410         
0.000         
0.000         
0.000         
0.000         
0.000         
0.000         
0.000         
0.000         
0.000         
0.000         
0.000         
0.000         
0.000         
0.000         
0.000         
0.000         
0.000         
0.000         
0.000         
0.000         
2.900         
0.000         
0.000         
0.000         
0.000         
0.000         
0.000         
0.000         
0.000         
0.000         
0.000         
0.000         
0.000         
0.000         
0.000         
0.000         
10.180        
0.000         
0.000         
0.000         
0.000         
0.000         
0.000         
0.000         
0.000         
0.000         
0.000         
0.000         
0.000         
0.000         
0.000         
0.000         
0.000         
0.000         
0.000         
0.000         
0.000         
0.000         
0.000         
0.000         
0.000         
0.000         
0.000         
0.000         
0.000         
0.000         
0.000         
0.000         
0.000         
0.000         
0.000         
0.000         
0.000         
0.000         
0.000         
0.000         
0.000         
0.000         
0.000         
0.000         
0.000         
0.000         
0.000         
0.213         
0.000         
0.000         
1.184         
0.000         
0.000         
0.000         
0.000         
0.000         
0.000         
0.000         
0.000         
0.000         
0.000         
0.000         
0.000         
0.000         
0.000         
4.737         
0.000         
3.973         
0.000         
9.326         
0.948         
0.000         
0.000         
0.000         
0.000         
0.000         
0.000         
0.000         
0.000         
10.531        
0.000         
11.120        
0.000         
0.000         
0.000         
0.000         
0.000         
0.000         
0.000         
0.000         
0.000         
0.000         
0.000         
0.000         
0.000         
0.000         
0.000         
0.000         
0.000         
0.000         
0.000         
4.514         
0.017         
0.000         
0.000         
0.000         
0.000         
0.000         
0.000         
0.000         
0.000         
0.000         
0.000         
0.000         
6.701         
0.000         
0.000         
0.000         
20.168        
0.000         
0.000         
0.000         
0.000         
34.025        
3.958         
0.000         
0.000         
0.000         
0.000         
116.711       
0.000         
0.000         
0.000         
0.000         
0.000         
0.000         
0.000         
105.388       
0.000         
0.000         
0.000         
0.000         
0.000         
0.000         
0.000         
0.000         
0.000         
0.000         
0.000         
0.577         
0.000         
0.000         
0.000         
0.000         
0.000         
0.000         
0.000         
0.000         
0.000         
0.000         
0.000         
0.000         
0.000         
0.000         
0.000         
0.000         
0.000         
0.000         
0.000         
0.000         
0.000         
0.000         
0.000         
0.000         
0.000         
0.000         
0.000         
0.000         
0.000         
0.000         
0.000         
0.000         
0.000         
0.000         
0.000         
0.000         
0.000         
0.000         
0.000         
0.000         
0.000         
0.000         
0.000         
1.245         
0.000         
0.000         
0.000         
0.000         
0.000         
0.000         
0.000         
0.000         
0.000         
0.000         
0.000         
0.000         
0.000         
0.000         
0.000         
0.000         
0.000         
0.000         
1.784         
0.000         
0.000         
0.000         
0.000         
0.000         
0.000         
0.000         
0.000         
0.000         
0.000         
0.000         
0.000         
0.678         
6.183         
0.000         
0.000         
0.000         
0.000         
0.000         
0.000         
0.000         
0.000         
0.000         
0.000         
0.000         
0.000         
0.000         
0.000         
0.000         
0.000         
0.000         
0.000         
0.000         
0.000         
0.000         
0.000         
0.000         
0.000         
0.000         
0.000         
0.000         
0.000         
0.000         
0.000         
0.000         
0.000         
54.775        
0.000         
39.918        
0.000         
0.000         
0.000         
0.000         
0.000         
0.000         
0.000         
0.000         
41.886        
0.000         
25.326        
0.000         
0.000         
0.000         
0.000         
0.000         
0.000         
0.000         
1.950         
0.000         
0.000         
0.000         
0.000         
0.000         
0.000         
0.000         
0.000         
0.000         
0.000         
0.000         
0.000         
0.000         
0.000         
0.000         
0.000         
0.000         
0.000         
0.000         
0.000         
0.000         
0.000         
0.000         
0.000         
0.000         
0.000         
0.000         
0.000         
0.000         
8.406         
0.000         
0.000         
0.000         
0.000         
0.000         
0.669         
0.000         
0.000         
0.000         
0.000         
0.000         
0.000         
0.000         
0.000         
0.000         
0.000         
0.268         
3.400         
0.000         
0.000         
0.000         
1.086         
0.000         
0.000         
0.000         
0.000         
0.000         
0.000         
0.000         
0.000         
0.000         
0.000         
0.000         
0.000         
0.000         
0.000         
0.000         
0.000         
0.000         
0.000         
3.789         
0.000         
0.000         
0.000         
0.000         
0.000         
0.000         
0.000         
0.000         
0.000         
0.432         
0.000         
0.000         
0.000         
0.000         
0.000         
0.000         
0.000         
0.000         
0.000         
0.000         
0.000         
0.000         
0.000         
0.000         
0.000         
0.313         
0.000         
0.000         
0.000         
0.047         
0.007         
0.000         
0.000         
0.000         
0.000         
0.000         
0.000         
0.001         
0.000         
0.000         
0.000         
0.000         
0.000         
0.000         
0.000         
0.000         
0.000         
0.000         
0.000         
0.000         
7.246         
0.000         
0.000         
0.532         
0.000         
0.000         
0.000         
0.000         
0.000         
0.000         
0.281         
0.000         
0.000         
0.000         
0.000         
0.000         
0.012         
0.000         
0.000         
0.000         
0.000         
0.000         
0.000         
3.313         
10.359        
0.000         
0.000         
0.000         
0.000         
0.000         
0.000         
2.126         
0.000         
0.000         
0.000         
0.000         
0.000         
0.000         
0.000         
0.000         
0.000         
0.000         
0.000         
0.000         
0.000         
0.000         
0.000         
0.000         
0.000         
0.000         
0.000         
0.000         
0.000         
0.055         
2.892         
0.000         
0.013         
0.000         
0.000         
0.000         
0.000         
0.000         
0.000         
0.000         
0.000         
0.000         
0.000         
0.000         
0.000         
0.000         
0.000         
26.338        
0.000         
0.000         
0.000         
0.000         
0.000         
0.000         
0.000         
6.356         
0.000         
0.000         
0.000         
0.020         
0.000         
0.000         
0.000         
0.000         
0.000         
0.000         
0.000         
0.000         
0.000         
0.000         
0.000         
0.000         
0.000         
0.000         
0.000         
0.000         
0.000         
0.000         
0.000         
0.000         
0.000         
122.294       
94.953        
0.000         
0.000         
0.000         
0.000         
0.000         
0.000         
0.000         
0.000         
0.000         
0.000         
0.000         
0.000         
0.000         
0.000         
0.000         
0.000         
0.000         
0.000         
0.000         
0.000         
0.000         
0.000         
0.000         
0.000         
0.000         
0.000         
0.000         
0.000         
0.000         
0.000         
0.000         
0.000         
0.000         
0.000         
0.000         
0.000         
0.000         
0.000         
0.000         
0.000         
0.000         
0.000         
0.000         
0.000         
0.000         
0.000         
0.000         
0.000         
0.000         
0.000         
0.000         
0.000         
0.000         
0.000         
0.000         
0.000         
0.000         
0.000         
0.000         
0.000         
0.000         
0.000         
0.000         
0.000         
0.000         
0.000         
0.000         
0.000         
0.000         
0.000         
0.000         
0.000         
0.000         
0.000         
0.000         
0.000         
0.000         
0.000         
0.000         
0.000         
0.000         
0.000         
0.000         
0.000         
0.000         
0.000         
0.000         
0.000         
0.000         
0.000         
0.000         
0.000         
0.000         
0.000         
0.000         
0.000         
0.000         
0.000         
0.000         
0.000         
0.000         
0.000         
0.000         
1.208         
0.000         
0.000         
0.000         
0.000         
0.000         
0.000         
0.000         
0.000         
0.000         
0.000         
0.011         
0.000         
0.000         
2.128         
0.000         
0.000         
9.237         
0.000         
0.000         
0.000         
0.000         
0.000         
0.000         
0.000         
1.216         
0.000         
0.000         
0.000         
0.000         
0.000         
0.000         
0.000         
0.000         
0.000         
0.000         
0.179         
0.000         
0.000         
0.000         
0.000         
0.368         
0.000         
0.000         
0.000         
0.000         
0.000         
0.000         
0.000         
0.000         
0.000         
0.000         
0.000         
0.000         
0.000         
0.000         
0.000         
0.000         
0.000         
0.000         
0.000         
0.000         
0.000         
0.000         
5.068         
0.000         
13.215        
0.000         
5.824         
0.000         
0.000         
0.000         
0.000         
0.000         
2.901         
0.000         
0.000         
0.000         
0.000         
0.000         
1.911         
0.000         
0.000         
0.000         
0.000         
0.000         
6.954         
0.000         
0.000         
0.000         
0.000         
0.000         
0.000         
2.359         
0.000         
0.000         
0.000         
0.000         
0.000         
12.889        
0.000         
0.000         
0.000         
0.000         
0.000         
0.000         
0.000         
0.000         
0.000         
0.000         
0.000         
0.000         
0.000         
0.000         
0.000         
0.000         
0.000         
0.000         
0.000         
0.000         
0.000         
0.000         
0.000         
0.000         
0.000         
0.000         
0.000         
0.000         
0.000         
0.000         
0.000         
0.000         
0.000         
0.000         
0.000         
0.000         
0.000         
0.000         
0.000         
0.000         
0.000         
0.000         
0.000         
0.000         
0.000         
0.000         
0.000         
0.000         
0.000         
0.000         
0.000         
3.194         
0.000         
0.000         
6.510         
0.000         
0.000         
0.000         
2.657         
0.000         
0.000         
0.000         
0.000         
0.000         
0.003         
0.000         
0.000         
0.000         
0.000         
0.000         
2.623         
0.000         
0.000         
0.000         
0.000         
4.207         
0.000         
0.000         
0.000         
0.000         
0.000         
0.000         
0.000         
0.000         
0.000         
4.821         
0.000         
0.000         
0.000         
0.000         
0.000         
0.000         
0.000         
0.000         
0.000         
0.000         
0.000         
14.550        
0.000         
0.000         
0.000         
12.564        
0.000         
0.000         
0.000         
0.000         
0.000         
0.000         
0.000         
0.000         
0.000         
0.000         
0.000         
0.000         
0.000         
0.000         
0.000         
2.154         
0.000         
0.000         
0.000         
0.000         
0.000         
0.000         
0.976         
3.232         
0.000         
0.000         
1.739         
0.000         
0.204         
2.595         
0.000         
0.000         
0.000         
0.000         
0.000         
3.881         
0.000         
0.000         
0.000         
0.000         
0.000         
0.000         
0.000         
0.000         
0.000         
0.000         
0.000         
0.000         
161.996       
0.000         
0.000         
0.000         
0.000         
0.000         
0.000         
0.000         
0.000         
0.000         
0.000         
0.000         
0.000         
0.000         
0.000         
0.000         
0.000         
0.000         
0.000         
0.000         
0.000         
0.000         
0.000         
0.000         
0.000         
0.000         
0.000         
0.000         
0.000         
0.000         
0.000         
0.000         
0.000         
0.000         
0.000         
0.000         
0.000         
0.000         
0.000         
0.000         
0.000         
0.000         
0.000         
0.000         
0.000         
0.000         
0.000         
0.000         
0.000         
0.000         
0.000         
0.000         
0.000         
0.000         
0.000         
0.000         
0.000         
0.000         
0.000         
0.000         
8.597         
10.547        
0.000         
0.000         
0.000         
0.000         
0.000         
0.000         
35.036        
0.000         
0.000         
0.000         
0.644         
0.000         
0.000         
0.000         
0.000         
0.000         
0.000         
0.000         
0.000         
0.000         
0.000         
0.000         
0.000         
0.000         
0.000         
0.000         
0.000         
0.000         
0.000         
0.000         
0.000         
0.000         
0.000         
0.000         
0.000         
0.000         
0.000         
0.000         
0.000         
0.000         
0.000         
0.000         
1.801         
0.000         
1.730         
0.000         
0.000         
0.000         
0.000         
0.000         
0.000         
0.000         
0.000         
0.000         
0.000         
0.000         
0.000         
0.000         
0.000         
0.000         
0.000         
0.000         
12.025        
0.000         
0.000         
0.000         
74.867        
0.000         
0.000         
0.000         
0.000         
0.000         
0.000         
0.000         
0.000         
0.000         
0.000         
0.000         
0.000         
0.000         
0.007         
0.323         
0.000         
5.948         
0.000         
0.000         
0.000         
0.000         
0.000         
0.000         
0.000         
0.000         
0.000         
0.000         
0.000         
0.000         
0.000         
0.000         
0.000         
0.000         
0.000         
0.000         
0.000         
0.000         
0.000         
0.000         
0.000         
0.000         
0.000         
0.000         
0.000         
0.000         
0.000         
0.000         
0.000         
0.000         
0.000         
0.000         
0.000         
0.000         
0.000         
0.000         
0.000         
0.000         
0.000         
4.271         
0.000         
0.000         
0.000         
0.000         
0.000         
0.000         
0.000         
0.000         
0.000         
0.000         
0.000         
0.000         
0.000         
0.000         
0.000         
0.000         
0.000         
0.000         
0.000         
0.000         
0.000         
0.000         
0.000         
0.000         
0.000         
0.000         
0.000         
0.000         
0.000         
0.000         
0.000         
0.000         
0.000         
0.000         
0.000         
0.000         
0.000         
0.000         
0.000         
0.000         
0.000         
0.000         
0.000         
0.000         
0.000         
0.000         
0.000         
0.000         
0.000         
0.000         
0.000         
0.000         
2.038         
0.000         
0.000         
0.000         
0.000         
0.000         
0.000         
0.000         
0.000         
0.000         
0.000         
0.000         
0.000         
0.000         
0.000         
0.000         
0.000         
0.000         
0.000         
0.000         
0.000         
0.000         
0.000         
0.000         
0.000         
0.000         
0.000         
0.000         
0.000         
0.000         
9.620         
0.000         
0.000         
8.899         
0.455         
0.000         
0.000         
0.000         
0.000         
0.000         
0.000         
0.000         
0.000         
0.000         
0.000         
0.000         
0.000         
0.000         
0.000         
0.162         
0.000         
0.000         
2.355         
0.000         
0.000         
33.695        
0.829         
0.000         
0.000         
0.000         
0.000         
0.000         
0.000         
21.178        
0.000         
6.263         
0.000         
0.000         
0.000         
0.000         
0.000         
0.000         
0.000         
0.000         
0.000         
0.000         
0.000         
0.000         
0.000         
0.000         
0.000         
0.000         
0.000         
25.528        
8.279         
0.000         
0.000         
49.580        
0.000         
0.000         
0.000         
0.000         
15.654        
0.000         
0.000         
0.000         
0.000         
0.000         
6.217         
0.918         
0.000         
0.000         
0.000         
0.000         
0.000         
0.000         
0.000         
0.000         
0.000         
0.000         
0.000         
0.000         
0.000         
0.000         
0.000         
0.000         
0.000         
5.655         
0.000         
0.000         
0.000         
0.000         
0.000         
0.000         
0.000         
0.000         
0.000         
0.000         
0.000         
0.000         
0.000         
0.000         
0.000         
0.000         
0.000         
0.000         
0.000         
0.000         
0.000         
0.000         
0.000         
0.000         
0.000         
0.000         
0.000         
0.000         
0.000         
0.000         
0.000         
0.000         
0.000         
0.000         
0.000         
0.000         
0.000         
0.000         
0.000         
0.000         
0.000         
0.000         
0.000         
0.000         
0.000         
0.000         
0.000         
0.000         
0.000         
0.000         
0.000         
0.000         
0.000         
0.000         
0.000         
0.000         
0.000         
0.000         
0.000         
0.000         
0.000         
0.000         
0.000         
0.000         
0.000         
0.000         
0.000         
0.000         
0.000         
0.000         
0.000         
0.000         
5.789         
0.000         
0.000         
11.966        
0.000         
0.000         
0.000         
0.000         
0.000         
0.000         
0.000         
0.000         
0.000         
0.000         
0.000         
0.000         
0.000         
0.000         
0.000         
0.000         
0.000         
0.000         
0.000         
0.000         
0.000         
0.000         
0.000         
0.000         
0.000         
0.000         
0.000         
0.000         
0.000         
0.000         
0.301         
0.000         
0.000         
0.000         
0.000         
24.141        
0.000         
0.000         
0.000         
0.000         
0.000         
0.000         
0.000         
0.000         
0.000         
0.000         
0.000         
0.000         
0.000         
0.000         
0.664         
0.000         
0.000         
0.000         
0.000         
0.000         
0.000         
0.000         
0.000         
10.623        
0.000         
0.000         
0.000         
0.000         
0.000         
0.000         
0.000         
0.000         
0.000         
0.000         
0.000         
0.000         
0.000         
0.000         
0.000         
0.000         
0.000         
0.000         
0.000         
0.000         
0.000         
0.000         
4.576         
0.000         
0.000         
0.000         
0.000         
0.000         
0.000         
0.000         
0.000         
0.000         
0.000         
0.000         
1.287         
0.000         
0.000         
0.000         
0.000         
0.000         
0.000         
0.000         
0.000         
0.000         
0.000         
0.000         
0.000         
0.000         
2.965         
0.000         
0.000         
0.000         
0.000         
0.000         
0.000         
0.000         
0.000         
0.000         
0.000         
0.000         
0.000         
0.000         
0.000         
0.000         
0.418         
0.000         
9.468         
0.000         
0.000         
0.000         
0.000         
0.000         
0.000         
0.000         
0.000         
0.000         
0.000         
0.000         
0.000         
0.000         
0.000         
0.000         
0.000         
0.000         
0.000         
0.000         
0.000         
0.000         
0.000         
0.000         
0.000         
0.000         
0.000         
0.000         
0.000         
0.000         
0.000         
0.000         
0.000         
0.000         
0.000         
0.000         
0.000         
0.000         
0.000         
0.000         
0.000         
0.000         
0.000         
0.000         
0.000         
0.000         
0.000         
0.000         
0.000         
0.000         
0.000         
0.000         
0.000         
0.000         
0.724         
0.000         
0.000         
0.000         
0.000         
0.000         
0.000         
0.000         
0.000         
0.000         
0.000         
0.255         
0.000         
0.000         
0.000         
0.000         
0.000         
0.000         
0.000         
0.000         
0.000         
0.000         
0.000         
0.000         
0.000         
0.000         
0.000         
0.000         
0.000         
0.000         
0.000         
0.000         
0.000         
0.000         
0.000         
0.000         
2.529         
0.000         
3.997         
49.098        
0.000         
0.000         
0.000         
0.000         
0.000         
0.000         
0.000         
0.000         
4.450         
14.471        
8.704         
0.000         
73.732        
0.000         
0.000         
2.659         
0.000         
0.000         
0.000         
0.000         
34.461        
0.000         
0.000         
0.000         
0.000         
0.000         
0.000         
0.000         
0.000         
130.556       
43.724        
0.000         
0.000         
0.000         
0.000         
0.000         
0.000         
0.000         
0.000         
0.000         
0.000         
0.000         
3.096         
0.000         
0.000         
0.000         
0.000         
5.901         
0.000         
0.000         
11.201        
0.000         
13.153        
0.000         
0.000         
8.418         
0.000         
9.630         
0.000         
0.000         
0.000         
11.727        
0.000         
15.085        
0.000         
22.258        
0.000         
0.000         
0.000         
0.000         
0.000         
41.478        
0.000         
0.000         
0.000         
0.000         
0.000         
0.000         
0.000         
0.000         
0.000         
0.000         
0.000         
13.235        
0.000         
0.000         
0.000         
0.000         
0.000         
0.000         
0.000         
0.000         
0.000         
0.000         
0.000         
0.000         
0.000         
0.000         
0.000         
0.000         
0.000         
0.000         
0.000         
0.000         
0.000         
0.000         
0.000         
0.000         
0.000         
0.000         
0.000         
0.000         
0.000         
0.000         
0.000         
0.000         
0.000         
0.000         
0.000         
0.000         
0.000         
0.000         
0.000         
0.000         
0.000         
0.000         
0.000         
0.000         
0.000         
0.000         
0.000         
0.000         
0.000         
0.000         
0.000         
0.000         
0.000         
0.000         
0.000         
0.000         
10.816        
0.000         
0.000         
0.000         
0.000         
0.000         
0.000         
0.000         
0.000         
0.000         
0.000         
0.000         
0.000         
0.000         
1.604         
0.000         
0.000         
0.000         
0.000         
0.000         
0.000         
0.000         
0.000         
7.388         
0.000         
0.000         
0.000         
0.000         
0.000         
0.000         
0.000         
0.000         
0.000         
0.000         
0.000         
0.000         
22.465        
0.000         
0.000         
0.000         
0.000         
0.000         
0.000         
0.000         
0.000         
0.000         
0.000         
0.000         
0.000         
0.000         
0.000         
0.000         
0.000         
0.000         
2.362         
0.000         
0.000         
0.000         
0.000         
0.000         
0.000         
0.000         
0.000         
10.462        
0.000         
0.000         
0.000         
0.000         
0.000         
0.000         
12.506        
0.000         
0.000         
0.000         
0.000         
0.000         
0.000         
0.000         
49.111        
0.000         
61.774        
0.000         
0.000         
0.000         
0.000         
0.000         
0.000         
0.000         
0.000         
0.000         
0.000         
0.000         
0.000         
0.000         
0.000         
0.000         
0.000         
0.000         
0.000         
0.000         
0.000         
0.000         
0.000         
0.000         
0.000         
0.000         
0.000         
4.164         
0.000         
0.000         
0.000         
5.972         
0.000         
0.000         
0.000         
0.000         
0.000         
0.000         
0.000         
0.000         
0.000         
0.000         
0.000         
6.148         
0.000         
0.000         
0.000         
4.575         
0.000         
0.000         
0.000         
0.000         
1.176         
3.645         
0.000         
0.000         
0.000         
0.000         
0.000         
1.483         
0.000         
0.000         
0.557         
0.000         
0.000         
0.000         
0.000         
0.000         
0.000         
0.000         
0.000         
0.000         
0.000         
0.000         
0.000         
0.000         
0.000         
0.000         
0.000         
0.000         
0.000         
0.000         
0.000         
7.091         
0.000         
0.000         
0.000         
0.000         
0.000         
0.000         
0.000         
0.000         
0.000         
0.000         
0.000         
0.000         
0.000         
0.000         
0.000         
0.000         
0.000         
0.000         
0.000         
0.000         
0.000         
0.000         
0.000         
0.000         
0.000         
0.000         
0.000         
0.000         
0.000         
0.000         
0.000         
0.000         
0.000         
0.000         
0.000         
0.000         
0.000         
0.000         
0.000         
0.000         
0.000         
0.000         
0.000         
0.000         
0.000         
0.000         
0.000         
0.000         
0.000         
0.000         
0.000         
11.438        
0.000         
0.000         
0.000         
0.000         
0.000         
0.000         
0.000         
0.000         
0.000         
0.000         
0.000         
0.000         
0.000         
0.000         
0.000         
0.000         
0.000         
0.000         
4.427         
0.000         
0.000         
0.000         
0.000         
0.000         
0.000         
0.000         
0.000         
0.000         
0.000         
0.000         
0.000         
0.000         
0.000         
0.000         
0.000         
0.000         
0.000         
0.000         
0.000         
4.535         
0.000         
0.000         
0.000         
0.000         
0.000         
0.000         
0.000         
0.000         
0.000         
0.000         
0.000         
0.000         
1.413         
0.000         
0.000         
0.000         
0.000         
0.000         
0.000         
0.000         
0.000         
0.000         
0.000         
0.000         
0.000         
0.000         
0.000         
0.000         
0.000         
0.000         
0.000         
0.000         
0.000         
0.000         
0.000         
0.000         
0.000         
0.000         
0.000         
0.000         
1.293         
0.000         
0.000         
0.000         
0.000         
0.000         
0.000         
0.000         
0.000         
0.000         
0.000         
0.000         
0.000         
0.000         
0.000         
0.000         
0.000         
0.000         
0.000         
0.000         
0.000         
0.000         
0.000         
0.000         
0.000         
0.000         
0.000         
0.000         
0.000         
0.000         
0.000         
0.000         
0.000         
0.000         
0.000         
0.000         
0.000         
0.000         
0.000         
0.000         
0.000         
0.000         
0.000         
0.000         
0.000         
0.000         
0.000         
0.000         
0.000         
0.000         
0.000         
0.000         
0.000         
0.000         
0.000         
0.000         
0.000         
0.000         
0.000         
0.000         
0.000         
0.000         
0.000         
0.000         
0.000         
0.000         
0.000         
0.000         
0.767         
0.000         
0.000         
0.000         
0.000         
0.000         
0.000         
0.000         
0.000         
0.000         
0.000         
0.000         
0.000         
0.000         
0.000         
0.000         
0.000         
0.000         
1.881         
0.000         
0.000         
0.000         
0.000         
0.000         
0.000         
0.000         
0.000         
0.000         
0.000         
0.000         
0.000         
0.000         
0.000         
0.000         
0.000         
0.000         
0.000         
0.000         
0.000         
0.000         
0.000         
0.000         
0.000         
0.000         
0.000         
0.000         
0.000         
0.000         
0.000         
0.000         
1.047         
0.000         
0.000         
0.000         
0.000         
0.000         
0.000         
0.000         
0.000         
0.000         
0.000         
0.000         
0.000         
0.000         
0.000         
0.000         
0.000         
0.004         
4.034         
0.000         
0.000         
0.000         
0.000         
0.000         
0.000         
0.000         
0.000         
0.000         
0.000         
2.260         
0.000         
0.000         
0.000         
0.000         
0.000         
0.000         
0.000         
0.000         
0.000         
0.000         
0.000         
0.000         
0.000         
0.000         
0.000         
0.000         
0.000         
0.000         
0.000         
0.000         
0.000         
0.944         
0.000         
0.000         
0.000         
0.000         
0.000         
0.000         
0.000         
0.000         
0.000         
0.000         
0.000         
0.000         
0.000         
0.000         
0.000         
0.000         
0.000         
0.000         
0.000         
0.000         
0.000         
0.000         
0.000         
0.000         
6.544         
0.000         
0.000         
0.000         
0.000         
0.000         
0.000         
0.000         
0.000         
0.000         
0.000         
0.000         
0.000         
1.270         
0.000         
0.000         
0.000         
2.170         
0.000         
0.000         
0.000         
0.000         
0.000         
0.000         
0.000         
0.000         
0.000         
0.000         
0.000         
0.000         
0.000         
0.000         
0.000         
0.000         
0.000         
0.000         
0.000         
0.022         
0.000         
0.058         
0.000         
0.000         
0.000         
0.000         
0.000         
0.000         
0.000         
0.000         
0.000         
0.000         
0.000         
0.000         
0.000         
0.000         
0.447         
0.000         
0.000         
0.000         
0.000         
3.268         
0.000         
0.000         
0.000         
0.000         
0.000         
0.000         
0.000         
0.000         
0.000         
0.000         
0.000         
0.000         
0.000         
0.000         
0.000         
0.000         
0.000         
0.000         
0.000         
0.000         
0.000         
0.000         
1.741         
0.000         
0.000         
0.000         
0.000         
0.000         
0.000         
0.000         
0.000         
0.000         
0.000         
0.000         
0.000         
0.000         
0.000         
0.000         
0.000         
18.378        
0.000         
15.866        
0.000         
33.438        
0.000         
0.000         
0.000         
0.000         
0.000         
14.803        
0.000         
0.000         
0.000         
0.000         
0.000         
0.000         
0.000         
0.000         
0.000         
0.000         
0.000         
0.000         
45.563        
8.555         
96.026        
0.000         
0.000         
0.000         
0.000         
0.000         
0.000         
81.433        
0.000         
20.671        
0.000         
0.000         
0.000         
0.000         
0.000         
134.116       
0.000         
0.000         
0.000         
0.000         
0.000         
0.000         
1.495         
5.698         
0.000         
0.000         
28.711        
0.000         
0.000         
0.000         
0.000         
49.804        
0.000         
0.000         
0.000         
0.000         
0.000         
0.000         
0.000         
0.000         
0.000         
0.000         
0.000         
0.000         
0.000         
0.000         
0.000         
0.000         
0.000         
0.000         
0.000         
0.000         
0.000         
0.000         
0.000         
0.000         
0.000         
0.000         
0.000         
0.000         
0.000         
0.000         
0.000         
0.000         
0.000         
0.000         
0.000         
0.000         
0.000         
0.000         
0.000         
0.000         
0.000         
0.000         
0.000         
0.000         
0.000         
0.000         
0.000         
0.000         
0.000         
0.000         
0.000         
0.000         
0.000         
0.000         
0.000         
0.000         
0.000         
0.000         
0.000         
0.000         
0.000         
0.000         
0.000         
0.000         
0.000         
0.000         
0.000         
0.000         
0.000         
0.000         
0.000         
0.000         
0.000         
0.000         
0.000         
0.000         
0.000         
0.000         
0.000         
0.000         
0.000         
0.000         
0.000         
0.000         
0.000         
0.000         
0.000         
0.000         
0.000         
0.000         
0.000         
0.202         
0.000         
0.000         
0.000         
0.000         
0.000         
0.000         
0.000         
0.000         
0.000         
0.000         
0.000         
0.000         
0.000         
0.000         
0.000         
0.000         
0.000         
0.000         
0.000         
0.000         
0.000         
0.000         
0.000         
0.000         
0.000         
0.000         
0.000         
0.000         
0.000         
0.000         
0.000         
0.000         
0.000         
0.000         
0.000         
0.000         
0.000         
0.000         
0.000         
0.000         
0.000         
0.000         
0.000         
0.000         
0.000         
0.000         
0.000         
0.000         
0.000         
0.000         
0.000         
0.000         
0.000         
0.000         
0.000         
0.000         
0.000         
0.000         
0.000         
0.000         
0.000         
0.000         
0.000         
0.000         
0.000         
1.892         
0.000         
0.000         
0.000         
0.000         
0.000         
0.000         
0.000         
0.760         
0.000         
0.000         
0.000         
0.000         
0.000         
0.000         
0.000         
0.000         
0.000         
0.000         
0.000         
0.000         
0.000         
0.000         
0.000         
0.000         
0.000         
0.000         
0.000         
0.025         
0.000         
0.000         
0.000         
0.000         
0.000         
0.000         
0.000         
0.000         
0.000         
0.000         
0.000         
0.000         
0.000         
0.000         
0.000         
21.738        
20.004        
0.000         
0.000         
0.000         
0.000         
0.000         
3.690         
0.000         
0.000         
0.000         
0.000         
0.000         
0.000         
0.000         
0.000         
0.000         
0.000         
0.000         
0.000         
0.000         
0.000         
0.000         
0.000         
0.000         
0.000         
0.000         
0.000         
0.000         
0.000         
0.000         
0.000         
0.000         
0.000         
2.272         
0.000         
0.000         
0.000         
0.000         
0.000         
0.000         
0.000         
0.000         
0.000         
0.000         
0.000         
0.000         
0.000         
0.000         
0.000         
0.000         
0.000         
0.000         
0.000         
0.000         
0.000         
0.000         
0.000         
0.000         
0.000         
0.000         
0.000         
0.000         
0.000         
0.000         
0.000         
0.000         
0.112         
0.000         
0.000         
0.000         
0.000         
0.000         
0.000         
0.000         
0.000         
0.000         
0.000         
0.000         
1.653         
0.000         
0.000         
0.000         
3.301         
0.000         
0.396         
0.000         
0.000         
0.000         
0.000         
2.129         
0.000         
3.027         
0.000         
0.000         
0.000         
0.000         
0.000         
0.000         
0.000         
0.000         
0.000         
0.000         
0.000         
0.000         
0.000         
0.000         
0.000         
0.000         
0.000         
0.000         
0.000         
0.000         
0.000         
0.000         
0.000         
0.000         
0.000         
16.438        
0.000         
0.000         
0.000         
0.000         
0.000         
0.000         
0.000         
0.000         
0.000         
0.000         
0.000         
0.000         
0.000         
0.000         
0.000         
0.000         
0.000         
0.000         
0.000         
0.000         
0.000         
0.000         
0.000         
0.000         
0.000         
0.000         
0.000         
0.000         
0.000         
0.000         
0.000         
1.570         
0.000         
0.000         
0.000         
77.783        
0.000         
0.000         
33.819        
0.000         
0.000         
0.000         
0.000         
0.000         
0.000         
26.302        
0.000         
0.000         
0.000         
0.000         
0.000         
0.000         
0.000         
0.000         
0.000         
0.000         
0.000         
0.000         
0.000         
0.000         
6.162         
0.000         
0.000         
0.000         
0.000         
0.000         
0.000         
0.000         
0.000         
0.000         
0.000         
0.000         
0.000         
0.000         
0.000         
0.000         
0.000         
0.000         
0.000         
0.000         
0.000         
0.000         
0.000         
0.000         
0.000         
0.000         
0.000         
0.000         
0.000         
0.000         
0.000         
0.000         
0.000         
0.000         
0.000         
0.000         
0.000         
0.000         
0.000         
0.000         
0.000         
0.000         
0.000         
0.000         
0.000         
0.000         
0.000         
0.000         
0.000         
0.000         
0.000         
0.000         
0.000         
0.000         
0.000         
0.000         
0.000         
0.000         
0.000         
0.000         
0.000         
4.335         
0.000         
0.000         
0.000         
0.000         
0.000         
0.000         
0.000         
0.000         
0.000         
0.000         
0.000         
0.000         
0.000         
0.000         
0.000         
0.000         
0.000         
0.000         
0.000         
0.472         
0.000         
0.000         
0.000         
0.000         
0.000         
0.000         
0.000         
0.000         
0.000         
0.000         
0.000         
15.207        
0.000         
0.000         
0.000         
0.000         
0.000         
0.000         
0.000         
0.000         
0.000         
59.384        
0.000         
0.000         
0.000         
0.000         
0.000         
0.834         
1.683         
0.000         
0.000         
0.000         
0.000         
0.000         
0.000         
0.000         
0.000         
0.000         
0.000         
0.000         
0.000         
0.000         
0.000         
0.000         
0.000         
0.000         
0.000         
0.000         
0.000         
0.000         
0.000         
0.000         
0.000         
0.000         
0.000         
0.000         
0.000         
0.000         
0.000         
25.256        
0.000         
0.000         
0.000         
0.000         
0.000         
0.000         
0.000         
0.000         
0.000         
0.000         
0.000         
0.000         
0.000         
0.000         
0.000         
0.000         
0.000         
0.000         
0.000         
0.000         
0.000         
0.000         
0.000         
9.656         
7.117         
0.497         
0.000         
0.000         
0.000         
7.142         
0.000         
0.000         
1.673         
0.000         
0.000         
0.000         
0.000         
0.000         
0.000         
0.000         
0.000         
0.000         
0.000         
0.000         
0.000         
0.000         
0.000         
0.000         
0.000         
0.000         
0.000         
0.000         
0.000         
3.328         
0.000         
0.000         
0.000         
0.000         
0.000         
0.000         
0.000         
0.000         
0.000         
0.000         
0.119         
0.000         
0.000         
0.000         
0.000         
0.000         
0.000         
0.000         
0.000         
0.000         
0.000         
0.000         
0.000         
0.000         
0.000         
0.000         
0.000         
0.000         
0.000         
0.000         
2.112         
0.000         
0.000         
0.000         
0.000         
0.278         
0.000         
0.000         
0.000         
0.000         
0.000         
0.000         
0.000         
0.000         
0.000         
0.000         
0.000         
0.000         
0.000         
0.000         
0.000         
0.000         
0.000         
0.000         
0.000         
0.000         
0.000         
0.000         
0.000         
0.000         
0.000         
0.000         
0.000         
0.000         
0.000         
0.000         
0.000         
0.000         
0.000         
0.000         
0.000         
0.000         
0.000         
0.000         
0.000         
0.000         
0.000         
0.000         
0.000         
0.024         
0.000         
0.000         
0.000         
0.000         
0.000         
0.000         
0.000         
0.000         
0.000         
0.000         
0.000         
0.000         
6.534         
0.000         
0.000         
0.000         
0.000         
0.000         
0.000         
0.000         
0.000         
0.000         
0.000         
0.000         
0.000         
0.000         
0.000         
0.000         
0.000         
0.000         
0.000         
0.000         
0.000         
0.000         
0.000         
0.000         
0.000         
0.000         
0.000         
0.000         
76.637        
0.000         
0.000         
0.000         
0.000         
9.097         
0.000         
3.200         
0.000         
0.000         
0.000         
0.000         
0.000         
0.000         
0.000         
0.000         
0.000         
0.000         
0.000         
0.000         
0.000         
0.000         
0.000         
0.000         
0.000         
0.000         
0.000         
0.000         
3.567         
2.731         
0.000         
0.000         
0.000         
0.000         
0.000         
0.000         
0.000         
0.000         
0.000         
0.000         
0.000         
0.000         
0.000         
0.000         
0.000         
0.000         
0.000         
0.000         
4.041         
0.000         
0.000         
0.000         
0.000         
0.000         
0.000         
0.000         
0.000         
0.000         
0.000         
0.000         
0.000         
0.000         
0.000         
0.000         
0.000         
0.000         
0.000         
0.000         
0.000         
0.000         
0.000         
0.000         
0.000         
0.000         
0.000         
0.000         
0.000         
0.000         
0.000         
0.000         
0.000         
0.000         
0.000         
0.000         
0.000         
0.000         
0.000         
0.000         
0.000         
0.000         
0.000         
0.000         
0.000         
0.000         
0.000         
0.000         
0.000         
0.000         
0.000         
0.000         
0.000         
0.000         
0.000         
0.000         
0.000         
0.000         
0.000         
0.000         
0.000         
0.000         
0.000         
0.000         
0.000         
0.000         
52.851        
4.324         
0.000         
0.000         
0.000         
0.000         
0.000         
0.000         
0.000         
0.000         
3.430         
0.000         
0.000         
0.000         
0.000         
0.000         
0.000         
0.000         
0.000         
0.000         
0.000         
0.000         
0.000         
0.000         
0.000         
0.000         
0.000         
5.617         
0.000         
0.000         
0.000         
0.000         
0.000         
0.000         
0.000         
0.000         
0.000         
0.000         
0.000         
0.000         
0.000         
0.000         
0.000         
0.000         
0.000         
0.000         
0.000         
0.000         
0.000         
0.000         
0.000         
0.000         
0.000         
0.000         
0.000         
0.000         
0.000         
0.000         
0.000         
0.000         
2.092         
0.000         
0.000         
0.000         
0.000         
0.000         
2.939         
0.000         
0.000         
0.000         
0.000         
0.000         
0.000         
0.000         
0.000         
0.000         
0.000         
0.000         
0.000         
0.000         
0.000         
0.000         
0.000         
27.547        
0.000         
0.000         
26.743        
0.000         
0.000         
0.000         
0.000         
0.000         
0.000         
0.000         
0.000         
0.000         
0.000         
0.000         
0.000         
0.000         
0.000         
0.000         
0.000         
0.000         
0.000         
48.248        
9.829         
7.099         
0.000         
0.000         
0.000         
0.000         
0.000         
0.000         
0.000         
0.000         
0.000         
4.198         
0.000         
0.000         
0.000         
0.000         
0.000         
0.000         
0.000         
0.000         
0.000         
5.460         
0.000         
0.000         
0.000         
0.000         
0.000         
0.000         
0.000         
0.000         
0.000         
0.000         
0.000         
0.000         
0.000         
0.000         
0.000         
0.000         
0.000         
0.000         
0.000         
0.000         
0.000         
0.000         
0.000         
0.000         
0.000         
0.000         
0.000         
0.000         
0.000         
0.000         
0.000         
0.000         
0.000         
0.000         
0.000         
0.000         
0.000         
0.000         
0.000         
0.000         
0.000         
0.000         
0.000         
0.000         
0.000         
0.000         
0.000         
0.000         
0.000         
0.000         
0.000         
0.000         
0.000         
0.000         
0.000         
0.000         
0.000         
0.000         
0.000         
0.000         
0.000         
0.000         
0.000         
0.000         
0.000         
0.000         
0.009         
0.000         
0.000         
0.000         
0.190         
0.000         
0.000         
0.000         
0.000         
0.000         
2.526         
0.000         
0.000         
0.000         
0.000         
0.000         
0.000         
0.000         
0.000         
0.000         
0.000         
0.000         
0.000         
0.000         
0.000         
0.000         
0.000         
0.000         
0.000         
0.000         
0.000         
0.066         
0.000         
0.000         
0.000         
0.000         
0.000         
3.086         
0.000         
0.000         
0.000         
0.000         
0.000         
0.000         
0.000         
0.000         
0.000         
0.000         
0.000         
0.000         
0.000         
0.000         
0.000         
0.000         
0.000         
4.411         
0.000         
0.000         
0.000         
0.000         
0.000         
0.000         
0.000         
0.000         
0.000         
0.000         
0.000         
0.000         
0.000         
0.000         
0.000         
0.000         
0.000         
0.000         
0.000         
0.000         
0.000         
0.000         
0.000         
0.000         
0.000         
0.000         
0.000         
0.000         
6.162         
5.449         
0.113         
0.000         
0.000         
0.000         
0.000         
0.000         
0.000         
0.000         
0.000         
0.000         
0.000         
0.000         
27.272        
0.000         
0.000         
0.000         
0.000         
0.000         
0.000         
0.000         
6.422         
0.000         
0.000         
0.000         
0.000         
0.000         
0.000         
0.000         
0.000         
0.000         
0.000         
0.000         
0.000         
0.000         
0.000         
0.000         
0.000         
0.000         
0.000         
0.000         
0.000         
0.000         
0.000         
0.000         
0.000         
0.000         
0.000         
0.000         
0.000         
0.000         
0.000         
0.000         
0.000         
0.000         
0.000         
0.000         
0.000         
0.000         
0.000         
0.000         
0.000         
0.000         
0.000         
0.000         
0.000         
0.000         
0.000         
0.000         
0.000         
0.000         
0.000         
0.000         
0.000         
0.000         
0.000         
0.000         
0.000         
0.000         
0.000         
0.000         
0.000         
0.000         
0.000         
0.000         
0.000         
0.000         
0.000         
0.000         
0.000         
0.000         
0.000         
0.000         
0.000         
0.000         
0.000         
0.000         
0.000         
0.000         
0.000         
0.000         
0.000         
0.000         
0.000         
0.000         
0.000         
0.000         
0.000         
0.000         
0.000         
0.000         
0.000         
1.126         
0.000         
0.000         
0.000         
0.000         
0.000         
0.000         
0.000         
0.000         
0.000         
0.000         
0.000         
0.000         
0.000         
0.000         
0.000         
0.000         
0.000         
0.000         
0.000         
0.000         
7.543         
0.000         
0.000         
0.000         
0.000         
0.000         
0.000         
0.000         
10.530        
0.000         
0.000         
0.000         
0.478         
5.603         
0.000         
0.000         
0.000         
0.000         
0.000         
0.000         
0.000         
0.000         
0.000         
0.000         
0.000         
2.272         
0.000         
1.210         
0.000         
0.000         
0.000         
0.000         
0.000         
2.288         
0.000         
2.582         
0.000         
0.000         
0.000         
0.000         
0.000         
0.000         
0.244         
0.000         
0.000         
0.000         
0.000         
0.000         
0.000         
2.994         
0.000         
0.000         
0.000         
0.000         
0.000         
0.000         
0.000         
0.000         
0.000         
0.000         
0.000         
0.000         
0.000         
0.000         
0.000         
0.000         
0.000         
0.000         
0.000         
0.000         
0.000         
0.000         
0.000         
0.000         
0.000         
0.000         
0.000         
0.000         
0.000         
0.000         
0.000         
0.000         
0.000         
0.000         
0.000         
0.000         
0.000         
0.000         
0.000         
0.000         
0.000         
0.000         
0.000         
0.000         
0.000         
0.000         
0.000         
0.000         
0.000         
0.000         
0.000         
0.000         
0.000         
0.000         
0.000         
0.000         
0.000         
0.000         
0.000         
0.000         
0.000         
0.000         
0.000         
0.000         
0.000         
0.000         
0.000         
0.000         
0.000         
0.000         
0.000         
0.000         
0.000         
0.000         
0.000         
0.000         
0.000         
0.000         
0.000         
0.000         
0.000         
0.000         
0.000         
0.000         
0.000         
0.000         
0.000         
0.000         
0.000         
0.000         
0.551         
0.000         
0.000         
0.000         
0.000         
0.000         
0.000         
0.000         
0.000         
0.000         
0.000         
0.000         
0.000         
0.000         
0.000         
0.000         
0.000         
0.000         
0.000         
0.000         
0.000         
0.000         
0.000         
0.000         
0.000         
0.000         
0.000         
0.000         
0.000         
0.000         
0.000         
0.000         
0.000         
0.000         
0.000         
0.000         
0.000         
0.000         
0.000         
17.447        
0.000         
13.927        
0.000         
0.000         
0.000         
0.000         
22.641        
0.000         
0.000         
0.000         
0.171         
0.000         
0.000         
0.000         
0.000         
7.956         
0.000         
52.879        
0.000         
0.000         
0.000         
0.000         
0.000         
0.000         
0.000         
0.000         
0.000         
0.000         
0.000         
0.000         
67.116        
0.000         
0.000         
10.304        
0.000         
0.000         
0.000         
81.815        
0.000         
0.000         
0.000         
160.368       
0.000         
0.000         
0.000         
0.000         
0.000         
7.767         
0.000         
0.000         
0.000         
0.000         
0.000         
0.000         
0.000         
0.000         
0.000         
0.000         
0.000         
0.000         
0.000         
0.000         
0.000         
0.000         
0.000         
0.000         
0.000         
42.442        
0.000         
0.000         
0.000         
0.000         
0.000         
0.000         
0.000         
0.000         
0.000         
0.000         
0.000         
0.000         
0.000         
0.000         
0.000         
0.000         
0.000         
0.000         
0.000         
0.000         
0.000         
0.000         
0.000         
0.000         
0.000         
0.000         
0.000         
0.000         
0.000         
0.000         
0.000         
0.000         
0.000         
0.000         
0.000         
0.000         
0.000         
0.000         
0.000         
0.000         
0.000         
0.000         
0.000         
0.000         
0.000         
0.000         
0.000         
0.000         
0.000         
0.000         
0.000         
0.000         
0.000         
0.000         
0.000         
0.000         
0.000         
0.000         
0.000         
0.000         
0.000         
0.000         
0.000         
0.000         
0.000         
0.000         
0.000         
0.000         
0.000         
2.800         
0.666         
0.000         
0.000         
1.218         
0.000         
0.000         
0.000         
0.000         
0.000         
0.000         
0.000         
0.000         
0.000         
14.900        
0.544         
0.000         
0.000         
0.000         
0.000         
0.000         
0.000         
0.000         
0.004         
0.000         
0.000         
0.000         
0.000         
0.000         
0.000         
0.000         
0.000         
0.000         
0.000         
0.000         
0.000         
0.000         
0.000         
0.000         
0.000         
0.000         
0.000         
0.000         
0.000         
0.000         
0.000         
0.000         
0.000         
0.000         
0.000         
0.000         
0.000         
0.000         
0.000         
0.000         
0.000         
0.000         
0.000         
0.000         
0.000         
0.000         
0.000         
0.000         
0.094         
0.000         
0.000         
0.000         
0.000         
0.000         
0.000         
0.000         
0.000         
9.242         
0.000         
0.000         
0.000         
0.000         
0.000         
0.000         
0.000         
0.000         
0.000         
0.000         
2.350         
0.000         
0.000         
0.000         
0.000         
0.000         
0.000         
0.000         
0.000         
0.000         
0.000         
0.000         
0.000         
0.000         
0.000         
0.000         
0.000         
0.000         
0.000         
0.000         
0.000         
0.000         
0.000         
0.000         
0.000         
0.000         
0.282         
2.844         
0.000         
0.000         
0.000         
0.000         
0.000         
0.000         
0.000         
0.000         
0.000         
0.000         
0.000         
0.000         
0.000         
0.000         
0.000         
0.000         
0.000         
0.000         
0.000         
0.000         
0.000         
0.000         
0.000         
0.773         
0.000         
0.000         
0.000         
0.000         
0.000         
0.000         
0.000         
0.000         
0.000         
0.000         
0.000         
0.000         
0.000         
0.000         
0.000         
0.106         
6.336         
0.001         
0.000         
0.000         
0.000         
0.000         
0.000         
0.000         
0.000         
0.000         
0.000         
0.000         
0.000         
0.000         
0.000         
0.000         
0.000         
0.000         
0.000         
0.000         
0.000         
0.000         
0.000         
0.000         
0.000         
0.000         
0.000         
0.000         
0.000         
0.000         
0.000         
0.000         
0.000         
0.000         
0.000         
0.000         
0.000         
0.000         
0.000         
0.000         
0.000         
0.000         
0.000         
0.000         
0.000         
0.000         
0.000         
0.000         
0.000         
0.000         
0.000         
0.000         
0.000         
0.000         
0.000         
0.000         
0.000         
0.000         
0.000         
0.000         
0.000         
0.000         
0.000         
0.000         
0.000         
0.000         
0.063         
0.000         
0.000         
0.000         
0.000         
0.000         
0.000         
2.201         
0.000         
0.000         
0.000         
0.000         
0.000         
0.000         
0.000         
0.000         
0.000         
0.000         
0.000         
0.000         
0.000         
0.000         
0.000         
0.000         
0.000         
0.000         
0.000         
0.000         
14.137        
0.000         
0.235         
0.000         
0.000         
0.000         
0.000         
0.000         
0.000         
0.000         
0.000         
52.852        
0.000         
14.714        
0.000         
0.000         
12.535        
0.000         
0.000         
0.000         
0.000         
0.000         
0.000         
0.000         
6.171         
0.000         
0.000         
0.000         
0.000         
0.000         
0.000         
0.000         
3.510         
0.000         
0.000         
0.000         
0.000         
36.102        
7.394         
0.000         
0.000         
0.000         
0.000         
31.072        
0.000         
0.000         
0.000         
0.000         
0.000         
109.640       
0.000         
0.000         
53.036        
0.000         
0.000         
0.000         
90.234        
0.000         
0.000         
0.000         
0.000         
0.000         
0.000         
0.000         
0.000         
0.000         
0.000         
0.000         
0.000         
0.000         
0.000         
0.000         
0.000         
0.000         
0.000         
0.000         
0.000         
0.000         
0.000         
0.000         
0.000         
0.000         
0.000         
0.000         
0.000         
0.000         
0.000         
0.000         
0.000         
0.000         
0.000         
0.000         
0.000         
0.000         
0.000         
0.000         
0.000         
0.000         
0.000         
0.000         
0.000         
0.000         
0.000         
0.000         
0.000         
0.000         
0.000         
0.000         
0.000         
0.000         
0.000         
0.000         
0.000         
0.000         
0.000         
0.000         
0.000         
0.000         
0.000         
0.000         
0.000         
0.000         
0.000         
0.000         
0.000         
0.000         
0.000         
0.000         
0.000         
0.000         
0.000         
0.000         
0.000         
0.000         
0.000         
0.000         
0.000         
0.000         
0.000         
0.000         
0.000         
0.000         
0.000         
0.000         
0.000         
0.790         
0.000         
0.000         
2.729         
0.000         
6.966         
0.000         
0.000         
0.000         
0.000         
0.000         
0.000         
0.000         
0.000         
0.000         
0.000         
0.000         
0.000         
0.000         
0.000         
0.000         
0.000         
0.000         
0.000         
0.000         
0.000         
0.000         
0.000         
0.000         
0.000         
0.000         
0.000         
0.000         
0.000         
0.000         
0.000         
0.000         
0.000         
8.013         
0.000         
0.000         
0.000         
6.186         
0.000         
0.000         
0.000         
0.000         
0.000         
0.000         
0.000         
0.000         
0.000         
0.000         
0.000         
0.000         
0.000         
22.360        
0.000         
0.000         
0.000         
0.000         
0.000         
0.000         
1.773         
0.000         
0.000         
0.000         
0.000         
0.000         
0.000         
0.000         
0.000         
0.000         
0.000         
0.000         
0.000         
0.000         
0.000         
0.000         
0.000         
0.000         
0.000         
0.000         
0.000         
0.000         
0.000         
0.000         
0.000         
0.000         
0.000         
0.000         
0.000         
0.000         
0.000         
0.000         
0.000         
0.000         
0.000         
0.000         
0.000         
0.000         
0.000         
0.000         
0.000         
0.000         
0.000         
0.000         
1.556         
0.000         
0.000         
0.000         
0.000         
0.000         
0.000         
0.000         
0.000         
0.000         
0.119         
0.000         
0.000         
0.141         
0.000         
0.000         
0.000         
0.000         
0.000         
0.000         
0.000         
0.000         
0.000         
0.000         
0.000         
0.000         
0.000         
0.000         
0.000         
0.000         
0.000         
0.000         
0.000         
0.000         
0.000         
0.000         
0.000         
0.000         
0.000         
0.000         
0.000         
0.000         
0.000         
3.705         
0.000         
0.000         
0.000         
0.000         
0.000         
0.000         
0.000         
0.000         
0.000         
0.000         
0.000         
0.000         
0.000         
0.000         
0.000         
0.000         
0.000         
0.000         
0.000         
0.000         
0.000         
0.000         
0.000         
0.000         
0.000         
0.000         
0.000         
0.000         
0.000         
0.000         
0.000         
0.000         
0.000         
0.000         
0.000         
0.000         
0.000         
0.000         
0.000         
0.000         
0.000         
0.000         
0.000         
0.000         
0.000         
0.000         
0.000         
0.000         
0.000         
0.000         
0.000         
4.667         
0.000         
0.000         
0.000         
0.000         
0.000         
0.000         
49.224        
0.000         
0.000         
0.000         
0.000         
0.000         
0.000         
0.000         
0.000         
0.000         
0.000         
0.000         
0.000         
0.000         
1.662         
0.000         
0.000         
0.000         
0.000         
0.000         
0.000         
11.447        
0.000         
0.000         
22.065        
0.000         
2.333         
0.000         
0.000         
0.000         
0.000         
24.912        
21.741        
28.004        
0.000         
0.000         
0.000         
0.000         
0.000         
0.000         
44.520        
0.000         
0.000         
0.000         
0.000         
0.000         
3.558         
0.000         
0.000         
0.000         
0.000         
0.000         
0.000         
0.000         
0.000         
0.000         
43.209        
0.000         
0.000         
22.801        
0.000         
0.000         
0.000         
0.000         
0.000         
0.000         
0.000         
0.000         
0.000         
0.000         
0.000         
0.000         
0.000         
0.000         
0.000         
0.000         
0.000         
0.000         
0.000         
0.000         
0.000         
0.000         
0.000         
0.000         
0.000         
0.000         
0.000         
0.000         
0.000         
0.000         
0.000         
0.000         
0.000         
0.000         
0.000         
0.000         
0.000         
0.000         
0.000         
0.000         
0.000         
0.000         
0.000         
0.000         
0.000         
0.000         
0.000         
0.000         
0.000         
0.000         
0.000         
0.000         
0.000         
0.000         
0.000         
0.000         
0.000         
0.000         
0.000         
0.000         
0.000         
0.000         
0.000         
0.000         
0.000         
0.000         
0.000         
0.000         
0.000         
0.000         
0.000         
0.000         
0.000         
0.000         
0.000         
0.000         
0.000         
0.000         
0.000         
0.000         
0.000         
0.000         
0.000         
0.000         
0.000         
0.000         
0.000         
0.000         
0.000         
0.000         
0.000         
0.000         
0.000         
0.000         
0.000         
0.000         
0.000         
0.000         
0.000         
0.000         
0.000         
0.000         
0.000         
0.000         
0.000         
0.000         
0.000         
0.000         
0.000         
0.000         
0.000         
0.000         
103.923       
0.000         
0.000         
0.000         
0.000         
0.000         
0.000         
0.000         
0.000         
0.000         
0.000         
0.000         
0.000         
0.000         
0.000         
0.000         
0.000         
0.000         
0.000         
0.000         
0.000         
0.000         
0.000         
0.000         
0.000         
0.000         
0.000         
0.000         
0.000         
4.325         
0.000         
0.000         
0.000         
0.000         
0.000         
0.000         
0.000         
0.219         
4.087         
0.000         
50.599        
0.000         
0.000         
0.000         
0.000         
0.000         
0.000         
0.000         
0.000         
0.000         
0.000         
0.000         
0.000         
0.000         
0.000         
0.000         
0.000         
0.000         
0.000         
0.000         
0.000         
0.000         
0.000         
0.000         
0.000         
0.000         
0.000         
0.000         
0.000         
0.000         
0.000         
0.000         
0.000         
0.000         
0.000         
0.000         
0.000         
10.354        
0.000         
0.000         
0.000         
0.000         
1.531         
5.065         
0.575         
0.000         
0.000         
0.000         
0.000         
0.000         
0.000         
0.000         
0.000         
0.000         
0.000         
0.000         
0.000         
19.377        
0.000         
0.000         
0.000         
0.000         
0.000         
0.000         
0.000         
0.000         
0.000         
0.000         
0.000         
0.000         
0.051         
0.000         
0.000         
0.000         
0.000         
0.000         
0.000         
0.000         
0.000         
0.000         
0.000         
0.000         
0.000         
0.000         
0.000         
0.000         
0.000         
0.000         
0.000         
0.000         
0.000         
0.000         
0.000         
24.781        
2.523         
0.000         
0.000         
0.000         
0.000         
0.000         
0.000         
0.000         
0.000         
0.000         
0.000         
0.000         
1.643         
0.000         
0.000         
0.000         
0.000         
0.000         
0.000         
0.000         
0.000         
0.000         
0.000         
0.000         
0.000         
0.000         
0.000         
0.000         
0.000         
0.000         
0.000         
0.000         
0.000         
0.000         
0.000         
1.356         
0.000         
39.049        
0.000         
0.000         
0.000         
0.000         
0.000         
0.000         
0.000         
0.000         
0.000         
0.000         
0.000         
0.000         
0.000         
0.000         
0.000         
0.000         
0.000         
0.000         
0.000         
0.000         
0.000         
0.000         
0.000         
0.000         
0.000         
0.000         
0.000         
2.102         
0.000         
0.000         
0.000         
60.743        
18.659        
0.000         
0.000         
0.000         
0.000         
0.000         
54.416        
0.000         
0.000         
0.000         
42.101        
28.607        
9.336         
0.000         
15.909        
0.000         
0.000         
0.000         
0.000         
0.000         
0.000         
0.000         
0.000         
59.792        
0.000         
30.794        
0.000         
0.000         
0.000         
41.310        
0.000         
0.000         
0.000         
0.000         
1.336         
1.313         
0.000         
0.000         
31.787        
0.000         
0.000         
0.000         
0.000         
0.000         
0.000         
0.000         
3.125         
0.000         
0.000         
0.000         
0.000         
14.789        
0.000         
0.787         
0.000         
0.000         
0.000         
0.000         
0.000         
0.000         
0.000         
0.000         
0.000         
0.000         
0.000         
0.000         
0.000         
0.000         
0.000         
0.000         
0.000         
0.000         
0.000         
0.000         
0.000         
0.000         
0.000         
0.000         
0.000         
0.000         
0.000         
0.000         
0.000         
0.000         
0.000         
0.000         
0.000         
0.000         
0.000         
0.000         
0.000         
0.000         
0.000         
0.000         
0.000         
0.000         
0.000         
0.000         
0.000         
0.000         
0.000         
0.000         
0.000         
0.000         
0.000         
0.000         
0.000         
0.000         
0.000         
0.000         
0.000         
0.000         
0.000         
0.000         
0.000         
0.000         
0.000         
0.000         
0.000         
0.000         
5.795         
0.000         
0.005         
0.032         
0.000         
1.502         
3.334         
0.000         
0.000         
0.000         
0.000         
0.000         
0.102         
0.096         
0.000         
0.000         
0.000         
0.000         
0.000         
0.000         
0.205         
0.000         
0.000         
0.000         
0.000         
0.000         
0.000         
0.000         
0.000         
0.000         
0.000         
0.000         
33.527        
0.000         
0.000         
0.000         
0.000         
0.000         
0.000         
0.000         
0.000         
0.000         
0.000         
0.000         
0.000         
0.000         
0.000         
0.000         
0.000         
0.000         
0.000         
0.000         
0.000         
0.000         
0.000         
0.000         
0.000         
0.000         
0.000         
0.000         
0.000         
0.000         
2.539         
0.000         
0.000         
0.000         
0.000         
0.000         
9.215         
2.031         
0.000         
0.000         
0.000         
0.000         
0.000         
0.000         
0.000         
0.000         
0.000         
0.000         
0.000         
0.000         
0.000         
0.000         
0.000         
0.000         
0.000         
0.000         
0.000         
0.000         
0.000         
0.000         
0.000         
0.000         
0.000         
0.000         
0.000         
0.000         
0.000         
0.000         
0.000         
0.000         
0.000         
0.000         
0.000         
0.000         
0.000         
0.000         
0.000         
0.000         
0.000         
0.000         
0.000         
0.000         
0.000         
0.000         
0.000         
0.000         
0.000         
0.000         
0.000         
4.373         
0.000         
0.000         
0.000         
0.000         
0.000         
0.000         
0.000         
0.000         
0.000         
0.000         
0.000         
0.000         
0.000         
0.000         
0.000         
0.000         
0.000         
0.000         
0.000         
0.000         
0.000         
0.000         
0.000         
0.000         
0.000         
0.000         
0.000         
0.000         
0.000         
0.000         
0.000         
0.000         
0.000         
0.000         
0.000         
0.000         
0.000         
0.000         
0.000         
0.000         
0.000         
0.000         
0.000         
0.000         
0.000         
0.000         
0.000         
0.000         
0.000         
0.000         
0.000         
0.000         
0.000         
0.000         
0.000         
0.000         
0.000         
0.000         
0.000         
0.000         
0.000         
0.000         
0.000         
0.000         
0.000         
0.000         
0.000         
0.000         
0.000         
0.000         
0.000         
0.000         
0.000         
0.000         
0.000         
0.000         
0.000         
0.000         
0.000         
0.000         
0.000         
0.000         
0.000         
0.000         
0.000         
0.085         
0.000         
0.000         
0.000         
0.000         
0.000         
0.000         
0.000         
0.000         
0.000         
5.107         
0.000         
0.000         
0.000         
0.000         
0.000         
0.000         
0.000         
0.000         
0.448         
0.000         
0.000         
0.000         
0.000         
0.000         
0.000         
0.000         
0.000         
0.000         
0.000         
0.061         
0.000         
0.000         
0.000         
0.000         
0.000         
68.423        
0.000         
0.000         
0.000         
0.000         
0.000         
0.000         
0.000         
0.000         
0.000         
0.000         
0.000         
0.000         
0.000         
0.000         
0.000         
0.000         
0.000         
0.000         
0.000         
0.000         
0.247         
0.000         
0.000         
0.000         
0.000         
0.000         
0.000         
0.000         
0.000         
0.000         
0.000         
0.000         
0.000         
0.000         
26.846        
0.000         
0.000         
0.000         
0.000         
0.000         
0.000         
0.000         
0.000         
0.000         
0.000         
59.652        
0.000         
49.707        
0.000         
0.000         
0.000         
0.000         
0.000         
0.000         
0.000         
0.000         
6.358         
0.000         
389.051       
0.000         
0.000         
0.000         
0.000         
0.000         
0.000         
0.000         
0.000         
0.000         
0.000         
0.000         
0.000         
0.000         
0.000         
0.000         
0.000         
0.000         
0.000         
0.000         
0.000         
0.000         
0.000         
0.000         
0.000         
0.000         
0.000         
0.000         
0.000         
0.000         
0.000         
0.000         
0.000         
0.000         
0.000         
0.000         
0.000         
0.000         
0.000         
0.000         
0.000         
0.000         
0.000         
0.000         
0.000         
0.000         
0.000         
0.000         
0.000         
0.000         
0.000         
0.000         
0.000         
0.000         
0.000         
0.000         
0.000         
0.000         
0.000         
0.000         
0.000         
0.000         
0.000         
1.884         
0.000         
0.000         
0.000         
0.000         
0.000         
0.000         
0.000         
0.000         
6.274         
0.000         
0.000         
0.000         
0.000         
0.000         
0.000         
0.000         
0.000         
0.000         
0.000         
0.000         
0.000         
0.000         
0.000         
0.000         
0.000         
0.000         
0.000         
0.000         
0.000         
0.000         
0.000         
0.000         
0.000         
0.000         
0.000         
0.000         
0.000         
0.000         
0.000         
0.000         
0.000         
0.000         
0.000         
0.000         
0.000         
0.000         
0.000         
0.000         
0.000         
0.000         
0.000         
0.000         
0.000         
0.000         
0.000         
0.000         
0.000         
13.969        
0.000         
6.217         
0.000         
0.000         
0.000         
0.000         
0.000         
0.000         
0.000         
0.000         
0.000         
0.000         
0.000         
0.000         
0.202         
0.690         
0.000         
0.000         
0.000         
0.000         
0.000         
5.139         
0.000         
0.000         
0.000         
0.000         
0.000         
0.238         
0.000         
0.000         
0.000         
0.000         
0.000         
0.000         
0.000         
0.000         
0.000         
0.000         
0.000         
0.000         
0.000         
0.000         
0.000         
0.000         
0.000         
0.000         
0.000         
0.000         
0.000         
0.000         
0.000         
0.000         
0.000         
0.000         
0.000         
0.000         
0.000         
0.000         
0.000         
0.000         
0.000         
0.000         
0.000         
0.000         
0.000         
0.000         
0.000         
15.402        
0.000         
0.000         
0.000         
0.000         
0.000         
0.000         
0.000         
0.000         
6.576         
0.000         
0.000         
0.000         
0.000         
0.000         
0.000         
0.000         
0.000         
0.000         
0.010         
0.000         
0.000         
0.000         
0.000         
0.000         
0.000         
0.000         
0.000         
0.000         
0.000         
0.000         
0.000         
0.000         
0.000         
0.000         
0.000         
0.000         
0.000         
0.000         
0.000         
0.000         
0.000         
0.000         
0.000         
0.000         
0.000         
0.000         
0.000         
0.000         
0.000         
0.000         
0.000         
0.000         
0.000         
12.345        
3.284         
0.000         
0.000         
0.000         
0.000         
0.000         
0.000         
0.000         
0.000         
0.000         
0.000         
0.000         
0.000         
0.000         
0.000         
0.000         
0.000         
0.000         
0.000         
0.000         
0.000         
0.000         
0.000         
0.000         
0.000         
0.000         
0.000         
0.000         
0.000         
0.000         
0.000         
0.000         
0.000         
0.000         
0.000         
0.000         
0.000         
0.000         
0.000         
0.000         
0.000         
0.000         
0.000         
0.000         
0.000         
0.000         
0.000         
0.000         
0.000         
0.000         
0.000         
0.000         
0.000         
0.000         
0.000         
0.000         
0.000         
0.000         
0.000         
0.000         
11.814        
0.000         
0.000         
0.000         
0.000         
0.000         
0.000         
0.000         
0.000         
41.243        
0.000         
0.000         
14.699        
0.000         
0.000         
0.000         
0.000         
0.000         
0.000         
2.067         
0.000         
0.000         
0.000         
76.737        
0.000         
94.879        
107.189       
8.583         
0.000         
0.000         
2.864         
0.000         
0.000         
0.000         
0.000         
0.000         
0.000         
0.000         
0.000         
0.000         
0.000         
0.164         
0.000         
0.000         
0.000         
0.000         
0.000         
0.000         
0.000         
0.000         
0.000         
0.000         
0.000         
0.000         
0.000         
0.000         
0.000         
41.335        
0.000         
0.000         
0.000         
0.000         
0.000         
0.000         
0.000         
0.000         
0.000         
0.000         
0.000         
0.000         
0.000         
0.000         
0.000         
0.000         
0.000         
0.000         
0.000         
0.000         
0.000         
0.000         
0.000         
0.000         
0.000         
0.000         
0.000         
0.000         
0.035         
0.000         
0.000         
0.000         
0.000         
0.000         
0.000         
0.000         
0.000         
0.000         
0.000         
0.000         
0.000         
0.000         
0.000         
0.000         
0.000         
0.000         
0.000         
0.000         
0.000         
0.000         
0.000         
0.000         
0.000         
0.000         
0.000         
0.000         
0.000         
0.000         
0.000         
0.000         
0.000         
0.000         
0.000         
0.000         
0.000         
0.000         
0.000         
0.000         
0.000         
0.000         
5.007         
0.000         
0.000         
0.000         
0.000         
0.000         
0.000         
0.000         
0.000         
0.000         
6.296         
0.000         
0.000         
0.000         
0.000         
0.000         
0.000         
0.000         
0.000         
0.000         
0.000         
0.000         
0.000         
0.000         
0.000         
0.000         
0.000         
0.000         
0.000         
0.000         
0.000         
0.000         
0.000         
0.000         
0.000         
0.000         
0.000         
0.000         
0.000         
22.879        
0.000         
0.000         
0.000         
0.000         
0.000         
0.000         
0.000         
0.000         
0.000         
2.114         
3.097         
0.000         
0.000         
0.000         
0.000         
0.000         
0.000         
0.000         
0.000         
0.000         
0.000         
0.000         
0.000         
0.000         
0.000         
1.949         
0.000         
0.000         
0.000         
0.000         
0.000         
0.000         
19.219        
0.000         
0.000         
0.000         
0.000         
0.000         
0.000         
0.000         
0.000         
31.055        
0.000         
0.000         
0.000         
0.000         
0.000         
0.000         
4.247         
0.337         
0.000         
8.380         
0.000         
0.000         
0.000         
0.000         
0.000         
0.000         
0.000         
0.000         
0.000         
0.000         
0.000         
0.000         
0.000         
0.000         
0.000         
0.000         
0.000         
0.000         
0.000         
0.000         
0.390         
0.000         
0.000         
0.000         
0.000         
0.000         
0.000         
0.000         
0.000         
0.000         
0.000         
0.000         
0.000         
0.000         
0.000         
0.000         
0.000         
0.000         
0.000         
0.000         
0.000         
0.000         
0.000         
0.108         
0.000         
0.000         
0.000         
0.000         
0.000         
0.000         
0.000         
0.000         
0.000         
0.000         
0.000         
0.000         
0.000         
0.000         
0.000         
0.000         
0.000         
0.000         
0.000         
0.000         
0.000         
0.000         
0.000         
0.000         
0.000         
3.320         
0.000         
0.000         
0.000         
0.000         
0.000         
0.000         
0.000         
0.000         
0.000         
0.000         
0.000         
0.000         
0.000         
0.000         
0.000         
0.000         
0.000         
0.000         
0.000         
0.000         
0.000         
0.000         
0.000         
0.000         
0.000         
0.000         
0.000         
0.000         
0.000         
0.000         
0.000         
0.000         
0.000         
0.000         
0.000         
0.000         
0.000         
0.000         
0.000         
0.000         
0.000         
0.000         
0.000         
0.000         
0.000         
0.000         
2.588         
0.000         
0.000         
10.437        
0.146         
0.000         
0.000         
0.000         
0.000         
0.000         
0.000         
0.000         
0.000         
0.000         
10.423        
0.400         
0.000         
3.990         
0.000         
0.000         
19.288        
0.000         
0.000         
0.000         
0.000         
0.000         
0.000         
0.000         
0.000         
0.000         
0.000         
0.000         
0.000         
0.000         
0.000         
0.000         
0.000         
0.000         
0.000         
0.000         
0.000         
0.000         
16.831        
0.000         
0.000         
113.806       
0.537         
0.000         
0.000         
0.000         
0.000         
0.000         
16.456        
10.224        
0.000         
0.000         
0.000         
0.000         
0.000         
0.000         
0.006         
0.084         
0.000         
0.035         
0.000         
0.000         
1.632         
0.000         
0.000         
0.000         
0.000         
7.698         
0.000         
10.231        
0.000         
0.000         
0.000         
25.579        
0.000         
0.000         
0.000         
0.000         
0.000         
0.000         
21.957        
0.000         
0.000         
5.110         
0.000         
0.000         
0.000         
0.000         
0.000         
0.000         
0.000         
0.000         
0.000         
0.000         
0.000         
0.000         
0.000         
0.000         
0.000         
0.000         
0.000         
0.000         
21.330        
0.000         
0.000         
0.000         
0.000         
0.000         
0.000         
0.000         
0.000         
0.000         
0.000         
0.000         
0.000         
0.000         
0.000         
0.000         
0.000         
0.000         
0.000         
0.000         
0.000         
0.000         
0.000         
0.000         
0.000         
0.000         
0.000         
0.000         
0.000         
0.000         
0.000         
0.000         
0.000         
0.000         
0.000         
0.000         
0.000         
0.000         
0.000         
0.000         
0.000         
0.000         
0.000         
0.000         
0.000         
0.000         
0.000         
0.000         
0.000         
0.000         
0.000         
0.234         
0.000         
0.000         
0.000         
0.000         
0.000         
0.000         
0.000         
0.756         
0.558         
0.000         
0.000         
0.000         
0.000         
0.000         
0.000         
0.000         
0.000         
0.000         
0.000         
0.000         
0.000         
0.000         
0.000         
0.000         
0.000         
0.000         
0.000         
0.000         
0.000         
0.000         
0.000         
0.000         
0.000         
0.000         
0.000         
0.000         
0.000         
0.000         
0.000         
0.000         
0.000         
0.000         
0.000         
0.000         
0.000         
0.000         
0.000         
0.000         
0.000         
0.000         
0.000         
0.000         
3.747         
0.000         
0.000         
0.000         
0.000         
0.000         
0.000         
0.000         
13.386        
0.000         
0.000         
0.000         
0.000         
0.000         
0.000         
0.000         
0.000         
0.000         
0.000         
0.000         
0.000         
0.000         
0.000         
0.000         
0.000         
0.000         
0.000         
0.000         
0.000         
0.000         
0.000         
0.000         
0.000         
0.000         
0.000         
0.000         
0.000         
0.000         
0.000         
0.000         
0.000         
0.000         
0.000         
0.000         
0.000         
0.000         
0.000         
0.000         
0.000         
0.000         
0.000         
0.000         
0.000         
0.000         
0.000         
0.000         
0.000         
0.000         
0.000         
0.000         
0.000         
0.000         
0.000         
0.000         
0.000         
0.000         
7.533         
0.000         
0.000         
0.000         
0.000         
0.000         
0.000         
0.000         
0.000         
0.000         
0.000         
0.000         
0.000         
0.000         
0.000         
0.000         
0.000         
0.000         
0.000         
0.000         
0.000         
0.000         
0.000         
0.000         
0.000         
0.000         
0.000         
0.000         
2.270         
0.000         
0.000         
0.000         
0.000         
0.000         
0.000         
0.000         
0.000         
0.000         
0.000         
0.000         
0.000         
0.000         
0.000         
0.000         
0.000         
0.000         
0.000         
0.000         
0.000         
0.000         
0.000         
0.000         
0.000         
0.000         
0.000         
0.000         
0.000         
0.000         
0.000         
0.000         
0.000         
0.000         
0.000         
0.000         
0.000         
0.000         
0.000         
0.000         
0.000         
0.000         
0.000         
0.000         
0.000         
0.000         
0.000         
0.000         
0.000         
0.000         
0.000         
0.000         
0.000         
0.000         
0.000         
0.000         
0.000         
0.000         
0.000         
0.000         
0.000         
0.000         
0.000         
0.000         
0.038         
0.000         
0.000         
0.062         
0.013         
0.000         
0.000         
0.000         
0.000         
0.000         
0.000         
0.000         
0.000         
0.000         
9.700         
2.432         
0.000         
0.000         
0.000         
0.000         
0.000         
53.866        
0.000         
0.000         
6.499         
0.000         
0.000         
0.000         
0.000         
0.000         
0.000         
57.814        
71.903        
0.000         
0.000         
0.000         
0.000         
0.000         
0.000         
0.000         
0.000         
0.000         
0.000         
0.000         
0.000         
0.000         
0.000         
0.000         
0.000         
0.000         
0.000         
0.000         
0.000         
0.000         
0.000         
0.000         
0.000         
0.000         
0.000         
1.674         
0.000         
0.000         
0.000         
0.000         
0.000         
0.000         
0.000         
0.000         
0.000         
0.000         
0.000         
0.000         
0.001         
0.000         
0.045         
0.000         
0.000         
0.000         
0.000         
0.000         
0.000         
0.000         
0.000         
0.000         
0.000         
0.000         
16.238        
0.000         
0.000         
0.000         
0.000         
0.000         
0.000         
0.000         
0.000         
0.000         
0.000         
0.000         
0.000         
0.000         
0.000         
0.000         
97.251        
0.000         
0.000         
0.000         
0.000         
0.000         
0.000         
0.000         
0.000         
0.000         
0.000         
0.000         
0.000         
0.000         
0.000         
0.000         
0.000         
0.000         
0.000         
0.000         
0.000         
0.000         
0.000         
0.000         
0.000         
0.000         
0.000         
0.000         
0.000         
0.000         
0.000         
0.000         
0.000         
0.000         
0.000         
0.000         
0.000         
0.000         
0.000         
0.000         
0.000         
0.000         
0.000         
0.000         
0.000         
0.000         
0.000         
0.000         
0.000         
0.000         
23.444        
0.000         
0.000         
0.000         
0.000         
0.000         
14.110        
0.000         
0.000         
0.000         
0.000         
0.000         
0.000         
0.000         
0.000         
0.000         
0.000         
0.000         
0.000         
0.000         
0.000         
0.000         
0.000         
0.000         
0.000         
0.000         
0.000         
0.000         
0.000         
0.000         
0.000         
0.000         
0.000         
0.000         
0.000         
0.000         
0.000         
0.000         
0.000         
0.000         
0.000         
0.000         
0.000         
0.000         
0.000         
0.000         
0.000         
0.000         
0.000         
0.000         
0.000         
0.000         
0.000         
0.000         
0.000         
0.000         
0.000         
0.000         
0.000         
0.000         
0.000         
0.000         
0.000         
0.000         
0.000         
3.276         
5.010         
36.214        
0.000         
0.000         
0.000         
0.000         
0.000         
0.000         
0.000         
0.000         
0.000         
0.000         
0.000         
12.368        
4.124         
0.000         
0.000         
0.000         
0.000         
0.000         
0.000         
0.000         
0.000         
0.000         
0.000         
0.000         
0.000         
0.000         
0.000         
0.000         
0.000         
0.000         
0.000         
0.000         
0.000         
0.000         
0.000         
0.000         
0.000         
0.000         
0.000         
0.006         
0.000         
0.000         
0.000         
0.000         
0.000         
0.000         
0.000         
0.000         
0.000         
1.149         
1.213         
36.720        
0.000         
36.594        
0.000         
0.000         
0.000         
6.150         
0.000         
0.000         
0.000         
0.000         
0.000         
0.000         
0.045         
0.000         
0.000         
0.000         
0.000         
0.000         
0.000         
0.000         
0.000         
0.000         
2.873         
0.000         
0.288         
8.311         
0.000         
0.000         
0.000         
0.000         
0.000         
0.000         
0.000         
0.000         
0.000         
0.000         
0.000         
0.000         
0.000         
0.541         
0.000         
0.000         
0.000         
0.000         
0.000         
0.000         
0.000         
0.000         
0.000         
0.000         
0.000         
0.000         
0.000         
0.000         
0.000         
0.000         
0.000         
0.000         
0.000         
0.000         
0.000         
0.000         
0.000         
0.000         
0.000         
0.000         
0.000         
0.000         
0.000         
0.000         
0.000         
0.000         
0.000         
0.000         
0.000         
0.000         
0.000         
0.000         
0.000         
0.000         
0.000         
0.000         
0.000         
0.000         
0.000         
0.000         
0.000         
0.000         
0.000         
0.000         
0.000         
0.000         
0.000         
0.000         
0.000         
0.000         
0.000         
0.000         
0.000         
0.000         
0.000         
6.872         
0.000         
0.000         
0.000         
1.547         
0.000         
0.000         
0.000         
0.000         
0.000         
0.000         
0.000         
0.000         
27.003        
0.000         
18.749        
3.464         
0.000         
0.000         
0.000         
0.000         
0.000         
0.000         
0.000         
0.000         
0.000         
0.000         
0.000         
0.000         
0.000         
0.000         
0.000         
0.000         
0.000         
0.000         
0.000         
17.687        
0.000         
0.000         
0.000         
11.956        
0.000         
66.418        
0.000         
0.000         
19.584        
1.805         
0.000         
0.000         
0.000         
0.000         
0.000         
0.000         
0.000         
0.000         
0.000         
0.000         
0.000         
0.000         
0.000         
0.000         
0.000         
0.000         
0.000         
0.000         
0.000         
0.000         
4.855         
0.000         
25.374        
0.000         
0.000         
0.000         
0.000         
0.000         
0.000         
0.000         
0.000         
0.000         
0.000         
0.000         
109.198       
0.000         
0.000         
0.000         
0.000         
0.000         
0.000         
0.000         
0.000         
0.000         
0.000         
0.000         
0.000         
0.000         
0.000         
0.000         
0.000         
0.000         
0.000         
0.000         
0.000         
0.000         
0.000         
0.000         
0.000         
0.000         
0.000         
0.000         
0.000         
0.000         
0.000         
0.000         
0.000         
0.000         
0.000         
0.000         
0.000         
0.000         
0.000         
0.000         
0.000         
0.000         
0.000         
0.000         
0.000         
0.000         
0.000         
0.000         
0.000         
0.000         
0.000         
0.000         
0.000         
0.000         
3.538         
0.000         
0.000         
0.000         
0.000         
0.000         
0.000         
0.000         
0.000         
0.000         
0.000         
0.000         
0.000         
0.000         
0.000         
0.000         
0.000         
0.000         
0.000         
22.073        
0.000         
0.000         
0.000         
0.000         
0.000         
0.000         
0.000         
0.000         
127.896       
0.000         
0.000         
0.000         
0.000         
0.000         
0.000         
0.000         
0.000         
0.000         
1.026         
0.000         
0.000         
0.000         
0.000         
0.000         
0.000         
0.000         
0.000         
0.000         
0.000         
0.000         
0.000         
0.000         
0.000         
0.000         
0.000         
0.000         
0.000         
0.000         
0.000         
0.000         
0.000         
0.000         
0.000         
0.000         
0.000         
0.000         
0.000         
0.000         
28.102        
74.943        
0.000         
0.000         
27.517        
0.000         
0.000         
2.888         
10.361        
0.000         
0.000         
0.000         
0.000         
0.000         
20.181        
0.000         
0.000         
0.000         
0.000         
0.000         
0.000         
0.000         
0.000         
0.000         
29.497        
0.000         
0.000         
0.000         
0.000         
0.000         
8.364         
5.088         
0.000         
0.000         
4.408         
0.000         
0.000         
0.000         
0.489         
0.000         
0.000         
0.000         
0.000         
0.000         
0.000         
0.000         
0.000         
0.000         
0.000         
0.000         
0.000         
0.000         
0.000         
0.000         
0.000         
0.000         
1.060         
0.000         
1.396         
0.000         
0.000         
0.000         
0.000         
0.000         
0.000         
0.000         
0.000         
0.000         
0.000         
0.000         
0.000         
0.000         
1.871         
0.000         
0.000         
0.000         
0.000         
0.000         
0.000         
0.000         
0.000         
0.000         
0.000         
0.000         
0.000         
0.000         
0.000         
0.000         
0.000         
0.000         
0.000         
0.000         
0.000         
0.000         
0.000         
0.000         
0.000         
0.000         
0.000         
0.000         
0.094         
0.000         
0.560         
0.000         
0.000         
0.000         
0.000         
0.000         
0.000         
0.000         
0.000         
0.000         
0.000         
0.000         
0.000         
0.000         
0.000         
0.000         
0.000         
0.000         
12.852        
0.000         
0.000         
0.000         
0.000         
0.000         
0.000         
0.000         
0.000         
0.000         
0.000         
0.000         
0.000         
0.000         
0.000         
0.000         
0.000         
0.000         
0.084         
0.000         
0.000         
0.000         
0.000         
0.000         
0.000         
0.000         
0.000         
0.000         
0.000         
0.000         
0.000         
0.000         
0.018         
0.000         
0.000         
0.000         
1.372         
0.000         
10.931        
1.743         
0.000         
0.000         
0.000         
0.000         
0.184         
0.000         
0.000         
0.000         
0.000         
0.000         
0.000         
0.000         
0.000         
0.000         
0.000         
0.000         
0.000         
0.000         
0.000         
0.000         
0.000         
0.000         
0.000         
0.000         
0.000         
0.000         
0.000         
0.000         
0.399         
0.000         
0.000         
0.000         
0.000         
0.000         
0.000         
0.000         
147.559       
0.000         
0.000         
0.000         
0.000         
0.000         
0.000         
0.000         
0.000         
0.000         
0.000         
0.000         
0.000         
0.000         
0.000         
0.000         
0.000         
0.001         
0.000         
0.000         
0.000         
0.000         
0.000         
0.000         
6.489         
0.000         
0.000         
8.850         
0.000         
0.000         
0.000         
0.000         
0.000         
0.000         
0.000         
0.000         
0.000         
0.000         
0.000         
0.000         
0.000         
0.000         
0.000         
0.000         
0.000         
0.000         
0.000         
0.000         
0.000         
0.000         
0.000         
0.000         
0.000         
0.000         
0.000         
0.000         
0.000         
0.000         
0.000         
0.000         
0.000         
0.000         
0.000         
32.000        
0.000         
0.000         
0.000         
0.000         
0.000         
0.000         
0.000         
0.000         
0.000         
0.000         
0.000         
0.000         
0.000         
0.000         
0.000         
0.000         
0.000         
0.000         
0.000         
0.000         
0.000         
0.000         
0.000         
0.000         
0.000         
0.000         
0.000         
0.000         
6.972         
0.000         
0.000         
0.000         
0.000         
0.000         
0.000         
0.000         
0.000         
0.000         
0.000         
0.000         
0.000         
0.000         
0.000         
0.000         
0.000         
0.000         
0.000         
0.000         
0.000         
0.000         
0.000         
0.000         
0.000         
0.000         
0.000         
0.000         
0.000         
0.000         
0.000         
10.322        
0.000         
12.142        
0.000         
0.000         
0.000         
0.000         
0.000         
0.000         
0.000         
0.000         
0.000         
0.000         
0.000         
0.000         
0.000         
0.000         
0.000         
0.000         
0.000         
0.000         
0.000         
0.000         
0.000         
0.000         
0.000         
0.000         
0.000         
0.000         
0.000         
0.000         
0.000         
0.000         
0.000         
0.000         
0.000         
0.000         
0.000         
0.000         
0.000         
0.000         
0.000         
0.000         
0.000         
0.000         
0.000         
0.000         
89.178        
0.000         
0.000         
0.000         
0.000         
0.000         
0.000         
0.000         
0.000         
0.000         
0.000         
0.000         
0.000         
0.000         
0.000         
0.000         
0.000         
0.000         
0.000         
0.000         
0.000         
0.000         
0.000         
0.000         
0.000         
23.635        
0.000         
0.000         
5.663         
0.000         
4.750         
0.000         
0.000         
0.000         
0.000         
0.000         
0.000         
0.000         
0.000         
0.000         
0.000         
0.000         
0.000         
0.000         
0.000         
0.000         
0.000         
0.000         
0.000         
0.000         
0.000         
0.000         
0.000         
0.000         
0.000         
0.000         
0.000         
0.000         
0.000         
0.000         
0.000         
0.000         
0.000         
0.000         
0.000         
0.000         
0.000         
0.000         
0.000         
0.000         
0.000         
0.000         
0.000         
0.000         
0.000         
0.000         
0.000         
0.000         
0.000         
0.000         
0.000         
0.000         
0.000         
0.000         
0.000         
0.000         
0.000         
0.000         
0.000         
0.000         
0.000         
0.000         
0.000         
0.000         
0.000         
0.000         
0.000         
0.000         
0.000         
0.000         
0.000         
0.000         
0.000         
0.000         
0.000         
0.000         
0.000         
0.000         
0.000         
0.000         
0.000         
0.000         
0.000         
0.000         
0.000         
0.000         
0.000         
0.000         
0.000         
0.000         
0.000         
0.000         
0.000         
0.000         
0.000         
0.000         
0.000         
0.000         
0.000         
0.000         
0.000         
0.000         
0.000         
0.000         
0.000         
0.000         
0.000         
0.000         
0.000         
0.000         
0.000         
0.000         
0.000         
0.000         
0.000         
0.000         
0.000         
0.000         
0.000         
0.000         
0.000         
0.076         
0.000         
3.339         
0.000         
0.000         
0.000         
0.000         
0.000         
24.385        
0.000         
0.000         
0.000         
20.918        
0.000         
0.000         
0.000         
0.000         
0.000         
0.000         
0.000         
0.000         
0.000         
0.000         
0.000         
0.000         
0.000         
0.000         
0.000         
0.000         
0.000         
19.262        
0.000         
0.000         
0.000         
0.000         
0.000         
0.000         
0.000         
0.000         
0.000         
0.000         
0.000         
0.000         
0.000         
0.000         
0.000         
0.000         
0.000         
0.000         
0.000         
0.000         
0.000         
0.000         
0.000         
42.185        
19.575        
0.000         
0.000         
0.000         
0.000         
0.000         
0.000         
0.000         
10.241        
0.000         
0.000         
0.000         
0.000         
0.000         
0.000         
0.000         
0.000         
0.000         
0.000         
0.000         
0.000         
0.000         
0.000         
0.000         
0.000         
0.000         
0.000         
0.000         
0.000         
0.000         
0.000         
0.000         
0.000         
0.000         
0.000         
0.000         
0.000         
0.000         
0.000         
0.000         
0.000         
0.000         
0.000         
0.000         
0.000         
0.000         
0.000         
0.000         
0.000         
0.000         
0.000         
0.000         
0.000         
0.000         
0.000         
0.000         
0.000         
0.000         
0.000         
0.000         
0.000         
0.000         
0.000         
0.000         
0.000         
0.000         
0.000         
0.000         
0.000         
0.000         
0.000         
0.000         
0.000         
0.000         
0.000         
0.000         
0.000         
0.000         
0.000         
0.000         
0.000         
0.000         
0.000         
0.000         
0.000         
0.000         
0.000         
0.000         
0.000         
0.000         
0.000         
0.000         
0.000         
0.000         
0.000         
0.000         
0.000         
0.000         
0.000         
0.000         
0.000         
1.106         
0.000         
0.549         
0.000         
0.000         
17.032        
0.000         
0.000         
0.000         
0.000         
0.000         
0.000         
0.000         
0.000         
22.263        
0.000         
0.000         
0.000         
0.000         
0.000         
0.000         
0.000         
0.000         
6.424         
0.000         
0.000         
0.000         
1.691         
0.000         
0.000         
0.000         
0.000         
0.000         
0.000         
0.000         
0.000         
0.000         
0.000         
0.000         
2.251         
0.000         
0.000         
0.000         
0.000         
0.000         
0.000         
0.000         
0.000         
0.000         
0.000         
0.000         
0.000         
0.000         
0.000         
0.000         
0.000         
0.000         
0.000         
0.000         
0.000         
0.000         
0.000         
0.000         
0.000         
0.000         
0.000         
0.000         
0.000         
0.000         
0.000         
0.000         
0.000         
0.000         
0.000         
0.000         
0.000         
0.000         
0.000         
0.000         
0.000         
18.878        
0.000         
1.929         
0.000         
0.000         
0.000         
0.000         
0.000         
0.000         
0.000         
20.132        
6.666         
0.000         
0.000         
0.000         
0.000         
0.000         
0.000         
0.000         
0.000         
0.000         
0.000         
0.000         
0.000         
0.000         
0.000         
0.000         
0.000         
0.000         
0.000         
0.000         
0.000         
0.000         
0.000         
0.000         
0.000         
0.000         
0.000         
0.000         
0.000         
0.000         
0.000         
0.000         
0.000         
0.000         
0.000         
0.000         
0.000         
0.000         
0.000         
0.000         
0.000         
0.000         
0.000         
10.678        
0.000         
0.000         
0.000         
0.000         
0.000         
0.000         
0.000         
0.000         
0.000         
0.000         
0.000         
0.000         
0.000         
0.000         
0.000         
0.000         
0.000         
0.000         
0.000         
0.000         
0.000         
0.000         
0.000         
0.000         
0.000         
0.000         
0.000         
0.000         
0.000         
0.000         
0.000         
0.000         
0.000         
0.000         
0.000         
0.000         
0.000         
0.637         
0.000         
0.000         
0.000         
0.000         
0.000         
0.000         
0.000         
0.000         
0.000         
0.000         
0.000         
0.000         
0.000         
0.000         
0.000         
0.000         
0.006         
0.000         
0.000         
0.000         
1.650         
0.000         
0.000         
0.000         
0.000         
0.000         
0.000         
0.000         
0.000         
0.000         
0.000         
0.000         
0.000         
0.000         
0.000         
0.000         
0.000         
0.000         
0.000         
0.000         
0.000         
0.000         
0.000         
0.000         
0.000         
0.000         
0.000         
0.000         
0.000         
11.083        
0.000         
0.000         
0.000         
9.451         
0.000         
0.000         
0.000         
0.139         
0.000         
0.000         
0.000         
0.000         
6.925         
0.000         
0.000         
0.000         
0.000         
35.605        
0.000         
0.000         
14.001        
0.000         
0.000         
0.000         
0.000         
0.000         
0.000         
0.000         
0.000         
0.000         
58.403        
0.000         
0.000         
0.000         
50.656        
0.000         
0.000         
0.000         
0.000         
0.000         
0.000         
0.000         
0.000         
0.579         
0.000         
0.000         
0.000         
2.563         
65.752        
0.000         
0.000         
0.000         
0.000         
0.000         
0.000         
0.000         
0.771         
0.000         
0.000         
0.000         
3.306         
0.000         
0.000         
10.476        
0.000         
0.000         
0.000         
0.000         
0.000         
0.000         
0.000         
0.000         
0.000         
0.000         
0.000         
0.000         
0.000         
0.000         
0.000         
0.000         
0.000         
0.000         
0.000         
0.000         
0.000         
0.000         
0.000         
0.000         
0.000         
0.000         
0.000         
0.000         
0.000         
0.000         
0.000         
0.000         
0.000         
0.000         
0.000         
0.000         
0.000         
0.000         
0.000         
0.000         
0.000         
0.000         
0.000         
0.000         
0.000         
0.000         
0.000         
0.000         
0.000         
0.000         
0.000         
0.000         
0.000         
0.000         
0.000         
0.000         
0.000         
0.000         
0.000         
0.000         
0.000         
0.000         
0.000         
0.000         
0.000         
0.000         
0.000         
0.000         
0.000         
0.000         
0.000         
0.000         
0.333         
0.000         
0.000         
0.000         
0.000         
0.000         
0.000         
39.392        
0.000         
0.000         
0.000         
0.000         
0.000         
0.000         
0.000         
0.000         
0.000         
0.000         
0.000         
0.000         
0.000         
13.251        
0.000         
0.000         
0.000         
0.000         
0.000         
0.000         
0.000         
0.000         
0.000         
0.000         
0.000         
0.000         
0.000         
0.000         
24.113        
0.000         
0.000         
0.000         
3.526         
0.000         
0.000         
0.000         
0.000         
0.000         
0.000         
0.000         
0.000         
0.000         
0.000         
0.000         
0.000         
0.000         
0.000         
0.000         
0.000         
0.000         
0.000         
0.000         
0.000         
0.000         
0.000         
0.000         
0.000         
0.000         
0.000         
17.817        
44.530        
6.190         
0.000         
0.000         
0.000         
30.351        
0.000         
2.190         
0.000         
0.000         
0.000         
0.000         
0.000         
0.000         
0.000         
0.000         
0.000         
0.000         
0.000         
0.000         
0.000         
0.000         
0.000         
0.000         
0.000         
0.000         
0.000         
0.000         
0.000         
0.000         
0.000         
0.000         
0.000         
0.000         
0.000         
0.000         
0.000         
0.000         
0.000         
0.118         
0.000         
0.000         
0.000         
0.000         
0.000         
0.000         
23.320        
0.000         
0.000         
0.000         
0.000         
0.000         
0.000         
0.000         
0.000         
1.768         
0.000         
0.000         
0.000         
0.000         
0.000         
0.000         
0.000         
0.000         
0.000         
0.000         
0.000         
0.000         
0.000         
0.000         
0.000         
0.000         
0.000         
0.000         
0.000         
0.000         
0.000         
0.000         
0.000         
0.000         
0.000         
0.000         
0.000         
0.000         
0.000         
0.000         
0.000         
0.000         
0.000         
0.000         
0.000         
0.000         
0.000         
0.000         
0.000         
0.000         
0.000         
0.000         
0.000         
0.000         
0.000         
0.000         
0.000         
0.000         
0.000         
0.000         
0.000         
0.000         
0.000         
0.000         
0.000         
0.000         
0.000         
0.000         
0.000         
0.000         
0.000         
0.000         
0.000         
0.000         
0.000         
0.000         
0.000         
0.000         
0.000         
0.000         
0.000         
0.000         
0.000         
0.000         
0.000         
0.000         
0.004         
2.095         
0.000         
0.000         
0.000         
0.000         
0.000         
0.000         
0.000         
0.000         
0.000         
0.000         
0.000         
0.000         
0.000         
0.000         
0.000         
0.000         
0.000         
0.000         
0.690         
0.000         
4.068         
0.000         
0.000         
0.000         
0.000         
0.000         
0.000         
0.000         
0.000         
0.000         
0.000         
0.000         
1.697         
0.000         
0.000         
0.000         
0.000         
0.000         
0.000         
0.000         
0.000         
0.000         
0.000         
0.000         
0.000         
0.000         
0.000         
0.000         
0.000         
0.000         
0.000         
1.841         
0.000         
0.000         
0.000         
0.000         
0.000         
0.000         
0.000         
11.975        
0.000         
0.000         
0.000         
0.000         
0.000         
0.000         
0.000         
0.000         
0.000         
0.000         
0.000         
0.000         
0.000         
0.000         
0.000         
0.000         
0.000         
0.000         
0.000         
0.000         
1.414         
0.000         
0.000         
0.000         
0.000         
0.000         
0.000         
7.912         
0.000         
0.000         
0.000         
0.000         
11.272        
0.000         
0.000         
0.000         
0.000         
11.454        
0.000         
14.588        
0.000         
0.000         
0.000         
0.000         
0.000         
0.000         
0.000         
0.000         
0.000         
0.000         
0.000         
0.000         
0.000         
0.000         
0.000         
0.000         
0.000         
0.000         
0.000         
0.000         
0.000         
0.000         
0.000         
0.000         
0.000         
0.000         
0.000         
0.000         
0.000         
0.000         
0.000         
0.000         
0.000         
0.000         
0.000         
0.000         
0.000         
0.000         
0.000         
0.000         
0.000         
0.000         
0.000         
0.000         
0.000         
0.000         
0.000         
0.000         
0.000         
0.000         
0.000         
0.000         
0.000         
0.000         
0.000         
0.000         
0.000         
0.000         
0.000         
0.000         
0.000         
0.000         
0.000         
0.000         
0.000         
0.000         
0.000         
0.001         
0.000         
0.000         
0.000         
0.000         
0.000         
0.000         
0.000         
0.000         
32.015        
0.000         
0.000         
40.261        
0.000         
0.000         
0.000         
0.000         
0.000         
0.000         
0.000         
0.000         
0.000         
0.000         
0.000         
0.000         
3.888         
0.000         
0.000         
0.000         
0.000         
0.000         
0.000         
0.000         
0.000         
0.000         
0.000         
0.000         
0.000         
0.000         
0.000         
0.000         
0.000         
0.000         
0.000         
0.000         
20.218        
0.000         
0.000         
0.000         
0.000         
0.000         
0.000         
0.000         
0.000         
14.972        
0.000         
0.000         
0.000         
0.000         
0.000         
0.000         
9.492         
0.000         
0.000         
0.000         
6.011         
0.000         
0.000         
0.000         
3.846         
0.000         
0.000         
1.498         
0.000         
0.000         
0.000         
0.000         
17.212        
0.000         
0.000         
0.000         
0.000         
0.000         
0.000         
0.000         
0.000         
0.000         
0.000         
8.738         
0.000         
0.000         
0.000         
0.000         
0.000         
3.107         
0.000         
0.000         
0.000         
0.000         
0.000         
0.000         
0.000         
0.000         
0.000         
36.842        
8.629         
9.079         
0.000         
0.000         
0.000         
0.000         
0.000         
0.000         
0.000         
0.000         
0.000         
0.000         
0.000         
0.000         
0.000         
0.000         
0.000         
0.000         
0.000         
0.000         
0.000         
0.000         
0.000         
0.000         
0.000         
0.000         
0.000         
0.000         
0.000         
0.000         
0.000         
0.000         
0.000         
0.000         
0.000         
0.000         
0.000         
0.000         
0.000         
0.000         
0.000         
0.000         
0.000         
0.000         
0.000         
0.000         
0.000         
0.000         
0.000         
0.000         
0.000         
0.000         
0.000         
0.000         
0.000         
0.000         
0.000         
0.000         
0.000         
0.000         
0.176         
0.000         
0.000         
0.000         
0.000         
0.000         
0.000         
0.000         
0.000         
0.000         
0.000         
0.000         
0.000         
0.000         
0.000         
0.000         
0.000         
0.000         
0.000         
0.000         
0.000         
0.000         
0.000         
0.000         
0.000         
0.000         
0.000         
0.000         
0.000         
0.000         
0.000         
0.000         
0.000         
0.000         
0.000         
0.000         
0.000         
0.000         
0.000         
0.000         
0.000         
0.000         
0.000         
0.000         
4.290         
1.613         
0.000         
0.000         
0.000         
0.000         
0.000         
0.000         
0.000         
0.000         
0.000         
0.000         
0.000         
0.000         
7.803         
0.558         
0.000         
0.000         
0.000         
0.000         
0.000         
0.000         
0.000         
0.000         
0.000         
0.000         
0.000         
2.624         
0.000         
0.000         
0.000         
0.000         
0.000         
0.000         
0.000         
0.000         
0.000         
0.000         
0.000         
0.000         
0.000         
0.000         
0.000         
0.000         
0.000         
0.000         
0.000         
0.000         
0.000         
0.000         
0.000         
0.000         
0.000         
0.000         
0.000         
0.000         
0.000         
0.000         
0.000         
7.891         
0.000         
4.779         
32.998        
0.000         
0.000         
0.000         
18.978        
0.000         
0.000         
0.000         
0.000         
0.000         
0.000         
0.000         
95.136        
0.000         
0.000         
0.000         
0.000         
0.000         
0.000         
30.376        
0.000         
0.000         
0.000         
0.000         
0.000         
0.000         
0.000         
0.000         
0.000         
0.000         
0.000         
0.000         
0.000         
0.000         
0.000         
0.000         
0.000         
0.000         
0.000         
0.000         
10.972        
0.000         
0.000         
0.000         
0.000         
0.000         
0.000         
0.000         
0.000         
0.000         
0.000         
0.000         
0.000         
0.000         
0.000         
0.000         
0.000         
0.000         
0.000         
0.000         
0.000         
0.000         
0.000         
0.000         
0.000         
0.000         
0.000         
0.000         
0.000         
0.000         
0.000         
0.000         
0.000         
0.000         
0.000         
0.000         
0.000         
0.000         
0.000         
0.000         
0.000         
0.000         
0.000         
0.000         
0.000         
0.000         
0.000         
0.000         
0.000         
0.000         
0.000         
0.000         
0.000         
0.000         
0.000         
0.000         
0.000         
0.000         
0.003         
0.000         
0.000         
0.000         
0.000         
0.000         
0.000         
0.000         
0.000         
0.000         
0.000         
0.000         
0.000         
0.000         
0.000         
0.000         
0.000         
0.000         
0.000         
0.000         
0.000         
0.000         
0.000         
0.000         
0.000         
0.000         
0.000         
0.000         
0.000         
0.000         
0.000         
0.000         
0.000         
0.000         
0.000         
0.000         
0.000         
0.000         
0.000         
0.000         
0.000         
0.000         
0.000         
0.000         
0.000         
0.000         
0.000         
0.000         
0.000         
0.000         
0.000         
0.000         
0.000         
0.000         
0.000         
0.000         
0.000         
0.000         
0.000         
0.000         
0.000         
0.000         
0.000         
0.000         
0.000         
0.000         
1.733         
0.000         
0.000         
0.000         
0.000         
0.000         
0.000         
44.677        
0.000         
0.000         
0.000         
2.210         
0.000         
0.000         
0.000         
0.000         
0.000         
0.000         
0.000         
0.000         
0.000         
0.000         
0.000         
0.000         
0.000         
0.000         
0.000         
0.000         
0.000         
0.000         
0.000         
0.000         
0.000         
0.000         
0.000         
0.000         
0.000         
0.000         
0.000         
9.015         
0.000         
0.000         
0.000         
0.000         
0.000         
0.000         
0.000         
0.000         
0.000         
0.000         
0.000         
0.000         
0.000         
0.000         
33.366        
0.000         
0.000         
0.000         
0.000         
0.321         
0.000         
0.276         
0.000         
0.000         
0.000         
0.000         
0.000         
0.000         
0.000         
0.000         
1.142         
0.000         
0.000         
0.000         
0.000         
0.000         
0.000         
0.000         
0.000         
0.000         
0.000         
0.000         
0.000         
0.000         
0.000         
0.000         
0.000         
0.000         
0.000         
6.854         
0.000         
0.000         
0.000         
0.000         
0.000         
0.000         
0.000         
0.000         
0.000         
0.000         
0.000         
0.000         
0.000         
0.000         
0.000         
0.000         
0.000         
0.000         
0.297         
0.000         
0.000         
0.000         
0.000         
0.000         
5.734         
0.000         
0.000         
0.000         
0.000         
0.000         
0.000         
0.000         
0.000         
0.000         
0.000         
0.113         
0.000         
0.000         
0.000         
0.000         
0.000         
0.000         
0.000         
0.000         
0.000         
0.000         
0.000         
0.000         
0.000         
0.000         
0.000         
0.000         
0.000         
0.000         
0.000         
0.000         
0.000         
0.000         
0.000         
0.000         
0.079         
0.000         
0.000         
0.000         
0.000         
0.000         
0.000         
0.000         
0.000         
0.000         
0.000         
0.000         
0.000         
0.000         
0.000         
0.000         
0.000         
0.000         
0.000         
119.191       
0.000         
0.000         
0.000         
0.000         
0.000         
0.000         
3.648         
0.000         
0.000         
0.000         
0.000         
0.000         
0.000         
0.000         
0.000         
0.000         
0.000         
0.000         
0.000         
0.000         
0.000         
0.000         
0.000         
0.000         
0.000         
0.000         
0.000         
0.000         
9.596         
1.646         
0.000         
0.000         
0.000         
0.000         
24.329        
0.000         
0.000         
0.000         
24.054        
0.000         
0.000         
0.000         
71.897        
0.000         
0.000         
0.000         
23.602        
0.000         
0.000         
0.000         
0.000         
26.465        
0.000         
0.000         
0.000         
0.754         
0.000         
0.000         
1.571         
0.000         
0.000         
0.000         
0.000         
0.000         
0.000         
0.000         
28.854        
0.000         
0.000         
33.237        
0.000         
0.000         
0.000         
0.000         
0.000         
0.000         
0.000         
0.000         
0.000         
0.000         
0.000         
0.000         
0.000         
0.000         
0.000         
0.000         
0.000         
0.000         
0.000         
0.000         
0.000         
0.000         
0.000         
0.000         
0.000         
0.000         
0.000         
0.000         
0.000         
0.000         
0.000         
0.000         
0.000         
0.000         
0.000         
0.000         
0.000         
0.000         
0.000         
0.000         
0.000         
0.000         
0.000         
0.000         
0.000         
0.000         
0.000         
0.000         
0.000         
0.000         
0.000         
0.000         
0.000         
0.000         
0.000         
0.000         
0.000         
0.000         
0.000         
0.000         
0.000         
0.000         
0.000         
0.000         
0.000         
0.000         
0.000         
0.000         
0.000         
0.000         
0.000         
0.000         
0.000         
37.429        
0.000         
0.000         
0.000         
0.000         
0.000         
0.000         
0.000         
0.000         
0.000         
0.000         
0.000         
0.000         
0.000         
0.000         
0.000         
0.000         
0.000         
0.000         
0.000         
0.000         
0.000         
0.000         
0.000         
0.000         
0.000         
0.000         
0.000         
0.000         
0.000         
0.000         
0.000         
0.000         
0.000         
0.000         
0.000         
0.000         
0.000         
0.000         
0.000         
0.000         
0.000         
0.000         
0.000         
0.000         
0.000         
0.000         
1.719         
0.000         
0.000         
10.533        
0.000         
0.000         
0.000         
0.000         
0.000         
0.000         
0.000         
0.000         
0.000         
0.444         
0.000         
0.000         
0.000         
0.000         
0.000         
0.000         
0.000         
0.000         
0.000         
0.000         
0.000         
0.169         
0.000         
0.000         
0.000         
0.000         
0.000         
0.000         
0.000         
0.000         
0.000         
0.000         
0.000         
0.000         
0.000         
0.000         
0.000         
0.000         
0.000         
0.000         
0.000         
0.000         
0.000         
0.000         
0.000         
0.000         
0.000         
0.000         
0.000         
0.000         
0.000         
0.000         
0.000         
0.476         
0.000         
0.000         
0.000         
0.000         
0.000         
0.000         
0.000         
0.000         
0.000         
0.000         
0.000         
0.000         
0.000         
0.000         
0.000         
0.000         
0.047         
0.000         
0.000         
0.000         
0.000         
0.000         
0.000         
0.000         
0.000         
10.250        
0.000         
0.000         
0.000         
0.000         
0.000         
0.000         
0.000         
0.000         
0.000         
0.000         
0.000         
0.000         
0.000         
0.000         
0.000         
0.000         
0.000         
0.000         
0.000         
0.000         
0.000         
0.000         
0.000         
0.000         
0.000         
0.000         
0.000         
0.000         
0.000         
0.000         
0.000         
0.000         
0.000         
0.000         
0.000         
0.000         
0.000         
0.012         
0.000         
0.000         
0.000         
0.000         
0.000         
0.000         
0.000         
0.000         
0.000         
0.000         
0.000         
0.000         
0.000         
0.000         
0.000         
0.000         
0.000         
0.000         
0.000         
0.000         
0.000         
0.000         
1.200         
0.000         
0.000         
8.222         
0.000         
0.000         
0.000         
0.000         
3.368         
0.000         
0.000         
0.000         
0.000         
0.000         
0.000         
0.000         
0.000         
0.000         
0.000         
22.721        
0.000         
5.734         
0.000         
0.000         
0.000         
0.000         
0.000         
0.000         
0.000         
0.000         
0.000         
0.000         
0.000         
18.523        
0.000         
0.000         
67.135        
0.000         
0.000         
0.000         
0.000         
0.000         
0.000         
0.000         
0.000         
0.000         
0.000         
0.000         
0.000         
0.000         
0.000         
45.523        
0.000         
0.000         
0.000         
44.432        
0.000         
21.710        
0.000         
0.000         
0.000         
3.800         
0.000         
0.000         
0.000         
0.000         
0.000         
0.000         
0.000         
0.000         
0.000         
0.000         
0.000         
0.000         
0.000         
0.000         
0.102         
0.000         
0.000         
0.000         
0.000         
0.024         
0.000         
0.000         
0.000         
3.410         
0.000         
0.000         
9.535         
0.000         
0.000         
0.000         
0.000         
0.000         
0.000         
0.000         
0.000         
0.000         
0.000         
0.000         
0.000         
0.000         
0.000         
0.000         
0.000         
0.000         
0.000         
0.000         
0.000         
0.000         
0.000         
0.000         
0.000         
0.000         
48.030        
0.000         
0.000         
0.000         
0.000         
0.000         
0.000         
0.000         
0.000         
0.000         
0.000         
0.000         
0.000         
0.000         
0.000         
0.000         
0.000         
0.000         
0.000         
0.000         
0.000         
0.000         
0.000         
0.000         
0.000         
0.000         
0.000         
0.000         
0.000         
0.000         
0.000         
0.000         
0.000         
0.000         
0.000         
0.000         
0.000         
0.000         
0.000         
0.000         
0.000         
0.000         
3.362         
0.000         
0.000         
0.000         
0.000         
0.000         
0.000         
0.000         
0.000         
0.000         
0.000         
0.000         
0.000         
0.000         
5.258         
0.000         
0.000         
0.000         
0.000         
0.000         
0.000         
0.000         
0.000         
0.000         
0.000         
0.000         
0.000         
0.000         
0.000         
0.000         
0.000         
0.000         
0.000         
0.000         
1.503         
0.000         
0.000         
0.000         
0.000         
0.000         
0.000         
0.000         
0.000         
0.000         
0.000         
0.000         
0.000         
0.000         
0.000         
0.000         
0.000         
0.000         
0.000         
0.000         
0.000         
0.000         
0.000         
0.000         
0.000         
0.000         
0.000         
0.000         
0.000         
0.000         
0.000         
0.000         
0.000         
0.000         
16.016        
0.000         
0.000         
0.000         
0.379         
0.101         
0.000         
0.000         
0.000         
0.000         
0.000         
0.000         
0.000         
0.000         
0.000         
0.000         
0.000         
0.000         
0.000         
0.000         
0.000         
0.000         
0.000         
0.000         
0.000         
0.000         
0.000         
0.000         
0.000         
0.000         
0.000         
0.000         
0.000         
0.000         
0.000         
0.000         
0.000         
0.000         
0.000         
0.000         
0.000         
18.219        
14.901        
0.000         
0.000         
0.000         
0.018         
0.000         
0.000         
0.000         
0.000         
0.000         
0.000         
0.000         
0.000         
0.000         
0.000         
0.000         
0.000         
0.000         
0.000         
0.000         
0.000         
0.000         
0.000         
0.000         
0.000         
0.000         
0.000         
0.000         
0.000         
0.000         
0.000         
0.000         
0.000         
0.000         
0.000         
0.000         
0.000         
0.000         
0.000         
0.000         
0.000         
0.000         
0.000         
0.000         
0.000         
0.000         
0.000         
0.000         
0.000         
0.000         
0.000         
0.000         
0.000         
0.000         
0.000         
0.000         
0.000         
0.000         
0.000         
0.000         
0.000         
0.000         
0.000         
0.000         
0.000         
0.000         
0.000         
0.000         
0.000         
0.000         
0.000         
0.000         
0.000         
0.148         
0.000         
0.000         
0.000         
0.001         
0.000         
0.000         
0.000         
0.000         
0.000         
0.000         
0.000         
0.000         
0.000         
0.000         
0.000         
0.000         
0.000         
0.949         
0.000         
0.226         
0.000         
0.000         
0.000         
0.000         
0.000         
0.000         
14.204        
2.426         
0.000         
0.000         
0.000         
0.000         
0.000         
0.000         
0.000         
0.000         
0.000         
0.000         
0.000         
0.000         
0.000         
0.000         
0.000         
2.955         
0.000         
0.000         
0.000         
0.000         
0.000         
0.000         
0.000         
15.914        
0.585         
0.000         
0.000         
0.000         
0.000         
0.000         
0.000         
70.579        
0.000         
0.000         
0.000         
0.000         
0.000         
0.000         
0.000         
0.000         
0.000         
0.000         
0.000         
0.000         
0.000         
0.000         
0.000         
0.000         
0.000         
0.000         
0.000         
0.000         
0.000         
4.096         
0.000         
0.000         
0.000         
0.000         
0.000         
0.629         
0.000         
0.000         
0.000         
0.000         
0.000         
0.000         
0.000         
2.155         
0.000         
0.000         
0.000         
14.824        
16.725        
0.000         
0.000         
0.000         
0.000         
0.000         
0.000         
0.000         
0.000         
8.667         
0.000         
25.576        
11.568        
0.000         
0.000         
0.000         
0.000         
0.000         
0.000         
0.000         
0.000         
0.000         
0.000         
0.000         
0.000         
0.000         
0.000         
0.000         
0.000         
0.000         
0.000         
0.000         
0.000         
0.000         
0.000         
0.000         
0.000         
0.000         
0.000         
0.000         
0.000         
0.000         
0.000         
0.000         
0.000         
0.000         
0.000         
0.000         
0.000         
0.000         
0.000         
0.000         
0.000         
0.000         
0.000         
0.000         
0.000         
0.000         
0.000         
0.000         
0.000         
0.000         
0.000         
0.000         
0.000         
0.000         
0.000         
0.000         
0.000         
0.000         
0.000         
0.000         
0.000         
0.000         
0.000         
0.000         
0.000         
0.000         
0.000         
4.726         
0.000         
0.000         
0.000         
0.000         
0.000         
0.000         
0.000         
0.000         
0.000         
0.000         
0.000         
0.000         
0.000         
0.000         
0.000         
0.000         
0.093         
0.000         
0.000         
0.000         
0.000         
0.000         
0.000         
0.000         
7.228         
0.000         
0.413         
0.000         
0.000         
0.000         
0.000         
0.000         
0.000         
0.000         
0.000         
0.000         
0.000         
0.000         
0.000         
0.000         
0.000         
0.000         
0.000         
0.000         
0.000         
0.000         
0.000         
0.000         
0.000         
2.243         
0.000         
0.000         
0.000         
0.000         
0.000         
0.000         
0.000         
0.000         
0.000         
0.000         
2.152         
0.000         
0.000         
0.000         
0.000         
0.000         
0.000         
55.648        
0.000         
0.000         
0.000         
0.000         
2.757         
0.000         
0.000         
1.801         
0.000         
0.000         
0.000         
0.000         
0.000         
0.000         
0.000         
0.000         
0.000         
0.000         
0.000         
0.000         
0.000         
0.000         
0.000         
0.000         
0.000         
0.000         
0.020         
0.000         
0.000         
0.000         
0.000         
0.015         
0.000         
0.000         
0.000         
0.000         
0.000         
0.000         
0.000         
0.000         
0.000         
0.000         
0.000         
0.002         
0.000         
0.000         
0.000         
0.000         
0.000         
0.000         
0.000         
0.000         
0.000         
0.000         
0.000         
0.000         
0.000         
0.000         
0.000         
0.000         
0.000         
0.000         
0.000         
0.000         
0.000         
0.000         
0.000         
0.000         
0.000         
0.000         
0.000         
0.000         
0.000         
0.000         
0.000         
0.000         
0.000         
0.000         
0.000         
0.000         
0.000         
29.753        
0.000         
0.000         
0.000         
0.000         
3.196         
0.000         
0.000         
0.000         
0.000         
0.000         
0.000         
0.000         
0.000         
0.000         
0.000         
0.000         
0.000         
0.000         
0.000         
0.000         
0.000         
0.000         
0.000         
0.000         
0.000         
0.000         
0.000         
0.000         
0.000         
0.045         
0.000         
0.000         
0.000         
0.000         
0.000         
0.000         
0.000         
0.000         
0.000         
0.000         
0.000         
0.000         
0.000         
0.000         
0.000         
0.000         
0.000         
0.000         
0.000         
0.000         
0.000         
0.000         
0.000         
0.000         
0.000         
0.000         
0.000         
0.000         
0.000         
0.000         
0.000         
0.000         
0.000         
0.000         
0.000         
0.000         
0.000         
0.000         
0.000         
7.252         
0.000         
0.000         
0.000         
0.000         
0.000         
0.000         
0.000         
0.000         
0.000         
0.000         
0.000         
0.000         
0.000         
0.000         
0.000         
0.000         
0.000         
0.000         
0.000         
0.000         
0.000         
0.000         
0.000         
0.000         
0.000         
0.000         
0.000         
0.000         
0.000         
0.000         
0.000         
0.000         
0.000         
0.000         
0.000         
0.000         
0.000         
0.000         
0.000         
6.496         
0.000         
0.000         
38.153        
0.000         
0.000         
0.000         
0.000         
0.000         
21.291        
6.704         
0.000         
0.000         
0.000         
0.000         
0.000         
0.184         
10.190        
36.693        
7.267         
0.000         
0.000         
0.000         
2.290         
0.000         
0.000         
0.000         
0.000         
0.000         
0.000         
0.000         
4.810         
0.000         
0.000         
0.000         
0.000         
0.000         
0.000         
0.000         
0.000         
0.017         
1.041         
0.000         
0.000         
0.000         
0.000         
266.619       
0.000         
0.000         
0.000         
0.000         
0.000         
0.000         
0.000         
0.000         
0.000         
0.000         
0.000         
0.000         
0.000         
0.000         
0.000         
0.000         
0.000         
0.000         
0.000         
0.000         
0.000         
0.000         
0.000         
0.000         
0.000         
0.000         
0.000         
0.000         
0.000         
0.000         
0.000         
0.000         
0.000         
0.000         
0.000         
0.000         
0.000         
0.000         
0.000         
0.000         
0.000         
0.000         
0.000         
0.000         
0.000         
0.000         
0.000         
0.000         
0.000         
0.000         
0.000         
0.000         
0.000         
0.000         
0.000         
0.000         
0.000         
0.000         
0.000         
0.000         
0.000         
0.000         
0.000         
0.000         
0.019         
0.000         
0.000         
0.000         
0.000         
0.000         
0.000         
0.000         
0.000         
0.000         
6.801         
0.000         
0.000         
0.000         
0.000         
0.000         
0.000         
6.769         
0.000         
0.000         
0.000         
0.000         
0.000         
0.000         
0.000         
0.000         
0.790         
0.000         
0.000         
0.000         
0.000         
0.000         
0.000         
0.000         
0.000         
0.000         
0.000         
0.000         
0.000         
0.000         
0.000         
0.000         
0.000         
0.000         
0.000         
0.000         
0.000         
0.000         
0.000         
0.000         
0.000         
0.000         
0.000         
0.000         
0.000         
0.000         
0.000         
0.000         
0.000         
0.000         
0.000         
0.000         
0.000         
0.000         
0.000         
0.000         
0.000         
3.432         
0.000         
0.000         
0.708         
0.000         
0.000         
0.000         
0.000         
0.000         
0.000         
0.000         
0.000         
0.000         
0.000         
0.000         
0.000         
0.000         
0.000         
0.000         
0.000         
0.000         
0.000         
0.000         
0.766         
0.773         
0.000         
0.000         
0.000         
0.000         
0.000         
0.000         
0.000         
27.048        
0.000         
0.000         
0.000         
0.000         
0.000         
0.000         
0.000         
0.000         
0.000         
0.000         
0.000         
0.000         
0.000         
0.000         
0.000         
0.000         
0.000         
0.000         
0.000         
0.000         
0.000         
0.000         
0.000         
0.000         
0.000         
0.000         
0.000         
0.000         
0.000         
0.000         
0.000         
0.000         
0.000         
0.000         
0.000         
0.000         
0.000         
0.000         
0.000         
0.000         
0.000         
0.000         
0.000         
0.000         
0.000         
0.000         
0.000         
0.000         
0.000         
0.000         
0.000         
0.000         
0.000         
0.000         
0.000         
0.000         
0.000         
0.000         
2.833         
0.000         
0.000         
0.000         
0.000         
0.000         
0.000         
0.000         
0.000         
0.000         
0.000         
0.000         
0.000         
0.000         
0.000         
0.000         
0.000         
0.000         
0.000         
0.000         
0.000         
0.000         
0.000         
0.000         
0.000         
0.000         
0.185         
1.031         
0.000         
0.000         
0.000         
0.000         
0.000         
0.000         
0.000         
0.000         
0.000         
0.000         
0.000         
0.000         
0.000         
0.000         
0.000         
0.000         
0.000         
0.000         
0.000         
0.000         
0.000         
0.000         
11.785        
0.000         
0.000         
13.293        
0.000         
1.718         
0.000         
0.000         
0.000         
0.000         
0.560         
0.000         
0.000         
0.000         
9.374         
7.421         
11.341        
1.690         
0.000         
13.143        
16.076        
1.835         
0.000         
0.000         
0.000         
2.497         
0.000         
0.000         
0.000         
0.000         
19.056        
0.000         
54.283        
1.100         
0.000         
69.179        
21.733        
0.000         
1.618         
0.000         
0.000         
0.000         
0.000         
0.000         
225.266       
0.000         
0.000         
22.657        
0.000         
0.000         
68.208        
0.000         
0.000         
0.000         
0.000         
0.000         
0.000         
0.000         
3.647         
0.595         
0.000         
0.000         
12.086        
0.000         
0.000         
0.000         
0.000         
0.000         
0.000         
0.000         
0.000         
0.000         
0.000         
0.000         
0.000         
0.000         
0.000         
0.000         
63.892        
0.000         
0.000         
0.000         
0.000         
0.000         
1.852         
0.000         
0.000         
0.000         
0.000         
0.000         
0.000         
0.000         
0.000         
0.000         
0.000         
0.000         
0.000         
0.000         
0.000         
0.000         
0.000         
0.000         
0.000         
0.000         
0.000         
0.000         
0.000         
0.000         
0.000         
0.000         
0.000         
0.000         
0.000         
0.000         
0.000         
0.000         
0.000         
0.000         
0.000         
0.000         
0.000         
0.000         
0.000         
0.000         
0.000         
0.000         
0.000         
0.000         
0.000         
0.000         
0.000         
0.000         
0.000         
0.000         
0.000         
0.000         
0.000         
0.000         
0.000         
0.000         
0.000         
0.000         
0.000         
0.000         
0.000         
0.000         
0.000         
0.000         
0.000         
0.000         
0.532         
0.000         
0.000         
0.000         
0.000         
0.000         
0.000         
0.000         
0.000         
0.000         
0.000         
0.019         
0.000         
0.000         
0.000         
0.000         
0.000         
0.000         
0.000         
0.000         
0.000         
0.000         
0.000         
0.000         
0.000         
0.000         
0.000         
0.000         
0.000         
0.000         
0.000         
0.000         
0.000         
0.000         
0.000         
0.000         
0.000         
0.000         
0.000         
0.000         
0.000         
0.000         
0.000         
0.000         
0.000         
0.000         
0.000         
0.000         
0.000         
0.000         
0.000         
0.000         
0.000         
0.000         
0.000         
0.000         
0.000         
0.000         
0.000         
0.000         
0.000         
0.000         
0.000         
0.000         
0.000         
0.000         
0.000         
0.000         
0.000         
0.000         
0.000         
0.000         
0.000         
0.659         
0.000         
0.000         
0.000         
0.000         
0.000         
0.000         
0.000         
0.000         
5.644         
5.481         
5.480         
0.000         
0.000         
0.000         
0.000         
0.000         
0.000         
0.000         
0.000         
0.000         
0.000         
0.000         
0.000         
0.000         
0.000         
0.000         
0.000         
0.000         
0.000         
0.000         
0.000         
0.000         
0.275         
0.000         
0.000         
0.000         
0.000         
0.000         
0.000         
0.000         
0.000         
0.000         
0.000         
0.000         
0.000         
0.000         
0.000         
0.000         
0.000         
0.000         
0.000         
9.515         
0.000         
0.000         
0.000         
3.737         
0.000         
0.000         
0.000         
0.000         
0.000         
5.620         
0.000         
0.000         
0.000         
1.342         
3.593         
6.643         
0.000         
13.441        
0.000         
0.000         
0.000         
0.000         
0.000         
0.000         
0.000         
0.000         
0.000         
0.000         
0.000         
0.000         
0.000         
0.000         
0.000         
0.000         
8.134         
0.000         
0.000         
0.000         
0.000         
0.000         
0.000         
0.000         
0.000         
0.000         
0.000         
0.000         
0.000         
0.000         
0.000         
0.000         
0.000         
0.000         
0.000         
0.000         
0.000         
0.000         
0.000         
0.000         
0.000         
0.000         
0.000         
0.000         
0.000         
0.000         
0.000         
0.000         
0.000         
0.000         
0.000         
0.000         
0.000         
0.000         
0.000         
0.000         
0.000         
0.000         
0.000         
0.000         
0.000         
0.000         
0.000         
0.000         
0.021         
0.000         
0.000         
0.000         
3.502         
0.000         
5.877         
0.000         
0.000         
0.000         
0.000         
0.000         
0.000         
8.530         
0.000         
0.000         
0.000         
0.000         
0.000         
0.000         
0.000         
0.000         
0.000         
0.000         
6.579         
4.051         
20.293        
0.000         
0.000         
0.370         
0.000         
0.000         
0.000         
0.000         
0.000         
0.000         
0.000         
0.000         
0.000         
0.000         
133.880       
0.000         
0.000         
0.000         
0.000         
0.000         
0.000         
0.000         
0.000         
0.000         
0.000         
0.000         
0.000         
0.000         
0.000         
0.000         
0.000         
0.000         
0.000         
0.000         
0.000         
0.000         
0.000         
0.000         
0.000         
3.707         
7.999         
0.000         
0.433         
0.013         
0.995         
0.000         
0.000         
0.000         
0.103         
0.000         
0.000         
0.000         
0.000         
0.000         
10.563        
0.000         
0.000         
0.000         
0.000         
0.000         
0.000         
0.000         
0.000         
0.000         
0.000         
0.000         
0.000         
0.000         
0.000         
389.307       
0.000         
0.000         
0.000         
0.000         
0.000         
0.000         
0.000         
0.000         
0.000         
0.000         
0.000         
0.000         
0.000         
0.000         
0.000         
0.000         
0.000         
0.000         
0.000         
0.000         
0.000         
0.000         
0.000         
0.000         
0.000         
0.000         
0.000         
0.000         
0.000         
0.000         
0.000         
0.000         
0.000         
0.000         
0.000         
0.000         
0.000         
0.000         
0.000         
0.000         
0.000         
0.000         
0.000         
0.000         
0.000         
0.000         
0.000         
0.000         
0.000         
0.000         
0.000         
0.000         
0.000         
0.000         
0.000         
0.000         
0.000         
0.000         
0.000         
0.000         
0.000         
0.000         
0.000         
0.000         
0.000         
0.000         
0.000         
0.000         
0.000         
0.000         
0.000         
0.000         
0.000         
0.000         
0.000         
3.093         
0.000         
0.000         
0.000         
0.000         
0.000         
0.000         
0.000         
0.000         
0.000         
0.000         
0.000         
0.000         
0.000         
0.000         
0.000         
0.000         
0.000         
0.000         
9.464         
0.000         
0.000         
0.000         
0.000         
0.000         
0.000         
0.000         
0.000         
0.000         
0.000         
0.000         
0.000         
0.000         
0.000         
0.000         
0.000         
0.000         
0.000         
0.000         
0.000         
0.000         
0.000         
0.000         
0.000         
0.000         
0.000         
0.000         
0.000         
0.000         
10.607        
0.000         
1.760         
0.000         
9.211         
0.000         
0.000         
0.000         
0.000         
0.000         
0.000         
0.000         
0.000         
0.000         
0.000         
0.000         
0.000         
0.000         
0.000         
0.000         
31.256        
0.000         
0.000         
0.000         
0.000         
0.000         
0.000         
0.000         
0.000         
0.000         
0.000         
0.000         
0.000         
0.000         
0.000         
0.000         
0.000         
0.000         
0.000         
0.000         
0.000         
0.000         
0.000         
0.000         
0.000         
0.000         
0.000         
0.000         
0.025         
4.617         
0.000         
0.000         
12.176        
0.000         
0.000         
4.216         
0.000         
0.000         
0.000         
0.000         
0.000         
0.000         
0.000         
0.672         
0.000         
0.000         
0.000         
41.859        
0.000         
0.000         
0.000         
0.000         
0.131         
0.000         
0.000         
0.000         
0.000         
0.000         
0.000         
0.000         
0.000         
0.000         
0.000         
0.000         
0.000         
0.000         
0.000         
0.000         
0.000         
0.000         
0.000         
0.000         
0.000         
0.000         
0.000         
0.000         
0.000         
0.000         
0.000         
0.000         
0.000         
0.000         
0.000         
0.000         
0.000         
0.000         
0.000         
0.000         
0.000         
0.000         
0.000         
0.000         
0.000         
4.489         
0.000         
0.000         
0.000         
0.000         
0.000         
0.000         
0.000         
0.000         
0.000         
0.000         
0.000         
0.000         
0.000         
0.000         
0.000         
0.000         
0.000         
0.000         
0.000         
0.000         
0.000         
0.000         
0.000         
0.000         
0.000         
0.000         
0.000         
0.000         
0.000         
0.000         
0.000         
0.000         
0.000         
0.000         
0.001         
0.493         
0.000         
0.000         
0.000         
0.000         
0.000         
0.000         
0.000         
0.000         
0.000         
0.000         
0.000         
0.334         
0.000         
0.000         
0.000         
0.000         
10.700        
0.000         
0.000         
0.000         
0.000         
0.000         
0.000         
7.757         
0.000         
0.000         
0.000         
0.000         
0.000         
227.996       
114.275       
21.752        
33.094        
10.376        
0.000         
0.000         
0.000         
0.000         
0.000         
15.120        
0.000         
72.565        
0.000         
0.000         
0.000         
0.000         
0.000         
0.000         
0.000         
12.410        
0.000         
0.000         
0.000         
0.000         
0.463         
0.000         
0.000         
0.000         
0.000         
14.801        
0.000         
0.000         
0.000         
0.000         
29.858        
0.000         
0.000         
0.000         
0.000         
0.000         
0.000         
0.000         
0.000         
0.000         
0.000         
0.000         
0.000         
0.000         
0.000         
0.000         
0.000         
29.557        
0.000         
0.000         
0.000         
0.000         
0.000         
0.000         
0.000         
5.440         
0.000         
0.000         
0.000         
0.000         
0.000         
0.000         
0.000         
0.000         
0.000         
0.000         
0.000         
0.000         
0.000         
0.000         
0.000         
0.000         
0.000         
0.000         
0.000         
0.000         
0.000         
0.000         
0.000         
0.000         
99.982        
0.000         
0.000         
0.000         
0.000         
0.000         
0.000         
0.000         
0.000         
0.000         
0.000         
0.000         
0.000         
0.000         
0.000         
0.000         
0.000         
0.000         
0.000         
0.000         
0.000         
0.000         
0.000         
0.000         
0.000         
0.000         
0.000         
0.000         
0.000         
0.000         
0.000         
0.000         
0.000         
0.000         
0.000         
0.000         
0.000         
0.000         
0.000         
0.000         
0.000         
0.000         
0.000         
0.000         
0.000         
0.000         
0.000         
0.000         
0.000         
0.000         
0.000         
0.000         
0.000         
0.000         
0.000         
1.911         
5.155         
0.000         
0.000         
0.000         
0.000         
0.000         
0.000         
0.000         
0.000         
0.000         
0.000         
0.000         
0.000         
0.000         
0.000         
0.000         
0.000         
0.000         
0.000         
0.000         
0.000         
0.000         
0.000         
0.000         
0.000         
0.000         
0.000         
0.000         
0.000         
0.000         
0.000         
0.000         
0.000         
0.000         
0.000         
0.000         
0.000         
0.000         
0.000         
0.000         
0.000         
0.000         
0.000         
0.000         
0.000         
0.000         
0.000         
0.000         
0.000         
4.304         
0.000         
0.000         
0.000         
0.000         
0.000         
0.000         
0.000         
0.000         
0.000         
0.000         
3.647         
0.000         
0.000         
0.000         
0.000         
0.000         
0.324         
0.000         
0.000         
0.675         
0.000         
0.000         
0.000         
0.000         
0.000         
0.000         
0.000         
0.000         
0.000         
0.000         
0.000         
0.000         
0.000         
0.000         
0.000         
0.000         
0.000         
0.000         
0.000         
0.000         
0.000         
0.000         
0.000         
0.000         
0.000         
0.000         
0.000         
0.000         
0.000         
0.000         
0.000         
0.000         
0.000         
0.000         
0.000         
1.624         
0.000         
22.566        
0.000         
0.000         
0.000         
0.000         
0.000         
0.000         
0.000         
0.000         
0.000         
0.751         
0.000         
0.000         
0.000         
0.000         
0.000         
0.000         
0.000         
0.000         
0.000         
0.000         
0.000         
0.000         
0.000         
0.000         
0.000         
0.000         
0.000         
0.000         
0.000         
0.000         
0.000         
0.000         
0.171         
0.000         
0.000         
0.000         
0.000         
0.000         
0.000         
0.000         
0.000         
0.000         
0.000         
0.000         
0.000         
0.000         
0.000         
0.000         
0.000         
0.000         
0.000         
0.000         
0.000         
0.000         
0.000         
0.000         
0.000         
0.000         
0.000         
0.000         
0.000         
0.000         
0.000         
0.000         
0.000         
0.000         
0.000         
0.000         
0.000         
0.000         
0.000         
0.000         
0.000         
0.000         
0.000         
0.000         
0.000         
0.000         
15.520        
0.000         
0.000         
0.000         
0.000         
0.000         
0.000         
0.049         
0.000         
0.000         
0.000         
0.000         
0.000         
0.000         
0.000         
0.000         
0.000         
0.000         
0.000         
0.000         
4.145         
0.000         
0.000         
13.096        
0.000         
0.000         
0.000         
0.000         
0.000         
0.000         
0.000         
0.000         
0.000         
0.000         
0.000         
0.736         
0.000         
0.000         
0.000         
0.000         
0.000         
139.308       
55.865        
62.875        
0.000         
0.000         
0.000         
39.470        
0.000         
0.000         
0.000         
0.000         
0.000         
0.000         
0.000         
0.000         
0.000         
0.000         
0.000         
0.000         
0.000         
0.000         
0.000         
0.000         
0.000         
0.000         
0.000         
0.000         
0.000         
0.000         
0.000         
0.000         
0.000         
0.000         
0.000         
50.320        
0.000         
88.125        
0.000         
0.000         
0.000         
0.000         
0.000         
0.000         
0.000         
61.918        
0.000         
0.000         
0.000         
1.500         
0.000         
0.000         
0.000         
3.163         
0.000         
2.104         
0.000         
0.084         
0.000         
0.000         
0.000         
0.000         
0.000         
0.000         
0.000         
0.000         
0.000         
0.000         
0.000         
0.000         
0.000         
0.000         
0.000         
0.000         
0.000         
0.000         
0.000         
0.000         
0.000         
0.000         
0.000         
0.000         
0.000         
0.000         
0.000         
0.000         
0.000         
0.000         
0.000         
0.000         
0.000         
0.000         
0.000         
0.000         
0.000         
0.000         
0.000         
0.000         
0.000         
0.000         
0.000         
0.000         
0.000         
0.000         
0.000         
0.000         
0.000         
0.000         
0.000         
0.000         
0.000         
0.000         
0.000         
0.000         
0.000         
0.000         
0.000         
0.000         
0.000         
0.000         
0.000         
0.000         
0.000         
0.000         
0.000         
0.000         
0.000         
23.513        
0.000         
0.000         
0.000         
0.000         
2.329         
0.000         
0.000         
0.000         
0.000         
0.000         
0.000         
0.000         
0.000         
0.000         
0.000         
0.000         
0.000         
0.000         
0.000         
0.000         
50.890        
0.000         
0.000         
0.000         
0.000         
0.000         
0.000         
0.000         
0.000         
0.000         
0.000         
0.000         
0.000         
0.000         
0.000         
0.000         
0.000         
0.000         
0.000         
0.000         
0.000         
0.000         
0.000         
0.000         
0.000         
5.421         
0.000         
0.000         
0.000         
0.000         
0.000         
0.000         
0.000         
0.000         
0.000         
5.227         
0.000         
0.000         
0.000         
0.000         
0.000         
0.000         
0.000         
0.000         
0.000         
0.000         
0.000         
0.000         
0.000         
0.000         
7.521         
0.000         
0.000         
0.000         
0.000         
0.000         
0.000         
0.000         
0.000         
0.000         
0.000         
0.000         
0.000         
0.000         
0.000         
0.000         
0.000         
0.000         
0.000         
0.000         
0.000         
0.000         
0.000         
0.000         
0.000         
0.000         
0.000         
0.000         
0.000         
0.000         
0.000         
0.000         
14.279        
0.000         
0.000         
0.000         
32.133        
0.000         
0.000         
0.000         
0.000         
0.000         
0.000         
0.000         
0.000         
0.000         
0.971         
0.000         
0.000         
0.000         
0.000         
0.000         
0.000         
0.000         
0.000         
0.824         
0.000         
0.000         
0.000         
0.000         
0.000         
0.000         
0.000         
0.000         
0.000         
0.000         
0.000         
0.000         
0.000         
0.000         
0.000         
0.000         
0.000         
0.000         
0.000         
0.035         
0.000         
0.000         
0.000         
0.000         
0.000         
0.000         
0.000         
0.000         
0.000         
0.000         
0.000         
0.000         
0.000         
0.000         
0.000         
0.000         
0.000         
0.000         
0.000         
0.000         
0.000         
0.000         
6.809         
4.537         
0.000         
0.000         
0.000         
0.000         
0.000         
0.000         
0.000         
0.000         
0.000         
0.000         
0.000         
0.000         
0.000         
0.000         
0.000         
0.000         
0.000         
0.000         
0.000         
0.000         
0.000         
0.000         
0.000         
0.000         
0.000         
0.000         
0.000         
0.000         
0.000         
0.000         
0.000         
0.000         
0.000         
0.000         
0.000         
0.000         
2.870         
0.000         
0.000         
0.000         
17.221        
0.647         
0.000         
0.000         
0.000         
0.000         
0.000         
0.000         
0.000         
34.520        
0.000         
0.000         
0.000         
0.000         
0.000         
0.000         
0.000         
0.000         
12.628        
0.000         
0.000         
0.000         
0.000         
0.000         
0.000         
0.000         
0.000         
0.000         
0.000         
40.973        
0.000         
0.000         
0.000         
0.000         
0.000         
100.029       
0.000         
0.000         
36.817        
0.000         
0.000         
0.000         
0.000         
0.000         
0.000         
0.000         
0.000         
0.000         
0.000         
0.000         
0.000         
0.000         
0.000         
0.000         
0.000         
0.000         
0.000         
0.000         
7.594         
0.000         
0.000         
0.000         
0.000         
0.000         
1.783         
0.000         
0.000         
0.000         
0.000         
5.867         
0.000         
0.000         
0.153         
0.000         
12.203        
0.000         
0.000         
0.000         
0.000         
0.000         
0.000         
0.000         
0.000         
4.373         
0.000         
0.000         
0.000         
0.000         
0.000         
0.000         
0.000         
0.000         
0.000         
0.000         
0.000         
0.000         
0.000         
0.000         
0.000         
0.000         
0.000         
0.000         
0.000         
0.000         
0.000         
0.000         
0.000         
0.000         
0.000         
0.000         
0.000         
0.000         
0.000         
0.000         
0.000         
0.000         
0.000         
0.000         
0.000         
0.000         
0.000         
0.000         
0.000         
0.000         
0.000         
0.000         
0.000         
0.000         
0.000         
0.000         
0.000         
0.000         
0.000         
0.000         
0.000         
0.000         
0.000         
0.000         
0.000         
0.000         
0.000         
0.000         
0.000         
0.000         
0.000         
0.000         
0.000         
0.000         
0.002         
0.000         
0.000         
0.000         
0.000         
0.000         
0.000         
0.000         
0.000         
0.000         
0.000         
0.000         
14.495        
0.000         
0.000         
0.000         
0.000         
0.000         
0.000         
0.000         
0.000         
0.000         
0.000         
0.000         
0.000         
0.000         
0.000         
0.000         
0.000         
0.000         
0.000         
0.000         
2.825         
0.000         
0.000         
0.000         
0.000         
0.000         
0.000         
0.000         
0.000         
0.583         
0.000         
0.000         
0.000         
0.000         
0.000         
0.000         
0.000         
0.000         
0.000         
0.000         
0.000         
0.000         
0.000         
0.000         
0.000         
0.000         
0.000         
0.000         
0.000         
0.000         
17.827        
0.000         
0.699         
0.000         
0.000         
0.000         
0.000         
0.000         
0.000         
0.001         
0.000         
0.000         
0.000         
0.000         
0.120         
0.000         
0.000         
0.000         
0.000         
0.000         
0.000         
0.000         
0.000         
0.004         
0.000         
0.000         
0.000         
0.000         
0.000         
0.000         
0.000         
0.000         
0.000         
0.000         
0.000         
0.000         
0.000         
0.000         
0.000         
0.000         
0.000         
0.014         
2.643         
0.000         
0.000         
0.000         
0.000         
0.000         
0.000         
0.000         
0.000         
0.000         
0.000         
0.000         
0.000         
0.000         
0.000         
0.000         
0.000         
0.000         
0.000         
0.000         
0.000         
0.000         
0.000         
0.000         
0.000         
0.000         
0.000         
0.000         
0.000         
0.000         
0.000         
2.212         
0.000         
0.000         
0.000         
0.000         
0.000         
0.000         
0.000         
0.000         
0.000         
0.000         
0.000         
0.000         
0.000         
0.000         
0.000         
0.000         
0.000         
0.000         
0.000         
0.000         
0.000         
0.000         
0.000         
0.000         
0.000         
0.000         
0.054         
0.000         
0.000         
0.000         
0.000         
0.000         
0.000         
0.000         
0.000         
0.000         
0.000         
0.000         
0.000         
0.000         
0.000         
0.060         
0.000         
0.000         
0.000         
0.000         
0.000         
0.000         
0.000         
0.000         
0.000         
0.000         
0.000         
0.000         
0.000         
0.000         
0.000         
0.000         
0.000         
0.000         
0.000         
0.000         
0.000         
0.000         
0.000         
0.000         
0.000         
0.000         
0.000         
0.000         
0.000         
0.000         
0.000         
12.948        
0.000         
0.000         
0.000         
0.000         
0.000         
0.000         
0.000         
0.000         
0.000         
0.000         
0.000         
0.000         
1.121         
3.150         
0.000         
0.000         
0.000         
0.000         
0.000         
40.229        
0.000         
0.000         
0.000         
0.000         
6.099         
0.000         
0.000         
0.000         
0.003         
0.000         
0.000         
0.000         
9.476         
0.000         
0.000         
0.000         
0.000         
24.480        
0.000         
0.000         
0.000         
0.000         
140.092       
0.000         
0.000         
0.000         
97.232        
0.000         
0.000         
85.482        
0.000         
0.000         
0.000         
0.000         
0.000         
0.000         
0.000         
0.000         
0.000         
0.000         
0.000         
0.000         
0.000         
41.803        
0.000         
0.000         
0.000         
0.000         
0.000         
12.946        
0.000         
24.044        
0.000         
0.000         
0.000         
0.000         
1.610         
7.148         
0.000         
0.000         
0.000         
0.000         
0.000         
0.000         
1.094         
0.000         
0.000         
0.000         
0.000         
4.666         
0.000         
0.000         
2.492         
0.000         
0.000         
0.000         
0.000         
0.000         
0.000         
0.000         
0.000         
0.000         
0.000         
0.000         
0.000         
0.000         
0.000         
0.000         
0.000         
0.000         
0.000         
0.000         
0.000         
0.000         
0.000         
0.000         
0.000         
0.000         
0.000         
0.000         
0.000         
0.000         
0.000         
0.000         
0.000         
0.000         
0.000         
0.000         
0.000         
0.000         
0.000         
0.000         
0.000         
0.000         
0.000         
0.000         
0.000         
0.000         
0.000         
0.000         
0.000         
0.000         
0.000         
0.000         
0.000         
0.000         
0.000         
0.000         
0.000         
0.000         
0.000         
0.000         
0.000         
0.000         
0.000         
0.000         
0.000         
0.000         
0.000         
0.000         
96.082        
0.000         
0.000         
87.557        
0.000         
0.000         
0.000         
0.000         
0.000         
0.000         
0.000         
0.000         
0.000         
0.000         
0.000         
0.000         
0.000         
0.000         
0.000         
0.000         
0.000         
0.000         
0.000         
0.000         
0.047         
0.000         
0.000         
0.000         
0.000         
0.000         
0.000         
0.000         
0.000         
0.000         
0.000         
0.000         
0.000         
0.000         
0.000         
0.000         
0.000         
0.000         
0.000         
0.000         
0.000         
0.000         
0.000         
0.000         
0.000         
0.000         
0.000         
0.000         
0.000         
0.000         
0.000         
1.675         
0.000         
8.472         
0.385         
0.000         
0.000         
0.000         
0.000         
0.000         
0.000         
0.000         
1.122         
0.000         
0.000         
0.000         
13.659        
0.000         
0.000         
5.344         
0.000         
0.000         
0.000         
0.000         
0.000         
0.000         
0.000         
0.000         
0.000         
0.000         
0.000         
0.000         
0.000         
0.000         
0.000         
0.000         
0.000         
0.000         
0.000         
0.000         
0.000         
0.000         
0.000         
7.204         
0.000         
0.000         
0.000         
0.000         
0.000         
0.000         
0.000         
0.000         
0.000         
0.000         
0.000         
0.000         
0.000         
0.000         
0.000         
0.000         
0.000         
0.000         
0.000         
0.000         
0.000         
0.000         
0.000         
0.000         
0.000         
7.873         
0.000         
0.000         
0.000         
0.000         
0.000         
0.000         
0.000         
0.000         
0.000         
0.000         
0.000         
0.000         
0.000         
0.000         
0.000         
0.000         
0.000         
0.000         
0.000         
0.000         
0.000         
0.000         
0.000         
0.000         
0.000         
0.000         
0.000         
0.000         
0.000         
0.224         
0.000         
0.000         
0.000         
0.000         
0.000         
0.000         
0.000         
0.000         
0.000         
0.000         
0.000         
0.000         
0.000         
0.000         
0.000         
0.000         
0.000         
0.000         
0.000         
0.000         
0.000         
0.000         
0.000         
0.000         
0.000         
0.000         
0.000         
0.000         
0.000         
0.000         
0.000         
0.000         
0.000         
0.000         
0.000         
0.000         
0.000         
0.000         
0.000         
0.000         
0.000         
0.000         
0.000         
0.000         
0.000         
0.000         
0.000         
0.000         
0.000         
0.000         
0.000         
0.000         
1.745         
0.000         
4.077         
0.000         
0.000         
0.000         
0.000         
0.000         
1.455         
0.000         
0.000         
0.000         
0.000         
0.000         
0.000         
0.000         
0.000         
0.000         
0.000         
0.000         
0.000         
0.000         
0.000         
0.000         
0.000         
0.000         
0.000         
0.000         
0.000         
0.000         
0.000         
0.000         
0.000         
0.000         
0.000         
5.681         
0.000         
0.000         
0.000         
0.000         
0.000         
0.000         
0.000         
0.000         
0.000         
0.000         
0.000         
0.000         
0.000         
34.473        
0.000         
0.000         
30.641        
0.000         
0.000         
0.000         
0.000         
175.701       
0.000         
0.000         
0.000         
0.000         
0.000         
0.000         
0.440         
0.000         
0.000         
0.000         
0.000         
0.000         
6.332         
0.000         
0.000         
0.000         
0.000         
0.000         
0.000         
0.000         
0.000         
0.000         
0.000         
0.000         
0.000         
0.000         
0.000         
0.000         
0.000         
0.000         
8.846         
0.000         
1.265         
0.000         
0.000         
0.000         
0.000         
0.000         
0.000         
0.000         
0.000         
69.810        
0.000         
0.000         
0.000         
0.000         
0.000         
0.000         
0.000         
0.000         
0.000         
0.000         
0.000         
0.000         
0.000         
0.000         
0.000         
0.000         
0.000         
0.000         
0.000         
0.000         
0.000         
0.000         
0.000         
0.000         
0.000         
0.000         
0.000         
0.000         
0.000         
0.000         
0.000         
0.000         
0.000         
0.000         
0.000         
0.000         
0.000         
0.000         
0.000         
0.000         
0.000         
0.000         
0.000         
0.000         
0.000         
0.000         
0.000         
0.000         
0.000         
0.000         
0.000         
0.000         
0.000         
0.000         
0.000         
0.000         
0.000         
4.585         
0.000         
1.029         
0.000         
0.000         
0.000         
0.000         
0.000         
0.000         
0.000         
0.000         
0.000         
0.000         
0.000         
0.000         
0.000         
0.000         
0.000         
0.000         
0.000         
0.000         
0.000         
0.000         
0.000         
0.000         
0.000         
0.000         
0.000         
0.000         
0.000         
0.000         
0.000         
0.000         
0.000         
0.000         
0.000         
0.000         
0.000         
0.000         
0.000         
0.000         
0.000         
0.000         
0.000         
0.000         
0.000         
0.000         
0.000         
0.000         
2.489         
0.000         
0.000         
0.000         
0.000         
0.000         
10.607        
0.000         
0.000         
0.000         
0.000         
34.140        
0.000         
0.000         
0.000         
0.000         
9.059         
0.000         
0.000         
3.043         
0.000         
0.000         
0.000         
12.661        
0.000         
0.000         
0.000         
0.000         
0.000         
0.000         
0.240         
0.000         
0.257         
0.000         
0.000         
5.023         
0.000         
0.000         
0.000         
0.000         
0.000         
0.000         
0.000         
0.000         
0.000         
0.000         
35.597        
0.000         
3.824         
0.000         
0.000         
0.000         
0.000         
0.000         
0.000         
0.000         
0.000         
0.000         
0.000         
0.000         
0.000         
0.000         
0.000         
0.000         
0.000         
0.000         
0.000         
0.000         
0.000         
0.000         
0.000         
0.000         
0.000         
0.000         
0.000         
0.000         
0.000         
0.000         
0.000         
0.000         
0.000         
0.000         
0.000         
0.000         
0.000         
0.000         
0.000         
0.000         
0.000         
0.000         
0.000         
0.000         
0.000         
0.000         
0.000         
0.000         
0.000         
0.000         
0.000         
0.000         
0.000         
0.000         
0.000         
0.000         
0.000         
0.000         
0.000         
0.000         
0.000         
0.000         
0.000         
0.000         
0.000         
0.000         
0.000         
0.000         
0.000         
0.000         
0.000         
0.000         
0.000         
0.000         
0.000         
0.000         
0.000         
0.000         
0.000         
0.000         
0.000         
0.000         
0.000         
0.000         
0.000         
0.000         
0.000         
0.000         
0.000         
0.000         
0.000         
0.000         
0.000         
0.000         
0.000         
0.000         
0.000         
0.000         
0.000         
0.000         
0.000         
0.000         
0.390         
0.000         
0.000         
0.000         
0.000         
0.000         
0.000         
0.000         
0.000         
0.000         
0.000         
0.000         
0.000         
0.000         
0.000         
0.000         
0.000         
0.000         
5.304         
0.000         
0.000         
0.000         
0.000         
5.381         
0.000         
0.000         
0.000         
0.000         
0.000         
0.000         
0.000         
0.000         
0.000         
0.000         
0.000         
0.000         
0.000         
0.000         
0.000         
0.000         
0.000         
60.734        
16.526        
103.543       
0.000         
41.794        
0.000         
0.000         
0.000         
0.000         
0.000         
0.000         
0.000         
0.000         
0.000         
0.000         
0.000         
0.000         
0.000         
0.000         
0.000         
0.000         
0.000         
0.000         
0.000         
0.000         
0.000         
0.000         
0.000         
0.000         
0.000         
0.000         
0.000         
10.548        
0.000         
0.660         
0.000         
0.073         
0.000         
0.093         
0.000         
0.000         
0.000         
0.000         
0.000         
0.000         
12.252        
4.963         
0.000         
0.000         
0.000         
0.000         
0.000         
0.000         
0.000         
0.000         
0.000         
0.000         
6.972         
0.000         
0.000         
0.000         
0.000         
0.000         
0.000         
0.000         
0.000         
0.000         
0.000         
0.000         
0.000         
0.000         
0.000         
0.000         
0.000         
0.000         
0.000         
0.000         
0.000         
0.000         
0.000         
0.000         
0.000         
0.000         
0.000         
0.000         
0.000         
0.000         
0.000         
0.000         
0.000         
0.000         
0.000         
0.000         
0.000         
0.000         
0.000         
0.000         
0.000         
0.000         
0.000         
0.000         
0.000         
0.000         
0.000         
0.000         
0.000         
0.000         
0.000         
2.639         
0.000         
0.000         
0.000         
0.000         
0.000         
0.000         
0.000         
0.000         
0.000         
0.000         
0.000         
0.000         
0.000         
10.486        
0.000         
0.000         
7.764         
0.000         
0.000         
0.000         
0.000         
0.000         
0.000         
0.000         
0.000         
0.000         
0.856         
0.000         
0.000         
0.316         
0.000         
0.000         
0.000         
0.000         
0.000         
0.000         
0.000         
9.038         
0.000         
0.000         
0.000         
0.000         
149.731       
0.000         
21.150        
0.000         
0.000         
0.000         
0.000         
0.000         
0.000         
0.000         
0.000         
0.000         
0.000         
0.000         
0.000         
0.000         
0.000         
0.000         
0.000         
0.000         
0.000         
0.000         
0.000         
0.000         
0.000         
0.000         
0.000         
0.000         
0.000         
0.000         
0.000         
0.000         
0.000         
0.000         
14.989        
0.000         
0.000         
0.000         
0.000         
0.000         
0.000         
0.000         
0.000         
0.000         
0.000         
8.711         
0.000         
0.000         
0.000         
0.000         
0.000         
0.000         
0.000         
0.000         
0.000         
0.000         
43.062        
0.000         
90.537        
0.000         
0.000         
0.000         
0.000         
0.000         
0.000         
0.000         
23.101        
0.000         
0.000         
0.000         
0.000         
0.000         
11.251        
0.000         
0.000         
0.000         
0.000         
0.000         
0.200         
41.661        
0.000         
0.000         
0.000         
0.469         
0.000         
0.000         
0.000         
0.000         
0.000         
0.000         
0.000         
0.000         
0.000         
0.000         
0.000         
0.000         
0.000         
0.000         
0.000         
0.000         
0.000         
0.000         
0.000         
0.000         
0.000         
0.000         
0.000         
0.000         
0.000         
0.000         
0.000         
0.000         
0.000         
0.000         
0.000         
0.000         
0.000         
0.000         
0.000         
0.000         
0.000         
0.000         
0.000         
0.000         
0.000         
0.000         
0.000         
0.000         
0.000         
0.000         
0.000         
0.000         
0.000         
0.000         
0.000         
22.666        
0.000         
0.000         
0.000         
0.000         
0.000         
0.000         
0.000         
0.000         
0.000         
0.000         
0.000         
0.000         
0.000         
0.000         
0.000         
11.494        
8.750         
0.000         
0.000         
0.000         
0.000         
0.000         
0.000         
0.000         
0.000         
0.000         
0.000         
0.000         
0.000         
0.000         
0.000         
0.000         
0.000         
0.000         
0.000         
0.000         
0.000         
0.000         
0.000         
0.000         
0.000         
0.000         
0.000         
0.000         
0.000         
0.000         
0.000         
0.000         
0.000         
0.000         
0.000         
0.000         
0.000         
0.000         
0.000         
0.000         
0.000         
0.000         
0.000         
0.000         
0.000         
0.000         
0.000         
0.000         
0.000         
0.000         
1.371         
0.000         
0.000         
0.000         
0.000         
0.000         
0.000         
0.000         
0.000         
0.000         
0.000         
0.000         
2.226         
0.000         
0.000         
0.000         
0.000         
0.000         
0.000         
0.000         
0.000         
0.000         
0.000         
0.000         
0.000         
0.000         
0.000         
0.000         
0.000         
3.163         
63.844        
0.000         
0.000         
0.000         
0.000         
177.675       
0.000         
0.000         
0.000         
0.000         
0.000         
0.000         
0.000         
0.000         
0.000         
0.143         
0.000         
3.528         
0.000         
0.000         
0.000         
5.467         
0.000         
0.000         
0.000         
0.000         
0.000         
0.000         
0.000         
0.000         
0.000         
27.642        
12.062        
0.000         
0.000         
0.000         
0.281         
0.000         
0.000         
7.935         
0.000         
8.733         
0.000         
0.000         
0.000         
0.000         
0.000         
0.000         
0.000         
0.000         
0.000         
0.000         
0.000         
0.000         
0.000         
0.000         
0.000         
0.000         
0.000         
0.000         
0.000         
0.000         
0.000         
0.000         
0.000         
0.000         
0.000         
0.000         
0.000         
0.000         
0.000         
0.000         
0.000         
0.000         
0.000         
0.000         
0.000         
0.000         
0.000         
0.000         
0.000         
0.000         
0.000         
0.000         
0.000         
0.000         
0.000         
0.000         
0.000         
0.000         
0.000         
0.000         
0.000         
0.000         
0.000         
0.000         
0.000         
0.000         
0.000         
0.000         
0.000         
0.000         
0.000         
0.000         
0.000         
0.000         
0.000         
0.000         
0.000         
0.000         
0.000         
0.000         
0.000         
0.000         
0.000         
0.000         
0.000         
0.000         
0.000         
0.000         
0.000         
0.000         
0.000         
0.000         
0.000         
10.155        
0.000         
0.000         
0.000         
0.000         
0.000         
0.000         
0.000         
0.000         
0.000         
0.000         
0.000         
0.000         
0.000         
0.000         
0.000         
0.000         
0.000         
0.000         
0.000         
0.000         
0.000         
0.000         
0.000         
0.000         
0.000         
0.000         
0.000         
0.000         
0.000         
0.000         
0.000         
0.000         
0.000         
0.000         
0.000         
0.000         
0.000         
0.000         
0.000         
0.000         
0.000         
0.000         
0.000         
0.000         
0.000         
0.000         
0.000         
0.000         
0.000         
0.000         
0.000         
0.000         
0.000         
0.000         
0.000         
0.000         
0.000         
0.000         
37.625        
0.000         
0.000         
0.000         
0.000         
0.000         
0.000         
0.000         
0.000         
0.000         
0.000         
0.000         
0.000         
0.000         
0.000         
0.000         
0.000         
0.000         
0.000         
0.000         
0.000         
0.000         
0.000         
0.000         
0.000         
0.000         
0.000         
0.000         
0.000         
0.000         
0.000         
0.000         
0.000         
0.000         
0.000         
0.000         
1.085         
0.000         
0.000         
0.000         
0.000         
0.000         
0.000         
0.000         
0.000         
0.000         
0.000         
0.000         
0.000         
0.000         
0.000         
0.000         
0.000         
0.000         
0.000         
0.000         
0.000         
0.000         
0.000         
0.000         
0.000         
0.000         
0.000         
0.000         
0.000         
0.000         
0.000         
0.000         
0.000         
0.000         
0.000         
0.000         
0.000         
0.000         
0.000         
0.000         
0.000         
0.000         
0.000         
0.000         
0.000         
0.000         
0.000         
0.000         
0.000         
0.000         
0.000         
0.000         
0.000         
0.000         
0.000         
0.000         
0.000         
0.000         
0.000         
0.000         
0.000         
0.000         
0.000         
0.000         
0.000         
0.000         
0.000         
0.000         
0.000         
0.000         
0.000         
0.000         
0.000         
0.000         
0.000         
0.001         
0.000         
0.000         
0.000         
0.000         
0.000         
0.000         
0.000         
0.000         
0.000         
0.000         
0.000         
0.000         
0.000         
0.000         
0.000         
0.000         
0.000         
0.000         
0.000         
0.000         
2.790         
0.000         
9.367         
0.000         
0.000         
0.000         
0.000         
0.000         
0.000         
0.000         
0.000         
0.000         
0.000         
0.000         
0.000         
0.000         
0.000         
0.000         
0.000         
0.000         
0.000         
0.000         
0.000         
0.000         
0.056         
0.000         
0.000         
0.000         
0.000         
0.000         
0.000         
0.000         
158.728       
0.000         
0.000         
0.000         
52.678        
10.528        
24.963        
0.000         
0.000         
0.000         
1.724         
0.000         
0.000         
0.000         
0.000         
0.000         
0.000         
0.000         
0.000         
0.000         
0.000         
0.000         
6.123         
0.000         
0.000         
0.000         
0.000         
0.000         
0.000         
0.000         
0.000         
0.000         
0.000         
0.000         
0.000         
0.000         
0.000         
0.000         
0.000         
0.000         
0.000         
0.000         
0.000         
0.000         
0.000         
0.000         
0.000         
0.000         
0.000         
0.000         
0.000         
0.000         
0.000         
0.000         
0.000         
0.000         
0.000         
0.000         
0.000         
0.000         
0.000         
0.000         
0.000         
0.000         
0.000         
0.000         
0.000         
0.000         
0.000         
0.000         
0.000         
0.000         
0.000         
0.000         
0.000         
0.000         
0.000         
0.000         
0.000         
0.000         
0.000         
0.000         
0.000         
0.000         
0.000         
0.000         
0.000         
0.000         
0.000         
0.000         
0.000         
0.000         
0.000         
0.000         
0.000         
0.000         
0.000         
0.000         
0.000         
0.000         
0.000         
0.000         
0.000         
0.000         
0.000         
0.000         
0.000         
0.000         
0.000         
0.000         
0.000         
0.000         
0.000         
0.000         
0.000         
0.000         
0.000         
0.000         
0.000         
0.000         
119.817       
0.000         
0.000         
19.783        
0.000         
0.000         
0.000         
0.000         
0.000         
84.407        
0.000         
0.000         
0.000         
0.000         
0.000         
1.217         
0.000         
0.570         
0.000         
0.000         
0.000         
0.000         
0.000         
0.000         
11.864        
0.000         
0.000         
0.000         
0.000         
0.000         
0.000         
