0.000         
0.000         
0.000         
0.000         
0.000         
0.000         
0.000         
0.000         
0.000         
0.000         
0.000         
0.000         
19.044        
0.000         
0.000         
0.000         
0.000         
0.000         
0.000         
0.000         
0.000         
0.000         
0.000         
1.631         
0.000         
0.000         
0.000         
0.000         
0.000         
0.000         
18.158        
0.000         
0.000         
0.000         
0.000         
48.350        
0.000         
0.000         
0.000         
0.000         
0.000         
21.397        
0.000         
0.000         
0.000         
0.000         
0.000         
0.000         
0.000         
0.000         
0.000         
0.000         
0.000         
0.000         
0.000         
0.000         
0.000         
0.000         
0.000         
0.000         
0.360         
0.000         
0.000         
0.000         
0.000         
0.000         
0.000         
0.000         
0.000         
0.000         
0.000         
0.000         
0.000         
7.367         
14.036        
0.000         
0.000         
0.000         
0.000         
0.000         
0.000         
7.866         
0.000         
1.334         
0.000         
0.000         
0.000         
0.105         
0.000         
0.000         
0.000         
0.000         
0.000         
0.000         
0.000         
0.000         
0.000         
0.000         
0.000         
0.000         
0.000         
0.000         
0.000         
0.000         
0.000         
0.000         
0.000         
0.000         
0.000         
0.000         
0.000         
0.000         
0.000         
0.000         
0.000         
0.000         
0.000         
0.000         
0.000         
0.000         
0.000         
0.000         
0.000         
0.000         
0.000         
0.000         
0.000         
0.000         
0.000         
0.000         
0.000         
0.000         
0.000         
0.000         
0.000         
0.000         
0.000         
0.000         
0.000         
0.000         
0.000         
0.000         
0.000         
0.000         
0.000         
6.000         
0.000         
0.000         
0.000         
0.000         
0.000         
0.000         
0.000         
1.043         
0.000         
0.000         
0.000         
0.715         
0.000         
0.000         
7.927         
0.000         
0.000         
0.000         
0.000         
0.000         
5.249         
0.000         
0.000         
0.000         
0.000         
0.000         
0.000         
0.000         
0.000         
0.000         
0.000         
0.000         
0.000         
0.000         
0.000         
0.000         
0.000         
0.000         
0.000         
23.380        
0.000         
1.984         
5.571         
0.000         
13.593        
0.636         
0.000         
0.000         
0.000         
0.000         
0.000         
11.360        
0.000         
0.000         
0.000         
0.000         
0.000         
0.000         
0.000         
0.000         
0.000         
0.000         
0.000         
0.000         
0.000         
0.000         
0.000         
0.000         
0.000         
0.000         
0.000         
2.580         
0.467         
0.000         
0.200         
0.000         
0.000         
0.000         
0.000         
0.000         
0.000         
0.000         
0.000         
0.000         
0.000         
0.000         
0.000         
0.000         
0.000         
0.000         
0.000         
0.000         
0.000         
0.000         
0.000         
0.000         
0.000         
0.000         
0.000         
0.000         
0.000         
0.000         
3.432         
0.000         
0.000         
0.000         
0.000         
0.000         
0.000         
0.000         
0.000         
0.000         
0.000         
0.000         
0.000         
0.000         
0.000         
0.000         
0.000         
0.000         
18.465        
0.000         
0.000         
0.000         
0.000         
0.000         
0.000         
0.000         
0.000         
0.000         
0.000         
0.000         
0.000         
0.000         
0.000         
0.000         
0.000         
0.000         
0.000         
0.000         
0.000         
0.000         
0.000         
0.000         
0.000         
0.000         
0.000         
0.000         
0.000         
0.000         
0.000         
0.000         
0.000         
0.000         
0.000         
0.000         
0.000         
0.000         
0.000         
0.000         
0.000         
0.000         
0.000         
0.000         
0.000         
0.000         
0.000         
0.000         
0.000         
0.000         
0.000         
0.000         
0.000         
0.000         
0.000         
0.000         
0.000         
0.000         
0.000         
0.000         
0.000         
0.000         
0.000         
0.000         
0.000         
0.000         
0.000         
0.000         
0.000         
0.000         
0.000         
0.000         
0.000         
0.257         
0.000         
0.000         
0.000         
0.000         
0.000         
0.000         
0.000         
0.000         
0.000         
0.000         
0.000         
0.000         
0.000         
0.000         
0.000         
0.000         
0.000         
0.000         
0.000         
0.000         
0.000         
0.000         
0.000         
0.000         
0.000         
0.000         
0.000         
0.000         
0.840         
0.000         
0.000         
0.000         
0.000         
20.883        
0.000         
0.000         
0.000         
0.000         
0.000         
0.000         
0.000         
0.000         
0.000         
0.000         
0.000         
0.000         
0.000         
0.000         
0.000         
0.000         
0.000         
0.000         
0.000         
0.000         
0.000         
0.000         
0.000         
0.000         
0.000         
0.000         
0.000         
0.000         
0.000         
0.000         
0.000         
0.000         
0.000         
0.573         
0.000         
0.000         
0.000         
0.000         
0.581         
0.000         
0.000         
9.576         
5.927         
0.000         
0.000         
0.000         
0.000         
0.176         
0.000         
0.000         
0.000         
0.000         
0.000         
0.000         
0.000         
0.000         
0.000         
0.000         
0.000         
0.000         
0.000         
0.000         
0.000         
0.000         
0.000         
0.000         
0.000         
0.000         
0.000         
0.000         
0.000         
0.000         
0.000         
0.000         
0.000         
7.735         
0.000         
0.000         
0.000         
0.000         
0.000         
0.000         
0.000         
0.000         
0.000         
0.000         
0.000         
0.000         
0.000         
0.000         
8.773         
0.000         
0.000         
0.000         
0.917         
0.000         
0.000         
0.000         
0.000         
0.000         
0.000         
0.000         
0.000         
0.000         
0.000         
0.000         
1.265         
0.000         
0.000         
0.000         
0.000         
0.000         
0.000         
0.000         
0.000         
0.000         
0.000         
0.000         
1.415         
0.000         
0.000         
0.000         
0.000         
0.000         
0.000         
0.000         
0.000         
0.000         
0.000         
0.000         
0.000         
0.000         
0.000         
0.000         
0.000         
0.000         
0.000         
0.000         
0.000         
0.000         
0.000         
0.000         
0.000         
0.000         
12.380        
0.000         
0.000         
0.000         
0.000         
0.000         
0.000         
0.000         
0.000         
0.000         
0.000         
0.000         
0.000         
0.000         
0.000         
0.000         
0.000         
0.000         
0.000         
0.000         
0.000         
0.000         
1.581         
0.000         
0.000         
0.000         
0.000         
0.000         
0.000         
24.754        
0.000         
0.000         
3.132         
28.988        
0.000         
2.902         
0.000         
81.598        
0.000         
25.835        
6.265         
6.569         
0.000         
0.000         
14.290        
0.000         
0.000         
0.000         
1.875         
0.000         
0.000         
1.889         
0.000         
0.000         
0.000         
0.000         
2.931         
0.000         
0.000         
0.000         
0.000         
0.000         
0.000         
0.000         
0.000         
0.000         
0.000         
0.000         
8.839         
0.000         
0.000         
0.000         
0.000         
0.000         
6.490         
0.000         
0.000         
0.000         
0.000         
0.000         
0.000         
0.000         
0.000         
0.000         
0.000         
58.288        
43.546        
80.466        
5.173         
0.000         
0.000         
0.000         
0.000         
0.000         
0.000         
0.000         
0.000         
0.000         
0.000         
0.881         
0.000         
0.000         
0.000         
45.009        
0.000         
0.000         
0.000         
0.000         
0.000         
0.000         
0.000         
0.000         
0.000         
0.000         
0.000         
0.000         
0.000         
0.000         
0.000         
0.000         
0.000         
0.000         
0.000         
0.000         
0.000         
0.000         
0.000         
0.000         
0.000         
0.000         
0.000         
0.000         
0.000         
0.000         
0.000         
0.000         
0.000         
0.000         
0.000         
0.000         
0.000         
0.000         
0.000         
0.000         
0.000         
0.000         
0.000         
0.000         
0.000         
0.000         
0.000         
0.000         
0.000         
0.000         
0.000         
0.000         
0.000         
0.000         
0.000         
0.000         
0.000         
0.000         
0.000         
0.000         
0.000         
0.000         
0.000         
0.000         
0.000         
0.000         
0.000         
0.000         
0.000         
0.000         
0.000         
0.000         
0.000         
0.000         
0.000         
0.000         
0.000         
0.000         
0.000         
0.000         
0.000         
0.000         
0.000         
0.000         
0.000         
0.000         
0.000         
0.000         
0.000         
0.000         
0.000         
0.000         
0.000         
0.000         
0.000         
0.000         
0.000         
0.000         
0.000         
0.000         
0.000         
0.000         
0.015         
0.000         
0.000         
0.000         
0.000         
0.000         
0.000         
0.000         
0.000         
0.000         
0.000         
0.000         
0.000         
0.000         
0.000         
0.000         
0.960         
0.000         
0.000         
0.000         
0.000         
0.000         
0.000         
0.000         
0.000         
0.000         
0.000         
0.000         
0.000         
0.000         
0.000         
0.000         
0.000         
0.000         
0.000         
0.000         
0.000         
0.000         
0.000         
0.000         
0.000         
0.000         
0.000         
0.000         
0.000         
0.000         
0.000         
0.000         
0.000         
0.050         
0.000         
0.000         
0.000         
1.129         
0.000         
0.000         
0.000         
0.000         
0.000         
0.000         
0.000         
0.000         
0.000         
0.000         
7.592         
3.321         
0.000         
0.000         
0.000         
0.000         
0.000         
0.000         
0.000         
0.000         
0.701         
0.000         
0.000         
0.000         
0.000         
0.000         
0.000         
0.000         
0.000         
0.000         
0.000         
0.000         
0.000         
4.538         
0.000         
0.000         
0.000         
0.000         
0.000         
0.000         
0.000         
0.000         
0.000         
0.000         
0.000         
0.000         
0.000         
0.000         
0.000         
0.000         
0.000         
0.000         
0.000         
0.000         
0.000         
0.000         
0.000         
0.000         
0.000         
0.000         
0.897         
0.000         
0.000         
0.000         
0.000         
0.000         
0.000         
0.000         
0.000         
0.000         
0.000         
0.000         
0.000         
0.000         
0.000         
0.000         
0.000         
0.000         
0.000         
0.000         
0.000         
0.000         
0.000         
6.824         
0.000         
0.000         
0.000         
0.000         
0.000         
0.000         
0.000         
0.000         
0.000         
0.000         
0.000         
0.000         
0.000         
0.000         
0.000         
0.000         
0.000         
0.000         
0.000         
10.929        
0.000         
0.000         
0.000         
0.000         
0.000         
0.000         
0.000         
0.000         
0.000         
0.000         
0.000         
0.000         
0.000         
0.000         
0.000         
0.000         
0.000         
0.000         
0.000         
0.000         
0.000         
0.000         
0.000         
0.000         
0.000         
0.000         
0.000         
0.000         
12.749        
4.917         
12.873        
0.140         
0.000         
0.000         
0.000         
0.000         
0.000         
0.000         
0.000         
0.000         
5.054         
4.505         
0.000         
0.000         
0.000         
0.000         
0.000         
0.000         
4.946         
0.000         
0.000         
0.000         
0.000         
0.000         
0.000         
0.000         
0.000         
0.000         
0.735         
0.000         
0.000         
0.000         
0.000         
0.000         
0.000         
0.000         
0.000         
0.000         
0.000         
0.000         
0.000         
0.000         
0.000         
0.000         
0.000         
0.000         
0.000         
0.000         
0.000         
0.000         
0.000         
0.000         
0.000         
0.000         
0.000         
0.000         
1.916         
0.000         
0.000         
0.000         
0.000         
0.000         
0.000         
0.000         
0.000         
0.000         
0.000         
0.000         
0.000         
0.000         
0.000         
0.000         
0.000         
129.886       
0.000         
0.000         
0.000         
0.000         
0.000         
0.000         
0.000         
0.000         
0.000         
0.000         
0.000         
0.000         
0.000         
0.000         
0.000         
0.350         
0.000         
0.000         
0.000         
0.000         
0.000         
0.000         
0.000         
0.000         
0.000         
0.000         
0.000         
0.000         
0.000         
0.000         
0.000         
0.000         
0.000         
0.000         
0.000         
0.000         
0.000         
0.000         
0.000         
0.000         
0.000         
0.000         
0.000         
0.000         
0.000         
0.000         
0.000         
0.000         
0.000         
0.000         
0.000         
0.000         
0.000         
0.000         
0.000         
0.000         
0.000         
0.000         
0.000         
0.000         
0.000         
0.000         
0.000         
0.000         
0.000         
0.000         
0.000         
0.000         
0.000         
0.000         
0.000         
0.000         
0.000         
0.000         
0.000         
0.000         
0.000         
0.000         
0.000         
0.000         
0.000         
0.000         
0.000         
0.000         
0.000         
0.000         
0.000         
0.000         
0.000         
0.000         
0.000         
0.000         
1.069         
0.000         
0.000         
0.000         
0.000         
0.000         
0.000         
0.000         
0.000         
0.000         
0.000         
0.000         
0.000         
2.287         
2.873         
0.000         
0.000         
10.558        
0.000         
0.000         
0.000         
0.000         
0.000         
0.000         
0.000         
0.000         
0.000         
0.000         
0.000         
0.000         
0.000         
0.000         
0.000         
0.000         
0.000         
0.000         
0.000         
0.000         
0.000         
0.000         
0.000         
0.000         
0.000         
0.000         
0.000         
0.000         
0.000         
0.000         
0.000         
0.000         
0.000         
0.000         
0.000         
0.000         
0.000         
0.000         
0.000         
0.000         
0.000         
0.000         
0.000         
0.000         
0.000         
0.000         
0.000         
0.000         
0.000         
0.000         
0.000         
0.000         
0.000         
0.000         
0.000         
0.000         
9.537         
29.827        
0.000         
0.000         
0.000         
0.000         
0.000         
0.000         
0.000         
0.000         
0.000         
0.000         
0.000         
0.000         
0.000         
0.000         
0.000         
0.000         
0.000         
0.000         
0.000         
0.000         
0.000         
0.000         
0.000         
0.000         
0.000         
0.000         
0.000         
0.000         
0.000         
0.000         
0.000         
0.000         
0.793         
0.000         
0.000         
0.000         
0.000         
0.031         
0.000         
0.000         
0.000         
0.000         
0.000         
0.000         
0.000         
0.000         
0.000         
0.000         
0.000         
0.000         
0.000         
0.000         
0.000         
0.000         
0.000         
0.000         
0.000         
0.000         
0.000         
1.483         
0.000         
0.000         
0.000         
0.000         
0.000         
0.000         
0.000         
0.000         
0.000         
0.000         
0.000         
0.000         
0.000         
0.000         
3.920         
1.555         
0.000         
0.000         
0.333         
0.000         
0.000         
0.000         
46.796        
0.000         
0.000         
0.000         
0.000         
0.000         
0.000         
0.000         
0.000         
0.000         
0.000         
0.000         
0.000         
0.000         
0.000         
0.000         
0.000         
15.721        
0.000         
0.000         
0.000         
0.000         
0.000         
0.000         
0.000         
0.000         
0.000         
0.000         
0.000         
0.000         
0.000         
0.000         
0.000         
0.000         
0.000         
0.000         
0.000         
6.313         
0.000         
0.000         
0.000         
0.000         
0.000         
0.000         
1.656         
0.000         
0.000         
6.674         
0.000         
0.000         
0.000         
0.000         
0.000         
0.000         
0.000         
0.880         
0.000         
0.000         
0.000         
0.000         
0.000         
0.000         
0.000         
0.000         
0.000         
0.000         
0.000         
0.000         
0.000         
0.000         
0.000         
0.000         
0.000         
0.000         
0.000         
0.500         
0.000         
0.000         
0.000         
0.000         
0.000         
0.000         
0.000         
0.000         
0.000         
0.000         
1.140         
0.000         
0.000         
0.000         
0.000         
0.000         
0.000         
0.000         
0.000         
0.000         
0.000         
0.000         
0.000         
0.000         
0.000         
0.000         
0.000         
5.424         
0.000         
0.000         
0.000         
0.000         
0.000         
1.823         
0.000         
0.000         
0.000         
3.955         
0.000         
0.000         
80.513        
0.000         
0.000         
0.000         
0.000         
0.000         
0.000         
6.382         
0.000         
0.000         
3.655         
0.000         
0.000         
0.000         
0.000         
0.000         
0.000         
0.000         
0.000         
0.000         
0.000         
0.000         
0.000         
0.000         
0.000         
0.000         
0.000         
0.000         
0.000         
0.000         
0.000         
0.000         
0.000         
0.000         
0.000         
0.000         
0.000         
0.000         
0.000         
0.000         
0.000         
0.000         
0.000         
0.000         
0.000         
0.000         
0.000         
0.000         
0.000         
0.000         
0.000         
0.000         
0.000         
0.000         
0.000         
0.000         
0.000         
0.000         
0.000         
0.000         
0.000         
0.000         
0.000         
0.000         
0.000         
0.000         
0.000         
0.000         
0.000         
0.000         
0.000         
0.000         
0.000         
0.000         
0.000         
0.000         
0.000         
0.000         
0.000         
0.000         
0.000         
8.115         
0.000         
0.000         
0.000         
0.000         
0.000         
0.000         
0.000         
0.000         
0.000         
0.000         
0.000         
0.000         
0.000         
0.000         
0.000         
0.000         
0.000         
0.000         
0.000         
0.000         
5.014         
0.000         
0.000         
0.000         
0.566         
0.000         
0.000         
0.000         
0.000         
0.000         
0.000         
0.000         
0.000         
129.885       
0.000         
2.170         
0.000         
0.000         
0.000         
0.000         
0.000         
0.000         
0.000         
0.000         
0.000         
0.000         
0.000         
0.000         
0.000         
0.000         
0.000         
0.000         
41.743        
0.000         
0.000         
0.000         
0.000         
0.000         
0.000         
0.000         
0.000         
0.000         
0.000         
0.000         
0.000         
0.000         
0.000         
0.000         
0.000         
0.000         
0.000         
0.000         
0.000         
0.000         
0.000         
0.000         
0.000         
0.000         
0.000         
0.000         
0.000         
0.000         
0.000         
0.000         
0.000         
0.000         
0.000         
0.442         
0.000         
0.000         
0.000         
0.000         
0.000         
0.000         
0.000         
0.000         
0.000         
0.000         
0.000         
0.000         
0.000         
0.000         
0.000         
0.000         
23.455        
4.981         
0.000         
0.000         
0.000         
0.000         
0.000         
0.000         
0.000         
0.000         
0.000         
0.000         
0.000         
0.000         
0.000         
0.000         
5.389         
0.000         
0.000         
0.000         
0.000         
0.000         
0.000         
0.000         
0.000         
0.000         
0.000         
0.000         
0.000         
0.000         
0.000         
0.000         
0.000         
0.000         
0.000         
0.000         
0.000         
0.000         
0.000         
0.000         
0.000         
0.000         
0.000         
0.000         
0.000         
0.000         
0.000         
1.782         
0.000         
0.000         
0.000         
0.000         
6.742         
0.000         
0.000         
0.000         
0.000         
0.000         
0.000         
0.000         
0.000         
0.000         
0.000         
0.000         
7.252         
0.000         
0.000         
0.000         
0.000         
0.000         
0.000         
0.000         
0.000         
0.000         
0.000         
0.016         
0.000         
0.000         
0.000         
0.000         
0.000         
0.000         
0.000         
0.000         
0.000         
0.000         
0.000         
0.000         
0.000         
0.000         
0.000         
0.000         
0.000         
2.876         
0.000         
0.000         
0.000         
0.000         
0.000         
0.000         
2.984         
0.000         
0.000         
0.000         
0.000         
0.000         
0.000         
0.000         
0.000         
0.000         
0.000         
1.030         
10.125        
0.000         
0.000         
6.109         
0.000         
0.000         
0.000         
0.000         
0.000         
0.000         
0.000         
0.000         
0.000         
21.711        
0.793         
0.000         
0.000         
0.000         
0.000         
0.000         
0.000         
0.000         
4.287         
0.000         
0.000         
1.374         
0.000         
0.000         
0.000         
0.000         
0.000         
0.000         
0.000         
0.000         
0.000         
0.000         
0.000         
0.000         
0.000         
0.000         
0.000         
0.000         
0.000         
0.000         
0.000         
0.000         
0.000         
0.000         
0.000         
0.000         
0.000         
0.000         
0.000         
0.000         
0.000         
0.076         
1.276         
0.000         
0.000         
0.000         
0.000         
0.000         
0.000         
0.000         
0.153         
0.000         
0.000         
0.000         
0.748         
0.000         
4.824         
0.000         
0.000         
0.000         
0.000         
0.000         
1.442         
0.000         
0.000         
0.000         
0.000         
0.000         
0.000         
0.000         
0.000         
0.000         
0.000         
0.000         
0.000         
0.000         
0.000         
0.000         
0.000         
0.000         
0.000         
0.000         
0.000         
0.000         
0.000         
0.000         
0.000         
0.000         
0.000         
0.000         
0.000         
0.000         
0.000         
0.000         
0.000         
0.000         
0.000         
0.000         
0.000         
0.000         
0.000         
0.000         
0.000         
0.000         
0.000         
0.000         
0.000         
0.000         
0.000         
0.000         
0.000         
0.000         
0.000         
0.000         
0.000         
0.000         
0.000         
0.000         
0.000         
0.000         
0.000         
0.000         
0.000         
0.000         
0.000         
0.000         
0.000         
0.000         
0.000         
0.000         
0.000         
3.818         
3.402         
0.000         
0.000         
0.000         
0.000         
0.000         
0.000         
0.000         
0.000         
3.318         
0.000         
0.000         
0.000         
0.000         
0.000         
0.000         
7.742         
0.000         
0.000         
0.000         
0.000         
0.000         
0.000         
0.000         
82.108        
0.000         
0.000         
0.000         
0.000         
0.000         
0.000         
0.000         
0.000         
0.000         
0.000         
0.000         
0.000         
0.000         
0.000         
0.000         
0.000         
0.000         
0.000         
0.000         
0.000         
0.000         
0.000         
0.000         
0.000         
0.000         
0.000         
0.000         
0.000         
0.000         
0.000         
0.000         
0.000         
0.000         
0.000         
0.000         
0.000         
0.000         
0.000         
0.000         
0.000         
0.000         
0.000         
0.000         
18.562        
0.000         
0.000         
0.000         
0.000         
0.000         
0.000         
0.000         
0.000         
0.000         
0.000         
0.000         
0.000         
0.000         
0.000         
0.000         
0.000         
0.000         
0.000         
0.000         
0.000         
0.000         
0.000         
0.000         
0.000         
0.000         
0.000         
0.000         
0.000         
0.000         
0.000         
0.000         
0.000         
0.000         
0.000         
9.596         
0.000         
0.000         
0.000         
5.948         
0.000         
0.000         
0.000         
0.000         
0.000         
0.000         
0.000         
0.000         
0.000         
0.000         
0.000         
0.000         
12.861        
16.704        
0.000         
0.000         
0.000         
13.972        
0.000         
0.000         
0.000         
0.000         
0.000         
0.000         
0.000         
9.466         
0.000         
0.000         
0.000         
0.000         
0.000         
0.000         
0.000         
1.158         
0.000         
0.000         
0.000         
0.000         
0.000         
0.000         
34.649        
0.000         
0.000         
0.000         
0.000         
0.000         
0.000         
0.000         
0.000         
0.000         
0.000         
6.053         
0.000         
0.000         
0.000         
0.000         
0.000         
0.000         
0.000         
0.000         
0.000         
0.000         
0.000         
0.000         
0.000         
0.000         
0.000         
0.000         
0.000         
0.000         
0.000         
0.000         
0.000         
0.000         
0.000         
0.000         
0.000         
0.000         
0.000         
0.000         
0.000         
0.000         
0.000         
0.000         
0.000         
0.000         
0.000         
0.000         
0.000         
0.000         
0.000         
0.000         
0.000         
0.000         
0.000         
0.000         
0.000         
0.000         
0.000         
0.000         
0.000         
0.000         
8.150         
4.745         
0.000         
1.295         
30.494        
0.000         
0.758         
40.762        
0.000         
0.000         
0.000         
0.111         
0.000         
0.000         
0.000         
1.976         
0.000         
0.000         
0.000         
4.992         
0.000         
0.000         
1.008         
0.000         
0.000         
0.000         
0.000         
0.000         
0.000         
3.636         
0.813         
0.000         
9.577         
0.000         
0.000         
0.000         
0.000         
10.931        
0.000         
0.000         
0.000         
0.000         
0.000         
0.000         
0.000         
0.000         
0.000         
0.000         
0.000         
0.000         
0.000         
0.000         
0.000         
0.000         
0.000         
0.000         
0.000         
0.000         
0.000         
0.000         
0.000         
0.000         
0.000         
0.000         
0.000         
0.000         
0.000         
0.000         
0.000         
0.000         
4.317         
26.315        
0.000         
0.000         
0.000         
0.000         
0.000         
0.000         
0.000         
0.000         
0.000         
0.000         
0.000         
0.000         
0.000         
0.000         
0.000         
0.000         
14.059        
0.000         
0.000         
0.000         
0.000         
0.000         
0.000         
0.000         
0.000         
0.000         
0.000         
0.000         
0.000         
0.000         
0.000         
3.357         
0.000         
0.000         
0.000         
0.000         
0.000         
0.000         
0.000         
0.000         
0.000         
0.000         
0.000         
0.000         
0.000         
0.000         
0.000         
0.000         
0.000         
0.000         
0.000         
0.000         
0.000         
0.000         
0.000         
0.000         
0.000         
0.000         
0.000         
0.000         
0.000         
0.000         
0.000         
0.000         
0.000         
0.000         
0.000         
0.000         
0.000         
0.000         
0.000         
0.000         
0.000         
0.000         
0.000         
0.000         
0.000         
0.000         
0.000         
0.000         
0.000         
0.000         
0.000         
0.000         
14.343        
0.000         
0.000         
0.000         
0.000         
0.000         
84.357        
43.806        
0.000         
0.000         
0.000         
0.000         
0.000         
0.000         
49.318        
0.000         
0.000         
0.000         
0.000         
0.000         
0.000         
0.000         
0.000         
0.000         
0.531         
0.000         
0.000         
0.000         
0.000         
0.000         
0.000         
0.000         
0.000         
0.000         
0.000         
0.000         
0.000         
0.000         
0.000         
0.000         
0.000         
0.000         
0.000         
0.000         
0.000         
0.000         
0.000         
0.000         
0.000         
0.000         
0.000         
12.245        
15.682        
0.000         
0.000         
0.000         
0.000         
0.000         
0.000         
0.000         
0.000         
0.000         
0.000         
0.000         
0.000         
0.000         
0.000         
0.000         
0.000         
0.000         
0.000         
0.000         
0.000         
0.000         
0.000         
0.000         
0.000         
0.000         
8.217         
0.000         
0.000         
0.000         
16.418        
0.000         
0.000         
0.000         
0.000         
1.650         
0.000         
0.000         
0.000         
0.000         
0.000         
0.000         
0.000         
0.000         
0.000         
0.000         
11.334        
0.000         
0.000         
0.000         
0.000         
0.000         
0.000         
0.000         
12.028        
0.000         
5.187         
0.000         
0.000         
0.000         
0.000         
0.000         
0.000         
0.000         
0.000         
0.000         
0.000         
0.000         
3.333         
0.031         
0.000         
0.000         
24.435        
0.000         
0.000         
0.000         
0.000         
14.458        
4.687         
0.000         
0.000         
0.000         
0.000         
0.000         
0.000         
0.000         
0.000         
0.000         
9.873         
0.000         
0.000         
0.000         
0.000         
0.000         
21.588        
0.000         
0.913         
0.000         
0.000         
0.000         
0.000         
0.000         
0.000         
0.000         
0.000         
3.403         
0.000         
0.000         
0.000         
0.000         
0.000         
0.000         
13.308        
0.000         
0.000         
0.000         
0.000         
0.000         
0.000         
24.834        
0.000         
0.000         
0.000         
0.000         
0.000         
0.000         
0.000         
0.000         
0.000         
0.000         
0.000         
0.000         
0.000         
0.000         
0.286         
0.000         
0.000         
31.806        
0.000         
0.000         
7.068         
0.000         
0.000         
0.000         
0.000         
0.000         
0.000         
11.956        
0.000         
0.000         
0.000         
0.000         
0.000         
0.000         
0.000         
0.000         
0.000         
0.000         
0.000         
0.000         
13.652        
0.000         
0.000         
0.000         
0.000         
0.000         
0.000         
0.000         
14.091        
0.000         
1.833         
0.000         
0.000         
0.000         
0.000         
6.791         
0.000         
0.000         
0.000         
3.836         
0.000         
0.352         
0.000         
0.000         
0.000         
17.331        
0.000         
7.815         
0.000         
0.000         
0.000         
0.000         
39.685        
0.000         
0.000         
0.000         
0.000         
5.726         
0.000         
0.000         
0.000         
0.000         
0.000         
0.000         
0.000         
0.000         
0.000         
0.000         
0.000         
0.000         
0.000         
0.000         
0.000         
0.000         
0.000         
0.000         
0.000         
0.000         
13.136        
0.000         
0.000         
0.000         
0.000         
0.000         
0.000         
0.000         
0.000         
0.000         
0.000         
0.000         
0.000         
0.000         
0.000         
0.000         
0.000         
11.276        
0.000         
12.076        
0.000         
0.000         
0.000         
0.000         
0.000         
0.000         
0.000         
0.000         
0.000         
5.687         
0.000         
0.000         
0.000         
0.000         
0.000         
0.000         
6.236         
0.000         
0.000         
0.000         
0.000         
0.000         
0.000         
0.000         
0.000         
0.000         
0.000         
0.000         
0.000         
0.000         
0.000         
0.000         
0.000         
0.000         
0.000         
0.000         
0.000         
0.000         
0.033         
0.000         
0.000         
0.000         
0.000         
0.000         
0.000         
0.000         
0.000         
0.000         
0.000         
0.000         
0.000         
0.000         
0.000         
0.000         
0.000         
0.000         
0.000         
0.000         
0.000         
0.000         
0.000         
0.000         
0.000         
0.000         
0.000         
0.000         
0.000         
0.000         
0.000         
0.000         
0.000         
0.000         
0.000         
0.000         
0.000         
0.000         
0.000         
0.000         
0.000         
0.000         
0.000         
0.000         
0.000         
0.000         
0.000         
0.000         
0.000         
0.000         
0.000         
0.000         
0.000         
0.000         
0.000         
0.000         
0.000         
0.000         
0.000         
0.000         
0.000         
0.000         
5.133         
0.000         
0.000         
0.000         
0.000         
0.000         
0.000         
0.000         
0.000         
0.000         
0.000         
0.000         
0.000         
0.000         
0.000         
0.000         
0.000         
0.000         
15.123        
0.000         
0.000         
0.000         
0.000         
0.000         
0.000         
0.000         
0.000         
0.000         
0.712         
0.000         
0.000         
0.000         
0.000         
0.000         
0.000         
0.000         
0.000         
0.000         
0.000         
0.000         
0.000         
0.000         
0.000         
0.000         
0.000         
0.000         
0.000         
0.000         
0.000         
0.000         
0.000         
0.000         
0.000         
0.000         
0.000         
0.000         
0.000         
0.000         
0.000         
0.000         
0.135         
0.000         
21.673        
0.000         
0.000         
0.000         
0.000         
0.000         
0.000         
0.000         
0.000         
0.000         
0.000         
0.000         
0.000         
0.000         
0.000         
0.000         
0.000         
0.000         
0.000         
0.000         
0.000         
0.000         
0.000         
0.000         
0.000         
0.000         
0.000         
0.000         
0.000         
0.000         
0.000         
0.000         
0.000         
1.648         
0.000         
21.847        
0.000         
10.204        
0.000         
0.000         
0.000         
0.000         
0.000         
0.000         
1.376         
0.000         
0.000         
1.492         
8.425         
0.000         
0.634         
0.000         
1.097         
0.000         
0.000         
0.000         
0.000         
0.000         
0.000         
0.000         
0.000         
0.000         
0.000         
0.000         
0.000         
0.000         
0.000         
0.000         
0.000         
0.000         
0.000         
0.000         
0.000         
0.000         
0.000         
0.000         
0.000         
0.000         
0.000         
0.101         
0.000         
0.000         
0.000         
0.000         
0.000         
0.000         
0.000         
0.000         
0.000         
0.000         
0.000         
0.000         
1.523         
0.000         
0.000         
0.000         
0.000         
0.000         
0.000         
0.000         
0.000         
0.000         
0.000         
0.000         
0.000         
0.000         
0.000         
0.000         
0.000         
0.000         
0.000         
0.000         
0.000         
0.000         
0.000         
0.000         
0.000         
0.000         
0.000         
0.000         
0.000         
0.000         
1.440         
0.000         
0.000         
82.567        
0.000         
0.000         
0.000         
0.000         
0.000         
0.000         
18.396        
0.000         
0.000         
0.000         
0.000         
0.000         
0.000         
0.000         
0.000         
22.296        
0.000         
46.567        
0.000         
0.000         
0.000         
10.008        
9.531         
0.000         
0.000         
0.000         
0.000         
0.000         
0.000         
0.000         
0.000         
0.000         
0.000         
0.000         
0.000         
0.000         
0.000         
19.527        
0.000         
0.000         
0.000         
0.000         
0.000         
0.000         
0.000         
0.000         
0.000         
0.000         
0.000         
0.000         
0.000         
0.000         
0.000         
0.000         
0.000         
0.000         
0.000         
0.000         
22.792        
0.000         
0.000         
0.000         
0.000         
0.000         
0.000         
0.000         
0.000         
0.000         
0.000         
0.000         
0.000         
0.000         
0.000         
0.000         
0.000         
0.000         
0.000         
0.000         
0.000         
15.929        
0.000         
0.000         
0.000         
0.000         
0.000         
0.000         
0.000         
0.000         
0.000         
0.000         
0.000         
0.000         
0.000         
0.000         
0.000         
0.000         
0.000         
0.000         
0.000         
0.000         
0.000         
0.000         
0.000         
0.000         
0.000         
0.000         
0.000         
0.000         
0.000         
0.000         
0.000         
0.000         
0.000         
0.000         
0.000         
0.000         
0.000         
0.000         
0.000         
0.000         
0.000         
0.000         
0.000         
0.000         
0.000         
0.000         
0.000         
0.000         
0.000         
0.000         
0.000         
0.000         
0.000         
0.000         
0.000         
0.000         
0.000         
0.000         
0.000         
0.000         
0.000         
0.000         
0.000         
0.000         
0.000         
0.000         
0.000         
0.000         
0.000         
0.000         
0.000         
0.000         
0.000         
0.000         
0.000         
0.000         
0.000         
1.802         
0.000         
0.000         
0.000         
0.000         
0.000         
0.000         
0.000         
21.524        
0.000         
0.000         
0.000         
0.000         
0.000         
0.000         
0.000         
0.000         
0.000         
0.000         
0.000         
0.000         
0.000         
0.000         
0.000         
0.000         
0.052         
0.000         
0.000         
0.000         
0.000         
0.000         
0.000         
0.000         
0.000         
2.821         
0.000         
0.000         
0.000         
0.000         
0.000         
0.000         
0.000         
0.000         
0.000         
0.000         
0.000         
0.000         
0.000         
0.000         
0.000         
0.000         
0.000         
0.000         
0.000         
0.000         
0.000         
0.000         
0.000         
0.000         
0.000         
0.000         
0.000         
0.000         
0.000         
0.000         
0.000         
0.000         
0.000         
27.947        
29.841        
0.000         
52.820        
0.000         
4.291         
0.000         
0.000         
0.889         
0.000         
0.000         
0.000         
0.000         
0.000         
0.000         
0.000         
0.000         
0.000         
0.000         
0.000         
0.000         
0.000         
0.000         
0.000         
0.000         
0.000         
0.000         
0.000         
0.000         
0.000         
0.000         
0.000         
0.000         
0.000         
0.002         
0.000         
0.551         
0.000         
0.000         
1.105         
0.000         
0.000         
0.000         
1.656         
1.509         
0.000         
0.000         
0.000         
21.103        
0.000         
0.681         
0.000         
0.000         
0.000         
0.000         
0.716         
4.925         
11.894        
0.000         
0.000         
11.709        
0.000         
0.000         
0.000         
0.000         
0.000         
0.000         
2.073         
0.000         
0.000         
0.000         
0.000         
0.000         
0.000         
0.000         
0.000         
0.000         
0.000         
0.000         
0.000         
0.000         
0.000         
0.000         
0.000         
0.000         
0.000         
0.000         
0.000         
10.535        
0.000         
0.000         
0.000         
0.000         
0.000         
0.000         
0.000         
0.000         
0.000         
0.000         
0.000         
0.000         
0.000         
0.000         
19.373        
0.000         
0.000         
0.000         
0.000         
0.000         
0.000         
0.000         
0.000         
0.000         
0.000         
0.000         
0.000         
0.000         
0.000         
0.000         
0.000         
0.000         
0.000         
0.000         
0.000         
0.000         
0.000         
0.000         
0.000         
0.000         
0.000         
0.000         
0.000         
0.000         
0.000         
0.000         
0.000         
0.000         
0.000         
0.000         
18.869        
0.000         
0.000         
0.000         
0.404         
0.000         
0.000         
8.825         
0.000         
0.000         
0.000         
2.255         
28.344        
0.000         
0.000         
6.072         
0.000         
5.420         
0.000         
0.000         
0.000         
0.000         
0.000         
0.000         
0.000         
0.000         
0.000         
0.000         
0.000         
0.000         
0.000         
0.000         
0.000         
0.000         
0.000         
0.000         
0.000         
0.000         
0.000         
19.746        
0.000         
0.000         
0.000         
0.000         
0.000         
0.000         
0.000         
0.000         
0.000         
0.000         
0.000         
0.000         
0.000         
0.000         
0.000         
0.000         
0.000         
0.000         
0.000         
0.000         
0.000         
0.000         
0.302         
0.000         
0.362         
0.000         
0.000         
0.036         
0.000         
0.000         
0.000         
0.000         
0.000         
0.000         
7.224         
34.692        
0.000         
0.000         
0.000         
33.658        
0.000         
0.000         
0.000         
0.000         
0.000         
0.000         
0.000         
0.000         
0.000         
0.000         
0.000         
0.000         
0.000         
0.000         
0.000         
0.000         
0.000         
0.000         
0.000         
0.000         
0.000         
0.000         
0.000         
0.000         
0.000         
0.000         
0.000         
0.000         
0.000         
0.000         
0.000         
0.000         
0.000         
0.000         
0.000         
0.000         
0.000         
0.000         
0.000         
0.000         
0.000         
0.000         
0.000         
0.000         
0.000         
0.000         
0.000         
0.000         
0.000         
0.000         
0.000         
0.000         
0.000         
0.000         
0.000         
0.000         
0.000         
0.000         
0.000         
0.000         
0.000         
0.000         
0.000         
0.000         
0.000         
0.000         
0.000         
0.000         
0.000         
0.000         
0.000         
0.000         
0.000         
0.000         
0.000         
0.000         
0.000         
0.000         
0.000         
0.000         
9.452         
0.000         
0.000         
0.000         
0.000         
0.000         
0.000         
0.000         
0.000         
0.000         
0.000         
0.000         
84.215        
0.000         
0.000         
0.000         
0.000         
0.000         
0.000         
0.000         
0.000         
0.000         
0.000         
37.296        
0.000         
0.000         
0.000         
0.000         
0.000         
0.000         
3.131         
0.000         
21.016        
0.000         
0.000         
0.000         
6.973         
0.000         
0.000         
0.000         
0.000         
0.000         
0.000         
0.000         
0.000         
0.000         
6.485         
0.000         
0.000         
0.000         
0.000         
0.000         
0.000         
0.000         
0.000         
0.000         
0.000         
0.000         
0.000         
0.000         
0.000         
0.000         
0.000         
0.000         
0.000         
0.000         
0.000         
0.000         
0.000         
0.000         
0.000         
0.000         
0.000         
0.000         
0.000         
0.000         
0.000         
0.000         
0.000         
1.871         
0.000         
0.000         
1.725         
0.000         
0.000         
0.000         
0.000         
1.985         
0.000         
0.000         
0.000         
0.000         
0.000         
0.000         
0.000         
0.000         
0.000         
0.000         
0.000         
6.154         
0.000         
0.000         
0.000         
0.000         
0.000         
0.000         
0.856         
0.000         
0.000         
0.000         
0.151         
15.518        
0.000         
0.000         
0.000         
0.000         
0.000         
0.000         
0.000         
0.000         
0.000         
0.000         
0.000         
0.000         
0.000         
0.000         
0.000         
0.000         
0.000         
0.000         
1.487         
0.000         
0.000         
0.000         
0.000         
0.000         
0.000         
0.000         
0.000         
0.000         
0.000         
0.000         
0.000         
0.000         
0.000         
0.000         
0.000         
8.417         
0.000         
0.000         
0.000         
0.000         
0.000         
0.000         
0.000         
0.000         
0.000         
0.000         
0.000         
0.000         
0.000         
0.000         
0.000         
0.000         
0.000         
0.000         
0.666         
0.000         
0.000         
0.000         
1.827         
0.000         
0.000         
0.000         
0.000         
0.000         
0.000         
2.237         
0.000         
0.000         
0.000         
0.000         
0.000         
0.000         
0.000         
0.000         
0.000         
0.000         
0.000         
0.000         
0.000         
0.000         
0.000         
0.000         
0.000         
0.000         
0.000         
0.000         
0.000         
0.000         
0.000         
0.000         
0.693         
0.000         
0.000         
0.412         
0.000         
0.000         
2.633         
0.000         
3.824         
0.000         
0.000         
0.000         
1.325         
0.000         
0.000         
0.000         
0.000         
6.971         
0.000         
0.000         
0.000         
0.000         
0.000         
0.000         
0.000         
1.116         
0.000         
0.000         
1.942         
0.000         
0.000         
0.000         
0.000         
0.000         
0.000         
0.000         
0.000         
0.000         
26.916        
0.000         
0.000         
0.000         
0.000         
0.487         
0.000         
0.000         
0.000         
0.000         
0.000         
0.000         
0.000         
0.000         
0.000         
0.000         
0.000         
0.000         
0.000         
0.000         
0.000         
0.000         
0.000         
0.000         
0.000         
0.000         
85.395        
0.000         
0.000         
0.000         
1.378         
0.000         
0.000         
0.000         
0.000         
0.000         
0.000         
0.000         
0.000         
0.000         
0.000         
0.000         
0.000         
0.000         
0.000         
0.000         
0.000         
0.000         
0.000         
0.000         
0.000         
0.000         
0.000         
0.000         
0.000         
0.000         
0.000         
0.000         
0.000         
0.000         
0.000         
0.000         
0.000         
0.000         
0.000         
0.000         
0.000         
0.000         
0.000         
0.000         
0.000         
0.000         
0.000         
16.692        
0.000         
0.000         
0.000         
0.000         
0.000         
0.000         
0.000         
0.000         
0.000         
0.000         
0.000         
0.000         
0.000         
0.000         
0.000         
0.000         
0.000         
0.000         
0.000         
0.000         
0.000         
0.000         
0.000         
0.000         
0.000         
0.000         
0.000         
0.000         
0.000         
0.000         
0.000         
0.000         
0.000         
0.000         
0.000         
0.000         
0.000         
2.156         
0.000         
0.000         
0.000         
0.000         
0.000         
0.000         
0.000         
0.000         
0.000         
0.000         
0.000         
0.000         
0.000         
5.339         
0.000         
0.000         
0.000         
0.000         
0.000         
2.594         
0.656         
0.000         
0.000         
0.000         
0.000         
0.000         
0.000         
0.000         
0.000         
0.000         
0.000         
0.000         
47.037        
0.000         
0.000         
0.000         
0.000         
0.000         
0.000         
0.000         
0.000         
0.000         
0.000         
0.000         
8.912         
0.000         
0.000         
0.000         
0.000         
0.000         
0.000         
0.000         
0.000         
0.000         
104.350       
0.000         
0.000         
0.000         
0.000         
0.000         
0.000         
0.000         
0.000         
0.000         
0.000         
0.000         
0.000         
0.000         
13.505        
0.000         
42.154        
0.000         
0.000         
0.000         
0.000         
0.000         
0.000         
0.000         
0.000         
0.000         
0.000         
0.000         
0.000         
21.781        
0.000         
0.000         
6.807         
0.000         
0.000         
0.000         
0.000         
0.000         
0.000         
0.000         
0.000         
0.000         
0.000         
0.000         
0.000         
0.494         
0.000         
0.000         
0.000         
0.000         
3.717         
0.000         
0.000         
0.000         
0.592         
0.000         
0.000         
0.000         
0.000         
6.230         
0.000         
0.000         
0.000         
0.000         
0.000         
0.000         
0.000         
0.000         
0.000         
0.000         
0.000         
0.000         
0.000         
0.000         
0.000         
0.000         
0.000         
0.000         
0.000         
0.000         
5.956         
0.000         
0.000         
0.000         
0.000         
0.000         
0.000         
0.000         
0.000         
0.000         
0.000         
0.000         
0.000         
0.000         
0.000         
0.000         
0.000         
0.000         
0.000         
0.000         
0.000         
0.000         
0.000         
0.000         
0.000         
0.000         
0.000         
0.000         
0.000         
0.000         
0.000         
0.000         
0.000         
0.000         
0.000         
0.000         
0.000         
0.000         
0.000         
0.000         
0.000         
0.000         
2.183         
0.000         
0.000         
0.000         
0.465         
0.000         
0.000         
0.000         
0.000         
0.000         
0.000         
0.000         
0.000         
0.000         
0.000         
0.000         
0.000         
0.473         
0.000         
0.000         
1.316         
0.000         
0.000         
0.000         
0.408         
0.000         
0.000         
0.000         
0.000         
0.000         
0.000         
0.000         
0.000         
0.000         
0.000         
0.000         
0.000         
2.295         
0.000         
0.000         
0.000         
0.000         
0.000         
0.000         
0.000         
0.000         
0.000         
6.627         
2.463         
0.000         
0.000         
0.000         
0.000         
0.000         
0.000         
0.000         
2.818         
6.184         
0.000         
0.000         
0.000         
0.436         
0.000         
0.000         
41.929        
0.000         
0.000         
0.000         
0.000         
0.000         
0.000         
0.000         
0.000         
0.000         
0.000         
0.000         
0.000         
0.000         
0.000         
0.000         
0.000         
0.000         
0.000         
0.000         
0.000         
13.827        
0.000         
0.000         
0.000         
0.000         
0.000         
0.000         
0.000         
0.000         
0.000         
0.000         
0.000         
0.000         
0.000         
0.000         
0.000         
0.000         
0.000         
0.000         
0.000         
0.000         
0.000         
0.000         
0.000         
0.000         
0.000         
0.000         
0.000         
2.568         
0.000         
0.000         
0.000         
0.000         
0.000         
2.426         
0.000         
0.000         
0.000         
0.000         
0.000         
0.000         
0.000         
0.000         
0.000         
0.000         
0.000         
0.000         
0.000         
0.000         
0.000         
0.000         
0.000         
0.000         
0.000         
0.000         
0.000         
0.000         
0.000         
0.000         
0.000         
0.000         
0.000         
0.000         
0.000         
0.000         
0.000         
0.000         
0.000         
0.000         
0.000         
0.000         
0.000         
0.188         
0.000         
0.000         
0.000         
0.000         
0.000         
0.000         
0.000         
0.000         
0.000         
0.000         
0.000         
0.000         
0.000         
0.000         
0.000         
0.000         
0.000         
0.000         
0.000         
0.000         
0.000         
0.000         
0.000         
0.000         
0.000         
0.000         
0.000         
0.000         
0.000         
0.000         
0.000         
0.000         
0.000         
0.000         
0.000         
31.458        
0.000         
31.355        
0.000         
0.000         
0.000         
0.000         
14.708        
0.000         
0.000         
0.000         
0.000         
0.000         
0.000         
0.000         
0.000         
0.000         
0.000         
0.000         
0.000         
0.000         
0.000         
0.000         
0.000         
0.000         
0.000         
0.000         
0.000         
0.000         
0.000         
0.000         
0.000         
0.000         
0.000         
0.000         
0.000         
0.000         
0.000         
0.000         
0.000         
0.000         
0.000         
0.000         
0.000         
0.000         
0.000         
0.000         
0.000         
0.000         
0.000         
0.000         
0.000         
0.000         
0.000         
0.000         
0.000         
0.000         
0.000         
0.000         
0.000         
7.653         
0.000         
0.000         
0.000         
0.000         
0.000         
20.543        
0.000         
0.000         
0.000         
0.000         
0.000         
0.000         
0.000         
0.000         
0.000         
0.000         
0.000         
0.000         
0.000         
0.000         
0.000         
0.000         
0.000         
0.000         
0.000         
0.000         
18.598        
0.000         
0.000         
0.000         
0.000         
0.000         
0.000         
0.000         
0.000         
0.000         
0.000         
0.000         
0.000         
0.000         
0.000         
8.849         
0.000         
0.000         
1.732         
0.000         
3.534         
0.000         
0.000         
0.000         
0.000         
0.000         
0.000         
0.000         
0.000         
1.472         
0.000         
0.000         
0.000         
0.000         
0.000         
0.000         
0.000         
0.000         
0.000         
0.000         
0.000         
0.000         
0.000         
0.000         
0.000         
0.000         
0.000         
0.000         
0.000         
0.000         
0.000         
0.000         
0.000         
0.000         
0.000         
0.000         
0.000         
0.000         
0.000         
0.000         
0.000         
0.000         
0.000         
0.000         
0.000         
0.000         
0.000         
0.000         
0.000         
0.000         
0.000         
0.000         
0.000         
0.000         
0.000         
0.000         
0.000         
0.000         
0.000         
0.000         
0.000         
0.000         
0.000         
0.000         
0.000         
0.000         
0.000         
18.551        
0.000         
1.392         
0.000         
0.000         
0.000         
0.000         
0.000         
0.000         
0.000         
0.036         
0.000         
0.000         
0.000         
0.000         
0.000         
0.000         
0.000         
0.000         
0.000         
0.000         
0.000         
29.033        
0.000         
0.000         
12.474        
0.000         
0.000         
0.000         
0.000         
0.000         
0.000         
0.000         
0.000         
0.000         
0.000         
24.373        
20.692        
0.000         
0.000         
32.768        
0.000         
16.276        
8.248         
0.000         
0.000         
0.000         
0.000         
0.000         
0.000         
0.000         
33.183        
0.000         
0.000         
0.000         
0.000         
1.933         
0.000         
0.000         
0.000         
0.000         
1.616         
18.341        
0.000         
0.000         
0.000         
0.000         
0.000         
0.000         
0.000         
0.000         
0.000         
0.000         
0.000         
0.000         
0.000         
0.000         
0.000         
0.000         
0.000         
0.000         
0.000         
0.000         
0.000         
0.000         
0.000         
0.000         
0.000         
0.000         
13.521        
12.965        
0.000         
0.000         
0.000         
0.000         
0.000         
0.000         
0.000         
0.000         
0.000         
0.000         
0.000         
0.000         
0.000         
0.000         
29.574        
0.000         
0.000         
0.000         
0.000         
0.000         
0.000         
0.000         
1.827         
0.000         
0.000         
0.000         
0.000         
0.000         
0.000         
0.000         
0.000         
0.000         
8.728         
0.000         
0.000         
40.645        
0.000         
0.000         
0.000         
0.000         
0.000         
0.000         
0.000         
0.000         
0.000         
0.000         
0.000         
0.000         
0.000         
0.000         
0.000         
0.000         
0.000         
0.000         
0.000         
0.000         
0.000         
0.000         
0.000         
0.000         
0.000         
0.000         
0.000         
0.000         
0.000         
0.000         
0.000         
0.000         
0.000         
0.000         
0.000         
0.000         
0.000         
0.000         
0.000         
0.000         
0.000         
0.000         
0.000         
0.000         
0.000         
0.000         
0.000         
0.000         
0.000         
0.000         
0.000         
0.000         
0.000         
0.000         
0.000         
0.000         
0.000         
0.000         
0.000         
0.000         
0.000         
0.000         
0.000         
0.000         
0.000         
0.000         
0.000         
0.000         
0.000         
0.000         
0.000         
0.000         
0.000         
0.000         
0.000         
0.000         
0.000         
0.000         
0.000         
0.000         
0.000         
0.975         
0.000         
0.000         
0.141         
0.000         
0.000         
0.000         
0.000         
0.000         
0.000         
0.000         
0.000         
0.000         
0.000         
0.000         
0.000         
0.000         
0.000         
18.583        
18.964        
0.000         
0.000         
0.000         
0.000         
0.000         
0.000         
0.000         
0.000         
0.000         
0.000         
0.000         
0.000         
0.000         
0.000         
13.063        
0.000         
33.599        
0.000         
103.680       
0.000         
0.000         
0.000         
0.000         
0.000         
0.000         
0.000         
0.000         
3.020         
13.540        
0.000         
0.000         
0.000         
0.000         
0.000         
0.000         
0.000         
0.000         
0.000         
0.000         
0.000         
0.000         
0.000         
0.000         
0.000         
1.693         
0.000         
0.000         
0.000         
0.000         
0.000         
0.000         
3.455         
0.000         
0.000         
0.000         
0.000         
0.000         
0.000         
0.000         
0.000         
0.000         
0.000         
1.574         
0.000         
0.000         
0.000         
0.000         
0.000         
0.000         
0.000         
0.000         
0.000         
0.000         
0.000         
3.642         
4.692         
0.000         
0.000         
0.000         
0.000         
0.000         
0.000         
0.000         
0.000         
0.000         
0.000         
0.000         
0.000         
0.000         
0.000         
0.000         
0.000         
0.000         
0.000         
0.000         
0.242         
0.000         
11.519        
0.000         
0.000         
0.000         
0.000         
0.000         
0.000         
0.000         
0.000         
0.000         
0.000         
0.000         
0.000         
0.000         
0.000         
0.000         
0.000         
0.000         
0.000         
0.000         
0.000         
0.000         
0.000         
0.000         
0.000         
0.000         
2.054         
0.000         
0.000         
0.000         
0.000         
0.000         
0.000         
0.000         
0.000         
1.269         
0.000         
0.000         
0.000         
0.000         
0.000         
0.000         
0.000         
0.000         
0.000         
0.000         
0.000         
0.000         
0.000         
10.037        
0.000         
0.000         
0.000         
0.000         
0.000         
0.000         
0.000         
0.000         
0.000         
0.000         
0.000         
0.000         
0.000         
0.000         
0.000         
0.000         
0.000         
0.000         
0.000         
0.000         
0.000         
0.000         
0.000         
0.000         
0.000         
0.000         
6.839         
0.000         
0.000         
11.132        
0.000         
0.000         
0.120         
4.487         
3.166         
0.000         
0.000         
0.000         
0.000         
0.000         
4.749         
0.000         
0.000         
2.689         
11.046        
0.000         
3.761         
0.000         
8.514         
0.000         
0.000         
0.000         
0.000         
0.000         
0.000         
0.000         
0.000         
0.000         
0.000         
0.000         
0.000         
0.000         
0.000         
0.000         
0.000         
0.000         
0.000         
0.000         
14.024        
0.000         
0.000         
0.000         
0.000         
0.000         
0.000         
0.000         
0.000         
0.000         
0.000         
0.000         
0.000         
0.000         
0.000         
0.000         
0.000         
0.000         
64.227        
54.516        
0.000         
8.448         
0.000         
0.000         
0.000         
0.000         
0.000         
6.625         
10.976        
10.208        
0.000         
0.000         
0.000         
0.000         
0.000         
0.000         
0.000         
0.000         
0.000         
0.000         
0.000         
9.205         
0.000         
0.000         
0.000         
0.000         
0.000         
0.000         
0.000         
0.000         
95.710        
0.000         
0.000         
0.000         
0.000         
0.000         
0.000         
0.000         
0.000         
0.000         
0.000         
0.000         
0.000         
0.000         
0.000         
0.000         
0.000         
0.000         
0.000         
0.000         
0.000         
0.000         
0.000         
0.000         
28.230        
0.000         
0.000         
0.000         
0.000         
0.000         
0.000         
0.000         
0.000         
0.000         
0.000         
0.000         
0.000         
0.000         
0.000         
0.000         
0.000         
0.000         
0.000         
0.000         
0.000         
0.000         
0.000         
0.000         
0.000         
0.000         
0.000         
0.000         
0.000         
0.000         
0.000         
0.000         
0.000         
0.000         
0.000         
0.000         
0.000         
0.000         
0.000         
0.000         
0.000         
0.000         
0.000         
0.000         
62.292        
0.000         
2.606         
0.000         
0.000         
0.000         
0.000         
0.000         
0.000         
0.000         
0.000         
0.000         
0.000         
1.700         
0.000         
0.000         
0.000         
0.000         
0.000         
0.000         
0.000         
0.000         
0.000         
0.000         
0.000         
0.000         
0.000         
0.000         
0.000         
0.000         
0.000         
0.000         
0.000         
121.326       
0.000         
0.000         
0.000         
0.000         
0.000         
0.000         
4.721         
0.928         
0.000         
0.000         
0.000         
0.000         
0.000         
1.835         
0.000         
0.000         
0.000         
0.000         
0.000         
0.000         
0.000         
0.000         
0.000         
0.000         
0.000         
0.000         
0.000         
0.000         
0.000         
0.000         
38.673        
0.000         
0.000         
0.000         
0.000         
0.000         
0.000         
0.000         
0.000         
0.000         
0.000         
0.000         
30.786        
19.467        
0.000         
0.000         
0.000         
0.000         
0.000         
1.083         
0.000         
0.000         
0.000         
0.000         
0.000         
0.000         
0.000         
0.000         
0.000         
6.386         
0.000         
0.000         
0.119         
0.000         
0.000         
0.000         
0.000         
3.398         
0.000         
0.000         
0.000         
0.000         
5.728         
5.595         
0.000         
0.000         
0.000         
0.000         
0.000         
0.000         
0.000         
0.000         
0.000         
0.000         
0.000         
0.000         
0.000         
0.000         
0.000         
0.000         
0.000         
0.000         
0.000         
0.000         
0.000         
0.000         
0.000         
2.054         
0.000         
11.297        
0.000         
0.000         
1.537         
0.000         
0.000         
0.000         
0.000         
0.000         
0.000         
0.000         
2.153         
5.044         
0.000         
0.000         
0.000         
0.000         
0.000         
0.000         
0.000         
0.000         
0.000         
0.000         
0.000         
0.000         
0.000         
0.000         
0.000         
0.000         
0.000         
0.000         
11.894        
0.000         
0.000         
0.000         
0.000         
0.000         
0.000         
0.000         
0.000         
0.000         
0.000         
0.000         
0.000         
0.000         
0.000         
0.000         
0.000         
0.000         
0.000         
0.000         
0.000         
0.000         
0.000         
0.000         
0.000         
0.000         
0.000         
0.000         
0.000         
0.000         
0.000         
0.000         
0.000         
0.000         
0.000         
0.000         
0.000         
0.000         
0.107         
0.000         
0.000         
0.000         
0.000         
0.000         
0.000         
0.000         
0.000         
0.000         
0.000         
0.000         
0.000         
0.000         
0.000         
0.598         
0.000         
0.000         
0.000         
0.000         
0.000         
0.000         
2.926         
0.000         
1.331         
0.000         
0.000         
0.003         
0.000         
0.000         
0.000         
0.000         
0.000         
0.000         
0.000         
0.195         
0.000         
0.000         
0.000         
0.000         
0.000         
0.000         
0.000         
0.000         
0.000         
82.718        
0.000         
0.000         
0.000         
1.811         
0.000         
0.000         
0.000         
0.000         
0.000         
0.000         
0.000         
0.000         
0.000         
0.000         
0.000         
0.000         
0.000         
0.000         
0.000         
0.000         
0.000         
21.036        
0.000         
0.000         
0.000         
0.000         
0.000         
0.000         
0.000         
0.000         
0.000         
0.000         
0.000         
0.000         
0.000         
0.000         
0.000         
0.000         
0.000         
0.000         
5.426         
0.000         
0.000         
0.000         
1.534         
0.000         
0.000         
0.000         
0.000         
0.000         
0.000         
0.000         
0.000         
0.000         
0.000         
0.000         
0.000         
0.000         
0.000         
0.000         
0.000         
0.000         
0.000         
0.000         
0.000         
0.000         
0.000         
0.000         
0.000         
0.000         
0.000         
0.000         
0.000         
0.000         
0.000         
0.000         
0.000         
0.000         
0.174         
0.000         
0.000         
0.000         
0.000         
0.000         
0.000         
0.000         
0.000         
0.000         
0.000         
0.000         
0.000         
0.000         
0.000         
0.000         
0.000         
0.000         
0.000         
0.000         
0.000         
0.000         
0.000         
0.000         
0.000         
0.000         
0.000         
0.000         
0.000         
0.000         
0.000         
0.000         
0.000         
0.000         
0.000         
0.000         
0.000         
13.257        
0.000         
0.000         
0.000         
0.000         
0.000         
0.000         
0.000         
0.000         
0.000         
25.791        
0.000         
0.000         
0.000         
0.000         
0.000         
0.000         
0.000         
0.000         
0.000         
0.000         
0.000         
0.000         
0.000         
0.000         
0.000         
0.000         
0.000         
0.000         
0.000         
0.000         
0.000         
0.000         
0.000         
0.000         
0.000         
0.000         
0.000         
0.000         
0.000         
0.000         
0.000         
0.000         
0.000         
0.000         
0.000         
0.000         
0.000         
0.000         
0.000         
0.000         
0.000         
0.000         
0.000         
0.000         
0.000         
0.000         
0.000         
0.000         
0.000         
0.000         
0.000         
0.000         
0.000         
0.000         
4.685         
0.000         
0.000         
0.000         
0.000         
0.000         
0.000         
0.000         
0.000         
0.000         
0.000         
0.000         
42.852        
0.000         
68.733        
0.000         
0.000         
0.000         
0.000         
0.000         
0.000         
0.000         
0.000         
12.360        
31.386        
0.000         
0.000         
0.000         
0.000         
0.000         
0.000         
0.000         
0.000         
0.000         
0.000         
0.000         
0.327         
0.000         
0.000         
0.000         
0.000         
0.953         
0.000         
15.415        
0.000         
0.000         
0.000         
0.000         
0.000         
0.000         
0.000         
0.000         
24.249        
0.000         
14.481        
0.000         
0.000         
0.000         
0.000         
0.000         
0.000         
0.000         
0.000         
0.000         
0.000         
0.000         
0.000         
0.000         
0.000         
0.000         
0.000         
0.000         
0.000         
0.000         
0.000         
0.000         
0.000         
0.000         
0.000         
5.053         
0.000         
0.000         
0.000         
0.000         
0.000         
0.000         
0.000         
0.000         
0.000         
0.000         
0.000         
0.000         
0.000         
0.000         
0.000         
0.000         
0.000         
0.000         
0.000         
0.000         
0.000         
0.000         
0.000         
1.195         
0.000         
0.000         
0.000         
0.000         
0.000         
0.000         
0.000         
0.000         
0.000         
0.000         
0.000         
0.000         
0.000         
3.802         
0.000         
0.000         
0.000         
0.000         
0.000         
0.000         
0.000         
0.000         
0.000         
0.000         
0.000         
0.000         
0.000         
0.000         
0.000         
0.127         
0.000         
0.825         
0.000         
0.000         
0.000         
0.000         
0.000         
0.000         
0.000         
0.000         
0.000         
0.000         
2.143         
0.341         
0.000         
0.000         
0.000         
0.000         
0.000         
0.000         
0.000         
0.000         
0.000         
2.935         
0.000         
0.000         
0.000         
0.000         
0.000         
0.000         
0.000         
0.000         
0.000         
0.000         
0.000         
0.000         
0.000         
0.000         
0.000         
0.000         
0.000         
0.000         
0.000         
0.000         
0.000         
0.000         
0.000         
20.944        
0.000         
0.000         
0.000         
0.000         
12.614        
0.000         
0.000         
0.000         
0.000         
0.000         
0.000         
3.995         
0.000         
0.000         
0.000         
0.000         
0.000         
0.000         
0.000         
0.000         
0.000         
0.000         
0.000         
0.000         
0.000         
0.000         
0.000         
0.000         
0.000         
0.000         
0.000         
0.000         
0.000         
0.000         
7.716         
0.000         
0.000         
0.000         
0.000         
0.000         
0.000         
0.000         
0.000         
0.000         
2.720         
0.000         
0.000         
0.000         
0.000         
0.000         
0.000         
0.000         
0.000         
0.000         
0.000         
0.000         
0.000         
0.000         
0.000         
0.000         
0.000         
0.000         
0.000         
0.000         
0.000         
4.548         
0.000         
0.000         
0.000         
0.000         
0.000         
0.000         
0.138         
0.000         
0.000         
0.000         
0.000         
0.000         
0.000         
0.000         
0.007         
0.000         
0.000         
0.000         
0.000         
0.000         
0.000         
0.000         
0.000         
0.000         
0.000         
0.000         
0.000         
0.000         
0.000         
0.000         
0.000         
0.000         
0.000         
0.000         
0.000         
0.000         
0.000         
0.000         
0.000         
0.000         
0.000         
0.000         
0.000         
0.000         
0.000         
0.000         
0.000         
0.000         
0.000         
0.000         
36.059        
0.000         
0.000         
0.000         
0.000         
0.000         
0.000         
8.105         
0.000         
27.004        
0.000         
0.000         
0.000         
0.000         
0.000         
0.000         
0.000         
0.000         
0.000         
0.000         
0.000         
0.000         
0.000         
0.000         
0.000         
0.000         
0.000         
0.000         
2.286         
0.000         
0.000         
0.000         
0.000         
0.000         
0.000         
0.000         
18.223        
0.000         
0.000         
0.000         
0.000         
0.000         
0.000         
0.000         
0.000         
46.292        
0.000         
0.000         
0.000         
0.000         
0.000         
0.000         
0.000         
0.000         
0.000         
0.000         
0.000         
0.000         
0.000         
0.000         
0.000         
0.000         
0.000         
0.000         
0.000         
0.000         
0.000         
0.000         
0.000         
0.000         
0.000         
16.883        
0.000         
0.000         
0.000         
0.000         
0.000         
0.000         
0.000         
0.000         
0.000         
0.000         
0.000         
15.338        
0.000         
0.000         
0.000         
0.000         
0.000         
0.000         
0.000         
0.000         
0.000         
0.000         
0.000         
0.000         
0.000         
0.000         
0.000         
0.000         
0.000         
0.000         
0.000         
0.000         
0.000         
0.000         
0.000         
0.000         
0.000         
0.000         
0.000         
0.000         
0.000         
0.000         
0.000         
0.000         
0.000         
0.000         
0.916         
7.358         
0.000         
27.063        
0.000         
5.926         
0.000         
0.000         
0.000         
0.000         
0.000         
7.904         
0.000         
0.000         
0.000         
0.000         
0.000         
0.000         
0.000         
0.000         
0.000         
0.000         
0.000         
0.000         
0.000         
0.000         
0.000         
0.000         
8.137         
0.000         
0.000         
0.000         
0.000         
0.000         
0.000         
0.000         
0.000         
0.000         
0.024         
0.000         
0.000         
0.044         
0.000         
0.000         
0.000         
0.000         
0.000         
0.000         
0.000         
0.000         
0.000         
0.000         
0.000         
0.000         
0.000         
0.000         
0.000         
1.585         
0.000         
0.000         
0.000         
0.000         
0.000         
0.000         
0.000         
0.000         
0.000         
0.000         
0.000         
0.000         
0.000         
0.000         
0.000         
0.000         
36.297        
23.179        
0.000         
0.000         
0.000         
1.635         
0.000         
0.000         
0.000         
0.000         
12.071        
0.000         
0.000         
0.000         
0.000         
0.000         
0.000         
0.000         
0.000         
0.000         
0.000         
0.000         
0.000         
0.000         
0.000         
0.000         
0.000         
0.915         
0.000         
0.000         
0.000         
0.237         
0.000         
0.000         
4.676         
0.000         
0.000         
0.000         
0.162         
0.000         
0.000         
0.000         
10.468        
0.000         
0.000         
4.144         
11.493        
0.000         
0.000         
0.000         
0.000         
0.000         
0.000         
0.000         
0.000         
0.000         
0.000         
0.000         
0.000         
0.000         
0.000         
0.000         
0.000         
2.276         
0.000         
0.000         
0.000         
0.000         
0.000         
0.000         
1.180         
0.000         
0.000         
0.000         
0.000         
0.000         
0.000         
0.000         
0.000         
0.000         
0.379         
0.000         
0.000         
0.000         
0.000         
0.000         
0.000         
0.000         
0.000         
0.000         
0.000         
0.000         
0.000         
0.000         
0.000         
0.000         
0.000         
0.000         
0.000         
0.000         
0.000         
0.000         
0.000         
0.000         
0.000         
0.000         
0.000         
10.159        
0.000         
4.427         
0.000         
0.000         
0.000         
0.000         
0.000         
0.000         
0.000         
0.000         
0.000         
0.000         
0.000         
0.000         
0.000         
0.000         
0.000         
0.000         
0.000         
0.000         
0.000         
0.000         
0.000         
0.000         
0.000         
0.000         
0.000         
0.000         
0.000         
0.000         
0.000         
0.000         
0.000         
0.000         
0.000         
0.000         
0.000         
0.000         
0.000         
0.000         
0.000         
0.000         
0.000         
0.000         
0.000         
0.000         
0.000         
0.000         
0.000         
0.000         
0.000         
0.000         
0.000         
0.000         
0.000         
0.000         
0.000         
0.000         
0.000         
0.000         
0.000         
0.000         
0.000         
0.000         
0.000         
0.000         
0.000         
0.000         
0.000         
0.000         
0.000         
0.000         
0.000         
0.000         
0.000         
0.000         
0.000         
0.004         
0.000         
0.000         
0.000         
0.000         
0.000         
0.000         
0.000         
0.000         
0.000         
0.000         
0.000         
0.000         
7.743         
0.000         
0.000         
0.000         
0.000         
0.000         
0.000         
0.000         
28.455        
0.000         
0.000         
0.000         
0.000         
0.000         
0.000         
0.000         
0.000         
0.000         
0.000         
0.000         
0.000         
0.000         
0.000         
0.000         
0.000         
0.000         
0.000         
0.000         
0.000         
0.000         
0.000         
0.000         
0.000         
0.000         
0.000         
0.000         
26.140        
0.000         
0.000         
0.000         
0.000         
0.000         
0.000         
57.247        
0.000         
0.000         
0.000         
0.000         
12.502        
0.000         
0.000         
116.310       
0.000         
0.000         
0.000         
0.000         
0.000         
0.000         
0.000         
12.034        
0.000         
4.904         
0.000         
0.000         
0.000         
0.000         
0.000         
0.000         
0.000         
0.000         
0.000         
0.000         
0.000         
0.951         
0.000         
0.000         
0.000         
0.000         
0.000         
0.000         
0.000         
0.000         
0.000         
0.000         
0.000         
0.000         
0.000         
0.000         
0.000         
0.000         
0.000         
2.519         
1.066         
0.000         
0.000         
25.051        
0.000         
0.000         
0.000         
0.000         
0.000         
0.000         
0.000         
0.000         
16.132        
0.000         
0.000         
0.000         
0.000         
0.000         
0.000         
0.000         
5.271         
0.000         
0.000         
0.000         
14.850        
11.287        
4.738         
0.000         
0.000         
0.000         
0.000         
0.000         
0.000         
0.000         
0.000         
0.000         
0.000         
0.000         
0.000         
0.000         
0.000         
0.000         
0.000         
0.000         
0.000         
0.000         
0.000         
0.000         
0.000         
0.000         
0.000         
0.000         
0.000         
0.000         
0.000         
0.000         
0.000         
0.000         
8.010         
0.000         
0.000         
0.118         
0.000         
0.000         
0.000         
0.000         
0.000         
0.000         
0.000         
0.945         
0.000         
0.000         
0.000         
0.000         
0.000         
0.000         
0.000         
0.000         
0.000         
0.000         
0.000         
0.000         
0.000         
0.000         
0.000         
0.000         
0.000         
0.000         
0.000         
3.607         
0.000         
0.000         
0.000         
0.000         
0.000         
0.000         
0.000         
0.000         
0.000         
22.067        
3.712         
8.339         
0.000         
0.000         
0.000         
0.000         
0.000         
0.000         
0.000         
0.000         
3.901         
0.000         
0.000         
0.000         
0.000         
0.000         
0.000         
0.000         
0.000         
5.215         
0.000         
0.000         
0.000         
0.000         
0.000         
0.000         
0.000         
0.000         
0.000         
0.000         
0.000         
0.000         
0.000         
0.000         
0.000         
0.000         
1.259         
0.000         
0.000         
0.000         
0.000         
0.000         
0.000         
0.000         
0.000         
0.000         
0.000         
0.000         
0.000         
0.000         
0.000         
0.000         
0.000         
0.000         
0.000         
0.000         
0.000         
0.000         
0.000         
0.000         
0.000         
0.000         
0.000         
0.000         
0.000         
0.000         
0.000         
0.000         
0.000         
0.000         
0.000         
0.000         
0.000         
0.000         
0.000         
0.000         
0.000         
0.000         
0.000         
0.000         
0.000         
0.000         
0.000         
0.000         
0.000         
0.000         
0.000         
0.000         
0.000         
0.000         
0.000         
0.000         
0.000         
0.000         
0.000         
0.000         
0.000         
0.000         
0.000         
0.000         
0.000         
0.000         
0.000         
0.000         
0.000         
0.000         
0.000         
0.000         
0.000         
0.000         
0.000         
0.000         
0.000         
0.000         
0.000         
0.000         
0.000         
0.000         
0.000         
0.000         
0.000         
0.000         
0.000         
0.000         
0.000         
0.000         
0.000         
0.000         
0.000         
6.723         
0.000         
0.000         
0.000         
0.000         
0.000         
0.000         
0.000         
0.000         
0.000         
0.000         
0.000         
0.000         
0.000         
0.000         
0.000         
0.000         
0.000         
0.000         
0.000         
0.000         
0.000         
0.000         
0.000         
0.000         
6.981         
0.000         
0.000         
0.000         
0.000         
0.000         
0.000         
0.000         
0.000         
0.000         
0.000         
0.000         
0.000         
0.000         
0.000         
0.000         
0.000         
0.000         
0.000         
0.000         
0.000         
0.901         
0.000         
0.000         
0.000         
0.000         
0.000         
0.000         
7.525         
0.000         
0.000         
0.000         
0.000         
0.000         
0.000         
0.000         
0.000         
0.000         
0.000         
0.000         
0.000         
0.000         
0.000         
0.000         
0.000         
0.000         
0.000         
0.000         
0.000         
0.000         
0.000         
0.000         
0.000         
0.000         
5.230         
0.000         
0.000         
0.000         
0.000         
0.000         
0.000         
0.000         
0.000         
16.411        
0.000         
0.000         
0.000         
0.000         
0.000         
0.000         
0.000         
0.000         
0.000         
0.000         
0.000         
0.000         
0.000         
0.000         
0.000         
0.000         
26.057        
0.000         
8.986         
0.000         
19.363        
0.000         
0.000         
0.000         
0.000         
0.000         
0.000         
0.000         
0.000         
0.000         
0.000         
0.000         
0.000         
0.000         
0.000         
0.000         
0.000         
0.000         
0.000         
0.000         
0.000         
0.000         
0.000         
0.000         
0.000         
0.000         
0.000         
0.000         
0.000         
0.000         
0.000         
0.000         
0.000         
0.000         
0.000         
0.000         
0.000         
0.000         
0.000         
0.000         
0.000         
0.000         
0.000         
0.000         
0.000         
0.000         
0.000         
0.000         
32.744        
0.000         
0.349         
0.000         
0.000         
0.000         
0.000         
0.000         
0.000         
0.000         
0.000         
0.000         
0.000         
0.000         
0.000         
0.000         
0.000         
0.000         
4.050         
0.000         
0.000         
0.000         
0.000         
0.000         
0.344         
0.000         
0.000         
0.000         
0.000         
9.868         
0.000         
0.000         
0.000         
0.000         
0.000         
0.000         
0.000         
0.000         
0.000         
0.000         
0.000         
0.000         
0.000         
0.000         
0.000         
0.000         
0.000         
0.000         
0.000         
0.000         
0.000         
0.000         
0.000         
0.000         
0.000         
0.000         
5.960         
0.000         
0.000         
0.000         
0.000         
0.000         
0.000         
0.000         
0.000         
0.000         
19.347        
0.000         
0.000         
0.000         
0.000         
0.000         
0.000         
2.205         
0.000         
0.000         
0.000         
0.000         
0.000         
0.000         
0.000         
0.077         
0.000         
0.000         
0.000         
0.000         
0.000         
0.000         
0.000         
1.041         
1.459         
3.103         
0.000         
1.456         
0.000         
0.000         
0.000         
0.000         
0.000         
0.000         
0.000         
0.000         
9.839         
0.000         
0.000         
0.000         
0.000         
0.000         
0.000         
0.000         
0.000         
0.000         
0.000         
0.000         
0.000         
0.000         
0.000         
0.000         
0.000         
0.000         
0.000         
0.000         
0.000         
0.000         
0.000         
0.000         
0.000         
0.000         
0.000         
0.000         
0.000         
0.000         
0.000         
0.000         
0.000         
0.000         
0.000         
0.000         
3.250         
3.233         
0.000         
0.000         
0.000         
0.000         
0.000         
0.000         
0.000         
0.000         
0.000         
0.000         
0.000         
0.000         
0.000         
0.000         
0.000         
0.000         
0.000         
22.796        
0.000         
0.000         
0.000         
0.000         
0.000         
0.000         
0.000         
0.000         
0.000         
0.000         
0.000         
0.000         
0.000         
0.000         
0.000         
0.000         
0.000         
0.000         
0.000         
0.000         
0.000         
0.000         
0.000         
0.000         
0.000         
0.000         
0.000         
0.000         
0.000         
0.000         
0.000         
0.000         
0.000         
0.000         
0.000         
0.000         
0.000         
0.000         
0.000         
0.000         
0.000         
0.000         
0.000         
0.000         
0.000         
0.000         
0.000         
0.000         
0.000         
0.000         
0.000         
0.000         
0.000         
0.000         
0.000         
0.000         
0.000         
0.000         
0.000         
0.000         
0.000         
0.000         
0.000         
0.000         
0.000         
0.000         
0.000         
2.715         
0.000         
0.000         
0.000         
0.000         
0.000         
5.191         
0.000         
0.000         
0.000         
0.000         
0.000         
0.737         
0.000         
0.000         
0.000         
0.000         
0.000         
0.000         
0.000         
0.000         
6.116         
0.000         
0.000         
0.000         
6.566         
0.000         
0.000         
0.000         
0.000         
0.000         
0.000         
0.000         
0.000         
0.000         
0.000         
0.000         
0.000         
0.000         
0.000         
0.000         
0.000         
0.000         
0.000         
0.149         
0.000         
0.000         
1.639         
0.000         
0.000         
0.000         
0.000         
0.000         
0.000         
0.000         
0.000         
0.000         
0.000         
0.000         
0.000         
0.000         
0.000         
0.000         
0.000         
0.000         
0.000         
13.774        
0.000         
0.000         
0.000         
0.000         
0.000         
0.000         
0.000         
0.000         
28.458        
0.000         
0.000         
0.000         
0.000         
0.000         
0.000         
0.000         
0.000         
10.747        
0.000         
9.903         
0.000         
0.000         
0.000         
0.000         
0.000         
0.000         
0.000         
0.000         
0.000         
0.000         
0.000         
0.000         
0.000         
0.000         
0.000         
1.920         
0.000         
0.000         
0.000         
0.000         
0.000         
6.075         
0.000         
0.000         
0.000         
0.000         
0.002         
0.000         
0.000         
0.000         
0.000         
0.000         
0.000         
0.000         
0.000         
0.000         
0.000         
0.000         
42.359        
0.000         
0.000         
0.000         
0.000         
0.000         
0.411         
0.000         
0.000         
0.000         
0.000         
0.000         
0.000         
0.000         
0.000         
0.000         
0.000         
0.000         
0.000         
0.000         
0.000         
0.000         
0.000         
0.000         
0.000         
0.000         
0.000         
0.000         
0.000         
0.000         
0.000         
0.000         
0.000         
0.000         
0.000         
0.000         
0.000         
0.000         
0.769         
0.000         
0.000         
0.000         
0.000         
0.000         
0.000         
0.000         
0.000         
0.000         
0.000         
0.000         
0.000         
0.000         
0.000         
0.000         
0.000         
0.000         
0.000         
0.000         
0.000         
0.000         
0.000         
0.000         
0.000         
0.000         
0.000         
0.000         
0.000         
0.000         
0.000         
0.000         
0.000         
0.000         
0.000         
0.000         
0.000         
0.000         
0.000         
0.000         
0.000         
0.000         
0.000         
0.000         
0.000         
0.000         
0.000         
0.000         
0.000         
8.723         
16.407        
14.215        
0.000         
0.000         
0.000         
0.000         
0.000         
0.000         
0.000         
0.000         
0.000         
0.000         
0.000         
7.149         
1.241         
0.000         
0.000         
0.000         
0.000         
1.074         
0.000         
0.000         
0.000         
0.000         
0.000         
0.000         
0.000         
0.000         
0.000         
0.000         
0.000         
0.000         
0.000         
0.000         
0.000         
0.000         
0.000         
0.000         
56.917        
0.000         
0.000         
0.000         
0.000         
0.000         
0.000         
0.000         
0.000         
0.000         
0.000         
0.000         
0.000         
42.243        
11.826        
0.000         
12.893        
30.949        
0.000         
0.000         
0.000         
0.000         
0.000         
0.000         
0.000         
0.000         
0.000         
0.000         
0.000         
0.000         
0.000         
0.000         
0.000         
0.000         
0.000         
0.000         
0.000         
0.000         
0.000         
0.000         
0.000         
0.000         
4.601         
0.000         
0.000         
0.000         
0.000         
0.000         
0.000         
0.000         
0.000         
0.000         
0.204         
0.000         
0.000         
0.000         
0.000         
0.000         
0.000         
0.000         
0.000         
0.000         
0.000         
0.000         
16.742        
0.000         
0.000         
0.000         
0.000         
0.000         
0.000         
0.000         
0.000         
0.000         
0.000         
0.000         
0.000         
0.000         
0.000         
0.000         
0.242         
0.000         
0.000         
0.000         
0.000         
0.000         
0.000         
0.000         
0.000         
0.000         
0.000         
0.000         
0.000         
0.000         
0.000         
0.000         
0.000         
0.000         
0.000         
0.000         
0.000         
0.000         
0.000         
0.000         
0.000         
0.000         
0.000         
0.000         
0.000         
0.000         
0.000         
0.000         
0.000         
0.000         
0.000         
0.000         
0.000         
0.000         
0.000         
0.000         
0.000         
0.000         
0.000         
0.000         
0.000         
0.000         
0.000         
0.077         
0.000         
0.000         
0.000         
0.000         
0.000         
0.000         
0.000         
0.000         
0.000         
0.000         
0.000         
0.000         
0.000         
0.000         
0.000         
0.000         
0.000         
0.000         
0.000         
0.000         
0.000         
0.000         
0.000         
0.000         
0.000         
0.000         
0.000         
0.000         
0.008         
0.000         
0.000         
1.298         
0.000         
0.000         
0.000         
0.000         
0.000         
0.000         
0.000         
0.000         
0.000         
0.000         
0.000         
0.000         
0.000         
0.000         
0.000         
0.000         
0.000         
0.000         
0.000         
0.000         
2.346         
0.000         
0.000         
0.000         
0.000         
0.000         
0.000         
3.421         
0.000         
0.000         
0.000         
0.000         
0.000         
0.000         
1.172         
0.000         
0.000         
0.000         
0.000         
0.000         
0.000         
0.000         
0.000         
0.000         
0.000         
0.000         
0.000         
0.168         
0.000         
0.000         
0.000         
0.000         
0.000         
0.000         
0.000         
0.000         
0.000         
0.000         
0.000         
0.000         
0.000         
0.000         
0.000         
0.000         
0.000         
0.017         
9.250         
0.000         
0.000         
0.000         
0.000         
0.000         
2.203         
0.000         
0.000         
0.000         
0.000         
0.000         
0.000         
0.000         
3.077         
23.097        
0.000         
0.000         
0.000         
0.000         
0.000         
0.000         
0.000         
0.000         
0.000         
3.458         
0.000         
0.000         
0.000         
0.000         
0.000         
0.000         
0.000         
0.000         
0.000         
0.000         
0.000         
0.000         
0.000         
0.000         
0.000         
0.000         
0.000         
0.000         
0.000         
0.000         
0.000         
0.000         
0.000         
0.000         
0.000         
0.000         
24.576        
0.000         
0.000         
0.000         
0.000         
0.000         
0.000         
0.000         
0.000         
0.000         
0.000         
0.000         
0.000         
0.000         
0.000         
0.000         
0.000         
0.000         
0.000         
0.000         
0.000         
0.000         
0.000         
0.000         
0.000         
0.000         
0.000         
0.000         
1.558         
0.000         
0.000         
0.000         
0.000         
0.000         
0.000         
0.000         
0.000         
0.000         
0.000         
0.000         
0.000         
0.000         
30.315        
0.000         
17.707        
0.000         
0.000         
0.000         
0.000         
0.469         
0.000         
0.000         
21.924        
9.223         
0.000         
0.000         
0.000         
0.000         
0.000         
0.000         
0.000         
0.000         
0.000         
0.000         
0.000         
0.000         
0.000         
0.000         
0.000         
0.000         
0.071         
2.239         
0.000         
0.000         
0.000         
0.000         
0.000         
0.000         
0.000         
0.000         
0.000         
0.000         
0.000         
0.000         
0.000         
0.000         
0.000         
0.000         
0.000         
0.000         
0.000         
0.000         
0.000         
0.000         
0.000         
0.000         
0.000         
0.000         
0.000         
0.000         
0.000         
0.000         
0.000         
0.000         
0.000         
0.000         
0.000         
0.000         
0.000         
0.000         
0.000         
9.601         
2.301         
0.000         
0.000         
0.000         
5.182         
0.000         
0.000         
0.000         
0.000         
0.000         
0.000         
0.000         
0.000         
0.000         
0.000         
0.000         
0.000         
0.000         
0.000         
0.000         
0.000         
0.000         
0.000         
0.000         
0.000         
0.000         
0.000         
0.000         
0.000         
0.000         
0.000         
0.000         
0.000         
0.000         
0.000         
0.000         
0.000         
0.000         
0.000         
0.000         
0.000         
0.000         
0.000         
0.000         
0.000         
0.000         
0.000         
0.000         
0.000         
0.000         
0.000         
0.000         
0.000         
0.000         
0.000         
0.000         
0.000         
0.000         
0.000         
0.000         
0.000         
0.000         
0.000         
0.000         
0.000         
0.000         
0.000         
0.000         
0.000         
0.000         
0.000         
0.000         
0.000         
0.000         
0.000         
0.000         
0.000         
0.000         
0.000         
0.000         
0.000         
0.000         
0.000         
0.000         
0.000         
0.000         
0.000         
0.000         
0.000         
0.000         
0.000         
0.000         
0.000         
15.935        
0.000         
0.000         
0.000         
0.000         
0.000         
0.000         
0.000         
0.000         
0.000         
6.189         
0.000         
0.000         
0.000         
0.000         
0.000         
0.000         
0.000         
0.000         
0.000         
0.000         
0.000         
0.000         
0.000         
0.000         
15.384        
0.000         
0.000         
0.000         
0.000         
0.000         
0.000         
0.000         
0.000         
0.000         
0.000         
0.000         
0.000         
0.000         
0.000         
0.000         
0.000         
0.000         
0.000         
0.000         
0.000         
0.000         
0.000         
0.000         
0.000         
0.000         
0.000         
0.000         
0.000         
0.000         
0.000         
0.000         
0.000         
0.000         
51.534        
0.000         
0.000         
0.000         
24.798        
19.917        
17.451        
4.075         
0.000         
0.000         
0.000         
0.000         
0.000         
0.000         
0.000         
0.000         
0.000         
0.000         
0.000         
0.000         
0.000         
0.000         
0.000         
0.000         
0.000         
0.000         
0.000         
0.000         
0.000         
0.000         
0.000         
0.000         
0.000         
0.000         
0.000         
0.000         
4.334         
1.927         
0.000         
0.000         
0.000         
0.000         
0.000         
0.000         
0.000         
0.000         
0.000         
0.000         
0.000         
0.000         
0.000         
0.000         
0.000         
3.517         
0.000         
0.000         
0.000         
0.000         
0.000         
0.000         
0.000         
0.000         
19.522        
0.000         
0.000         
0.000         
0.000         
0.000         
0.000         
0.000         
0.000         
0.000         
0.000         
0.000         
0.000         
0.000         
0.000         
0.000         
0.000         
0.000         
0.000         
1.120         
0.000         
0.000         
0.000         
0.000         
0.000         
0.000         
0.000         
0.000         
0.000         
0.000         
0.000         
0.000         
0.000         
0.000         
0.047         
0.000         
0.000         
0.000         
0.000         
0.000         
0.000         
0.000         
0.000         
0.000         
13.885        
1.150         
0.000         
0.000         
0.000         
3.136         
0.000         
0.000         
0.000         
0.000         
0.000         
0.000         
0.000         
0.000         
0.000         
0.000         
0.000         
0.000         
0.000         
0.000         
0.000         
0.000         
0.000         
0.000         
0.000         
0.000         
11.961        
0.000         
0.000         
0.000         
0.000         
0.000         
0.643         
0.000         
0.000         
0.000         
0.000         
0.000         
0.000         
0.000         
0.000         
0.000         
0.000         
0.000         
0.000         
0.000         
0.000         
0.000         
0.000         
0.000         
0.000         
4.053         
0.000         
0.000         
0.000         
0.000         
0.000         
0.000         
0.000         
0.000         
0.000         
0.000         
0.000         
0.000         
0.006         
0.454         
0.000         
0.000         
0.000         
0.000         
0.000         
0.000         
0.000         
0.000         
0.000         
0.000         
0.000         
0.000         
0.000         
0.000         
0.000         
0.000         
0.000         
0.000         
0.000         
0.000         
0.000         
0.000         
0.000         
0.006         
0.000         
0.000         
0.000         
0.000         
0.000         
0.000         
0.000         
0.000         
0.000         
0.000         
0.000         
0.000         
0.000         
0.000         
0.000         
0.000         
0.000         
3.379         
0.000         
0.000         
0.000         
0.000         
0.000         
0.000         
0.000         
0.000         
0.000         
0.000         
0.000         
0.000         
0.000         
0.000         
0.000         
12.263        
0.000         
0.000         
0.000         
0.000         
0.000         
36.566        
0.000         
0.000         
0.000         
0.000         
0.000         
0.000         
0.000         
0.000         
0.000         
0.000         
0.000         
0.000         
0.000         
0.000         
0.000         
0.000         
0.000         
0.000         
0.000         
0.000         
0.000         
0.000         
0.000         
0.000         
0.000         
0.000         
0.000         
0.000         
0.000         
0.000         
0.000         
0.000         
0.000         
0.000         
0.000         
0.000         
0.000         
0.000         
0.000         
0.000         
0.000         
0.000         
0.000         
0.000         
0.000         
0.000         
0.000         
0.000         
0.000         
0.000         
0.000         
0.000         
0.000         
0.000         
0.000         
0.000         
0.000         
0.000         
0.000         
0.000         
0.000         
0.000         
0.000         
0.000         
0.000         
0.000         
0.000         
0.000         
0.000         
0.000         
0.000         
0.000         
0.000         
0.000         
9.921         
0.000         
0.000         
31.981        
0.000         
0.000         
0.000         
0.000         
0.000         
0.000         
0.000         
0.000         
0.000         
0.000         
0.000         
0.000         
0.000         
0.000         
0.000         
0.000         
0.000         
0.000         
0.000         
0.000         
0.000         
0.000         
0.000         
0.000         
0.000         
0.000         
0.000         
0.000         
0.000         
0.000         
0.000         
0.000         
6.190         
0.000         
0.000         
0.000         
0.000         
0.000         
0.000         
0.000         
0.000         
0.000         
0.000         
0.000         
2.943         
0.000         
0.000         
0.000         
0.000         
0.000         
0.000         
0.000         
0.000         
0.000         
0.000         
0.000         
0.000         
0.000         
0.000         
0.000         
0.000         
0.000         
0.000         
0.000         
0.000         
0.000         
0.000         
0.000         
0.000         
0.000         
88.072        
0.000         
0.000         
0.000         
0.000         
0.000         
0.000         
0.000         
0.000         
0.000         
0.000         
0.000         
0.000         
0.000         
0.000         
0.000         
0.000         
0.000         
0.000         
0.000         
0.000         
0.000         
0.000         
0.000         
0.000         
0.000         
0.000         
0.000         
0.000         
0.000         
0.000         
1.910         
0.000         
0.000         
0.000         
0.000         
0.000         
0.000         
0.000         
0.000         
0.000         
0.000         
0.000         
0.000         
0.000         
0.000         
29.227        
0.000         
0.000         
0.000         
0.000         
0.000         
0.000         
0.000         
0.098         
0.378         
0.000         
0.000         
0.000         
0.000         
0.000         
0.000         
0.000         
0.000         
0.000         
1.357         
0.000         
0.000         
0.000         
0.000         
11.924        
0.000         
11.526        
0.000         
0.000         
0.000         
0.000         
0.000         
0.000         
0.000         
0.000         
0.000         
0.109         
0.000         
0.000         
0.000         
0.000         
0.000         
0.000         
0.000         
0.000         
0.000         
0.497         
0.000         
2.553         
0.000         
0.000         
0.000         
0.000         
0.000         
0.000         
0.000         
0.000         
0.000         
0.000         
0.000         
0.000         
0.000         
0.000         
0.000         
0.000         
0.000         
0.000         
0.000         
0.000         
0.000         
0.000         
0.000         
0.000         
0.000         
0.000         
0.000         
0.000         
0.000         
0.000         
0.000         
0.000         
0.000         
0.000         
0.000         
0.000         
0.000         
0.000         
0.000         
0.000         
0.000         
0.000         
0.000         
0.000         
0.000         
0.000         
0.000         
0.386         
0.000         
0.000         
0.000         
0.000         
0.000         
0.000         
0.000         
0.000         
0.000         
0.000         
0.000         
0.000         
0.000         
0.000         
0.000         
0.000         
6.912         
0.000         
0.000         
0.000         
0.000         
0.000         
0.000         
0.000         
0.000         
0.000         
0.000         
0.000         
0.000         
0.000         
0.000         
17.686        
0.000         
0.000         
0.000         
0.000         
0.000         
0.000         
0.000         
0.000         
0.000         
0.000         
0.000         
25.645        
0.000         
0.000         
0.000         
0.000         
0.000         
4.736         
1.892         
0.000         
0.000         
0.000         
0.000         
0.000         
0.000         
0.000         
0.000         
0.000         
0.000         
0.000         
0.000         
0.000         
0.000         
7.570         
10.051        
0.000         
0.000         
0.000         
0.000         
0.000         
0.000         
0.000         
0.000         
0.000         
0.000         
0.000         
0.000         
0.000         
0.000         
0.000         
0.000         
0.000         
25.275        
0.000         
0.000         
0.000         
0.000         
0.000         
0.000         
0.000         
0.000         
0.000         
0.000         
0.000         
0.000         
0.000         
0.000         
0.000         
0.000         
0.000         
0.000         
0.000         
0.000         
0.000         
0.000         
0.000         
0.000         
0.000         
0.000         
0.000         
0.000         
0.000         
0.000         
0.000         
0.000         
0.000         
0.000         
0.000         
0.000         
0.000         
0.000         
0.000         
0.000         
0.000         
0.000         
0.000         
0.000         
0.000         
0.000         
0.000         
0.000         
0.000         
0.000         
0.000         
0.000         
0.000         
0.000         
0.000         
0.000         
34.125        
0.000         
22.733        
10.427        
0.000         
0.000         
0.000         
0.000         
0.000         
0.000         
0.000         
4.641         
0.000         
3.660         
0.000         
0.000         
0.000         
0.000         
0.000         
0.000         
0.000         
0.000         
0.000         
0.000         
0.000         
0.000         
0.000         
0.000         
0.000         
0.000         
0.000         
0.000         
0.000         
0.000         
0.000         
0.000         
0.000         
0.000         
0.000         
0.000         
0.000         
0.000         
0.000         
0.000         
0.000         
0.000         
0.000         
0.000         
0.000         
0.000         
0.000         
0.000         
0.000         
0.000         
0.000         
0.000         
0.000         
0.000         
0.000         
0.000         
0.000         
0.000         
0.000         
0.000         
0.000         
0.000         
0.000         
0.000         
20.296        
0.000         
0.000         
0.000         
0.000         
0.000         
0.000         
0.000         
0.000         
0.000         
0.000         
0.007         
0.000         
0.000         
0.000         
0.000         
0.000         
13.017        
0.000         
0.000         
0.000         
0.000         
0.000         
0.000         
0.000         
0.000         
0.000         
0.000         
0.000         
0.000         
0.000         
0.000         
0.000         
0.000         
0.000         
0.000         
0.000         
0.000         
0.000         
0.000         
0.000         
0.000         
0.000         
0.000         
0.000         
0.000         
0.000         
0.000         
5.448         
0.000         
0.000         
0.000         
85.983        
0.000         
0.000         
13.901        
0.000         
0.000         
0.000         
0.000         
0.000         
0.000         
0.000         
0.000         
0.000         
0.000         
1.196         
0.000         
0.000         
0.000         
0.000         
0.000         
5.560         
0.000         
0.000         
0.000         
0.000         
1.035         
0.000         
0.000         
4.874         
0.000         
0.000         
0.000         
0.000         
0.000         
0.000         
4.199         
0.000         
0.000         
0.000         
0.000         
0.000         
0.000         
0.000         
0.000         
0.000         
0.000         
0.000         
0.000         
0.000         
0.000         
0.000         
0.000         
0.000         
0.000         
0.000         
0.000         
0.000         
0.000         
0.000         
0.000         
0.000         
0.000         
0.062         
0.000         
0.000         
0.000         
0.000         
0.000         
0.000         
0.000         
0.000         
0.000         
0.000         
0.000         
0.000         
0.000         
0.000         
0.000         
0.000         
0.000         
0.000         
0.000         
0.000         
0.000         
0.000         
0.000         
0.000         
0.000         
0.000         
0.000         
0.000         
0.000         
0.000         
0.000         
0.000         
0.000         
0.000         
0.000         
0.000         
0.000         
0.000         
0.000         
0.000         
0.000         
0.000         
0.000         
0.000         
0.000         
0.000         
0.000         
0.000         
0.000         
0.000         
0.000         
0.000         
0.000         
0.000         
0.000         
0.000         
0.000         
0.000         
0.000         
0.000         
0.000         
0.000         
0.000         
0.000         
0.000         
0.000         
0.000         
0.000         
0.000         
0.000         
0.000         
0.264         
0.000         
0.000         
0.000         
0.000         
0.000         
0.000         
0.000         
0.000         
0.000         
0.000         
0.000         
0.000         
0.000         
0.000         
0.000         
0.000         
0.000         
0.000         
0.000         
0.000         
0.000         
0.000         
0.000         
0.000         
0.000         
0.110         
0.000         
0.000         
6.205         
0.916         
0.012         
0.000         
0.000         
0.000         
0.000         
0.000         
0.000         
0.000         
5.228         
0.000         
0.000         
0.000         
0.000         
0.000         
0.000         
0.000         
0.000         
0.000         
0.000         
0.000         
0.000         
0.000         
0.000         
0.000         
0.000         
0.000         
0.000         
0.000         
0.000         
0.000         
0.000         
0.000         
0.000         
0.000         
0.000         
0.000         
0.000         
0.000         
0.000         
0.000         
0.000         
0.000         
0.000         
0.000         
0.000         
0.000         
0.000         
0.000         
0.000         
0.000         
0.000         
0.000         
0.000         
0.000         
0.000         
0.000         
0.000         
0.000         
0.000         
0.000         
0.000         
0.000         
0.000         
0.000         
0.000         
0.000         
0.000         
0.000         
0.000         
0.000         
0.000         
0.000         
0.000         
0.000         
0.000         
0.000         
0.000         
0.000         
0.000         
0.000         
0.000         
0.000         
0.000         
0.000         
0.000         
22.002        
0.000         
0.000         
0.000         
0.000         
0.000         
0.000         
0.000         
0.000         
0.000         
0.000         
0.000         
0.000         
0.000         
0.000         
0.000         
0.000         
0.000         
0.000         
0.000         
0.000         
0.000         
0.000         
0.000         
0.000         
0.000         
10.901        
0.000         
1.820         
0.000         
0.000         
0.000         
0.000         
0.000         
0.000         
0.000         
0.000         
0.000         
0.000         
0.000         
16.812        
0.000         
0.000         
0.000         
0.000         
0.000         
0.000         
0.000         
5.422         
0.000         
0.000         
0.000         
0.000         
0.000         
13.117        
0.000         
0.000         
0.000         
0.000         
0.000         
0.000         
0.000         
0.000         
0.000         
0.000         
10.691        
0.000         
0.000         
0.000         
0.000         
0.000         
0.000         
0.000         
0.000         
0.000         
0.000         
0.000         
0.000         
0.000         
0.000         
7.866         
7.417         
0.000         
0.000         
5.709         
0.000         
0.000         
0.000         
0.000         
0.000         
0.000         
0.000         
0.000         
0.000         
0.000         
0.000         
0.000         
0.000         
0.000         
0.000         
0.000         
0.000         
0.000         
0.000         
0.000         
0.000         
0.000         
0.000         
0.000         
0.000         
4.993         
0.000         
0.000         
0.000         
0.000         
0.050         
0.000         
0.000         
0.000         
0.000         
0.000         
0.000         
0.000         
0.000         
0.000         
2.724         
9.263         
1.160         
0.000         
6.452         
1.148         
10.213        
0.000         
2.816         
0.000         
0.000         
0.000         
0.000         
0.000         
0.000         
0.000         
0.000         
0.000         
0.215         
0.000         
0.000         
0.000         
0.000         
0.000         
0.000         
0.000         
0.000         
0.000         
0.000         
0.000         
0.000         
0.012         
0.000         
0.000         
0.000         
0.000         
0.000         
0.000         
0.000         
0.000         
0.000         
0.000         
0.000         
0.000         
0.000         
0.000         
0.000         
0.000         
0.000         
0.000         
0.000         
0.000         
0.000         
0.000         
0.000         
0.000         
0.000         
0.000         
0.000         
0.000         
0.000         
0.000         
0.000         
0.000         
0.000         
0.000         
0.000         
0.000         
0.000         
0.000         
0.000         
0.000         
0.000         
0.000         
0.000         
0.000         
0.000         
0.000         
0.000         
0.000         
0.000         
0.000         
0.000         
0.000         
0.000         
0.000         
0.000         
0.000         
0.000         
0.000         
0.000         
0.000         
0.000         
0.000         
0.000         
0.000         
0.000         
0.000         
0.000         
0.000         
0.000         
0.000         
0.000         
0.000         
0.000         
0.000         
0.000         
0.000         
0.000         
0.000         
0.000         
0.000         
0.000         
0.000         
0.000         
0.000         
0.000         
0.000         
0.000         
0.000         
0.000         
0.000         
0.000         
0.000         
0.000         
0.000         
0.000         
0.000         
0.000         
0.000         
0.000         
0.000         
0.000         
0.000         
0.000         
0.000         
0.000         
0.000         
0.000         
0.000         
0.000         
0.000         
0.000         
23.935        
0.000         
0.000         
0.000         
0.000         
0.000         
0.000         
0.000         
0.000         
0.000         
0.000         
0.000         
0.000         
0.000         
0.000         
0.000         
0.000         
0.000         
0.000         
27.019        
0.000         
0.000         
0.000         
0.000         
0.000         
0.000         
0.000         
0.000         
0.000         
0.000         
0.000         
0.000         
0.000         
0.000         
0.000         
0.000         
0.000         
0.000         
0.000         
0.000         
0.000         
0.000         
0.000         
0.000         
0.000         
0.000         
0.000         
0.000         
0.000         
0.000         
0.000         
0.000         
0.000         
0.000         
0.000         
0.000         
0.000         
0.000         
0.000         
0.000         
0.000         
0.000         
0.000         
0.000         
0.000         
0.000         
0.000         
0.000         
0.000         
0.000         
0.000         
0.000         
0.000         
0.000         
0.000         
0.000         
0.000         
0.000         
0.000         
0.000         
0.000         
0.000         
0.000         
0.000         
0.000         
0.000         
0.000         
0.000         
0.000         
0.000         
0.000         
0.000         
0.000         
1.138         
0.000         
0.000         
0.000         
0.000         
0.000         
0.000         
0.000         
0.000         
0.000         
0.000         
0.000         
0.000         
0.000         
0.000         
0.000         
0.000         
0.000         
0.000         
0.000         
0.000         
1.234         
0.000         
0.000         
0.000         
0.000         
0.000         
0.000         
0.000         
0.000         
0.000         
0.000         
0.000         
0.000         
0.000         
4.277         
0.000         
0.000         
0.000         
22.304        
0.000         
0.000         
0.000         
2.438         
0.000         
0.000         
0.000         
0.000         
0.000         
0.086         
0.000         
0.000         
0.000         
0.000         
0.000         
0.000         
0.000         
4.900         
0.000         
0.000         
48.288        
0.000         
0.000         
0.000         
40.044        
0.000         
0.000         
0.000         
0.000         
0.000         
0.000         
0.000         
0.000         
0.000         
0.000         
0.000         
0.000         
0.000         
0.000         
1.157         
0.000         
0.000         
4.714         
23.197        
0.000         
0.000         
0.000         
46.415        
0.177         
0.000         
0.000         
0.000         
0.000         
0.000         
0.000         
0.000         
0.000         
0.000         
4.371         
0.000         
0.000         
0.000         
0.000         
0.000         
0.000         
0.000         
0.000         
0.000         
0.000         
0.000         
0.000         
0.000         
0.000         
0.000         
0.000         
0.000         
18.523        
0.000         
0.000         
3.283         
0.000         
3.590         
0.000         
0.000         
0.000         
0.000         
0.925         
0.000         
0.000         
0.000         
0.000         
0.000         
0.000         
0.000         
0.000         
0.000         
0.000         
0.000         
0.000         
0.000         
0.008         
0.000         
0.285         
0.000         
0.000         
0.000         
0.000         
4.108         
0.000         
0.000         
0.000         
0.000         
0.000         
0.000         
0.848         
0.000         
0.000         
0.000         
0.000         
0.000         
0.000         
0.000         
0.000         
0.000         
0.000         
0.000         
0.000         
0.000         
0.000         
0.000         
0.000         
0.000         
0.000         
0.000         
0.000         
0.000         
0.000         
0.000         
0.000         
0.000         
0.000         
0.000         
0.000         
0.000         
0.000         
0.000         
0.000         
0.000         
0.000         
0.000         
0.000         
0.000         
0.000         
0.000         
0.000         
0.000         
0.000         
0.000         
0.000         
0.000         
0.000         
0.000         
0.000         
0.000         
0.000         
0.000         
0.000         
0.000         
0.000         
0.000         
0.000         
0.000         
9.229         
0.000         
0.000         
0.000         
0.000         
4.541         
0.000         
0.000         
0.000         
0.000         
0.000         
0.000         
0.000         
0.000         
0.000         
0.000         
0.965         
0.000         
0.000         
0.000         
0.000         
0.000         
0.000         
0.000         
0.000         
0.000         
0.000         
0.000         
0.000         
0.000         
0.000         
0.000         
0.000         
0.000         
0.000         
17.448        
0.000         
0.000         
0.000         
0.000         
0.000         
0.000         
0.000         
0.000         
0.000         
0.000         
0.000         
0.000         
0.000         
0.000         
0.000         
0.000         
0.000         
0.000         
0.000         
0.000         
0.000         
71.935        
0.000         
0.000         
0.000         
0.000         
50.478        
16.277        
8.775         
0.000         
0.000         
0.000         
0.000         
25.212        
0.000         
0.000         
0.000         
7.670         
0.000         
0.000         
17.510        
0.000         
22.582        
0.000         
0.000         
3.415         
0.000         
0.000         
0.000         
0.000         
58.118        
0.000         
0.000         
0.000         
0.000         
0.000         
0.000         
0.000         
0.000         
0.000         
0.000         
0.000         
0.000         
0.000         
0.000         
0.000         
0.000         
0.000         
0.000         
0.000         
0.000         
0.000         
0.000         
0.000         
0.000         
0.000         
0.000         
0.000         
0.000         
0.000         
0.000         
0.000         
0.000         
0.000         
0.000         
0.000         
0.000         
0.000         
0.000         
0.000         
0.000         
0.000         
0.000         
0.000         
0.000         
0.000         
0.000         
0.000         
0.000         
0.000         
0.000         
0.000         
0.000         
0.000         
0.000         
0.000         
0.000         
0.000         
0.000         
0.000         
0.000         
0.000         
0.000         
0.000         
0.000         
13.445        
0.000         
0.000         
0.000         
0.000         
0.000         
0.000         
0.000         
0.000         
0.000         
0.000         
0.000         
0.000         
31.104        
0.000         
0.000         
0.000         
0.000         
0.000         
0.000         
0.000         
0.000         
0.000         
0.000         
0.000         
0.000         
0.000         
0.000         
0.000         
0.000         
35.267        
0.000         
0.000         
0.000         
0.000         
3.603         
0.000         
0.000         
0.000         
0.000         
0.000         
0.000         
0.000         
0.000         
0.000         
0.000         
0.000         
0.000         
0.000         
0.000         
0.000         
0.000         
0.000         
0.000         
0.000         
0.000         
0.000         
0.000         
64.493        
5.009         
0.000         
0.000         
0.000         
0.000         
0.000         
0.000         
0.000         
0.000         
0.000         
0.000         
0.000         
0.000         
0.000         
0.000         
0.000         
0.000         
0.000         
0.000         
0.000         
81.787        
0.000         
0.000         
0.000         
0.000         
8.865         
0.000         
0.000         
0.000         
0.000         
43.178        
0.000         
0.000         
0.000         
0.000         
0.000         
0.000         
0.000         
0.000         
0.000         
0.000         
0.000         
0.000         
0.000         
0.000         
0.000         
8.919         
0.000         
12.837        
0.000         
0.000         
0.000         
0.000         
0.000         
0.000         
0.000         
0.000         
0.000         
0.000         
0.000         
0.000         
0.000         
0.000         
0.000         
0.000         
0.000         
0.000         
0.000         
0.000         
0.000         
0.000         
0.000         
84.970        
0.000         
0.000         
0.000         
0.000         
0.000         
0.000         
0.000         
0.229         
0.000         
0.000         
0.300         
0.000         
0.000         
0.000         
4.623         
0.000         
0.000         
0.000         
0.000         
0.000         
0.000         
0.000         
0.000         
0.000         
0.000         
0.000         
0.000         
0.000         
0.000         
0.000         
0.000         
0.000         
0.000         
0.000         
0.000         
0.000         
0.000         
0.000         
0.000         
0.000         
0.000         
0.000         
0.000         
0.000         
0.000         
0.000         
0.000         
0.000         
0.000         
0.000         
0.000         
0.000         
0.000         
0.000         
0.000         
0.000         
0.000         
0.000         
0.000         
0.000         
0.000         
0.000         
0.000         
0.000         
0.000         
0.000         
0.000         
0.000         
0.000         
0.000         
0.000         
0.000         
0.006         
0.000         
0.000         
0.000         
0.000         
0.000         
0.000         
0.000         
0.000         
0.000         
0.000         
0.000         
0.000         
0.000         
0.000         
0.000         
0.000         
5.359         
0.000         
0.000         
26.438        
0.000         
1.819         
0.000         
0.000         
0.000         
0.000         
0.071         
0.000         
0.000         
0.000         
0.000         
0.000         
0.000         
0.000         
0.000         
0.000         
0.000         
0.000         
0.000         
0.000         
0.000         
0.000         
0.000         
0.000         
0.000         
0.000         
0.000         
0.000         
0.000         
0.000         
14.332        
0.000         
0.000         
0.000         
0.000         
0.000         
0.000         
0.000         
0.000         
0.000         
0.000         
0.000         
0.000         
0.000         
14.895        
0.000         
0.000         
0.000         
0.000         
0.000         
0.000         
0.000         
0.000         
0.000         
0.000         
0.000         
0.000         
0.000         
0.000         
0.000         
0.000         
0.000         
0.000         
0.000         
0.000         
21.596        
0.000         
0.000         
0.000         
0.000         
0.000         
0.000         
0.000         
0.000         
0.000         
0.000         
0.000         
0.000         
0.000         
0.000         
0.000         
0.000         
0.000         
0.000         
0.000         
0.000         
0.000         
0.000         
0.000         
0.000         
0.000         
0.000         
0.000         
0.000         
0.000         
0.000         
0.000         
0.000         
0.000         
0.000         
0.000         
0.000         
0.000         
0.000         
0.000         
0.000         
0.000         
0.000         
0.000         
0.000         
0.000         
0.000         
0.000         
0.000         
0.000         
0.000         
0.000         
0.000         
0.000         
0.000         
0.000         
0.000         
0.000         
0.000         
0.000         
0.000         
0.000         
0.000         
0.000         
0.000         
0.000         
0.000         
0.000         
0.000         
0.000         
0.000         
0.000         
0.000         
0.000         
0.000         
0.000         
0.000         
0.329         
0.000         
0.000         
0.000         
0.000         
0.000         
0.000         
0.000         
0.000         
0.000         
0.000         
0.000         
0.000         
0.000         
0.000         
0.000         
11.747        
0.000         
0.000         
0.000         
0.000         
0.000         
0.000         
0.000         
0.000         
0.000         
0.000         
0.000         
0.000         
0.000         
0.000         
0.000         
0.000         
0.000         
0.000         
0.000         
0.000         
0.000         
0.000         
0.000         
0.000         
0.000         
0.000         
0.000         
0.000         
0.000         
0.000         
0.000         
0.000         
0.000         
0.000         
0.000         
0.000         
0.000         
0.000         
0.000         
0.000         
0.000         
0.000         
0.000         
0.000         
0.000         
0.000         
0.000         
0.000         
0.000         
0.000         
0.000         
0.000         
0.000         
0.000         
0.000         
0.000         
0.000         
0.000         
0.000         
0.000         
0.000         
0.000         
0.000         
0.000         
0.000         
3.866         
0.119         
0.000         
0.000         
0.000         
0.000         
0.000         
1.299         
0.000         
0.000         
0.000         
0.299         
0.000         
0.000         
0.000         
0.000         
0.000         
0.000         
0.000         
0.000         
0.000         
0.000         
0.293         
0.000         
0.566         
0.000         
0.000         
0.000         
0.000         
0.000         
0.000         
0.000         
0.000         
0.000         
0.000         
0.000         
0.000         
0.000         
0.000         
0.000         
0.000         
0.000         
0.000         
0.000         
0.000         
0.000         
0.000         
0.000         
0.000         
0.000         
0.000         
0.000         
0.000         
0.000         
0.000         
0.000         
0.000         
0.000         
0.000         
0.000         
0.000         
27.528        
0.000         
0.000         
0.000         
0.000         
0.000         
0.000         
0.000         
0.000         
0.000         
0.000         
0.000         
0.000         
0.000         
0.000         
0.000         
0.000         
0.000         
0.000         
0.000         
0.000         
0.000         
0.000         
0.000         
0.000         
0.000         
0.000         
0.000         
0.000         
0.000         
0.000         
0.000         
0.000         
0.000         
0.000         
0.000         
0.000         
0.000         
0.000         
0.000         
0.000         
0.000         
0.000         
0.000         
0.000         
0.000         
0.000         
0.000         
0.000         
0.000         
0.000         
0.000         
0.000         
0.000         
0.000         
0.000         
0.000         
0.000         
0.000         
0.000         
0.000         
0.000         
0.000         
0.000         
0.000         
0.000         
0.000         
0.000         
0.000         
4.517         
0.000         
23.137        
0.000         
0.000         
0.000         
0.000         
0.000         
0.000         
0.000         
0.000         
0.000         
0.000         
0.000         
0.000         
5.374         
13.058        
25.643        
0.000         
0.000         
0.000         
1.085         
0.000         
0.000         
0.000         
0.756         
0.000         
11.810        
0.000         
0.000         
0.000         
0.000         
0.000         
0.000         
0.000         
0.000         
0.000         
0.000         
0.000         
0.000         
0.000         
2.427         
0.000         
0.000         
0.000         
0.000         
0.000         
0.000         
0.000         
0.000         
0.000         
0.000         
0.000         
0.000         
0.000         
0.000         
0.000         
0.000         
91.938        
0.000         
0.000         
3.579         
0.000         
0.000         
0.000         
2.773         
11.917        
0.000         
0.000         
0.000         
0.000         
0.000         
0.000         
0.000         
0.000         
0.000         
0.000         
0.000         
0.000         
39.598        
0.000         
3.319         
0.000         
0.000         
5.406         
0.000         
0.000         
2.571         
0.000         
0.000         
0.000         
0.000         
0.000         
44.809        
0.000         
0.000         
0.000         
0.000         
0.000         
0.000         
0.009         
0.000         
0.000         
0.000         
0.000         
0.000         
0.000         
0.000         
0.000         
0.000         
0.000         
3.254         
0.000         
0.000         
0.000         
0.000         
0.000         
0.000         
0.000         
0.000         
0.000         
0.000         
0.000         
0.000         
0.000         
0.000         
0.000         
0.000         
0.000         
0.000         
0.000         
0.000         
0.000         
0.000         
0.000         
0.000         
0.000         
0.000         
0.000         
0.000         
0.000         
0.000         
0.000         
0.000         
0.000         
0.000         
0.000         
0.000         
0.000         
0.000         
0.000         
0.000         
0.000         
5.683         
0.000         
0.000         
0.000         
0.000         
0.000         
0.000         
0.000         
0.000         
0.000         
0.000         
0.000         
0.000         
0.000         
0.000         
0.000         
0.000         
0.000         
39.962        
0.000         
0.000         
0.000         
0.000         
0.000         
0.000         
0.000         
0.000         
0.000         
7.683         
0.000         
0.000         
0.000         
0.000         
0.000         
0.000         
0.000         
0.000         
0.000         
0.000         
0.000         
0.000         
0.000         
0.000         
0.000         
0.000         
0.000         
0.000         
0.000         
0.000         
0.000         
0.000         
0.000         
0.000         
0.000         
0.000         
0.000         
0.000         
0.000         
0.000         
0.000         
0.000         
0.000         
0.000         
0.000         
0.000         
0.000         
12.293        
0.000         
32.542        
0.000         
0.000         
0.000         
2.428         
0.000         
0.000         
0.000         
0.000         
0.000         
0.000         
0.000         
0.024         
0.000         
0.035         
0.195         
0.000         
0.000         
0.000         
0.000         
0.000         
0.000         
0.000         
0.000         
0.000         
0.000         
0.000         
0.000         
0.000         
0.000         
0.000         
0.040         
0.000         
0.000         
0.000         
0.000         
0.000         
0.000         
0.000         
0.000         
1.163         
0.000         
0.000         
0.000         
0.000         
0.000         
0.000         
0.000         
3.456         
0.000         
0.000         
0.000         
0.000         
0.000         
0.000         
0.000         
0.000         
0.000         
0.000         
0.000         
0.000         
3.360         
0.000         
0.000         
0.000         
0.000         
0.000         
0.000         
0.000         
0.000         
0.000         
0.000         
0.000         
0.000         
1.809         
0.000         
0.000         
0.000         
0.000         
0.000         
0.000         
0.000         
0.000         
2.909         
0.000         
0.000         
0.000         
23.446        
0.000         
0.000         
0.000         
0.000         
0.000         
0.000         
0.000         
0.000         
0.000         
0.000         
0.000         
0.000         
0.000         
0.000         
0.000         
0.000         
0.000         
0.000         
0.000         
0.000         
0.000         
0.000         
0.000         
0.000         
0.000         
0.000         
0.000         
0.000         
0.000         
0.000         
0.000         
12.413        
0.000         
0.000         
0.000         
0.000         
0.000         
0.000         
0.000         
0.000         
0.000         
0.000         
0.000         
0.000         
0.000         
0.000         
0.404         
0.000         
0.000         
0.728         
0.000         
0.000         
0.000         
0.000         
0.000         
0.000         
0.000         
3.760         
0.000         
0.000         
0.000         
0.000         
6.715         
0.000         
1.341         
1.253         
3.889         
0.021         
0.000         
4.905         
0.000         
1.102         
0.000         
0.000         
2.724         
0.000         
0.000         
0.000         
1.007         
0.000         
0.000         
0.000         
2.165         
0.000         
0.000         
0.000         
0.000         
0.000         
0.000         
0.000         
0.000         
0.000         
0.000         
0.000         
0.000         
0.000         
0.000         
0.000         
0.000         
0.000         
0.000         
0.000         
0.000         
0.000         
0.000         
0.000         
0.000         
0.000         
0.000         
0.000         
0.000         
0.000         
0.000         
0.000         
0.000         
0.000         
0.195         
0.000         
0.000         
0.000         
0.000         
0.000         
0.000         
0.000         
0.000         
53.362        
0.000         
0.000         
0.000         
0.000         
0.000         
0.000         
0.000         
0.000         
0.321         
0.000         
0.000         
0.000         
0.372         
8.146         
0.000         
0.000         
0.000         
17.356        
0.000         
0.000         
0.000         
0.000         
0.000         
0.000         
0.000         
0.000         
0.000         
0.000         
0.000         
0.000         
0.000         
0.000         
0.000         
0.000         
0.000         
0.000         
0.000         
0.000         
0.000         
0.000         
0.000         
0.000         
0.000         
0.000         
0.000         
0.000         
0.000         
0.000         
0.000         
0.000         
0.000         
0.000         
0.000         
0.000         
0.000         
0.000         
0.000         
0.000         
0.000         
0.000         
0.000         
0.000         
0.000         
0.000         
0.000         
0.000         
0.000         
0.000         
0.000         
0.000         
0.000         
0.000         
0.000         
0.000         
0.000         
0.000         
0.000         
0.000         
0.000         
0.000         
0.000         
17.373        
0.000         
0.000         
0.000         
2.824         
0.000         
0.000         
0.000         
24.831        
0.000         
0.000         
0.000         
0.000         
0.000         
0.000         
0.000         
0.000         
0.000         
38.216        
0.000         
0.000         
0.000         
0.000         
0.000         
0.000         
0.000         
0.000         
0.000         
1.101         
0.000         
0.000         
0.000         
0.000         
0.000         
0.000         
0.000         
10.988        
0.000         
0.000         
0.000         
0.000         
0.000         
0.000         
0.000         
0.000         
0.000         
0.000         
0.000         
0.000         
13.470        
0.000         
0.000         
0.000         
0.000         
0.000         
0.000         
0.000         
0.000         
0.000         
0.000         
0.000         
0.000         
0.000         
0.000         
0.000         
0.000         
0.000         
0.000         
2.403         
0.000         
0.000         
0.000         
0.000         
0.000         
0.000         
0.000         
0.000         
0.000         
0.000         
0.000         
0.000         
0.000         
0.000         
21.637        
0.000         
0.000         
0.000         
0.000         
26.128        
0.000         
0.000         
0.000         
0.000         
0.000         
0.000         
7.787         
0.000         
0.000         
0.000         
0.000         
0.000         
0.000         
0.000         
0.000         
0.000         
0.000         
0.000         
0.000         
0.000         
0.000         
0.000         
0.000         
0.000         
0.000         
0.000         
0.000         
0.000         
0.000         
0.000         
0.000         
0.000         
0.000         
0.000         
0.000         
0.000         
0.000         
0.000         
0.000         
0.000         
0.000         
0.000         
0.000         
0.000         
6.857         
0.000         
0.000         
0.000         
0.000         
0.000         
0.000         
0.000         
0.000         
0.000         
0.000         
0.000         
0.000         
0.000         
0.000         
0.000         
0.000         
0.000         
0.000         
0.000         
0.000         
0.000         
0.000         
0.000         
0.000         
0.000         
0.000         
0.000         
0.000         
0.000         
0.000         
0.000         
0.000         
0.000         
0.000         
0.000         
0.000         
0.000         
0.000         
0.000         
0.000         
0.000         
0.000         
0.000         
0.000         
0.000         
0.000         
0.000         
0.000         
0.000         
0.000         
0.000         
0.000         
2.021         
0.000         
0.000         
0.000         
0.000         
0.000         
0.326         
0.000         
0.000         
0.000         
0.000         
0.000         
0.000         
0.000         
0.000         
0.000         
0.000         
0.000         
0.000         
0.000         
0.000         
0.000         
0.000         
0.000         
0.000         
0.000         
0.000         
0.000         
0.000         
0.000         
0.000         
0.000         
0.000         
0.000         
0.000         
0.476         
0.000         
0.000         
0.000         
0.000         
0.000         
0.000         
0.000         
22.437        
1.043         
0.000         
0.000         
0.000         
0.000         
0.000         
0.000         
0.000         
0.000         
0.000         
0.000         
0.000         
0.000         
0.000         
0.000         
0.000         
40.383        
0.000         
0.000         
0.000         
84.449        
0.000         
0.000         
0.000         
0.000         
12.700        
0.000         
0.000         
0.000         
0.000         
0.000         
0.000         
0.000         
0.000         
0.000         
0.000         
0.000         
0.000         
0.000         
0.000         
0.000         
0.000         
1.651         
0.000         
0.000         
0.000         
0.000         
0.000         
0.000         
0.000         
0.000         
0.000         
0.000         
0.000         
0.000         
0.000         
0.000         
0.757         
0.000         
0.000         
0.000         
0.000         
0.000         
0.000         
0.000         
0.000         
0.000         
0.000         
0.000         
0.000         
0.000         
0.000         
0.000         
0.000         
0.000         
0.000         
0.000         
0.000         
0.000         
0.000         
0.000         
0.000         
0.000         
0.000         
0.000         
0.000         
0.000         
0.000         
0.000         
0.000         
0.000         
0.000         
0.000         
0.000         
0.000         
0.000         
0.000         
0.000         
0.000         
0.000         
0.000         
0.000         
0.000         
0.000         
0.000         
0.000         
0.000         
0.000         
0.000         
0.000         
0.000         
0.000         
0.000         
0.000         
0.000         
0.000         
0.000         
0.000         
0.000         
0.000         
0.000         
0.000         
0.000         
0.000         
0.000         
0.000         
0.000         
0.000         
0.000         
0.000         
0.000         
0.000         
0.000         
0.000         
0.000         
31.078        
12.326        
0.000         
0.000         
0.000         
0.000         
0.000         
0.000         
0.000         
0.000         
0.000         
0.000         
0.000         
0.000         
0.000         
0.000         
0.000         
0.000         
0.000         
0.000         
0.000         
0.000         
0.000         
0.000         
0.000         
0.000         
0.000         
0.000         
14.243        
0.000         
0.000         
0.000         
3.994         
0.000         
0.000         
0.000         
0.000         
0.000         
0.000         
0.000         
0.000         
0.000         
0.000         
0.000         
0.000         
0.000         
14.582        
0.000         
0.000         
0.000         
0.000         
0.000         
4.190         
0.000         
0.000         
0.000         
0.000         
0.000         
0.000         
0.000         
0.000         
0.000         
0.000         
0.000         
0.000         
0.000         
0.000         
0.000         
0.000         
0.000         
0.000         
0.000         
35.834        
0.000         
0.000         
0.000         
0.000         
0.000         
0.000         
0.000         
0.000         
0.000         
0.000         
0.000         
0.000         
0.000         
0.000         
0.000         
0.000         
0.000         
0.000         
0.000         
0.000         
0.000         
0.000         
0.000         
0.000         
0.000         
0.000         
0.000         
0.000         
0.000         
0.000         
0.000         
0.000         
2.850         
4.411         
3.130         
0.000         
0.000         
0.000         
0.000         
0.000         
0.000         
0.000         
0.000         
0.000         
0.000         
0.000         
0.000         
3.936         
0.000         
0.000         
0.000         
0.000         
0.000         
52.499        
0.000         
0.000         
0.000         
0.000         
0.000         
0.000         
0.000         
0.000         
0.000         
0.000         
0.000         
0.000         
0.000         
2.226         
0.000         
0.000         
1.074         
0.000         
0.000         
0.000         
0.000         
0.000         
0.000         
0.000         
4.977         
0.000         
0.000         
0.000         
0.000         
0.000         
0.000         
0.000         
0.000         
0.000         
0.000         
0.000         
0.067         
0.000         
0.000         
0.000         
0.000         
0.000         
0.000         
0.000         
0.000         
0.000         
0.000         
0.000         
0.319         
6.389         
0.000         
0.000         
0.000         
0.000         
0.000         
0.000         
0.000         
0.000         
0.000         
0.000         
0.000         
0.000         
0.000         
0.000         
0.000         
0.000         
0.000         
0.000         
0.000         
0.000         
0.000         
0.000         
0.000         
0.000         
0.000         
0.000         
0.000         
0.000         
0.000         
0.000         
0.000         
0.000         
1.495         
0.000         
0.000         
0.000         
0.000         
0.000         
0.000         
0.000         
0.000         
0.000         
0.000         
0.000         
0.000         
0.000         
0.000         
0.000         
51.925        
0.000         
0.000         
21.781        
0.000         
14.832        
0.000         
3.996         
0.000         
0.000         
7.919         
0.000         
12.326        
0.000         
2.977         
0.000         
5.450         
0.000         
0.000         
0.000         
0.000         
0.000         
0.000         
0.000         
0.000         
0.000         
30.042        
0.000         
0.000         
0.000         
0.000         
0.000         
0.000         
0.000         
0.000         
0.000         
0.000         
0.000         
0.000         
0.000         
0.000         
0.000         
0.000         
0.000         
0.000         
0.000         
0.000         
0.000         
0.000         
0.000         
0.000         
0.000         
0.000         
0.000         
0.000         
0.000         
0.033         
0.000         
0.000         
0.000         
0.000         
0.000         
0.000         
0.000         
0.538         
0.000         
0.000         
0.000         
0.000         
0.000         
0.000         
0.000         
0.000         
0.000         
0.000         
7.000         
0.000         
31.784        
0.000         
0.000         
0.000         
0.000         
0.000         
0.000         
0.000         
0.000         
0.000         
0.000         
0.000         
0.000         
0.000         
0.000         
0.000         
0.000         
0.000         
0.000         
0.000         
0.000         
0.000         
0.000         
0.000         
0.000         
0.000         
0.000         
0.000         
0.000         
0.000         
0.000         
0.000         
0.000         
0.000         
0.000         
0.000         
0.000         
0.000         
0.000         
0.000         
0.000         
0.000         
0.000         
0.000         
0.000         
0.000         
0.000         
0.000         
0.000         
0.000         
0.000         
0.000         
0.000         
0.000         
0.000         
0.000         
0.000         
0.000         
0.000         
0.000         
0.000         
0.000         
0.000         
0.000         
0.000         
0.000         
0.000         
0.000         
0.000         
0.000         
0.000         
0.000         
0.000         
0.000         
0.000         
0.000         
0.000         
0.000         
0.000         
0.000         
0.000         
0.000         
0.000         
0.000         
0.000         
0.000         
0.000         
0.000         
0.000         
0.000         
0.000         
0.000         
0.000         
0.000         
0.000         
0.000         
0.000         
0.000         
0.000         
0.000         
0.000         
0.000         
0.000         
0.000         
0.000         
0.000         
0.000         
0.000         
0.000         
0.000         
0.000         
0.000         
0.000         
0.000         
0.000         
0.000         
0.000         
0.000         
0.000         
0.000         
0.000         
0.000         
0.000         
0.000         
0.000         
0.000         
0.000         
0.000         
0.000         
0.000         
0.000         
0.000         
0.000         
0.000         
0.000         
0.000         
21.887        
0.000         
0.000         
0.000         
0.000         
0.000         
0.458         
0.000         
0.000         
0.000         
0.000         
0.000         
0.000         
0.000         
0.000         
0.000         
5.157         
0.000         
0.000         
0.000         
0.000         
4.139         
0.000         
0.000         
0.000         
0.000         
0.000         
0.000         
0.000         
4.172         
0.000         
0.000         
0.000         
0.000         
0.000         
0.000         
0.000         
37.637        
0.000         
1.026         
0.000         
0.000         
1.287         
0.000         
0.890         
0.000         
0.000         
0.000         
0.000         
0.000         
0.000         
0.000         
0.000         
0.000         
18.651        
0.000         
0.000         
0.267         
0.000         
0.000         
0.000         
0.000         
0.000         
3.580         
0.000         
0.000         
0.000         
0.000         
0.000         
1.833         
0.000         
0.000         
0.000         
0.000         
1.503         
0.000         
0.000         
0.000         
0.000         
0.000         
0.000         
0.000         
0.000         
0.000         
0.000         
2.791         
0.000         
0.000         
0.000         
0.000         
0.000         
0.000         
0.000         
0.000         
0.000         
0.000         
0.000         
0.000         
0.000         
0.000         
0.000         
0.000         
0.000         
0.000         
0.000         
0.000         
0.000         
0.000         
0.000         
0.000         
0.000         
0.000         
0.000         
0.000         
0.000         
0.000         
0.000         
0.000         
0.000         
0.000         
0.000         
0.000         
0.000         
0.000         
0.000         
0.000         
0.000         
0.000         
0.000         
0.000         
0.000         
0.000         
0.000         
0.000         
0.000         
0.000         
0.000         
0.000         
0.000         
11.120        
0.000         
0.169         
0.000         
0.000         
0.000         
0.000         
0.000         
0.000         
0.000         
0.000         
0.000         
0.000         
0.000         
0.000         
19.194        
10.195        
27.584        
0.000         
0.000         
0.000         
0.000         
0.000         
0.000         
0.000         
0.000         
0.000         
6.553         
0.000         
0.000         
0.000         
0.000         
0.000         
0.000         
0.000         
0.000         
0.000         
0.000         
0.000         
0.000         
0.000         
0.000         
0.000         
0.000         
23.044        
0.000         
0.000         
0.000         
0.000         
0.000         
0.000         
0.000         
0.000         
0.000         
0.000         
0.000         
3.000         
0.000         
73.287        
0.000         
0.000         
0.000         
0.000         
0.000         
0.000         
0.703         
0.000         
0.000         
0.000         
0.000         
0.000         
0.000         
0.000         
0.000         
0.000         
0.000         
0.000         
0.000         
0.000         
0.000         
0.000         
0.000         
0.000         
0.000         
0.000         
0.000         
0.000         
0.000         
0.000         
0.000         
0.000         
0.000         
0.000         
0.000         
0.000         
0.000         
0.000         
0.000         
0.000         
0.000         
0.000         
0.000         
0.000         
0.000         
0.000         
0.000         
0.000         
0.000         
0.000         
0.000         
0.000         
0.000         
0.000         
0.000         
0.000         
0.000         
0.000         
0.000         
0.000         
0.000         
0.000         
0.000         
0.000         
0.000         
0.000         
0.000         
0.000         
0.000         
0.000         
0.000         
0.000         
0.000         
0.000         
0.000         
0.000         
0.000         
0.000         
0.000         
0.000         
0.000         
0.000         
0.000         
0.000         
0.000         
0.000         
0.000         
0.000         
0.000         
0.000         
0.000         
0.000         
0.000         
0.000         
0.000         
0.000         
0.000         
0.000         
0.000         
0.000         
0.000         
0.000         
0.000         
0.000         
0.000         
0.000         
0.000         
0.000         
0.000         
0.000         
0.000         
0.000         
0.000         
0.000         
0.000         
0.157         
0.000         
41.697        
0.000         
0.000         
0.000         
0.000         
0.000         
0.000         
0.000         
0.000         
0.000         
0.000         
0.000         
0.000         
0.000         
0.000         
0.000         
0.000         
0.000         
0.000         
0.000         
0.000         
0.000         
0.000         
0.000         
0.000         
0.000         
0.000         
0.000         
0.000         
0.000         
0.000         
0.000         
0.000         
0.000         
0.000         
0.000         
0.000         
0.000         
0.000         
0.000         
0.000         
0.000         
0.000         
0.000         
20.172        
0.000         
0.000         
0.000         
0.000         
19.494        
0.000         
0.000         
0.000         
0.000         
0.000         
0.000         
0.000         
0.000         
0.000         
0.000         
0.000         
0.000         
0.000         
0.000         
0.000         
0.000         
0.000         
0.000         
0.000         
0.000         
0.000         
0.000         
0.000         
0.000         
0.000         
0.000         
0.000         
0.409         
0.000         
0.000         
0.000         
0.000         
0.000         
0.000         
0.000         
0.000         
0.000         
0.000         
0.000         
0.000         
0.000         
0.000         
0.000         
0.000         
0.000         
0.000         
0.000         
0.000         
0.000         
0.000         
0.000         
0.000         
0.000         
0.000         
0.000         
0.000         
0.000         
0.000         
0.000         
0.000         
0.000         
0.000         
0.000         
0.000         
0.000         
0.000         
0.000         
0.000         
0.000         
0.000         
0.000         
0.000         
0.000         
0.000         
0.000         
0.000         
0.000         
0.000         
0.000         
0.000         
0.000         
0.000         
0.000         
0.000         
0.000         
0.000         
0.000         
0.000         
0.000         
0.000         
0.000         
0.000         
4.295         
0.000         
0.000         
0.000         
0.000         
0.000         
0.000         
4.162         
0.000         
0.000         
0.000         
0.000         
0.000         
0.000         
0.000         
0.000         
0.000         
0.000         
0.000         
0.000         
0.000         
0.000         
0.000         
0.000         
0.757         
0.000         
0.000         
0.000         
0.000         
0.000         
0.000         
4.262         
0.000         
0.000         
0.000         
0.000         
0.000         
0.000         
68.559        
0.000         
0.000         
0.000         
0.000         
0.000         
0.000         
0.000         
25.659        
0.000         
0.000         
0.000         
0.000         
0.000         
0.000         
0.000         
1.738         
9.118         
0.000         
0.000         
6.995         
0.000         
0.000         
14.749        
0.000         
0.000         
0.000         
0.020         
0.000         
0.000         
0.000         
0.000         
0.000         
0.000         
0.000         
0.000         
0.000         
0.000         
0.000         
0.000         
0.000         
0.000         
0.000         
0.000         
0.000         
0.000         
0.000         
9.980         
0.000         
0.000         
0.000         
0.000         
0.000         
0.000         
0.000         
0.000         
0.000         
0.000         
8.178         
0.000         
30.181        
0.000         
0.000         
0.000         
0.000         
0.000         
0.000         
0.000         
0.000         
0.000         
0.000         
0.000         
0.000         
0.004         
0.000         
0.000         
4.837         
0.000         
0.000         
0.000         
0.000         
0.000         
5.600         
1.404         
0.227         
0.000         
0.000         
0.000         
0.000         
0.000         
1.900         
0.000         
0.000         
0.000         
0.000         
0.000         
0.000         
0.000         
0.000         
0.000         
0.000         
0.000         
0.000         
0.000         
0.000         
0.000         
0.000         
0.000         
0.000         
0.000         
0.000         
0.000         
0.000         
0.000         
0.000         
0.000         
0.000         
0.000         
0.000         
0.000         
0.000         
0.000         
0.000         
0.000         
0.000         
0.000         
0.000         
0.000         
0.000         
0.000         
0.000         
0.000         
0.000         
0.000         
0.000         
0.000         
0.000         
0.000         
0.000         
0.000         
0.000         
0.000         
0.000         
0.000         
0.000         
0.000         
0.000         
0.000         
0.000         
0.000         
0.000         
0.000         
0.000         
0.000         
0.000         
0.000         
0.000         
0.000         
0.000         
0.000         
0.000         
0.000         
0.000         
0.000         
0.000         
30.482        
0.000         
0.000         
0.000         
39.232        
0.000         
0.000         
0.000         
0.000         
0.000         
0.000         
0.000         
0.000         
0.000         
0.000         
0.000         
0.000         
0.000         
0.000         
0.000         
1.675         
0.000         
0.000         
0.000         
0.000         
0.000         
0.000         
0.000         
0.000         
0.000         
0.000         
0.000         
0.000         
0.000         
0.000         
0.000         
0.000         
0.000         
0.000         
0.000         
0.000         
0.000         
0.000         
0.000         
0.000         
0.000         
0.000         
0.000         
0.000         
0.000         
0.000         
0.000         
0.000         
0.000         
0.000         
0.000         
0.924         
0.000         
0.000         
0.000         
0.000         
0.000         
0.000         
0.000         
0.000         
0.000         
0.000         
0.000         
0.000         
0.000         
0.000         
0.000         
0.000         
0.000         
41.963        
0.000         
0.000         
0.000         
0.000         
5.184         
0.180         
0.000         
2.855         
0.000         
0.000         
0.000         
0.000         
0.000         
0.000         
0.000         
0.000         
0.000         
0.000         
0.000         
0.000         
0.000         
0.000         
0.000         
0.513         
0.000         
0.000         
0.000         
0.000         
0.000         
0.000         
0.559         
0.000         
0.000         
0.000         
0.000         
0.000         
0.000         
0.000         
0.000         
0.000         
0.000         
0.000         
0.000         
0.000         
2.928         
0.000         
0.000         
0.000         
0.000         
0.000         
0.000         
5.268         
0.899         
0.000         
0.000         
0.000         
0.000         
0.000         
0.000         
0.000         
5.104         
0.000         
0.000         
0.000         
0.000         
0.000         
0.000         
0.000         
0.000         
0.000         
0.000         
0.000         
0.000         
0.532         
3.824         
0.000         
0.000         
0.000         
0.000         
0.000         
0.000         
0.000         
0.000         
0.000         
0.000         
0.000         
18.496        
0.000         
0.000         
0.000         
0.000         
0.000         
0.000         
0.000         
0.000         
0.000         
0.000         
0.000         
0.000         
0.000         
0.000         
0.000         
0.000         
0.000         
0.000         
0.000         
0.000         
0.000         
0.000         
14.152        
0.100         
0.000         
0.000         
0.000         
0.000         
0.000         
0.000         
0.000         
0.000         
0.000         
0.000         
0.000         
0.000         
0.446         
0.000         
0.000         
0.000         
0.000         
0.000         
0.000         
0.000         
0.000         
0.000         
0.000         
0.000         
0.000         
5.116         
0.000         
0.000         
0.000         
0.000         
0.000         
0.000         
0.000         
0.000         
0.000         
0.000         
0.000         
0.000         
0.023         
0.000         
0.000         
0.000         
0.000         
0.000         
0.000         
0.000         
3.572         
0.000         
0.000         
14.696        
0.000         
0.000         
0.000         
0.000         
0.027         
0.000         
0.000         
0.000         
0.000         
0.000         
0.000         
0.000         
0.000         
0.003         
0.000         
0.000         
0.000         
0.000         
0.000         
0.000         
0.000         
0.000         
0.000         
0.000         
0.000         
0.000         
0.729         
0.000         
0.000         
0.000         
0.000         
0.000         
30.695        
0.000         
23.914        
0.000         
0.000         
0.000         
10.271        
0.000         
0.000         
0.000         
0.000         
3.653         
0.000         
0.000         
0.000         
0.000         
0.000         
0.000         
0.000         
0.000         
0.000         
0.000         
0.000         
0.000         
0.000         
2.599         
0.000         
0.000         
0.000         
0.000         
0.000         
0.000         
0.000         
0.000         
0.000         
0.000         
0.000         
0.000         
0.000         
0.000         
0.000         
0.000         
0.000         
0.000         
0.028         
0.000         
0.000         
0.000         
0.000         
0.000         
0.000         
0.000         
0.000         
0.000         
0.000         
0.000         
0.000         
0.000         
0.000         
0.000         
0.000         
0.000         
0.000         
0.000         
0.000         
0.000         
0.000         
0.000         
0.000         
0.000         
0.000         
0.000         
0.000         
0.000         
0.000         
0.000         
0.000         
0.000         
0.000         
0.000         
0.000         
0.000         
0.000         
0.000         
0.000         
0.000         
0.000         
0.000         
0.000         
0.000         
0.000         
0.000         
0.000         
0.000         
0.000         
0.000         
0.000         
0.000         
0.000         
0.000         
6.116         
0.000         
12.258        
0.000         
0.000         
8.968         
0.000         
0.000         
0.000         
0.000         
0.000         
0.000         
0.002         
0.000         
0.000         
0.000         
0.000         
0.000         
0.000         
0.000         
0.000         
0.000         
0.000         
0.000         
0.000         
0.000         
0.000         
0.000         
0.000         
0.000         
0.000         
0.000         
0.000         
0.000         
0.000         
0.000         
0.000         
0.000         
0.000         
0.000         
0.000         
0.000         
0.000         
0.000         
0.000         
0.000         
0.000         
0.000         
0.000         
0.000         
0.000         
0.000         
0.000         
0.000         
0.000         
0.000         
0.000         
0.000         
0.000         
0.000         
0.000         
0.000         
0.000         
0.000         
0.000         
0.000         
0.000         
0.000         
0.000         
0.000         
0.000         
0.000         
0.000         
0.000         
0.000         
0.000         
0.000         
0.000         
0.000         
0.000         
0.000         
0.000         
0.000         
0.000         
0.000         
0.000         
0.000         
0.000         
0.000         
0.000         
0.000         
0.000         
0.554         
0.000         
0.000         
0.000         
0.000         
0.476         
0.000         
0.000         
0.000         
0.000         
0.000         
0.000         
0.000         
0.000         
0.000         
0.000         
0.000         
0.000         
0.124         
0.000         
0.000         
0.000         
0.000         
0.000         
0.000         
0.000         
0.000         
0.000         
0.000         
0.000         
47.588        
18.791        
0.000         
0.000         
0.000         
0.000         
0.000         
0.000         
0.000         
0.000         
0.000         
8.756         
37.390        
0.000         
0.000         
0.000         
0.000         
6.016         
0.125         
0.000         
0.000         
0.008         
0.000         
0.000         
0.000         
0.000         
0.000         
0.000         
0.000         
0.000         
0.000         
0.000         
0.000         
1.608         
0.000         
0.000         
0.000         
0.847         
0.000         
0.000         
0.000         
0.000         
14.093        
0.000         
0.000         
0.000         
0.000         
0.000         
0.000         
0.000         
0.000         
0.000         
0.000         
0.000         
0.000         
0.000         
0.000         
0.000         
0.000         
0.000         
0.000         
0.000         
0.000         
0.000         
0.000         
0.000         
0.000         
0.000         
0.000         
0.000         
0.000         
0.000         
0.000         
0.000         
0.000         
0.000         
0.000         
0.000         
0.000         
0.000         
0.000         
30.806        
0.000         
0.000         
0.086         
0.000         
0.000         
0.000         
0.000         
0.000         
2.802         
15.366        
0.000         
1.624         
0.000         
0.000         
0.000         
0.000         
16.141        
0.000         
1.323         
0.000         
0.000         
0.000         
0.000         
0.000         
0.000         
0.000         
0.000         
0.000         
0.000         
0.857         
0.000         
0.000         
0.000         
0.000         
0.000         
0.000         
0.000         
0.000         
0.000         
0.000         
0.000         
0.000         
0.000         
0.000         
5.888         
0.000         
12.199        
0.000         
0.000         
0.000         
0.000         
0.000         
0.000         
0.000         
0.000         
0.000         
0.000         
0.000         
0.000         
0.000         
0.000         
0.000         
0.000         
0.000         
0.000         
0.000         
0.000         
0.000         
0.000         
0.000         
0.000         
0.000         
0.000         
0.000         
0.000         
0.000         
0.000         
0.000         
0.000         
0.000         
0.000         
0.000         
0.000         
0.000         
0.000         
0.000         
0.000         
0.000         
10.301        
0.000         
0.000         
0.000         
2.949         
0.000         
0.000         
0.000         
0.000         
0.000         
0.000         
0.000         
0.000         
0.000         
0.000         
0.000         
0.000         
0.000         
0.000         
0.000         
0.000         
0.000         
0.000         
0.000         
0.000         
0.000         
0.000         
0.000         
0.000         
0.000         
0.000         
0.000         
0.000         
0.000         
0.000         
0.000         
0.000         
0.000         
0.000         
0.000         
0.000         
0.000         
0.000         
0.000         
0.000         
0.000         
0.000         
0.000         
0.000         
0.000         
0.000         
0.000         
0.000         
0.000         
0.000         
0.000         
0.000         
0.000         
0.000         
0.000         
0.000         
0.000         
0.000         
0.000         
0.000         
0.000         
0.000         
0.000         
0.000         
0.000         
0.000         
0.000         
0.000         
0.000         
0.344         
0.000         
0.000         
0.000         
0.000         
0.000         
0.000         
0.000         
0.000         
43.799        
0.000         
0.000         
0.000         
0.000         
0.000         
0.000         
36.905        
0.000         
0.000         
88.551        
0.000         
0.000         
0.000         
0.000         
0.000         
0.000         
0.000         
0.000         
0.000         
0.000         
0.000         
0.000         
0.000         
0.000         
0.000         
0.000         
0.000         
0.000         
0.000         
0.000         
0.000         
0.000         
0.000         
0.000         
0.000         
0.000         
0.000         
0.000         
0.000         
0.000         
0.000         
0.000         
0.000         
0.000         
0.000         
72.503        
0.000         
0.000         
0.000         
0.000         
0.000         
0.000         
0.000         
0.000         
0.000         
0.000         
0.000         
0.000         
0.000         
0.000         
0.000         
0.000         
0.000         
0.000         
0.000         
0.000         
0.000         
0.000         
0.000         
0.000         
0.000         
0.000         
0.000         
0.000         
0.000         
0.000         
0.000         
0.000         
0.000         
0.000         
0.000         
0.000         
0.000         
0.000         
0.000         
0.000         
0.000         
0.000         
0.000         
0.000         
0.000         
0.000         
2.361         
0.000         
0.000         
1.240         
0.000         
0.000         
0.000         
0.000         
0.000         
0.000         
0.000         
0.000         
0.000         
0.000         
0.000         
0.000         
0.000         
0.000         
0.000         
0.000         
0.000         
0.000         
0.000         
7.711         
0.000         
0.000         
0.982         
0.000         
0.000         
0.000         
0.000         
0.000         
0.000         
0.000         
0.000         
1.247         
0.000         
0.000         
0.000         
0.000         
0.000         
0.000         
0.000         
12.616        
4.405         
0.000         
0.000         
0.000         
0.000         
0.000         
0.000         
0.000         
0.000         
0.000         
0.000         
0.000         
0.000         
0.000         
0.000         
0.000         
0.000         
0.000         
0.000         
0.000         
0.000         
0.000         
0.000         
0.000         
0.000         
0.000         
0.000         
0.000         
0.000         
0.000         
0.000         
0.000         
0.000         
0.000         
0.000         
0.000         
0.000         
0.000         
0.000         
0.000         
0.000         
0.000         
0.000         
0.000         
0.000         
0.000         
0.000         
0.000         
0.000         
0.000         
0.000         
0.000         
0.000         
0.000         
0.000         
0.000         
0.000         
0.000         
0.000         
0.000         
0.000         
0.000         
5.031         
0.000         
0.000         
0.000         
0.000         
0.000         
0.000         
0.000         
0.000         
0.000         
0.000         
6.856         
0.000         
0.000         
0.000         
0.000         
0.000         
0.000         
0.000         
0.000         
0.000         
0.000         
3.001         
0.000         
4.142         
0.000         
0.000         
0.000         
0.000         
0.000         
0.000         
0.000         
0.000         
0.000         
0.000         
0.000         
0.000         
10.628        
0.000         
0.000         
0.000         
0.000         
0.000         
0.000         
18.640        
0.000         
0.000         
0.000         
98.795        
0.000         
0.000         
0.417         
0.000         
0.000         
0.000         
0.000         
0.000         
0.000         
0.000         
0.000         
0.000         
0.000         
0.000         
0.000         
0.000         
0.000         
0.000         
0.000         
0.000         
0.000         
0.000         
0.000         
18.735        
0.000         
0.000         
0.000         
4.244         
0.000         
0.000         
89.300        
0.000         
0.000         
0.000         
0.000         
0.000         
0.000         
0.000         
0.000         
0.000         
0.000         
0.000         
0.000         
0.000         
0.000         
0.000         
0.000         
0.000         
0.000         
0.000         
0.000         
0.000         
0.000         
0.000         
0.000         
0.000         
0.000         
0.000         
0.000         
0.000         
0.000         
0.000         
0.000         
0.000         
0.000         
0.000         
0.000         
0.000         
0.000         
0.000         
0.000         
0.000         
0.000         
0.000         
0.000         
0.000         
0.000         
0.000         
0.000         
0.000         
0.000         
0.000         
0.000         
0.000         
0.000         
0.000         
0.000         
0.000         
0.000         
0.000         
0.000         
0.000         
0.000         
0.000         
0.000         
0.000         
0.000         
0.000         
0.000         
0.000         
0.000         
3.217         
0.000         
0.000         
0.000         
0.000         
0.000         
0.000         
4.153         
0.000         
0.000         
0.000         
0.000         
0.000         
0.000         
0.000         
0.000         
0.000         
0.000         
0.000         
0.000         
0.000         
0.000         
0.000         
0.000         
0.000         
0.000         
0.000         
0.000         
0.000         
0.000         
0.000         
0.000         
0.000         
0.000         
0.000         
0.000         
0.000         
0.000         
0.000         
0.000         
0.000         
0.000         
0.000         
0.000         
0.000         
0.000         
0.000         
0.000         
14.243        
0.000         
0.000         
0.000         
0.000         
0.000         
0.000         
0.000         
0.000         
0.000         
0.000         
0.000         
0.000         
0.000         
0.000         
4.110         
0.000         
0.000         
0.000         
0.000         
2.932         
0.000         
10.246        
0.000         
0.000         
0.000         
0.000         
0.000         
0.000         
0.000         
0.000         
0.000         
12.353        
0.000         
0.000         
0.000         
0.000         
0.000         
0.000         
0.000         
0.000         
0.000         
0.000         
0.000         
0.000         
0.000         
0.000         
0.000         
0.000         
0.000         
0.000         
0.000         
0.000         
0.000         
0.000         
0.000         
0.000         
0.000         
0.000         
0.000         
0.000         
0.000         
0.000         
0.000         
0.000         
0.000         
0.000         
0.000         
0.000         
0.000         
0.000         
0.000         
0.000         
0.000         
0.000         
0.000         
0.000         
0.000         
0.000         
0.000         
0.000         
3.075         
0.000         
7.894         
0.000         
0.000         
0.000         
0.000         
0.000         
0.000         
0.000         
0.000         
0.000         
0.000         
0.000         
0.000         
0.000         
0.000         
0.000         
0.000         
0.000         
0.001         
0.000         
0.000         
0.000         
0.000         
0.000         
0.000         
0.000         
0.000         
3.035         
0.000         
0.000         
0.000         
0.000         
0.000         
0.000         
0.000         
0.000         
0.000         
2.387         
0.000         
0.000         
0.000         
0.000         
0.000         
0.000         
0.000         
0.000         
0.000         
0.000         
0.000         
0.000         
0.000         
0.000         
0.000         
6.530         
0.000         
3.903         
0.000         
0.000         
0.000         
0.000         
0.000         
0.000         
0.000         
0.000         
0.000         
0.000         
0.000         
0.000         
0.000         
0.000         
0.000         
0.000         
0.000         
0.000         
0.000         
2.892         
0.000         
0.000         
0.000         
0.000         
0.000         
0.000         
0.000         
0.000         
0.266         
0.000         
0.000         
0.000         
0.000         
0.000         
0.000         
0.000         
0.000         
0.000         
0.000         
0.000         
0.000         
0.000         
0.000         
7.463         
0.284         
0.000         
0.000         
0.000         
0.000         
0.000         
0.000         
0.251         
0.000         
0.000         
0.000         
0.000         
0.000         
0.000         
0.000         
0.000         
0.000         
0.000         
0.000         
0.000         
0.000         
0.000         
0.000         
7.662         
0.000         
0.000         
0.000         
0.000         
0.000         
0.000         
0.000         
0.000         
0.000         
0.000         
0.000         
0.000         
0.000         
0.000         
0.000         
0.000         
0.000         
0.000         
23.358        
2.554         
0.000         
0.000         
0.000         
0.000         
0.000         
0.000         
0.000         
11.555        
0.000         
0.000         
0.000         
0.000         
0.000         
0.000         
0.000         
0.000         
0.000         
0.000         
5.382         
0.000         
0.000         
0.000         
0.000         
0.000         
5.981         
0.000         
0.000         
0.000         
0.000         
0.000         
0.000         
0.000         
0.000         
0.000         
0.000         
0.000         
0.000         
0.000         
0.000         
0.000         
0.000         
0.000         
14.501        
0.000         
0.000         
0.000         
0.000         
0.000         
0.000         
0.000         
0.000         
0.000         
0.000         
0.000         
0.000         
0.000         
0.000         
0.000         
0.000         
0.000         
0.000         
0.000         
0.000         
0.000         
0.000         
0.000         
0.000         
0.000         
0.000         
0.000         
0.000         
0.000         
0.000         
0.000         
0.000         
0.000         
0.000         
0.000         
0.000         
0.000         
0.000         
0.000         
0.000         
0.000         
0.000         
0.000         
0.000         
0.000         
0.000         
0.000         
0.000         
0.000         
0.000         
0.000         
0.000         
0.819         
0.000         
0.000         
0.000         
0.000         
0.000         
0.000         
0.000         
0.000         
0.000         
8.765         
0.000         
0.000         
0.000         
0.000         
0.000         
0.000         
11.466        
0.000         
0.000         
0.000         
0.000         
0.000         
0.000         
0.000         
0.000         
0.000         
0.000         
0.000         
0.000         
0.000         
0.000         
0.000         
0.000         
0.000         
0.000         
0.000         
0.000         
0.000         
0.000         
0.000         
0.000         
0.000         
0.000         
0.000         
0.000         
0.000         
0.000         
0.000         
0.000         
0.000         
0.000         
0.000         
0.000         
0.000         
0.000         
0.000         
0.000         
0.000         
0.000         
0.000         
1.458         
0.000         
0.000         
0.000         
0.000         
0.000         
0.000         
0.000         
0.000         
0.000         
0.000         
0.000         
0.000         
0.000         
0.000         
14.882        
0.000         
0.000         
0.000         
0.000         
14.351        
0.000         
0.000         
0.000         
0.000         
0.000         
0.000         
2.762         
0.000         
0.000         
0.000         
0.000         
0.000         
0.000         
0.000         
0.000         
0.000         
0.000         
0.000         
0.000         
0.000         
0.000         
0.000         
0.000         
0.000         
0.000         
0.000         
0.000         
0.000         
0.000         
0.000         
5.125         
0.000         
0.000         
0.000         
0.000         
0.000         
0.000         
0.000         
0.000         
0.000         
0.000         
0.000         
0.000         
0.000         
0.000         
0.000         
0.000         
0.000         
0.000         
0.000         
0.000         
0.000         
0.000         
0.000         
0.000         
0.000         
0.820         
0.000         
0.000         
1.747         
0.000         
0.000         
0.000         
0.000         
0.000         
0.000         
0.000         
0.000         
0.000         
0.000         
0.000         
0.000         
0.000         
0.000         
3.701         
0.000         
0.000         
0.000         
0.000         
0.000         
0.000         
0.000         
0.000         
0.000         
0.000         
0.000         
0.000         
0.000         
0.000         
0.000         
1.667         
0.000         
0.000         
0.000         
17.379        
0.000         
0.000         
0.000         
0.000         
0.000         
0.000         
0.000         
0.000         
0.000         
0.000         
0.000         
0.000         
0.000         
0.000         
0.000         
0.000         
0.000         
0.000         
0.000         
0.000         
0.000         
0.000         
0.000         
0.000         
0.000         
0.000         
0.000         
0.000         
0.000         
0.000         
0.000         
0.000         
0.000         
2.623         
4.982         
0.000         
0.000         
0.000         
0.000         
0.000         
0.000         
12.936        
0.000         
0.000         
0.495         
0.000         
0.000         
0.000         
0.000         
0.000         
10.422        
0.000         
0.000         
0.000         
0.000         
0.000         
0.000         
0.000         
0.000         
0.000         
0.000         
0.000         
0.000         
0.000         
0.000         
0.000         
0.000         
0.000         
0.000         
0.000         
0.000         
0.000         
0.000         
0.000         
0.000         
0.000         
0.000         
0.000         
0.000         
0.000         
5.324         
0.000         
0.000         
0.000         
0.000         
0.000         
0.000         
0.000         
0.000         
0.000         
0.000         
0.000         
9.031         
0.000         
0.000         
0.000         
0.000         
0.000         
0.000         
0.000         
0.000         
0.000         
0.000         
0.000         
0.000         
0.000         
0.000         
0.000         
0.000         
0.000         
0.000         
0.000         
0.000         
0.000         
0.000         
0.000         
31.028        
0.000         
0.000         
0.000         
0.000         
0.000         
0.000         
0.000         
0.000         
0.000         
0.000         
0.000         
0.000         
0.000         
0.000         
0.000         
0.000         
0.000         
0.000         
0.000         
0.000         
0.000         
0.000         
0.000         
0.000         
0.000         
0.000         
0.000         
0.000         
0.000         
0.000         
0.000         
0.000         
2.577         
0.000         
0.000         
0.000         
0.000         
0.000         
0.000         
0.000         
0.000         
0.000         
0.000         
0.000         
0.000         
0.000         
0.000         
0.000         
0.000         
0.000         
0.000         
0.000         
0.000         
0.000         
0.000         
0.000         
0.000         
0.000         
0.000         
0.000         
0.000         
0.000         
0.000         
0.000         
0.000         
0.000         
0.000         
0.000         
0.000         
1.900         
0.000         
0.000         
0.000         
0.000         
0.000         
0.000         
0.256         
0.299         
0.000         
0.000         
0.000         
0.000         
0.000         
0.000         
0.000         
0.000         
13.392        
0.000         
0.000         
0.000         
0.000         
0.000         
0.000         
43.083        
0.000         
0.000         
15.447        
0.000         
0.000         
0.000         
0.000         
0.000         
0.000         
0.000         
0.000         
0.000         
0.000         
0.000         
0.000         
0.000         
0.000         
0.000         
0.000         
0.000         
0.000         
0.000         
0.000         
0.000         
0.000         
2.222         
0.000         
0.000         
0.000         
0.000         
0.000         
0.000         
0.000         
0.000         
0.000         
0.000         
0.000         
0.000         
0.000         
0.000         
0.000         
0.000         
0.000         
0.000         
0.000         
0.000         
0.000         
0.000         
0.000         
0.000         
0.000         
0.000         
0.000         
0.000         
0.000         
0.000         
0.000         
0.000         
0.000         
0.000         
0.000         
0.000         
0.000         
0.000         
0.000         
0.000         
0.000         
0.000         
0.000         
0.000         
0.000         
0.000         
0.000         
0.000         
0.000         
0.000         
0.000         
0.000         
0.000         
0.000         
0.000         
0.000         
0.000         
0.000         
0.000         
0.000         
0.000         
0.000         
0.000         
0.000         
0.000         
0.000         
0.000         
0.000         
0.000         
6.220         
0.000         
0.000         
0.000         
0.000         
0.000         
0.000         
0.000         
0.000         
0.000         
3.586         
0.000         
13.313        
0.000         
0.000         
0.000         
0.000         
0.000         
17.359        
18.311        
0.000         
0.000         
0.000         
0.000         
0.000         
0.000         
0.000         
0.000         
0.229         
0.000         
0.000         
0.000         
0.000         
0.000         
0.000         
0.000         
11.991        
0.000         
0.000         
0.000         
0.000         
0.000         
0.000         
0.000         
0.000         
0.000         
0.000         
0.000         
0.000         
0.000         
0.000         
0.000         
6.691         
0.000         
0.000         
0.000         
0.000         
0.000         
0.000         
0.000         
0.012         
0.000         
0.000         
0.000         
0.000         
7.029         
0.000         
0.000         
0.000         
0.000         
0.000         
0.000         
0.000         
0.000         
0.000         
0.000         
0.000         
0.000         
0.000         
0.000         
0.000         
0.000         
0.000         
10.948        
0.000         
0.000         
0.000         
0.000         
0.000         
0.000         
0.000         
0.000         
0.000         
0.000         
0.000         
0.000         
0.000         
0.000         
0.000         
4.779         
21.781        
49.597        
4.713         
0.000         
42.577        
0.000         
0.000         
0.000         
4.148         
0.000         
0.000         
0.532         
0.000         
0.000         
0.000         
0.000         
3.053         
0.000         
0.000         
0.000         
90.248        
101.227       
0.000         
0.000         
0.000         
0.000         
28.114        
0.000         
0.000         
18.764        
0.000         
0.000         
2.242         
0.000         
0.000         
0.000         
0.000         
0.000         
0.000         
0.000         
0.000         
0.000         
0.000         
13.469        
0.000         
0.000         
0.000         
0.000         
0.000         
0.000         
30.374        
0.000         
0.000         
0.000         
0.000         
0.000         
0.000         
0.000         
0.000         
0.000         
0.000         
0.000         
0.000         
0.000         
0.000         
0.000         
0.000         
0.000         
0.000         
0.000         
0.000         
0.000         
0.000         
0.000         
0.000         
0.000         
0.000         
0.000         
0.000         
0.000         
0.000         
0.000         
0.000         
0.000         
0.000         
0.000         
0.000         
0.000         
0.000         
0.000         
0.000         
0.000         
0.000         
0.000         
0.000         
0.000         
0.000         
0.000         
0.000         
0.000         
0.000         
0.000         
0.000         
0.000         
0.000         
0.000         
0.000         
0.000         
0.000         
0.000         
0.000         
0.000         
0.000         
0.000         
0.000         
0.000         
0.000         
0.000         
0.000         
0.000         
0.000         
9.282         
0.000         
0.000         
0.000         
0.000         
0.000         
0.000         
0.000         
0.000         
0.000         
0.000         
0.000         
0.000         
0.000         
0.000         
0.000         
0.000         
0.000         
0.000         
0.000         
0.000         
0.000         
0.000         
0.000         
0.000         
17.590        
0.000         
0.000         
0.000         
0.000         
0.000         
0.000         
0.000         
0.000         
0.000         
0.000         
0.000         
0.000         
0.000         
0.000         
0.000         
0.000         
0.000         
2.756         
0.000         
0.000         
0.000         
0.000         
0.000         
0.000         
20.299        
0.000         
0.000         
0.000         
0.000         
0.000         
0.000         
0.000         
0.000         
0.000         
0.000         
0.000         
0.000         
0.000         
0.000         
0.000         
0.000         
0.000         
0.000         
0.000         
0.000         
0.000         
0.000         
0.000         
0.000         
0.000         
0.000         
0.000         
0.000         
0.000         
0.000         
0.000         
0.000         
0.000         
0.000         
0.000         
130.022       
0.000         
0.000         
0.000         
0.000         
0.000         
0.000         
0.000         
0.000         
0.000         
0.000         
0.000         
5.020         
0.000         
0.000         
0.000         
0.000         
0.000         
0.000         
0.000         
0.000         
0.000         
0.000         
0.000         
0.000         
0.000         
0.000         
0.000         
0.000         
0.000         
0.000         
0.000         
0.000         
0.000         
0.000         
0.000         
0.000         
0.000         
0.000         
0.000         
0.000         
0.000         
0.000         
0.000         
0.000         
0.000         
0.000         
0.000         
0.425         
0.284         
0.000         
0.583         
0.000         
0.000         
0.000         
0.000         
0.000         
0.000         
0.000         
0.000         
0.000         
0.000         
0.022         
0.000         
0.000         
0.000         
0.000         
0.000         
0.125         
0.000         
0.000         
0.000         
0.000         
0.000         
0.658         
0.000         
0.000         
0.000         
0.000         
0.000         
0.000         
0.840         
0.000         
0.000         
0.000         
2.239         
0.000         
0.000         
3.238         
0.000         
0.000         
0.000         
0.000         
0.000         
0.000         
0.000         
0.000         
0.590         
0.000         
0.000         
0.224         
0.000         
0.000         
0.000         
0.000         
0.000         
0.000         
0.000         
0.000         
0.000         
0.000         
0.000         
0.000         
0.000         
0.000         
0.000         
0.000         
0.000         
0.000         
0.000         
0.000         
0.000         
0.000         
0.000         
0.000         
0.000         
0.000         
0.000         
0.000         
0.000         
0.000         
0.000         
4.185         
0.000         
0.000         
0.000         
0.000         
0.000         
0.000         
0.000         
9.653         
0.000         
0.000         
0.000         
0.000         
0.000         
0.000         
0.000         
4.957         
0.000         
8.387         
0.000         
0.000         
0.000         
0.000         
0.000         
0.000         
0.000         
0.000         
0.000         
0.000         
0.000         
3.116         
0.000         
0.000         
6.180         
7.921         
0.000         
0.006         
0.000         
0.000         
0.000         
0.000         
0.836         
0.687         
0.000         
0.000         
0.000         
0.000         
0.000         
0.000         
0.000         
0.000         
0.000         
0.000         
0.000         
0.000         
0.000         
0.000         
0.000         
0.000         
0.000         
0.000         
0.000         
0.000         
0.000         
0.000         
0.281         
3.412         
0.000         
0.000         
0.000         
3.415         
0.000         
8.278         
22.903        
101.070       
0.000         
0.000         
0.000         
0.000         
0.000         
0.000         
0.000         
0.000         
0.000         
0.000         
0.000         
0.000         
0.000         
0.000         
0.000         
0.000         
0.000         
0.000         
0.000         
0.000         
0.000         
0.000         
0.000         
20.895        
0.000         
0.000         
0.000         
0.000         
0.000         
0.000         
0.000         
0.000         
0.000         
0.000         
0.000         
0.000         
0.000         
0.000         
0.000         
0.000         
0.000         
0.000         
0.000         
0.000         
0.000         
0.000         
0.000         
0.000         
0.000         
0.000         
0.000         
0.000         
0.000         
0.000         
0.000         
0.000         
0.000         
0.000         
0.000         
0.000         
0.000         
0.000         
0.000         
0.000         
0.000         
0.000         
0.000         
0.000         
0.000         
0.000         
0.000         
0.000         
0.000         
0.000         
0.000         
0.000         
0.000         
0.000         
0.000         
0.000         
0.000         
0.000         
0.000         
0.000         
0.000         
8.227         
0.000         
0.000         
0.000         
0.000         
0.000         
0.000         
0.000         
0.000         
0.000         
0.000         
0.000         
0.000         
0.000         
0.000         
0.000         
0.000         
0.000         
0.000         
0.000         
0.000         
0.000         
0.000         
0.000         
0.000         
0.000         
0.000         
0.000         
1.037         
0.000         
0.000         
0.000         
0.000         
0.000         
0.000         
0.000         
0.000         
0.000         
0.000         
0.000         
0.000         
0.000         
11.436        
0.000         
39.451        
0.000         
0.000         
0.000         
0.000         
0.000         
0.000         
0.000         
0.000         
0.000         
0.000         
0.000         
0.000         
0.000         
0.000         
0.000         
0.000         
0.000         
0.000         
0.000         
0.000         
0.000         
0.000         
0.000         
0.000         
0.000         
0.000         
0.000         
0.000         
0.000         
0.000         
0.000         
0.000         
0.000         
0.000         
0.000         
0.000         
0.000         
0.000         
0.000         
13.355        
21.064        
0.000         
0.000         
0.000         
0.000         
0.000         
0.000         
0.000         
5.637         
0.000         
0.000         
8.599         
0.000         
0.000         
0.000         
0.000         
0.000         
0.000         
0.000         
0.000         
0.000         
0.000         
0.000         
0.000         
0.000         
0.000         
0.000         
0.000         
0.245         
0.000         
0.000         
0.000         
0.000         
0.000         
0.000         
4.411         
0.000         
0.000         
0.000         
0.000         
0.000         
0.000         
0.000         
0.000         
0.000         
0.000         
0.000         
0.000         
0.000         
0.000         
0.000         
0.000         
0.000         
0.000         
0.000         
0.000         
0.001         
0.000         
0.000         
0.000         
0.000         
0.000         
0.234         
0.000         
1.663         
0.000         
0.000         
0.000         
0.000         
0.000         
0.000         
0.000         
0.000         
0.000         
0.000         
0.000         
0.000         
0.000         
0.000         
0.000         
0.000         
0.000         
0.000         
0.000         
0.000         
0.000         
25.634        
0.000         
0.000         
0.000         
0.000         
0.555         
0.000         
0.000         
0.000         
0.000         
0.000         
0.000         
0.000         
0.000         
0.000         
0.000         
0.000         
0.000         
0.000         
0.000         
0.000         
0.000         
0.000         
0.000         
0.000         
0.000         
0.000         
0.000         
0.000         
0.000         
0.000         
0.000         
0.000         
0.000         
0.000         
0.000         
0.000         
0.000         
0.000         
0.000         
0.000         
0.000         
5.669         
0.000         
0.000         
0.000         
0.000         
0.000         
0.000         
0.000         
0.000         
3.791         
0.000         
2.912         
0.000         
0.000         
0.000         
0.000         
0.000         
0.000         
0.000         
0.000         
0.000         
0.000         
0.000         
0.000         
0.000         
0.000         
0.000         
39.857        
0.000         
0.000         
5.147         
0.000         
0.000         
1.739         
0.000         
0.000         
0.000         
0.000         
0.000         
0.000         
0.000         
0.000         
0.000         
0.000         
0.057         
0.066         
0.000         
0.000         
0.000         
0.000         
0.000         
0.000         
0.000         
0.000         
0.000         
0.000         
0.000         
0.000         
0.000         
0.000         
0.000         
0.000         
0.000         
0.000         
0.000         
0.000         
0.000         
0.000         
0.000         
0.000         
0.912         
0.000         
0.000         
0.000         
0.000         
0.000         
0.000         
0.000         
0.000         
0.000         
0.000         
0.000         
0.000         
0.000         
0.000         
0.000         
0.000         
0.000         
0.000         
0.000         
0.000         
4.660         
0.000         
11.744        
0.000         
27.451        
0.000         
0.000         
6.471         
0.000         
0.000         
486.281       
0.000         
248.044       
0.000         
0.000         
0.000         
0.000         
0.000         
0.000         
0.000         
0.000         
0.000         
0.000         
0.000         
0.000         
0.000         
0.000         
0.000         
0.000         
0.000         
0.000         
0.000         
0.000         
0.000         
0.000         
0.000         
0.000         
0.000         
0.000         
0.000         
0.000         
0.000         
0.000         
0.000         
0.000         
0.000         
0.000         
0.000         
0.000         
0.000         
0.000         
0.000         
0.000         
0.000         
0.000         
0.000         
0.000         
0.000         
0.000         
0.000         
0.000         
0.000         
0.000         
0.000         
0.000         
0.000         
0.000         
0.000         
0.000         
0.000         
0.000         
0.000         
0.000         
0.000         
0.000         
0.000         
0.000         
0.000         
0.000         
0.000         
0.000         
0.000         
0.000         
0.000         
0.000         
30.985        
0.000         
0.000         
0.000         
0.000         
0.000         
0.000         
0.000         
0.000         
0.000         
0.000         
0.000         
0.000         
0.000         
0.000         
0.000         
0.000         
0.000         
0.000         
0.000         
0.000         
0.000         
0.000         
0.000         
0.000         
0.000         
0.000         
0.000         
0.000         
0.000         
0.000         
0.000         
0.000         
0.000         
0.000         
0.000         
0.000         
0.000         
0.000         
0.000         
0.000         
0.000         
48.228        
0.773         
0.000         
0.000         
0.000         
0.000         
0.000         
0.000         
0.000         
0.000         
0.000         
0.000         
0.000         
0.000         
0.000         
17.533        
0.000         
0.000         
0.000         
0.000         
0.000         
0.000         
0.000         
0.000         
20.333        
0.000         
0.000         
0.000         
0.000         
0.000         
0.000         
0.000         
0.000         
0.000         
0.000         
0.000         
0.000         
1.500         
0.000         
5.070         
0.000         
25.165        
0.000         
11.706        
0.000         
0.000         
0.000         
0.000         
0.000         
0.000         
0.000         
2.451         
0.000         
1.691         
0.000         
2.782         
0.000         
0.000         
0.000         
0.000         
0.000         
0.000         
0.000         
0.000         
0.000         
0.000         
0.000         
0.000         
9.542         
0.000         
0.000         
0.000         
0.000         
0.000         
1.692         
0.000         
0.000         
0.000         
0.000         
0.000         
0.000         
0.000         
0.000         
0.000         
0.000         
0.000         
0.000         
0.893         
0.000         
1.550         
0.000         
0.000         
0.000         
0.000         
0.000         
0.000         
0.000         
0.000         
0.000         
0.000         
0.000         
0.000         
0.000         
0.000         
0.000         
0.000         
0.000         
0.000         
0.000         
0.000         
0.000         
0.000         
0.000         
0.000         
0.000         
0.000         
0.000         
0.000         
0.000         
0.000         
0.000         
0.000         
0.000         
0.000         
0.000         
0.000         
0.000         
0.000         
0.000         
0.000         
0.000         
0.000         
0.000         
0.000         
0.000         
0.000         
0.000         
0.000         
0.000         
0.000         
0.000         
0.000         
0.000         
0.000         
0.000         
0.000         
0.000         
0.000         
0.000         
0.000         
0.000         
0.000         
0.000         
0.000         
28.337        
15.234        
3.285         
16.680        
1.034         
15.350        
0.000         
27.670        
0.000         
0.000         
0.000         
1.359         
0.000         
0.000         
0.000         
0.000         
0.000         
10.607        
0.000         
0.000         
0.000         
0.000         
8.847         
0.000         
0.000         
0.000         
0.000         
0.000         
0.000         
0.000         
0.000         
0.000         
0.000         
0.000         
0.000         
0.000         
0.000         
0.000         
0.000         
0.000         
0.000         
20.472        
0.000         
0.000         
0.000         
0.000         
0.000         
0.000         
0.000         
0.000         
0.000         
0.000         
0.000         
0.000         
0.000         
0.000         
0.000         
3.466         
56.246        
0.000         
0.000         
0.000         
0.000         
3.491         
0.000         
11.044        
0.000         
0.000         
0.000         
0.000         
0.000         
0.000         
0.000         
7.862         
0.000         
0.000         
0.000         
0.000         
59.158        
0.000         
0.000         
0.000         
0.000         
0.000         
0.000         
0.000         
0.000         
0.000         
6.872         
4.200         
0.000         
0.000         
0.000         
0.000         
0.000         
0.000         
0.000         
0.000         
56.780        
0.000         
0.000         
0.000         
0.000         
0.000         
0.000         
0.000         
0.000         
0.000         
0.000         
0.000         
0.000         
0.000         
0.000         
0.000         
0.000         
0.000         
0.000         
0.000         
0.000         
0.000         
0.000         
0.000         
0.000         
0.000         
0.000         
0.000         
0.000         
0.000         
0.000         
0.000         
0.000         
0.000         
0.000         
0.000         
0.000         
0.000         
0.000         
0.000         
0.000         
0.000         
0.000         
0.000         
0.000         
0.000         
0.000         
0.000         
0.000         
0.000         
0.000         
0.000         
0.000         
0.000         
0.000         
0.000         
0.000         
0.000         
0.000         
0.000         
0.000         
0.227         
0.000         
0.000         
0.000         
0.000         
0.000         
0.000         
0.000         
0.000         
0.000         
0.000         
0.000         
0.340         
0.000         
0.000         
0.000         
0.000         
0.000         
0.000         
0.000         
0.000         
0.000         
0.000         
0.000         
0.000         
0.000         
0.000         
0.000         
0.000         
0.000         
0.000         
0.000         
0.000         
0.000         
5.269         
0.000         
0.000         
0.000         
0.000         
0.000         
0.000         
11.306        
0.000         
0.000         
0.000         
0.000         
0.000         
0.000         
0.000         
0.000         
0.000         
0.000         
0.000         
0.000         
0.000         
0.000         
0.000         
0.000         
0.000         
0.000         
0.000         
0.000         
78.463        
0.000         
0.000         
0.000         
0.000         
0.000         
0.000         
24.327        
52.319        
34.757        
22.825        
0.000         
0.000         
0.000         
0.000         
0.000         
45.880        
27.864        
6.630         
0.000         
0.000         
0.000         
0.000         
0.000         
0.000         
0.000         
0.000         
0.000         
0.000         
0.000         
0.000         
0.000         
0.000         
0.000         
0.000         
0.000         
0.000         
0.000         
0.000         
0.000         
3.616         
0.000         
3.064         
0.000         
0.000         
0.000         
0.000         
0.000         
0.000         
0.000         
0.000         
0.000         
0.000         
3.724         
0.000         
0.000         
0.000         
0.000         
0.000         
0.736         
0.000         
0.000         
0.000         
0.000         
0.000         
7.258         
0.000         
0.000         
0.000         
0.000         
0.000         
0.000         
0.000         
0.000         
2.769         
0.000         
0.000         
0.000         
0.000         
0.000         
0.000         
0.000         
0.000         
0.000         
0.000         
0.000         
0.000         
0.000         
0.000         
0.000         
0.000         
0.000         
0.000         
0.000         
0.000         
0.000         
0.000         
0.000         
0.000         
0.000         
0.000         
4.830         
0.000         
0.000         
0.000         
0.000         
0.000         
0.000         
0.000         
0.000         
0.000         
0.000         
0.000         
0.000         
0.000         
0.000         
0.000         
0.000         
0.000         
0.000         
0.000         
0.000         
0.000         
0.000         
0.000         
0.000         
0.000         
0.000         
0.000         
0.000         
0.000         
0.000         
0.000         
0.000         
0.000         
2.373         
0.000         
0.000         
0.000         
0.000         
0.000         
0.000         
0.000         
0.000         
0.000         
0.000         
0.000         
0.000         
0.000         
11.173        
0.000         
0.000         
0.000         
0.000         
1.967         
0.000         
0.000         
0.000         
0.000         
11.438        
0.000         
0.000         
0.000         
2.840         
0.000         
0.000         
0.000         
0.000         
0.000         
0.000         
0.000         
0.000         
0.000         
4.358         
0.000         
17.220        
0.000         
0.000         
0.000         
0.000         
0.000         
0.000         
16.799        
0.000         
0.922         
0.000         
0.000         
0.000         
0.000         
0.000         
0.000         
0.000         
1.109         
0.000         
0.000         
31.271        
0.000         
0.000         
24.949        
0.000         
0.000         
0.000         
0.000         
0.000         
0.000         
0.000         
0.000         
6.376         
0.000         
0.000         
0.000         
0.000         
2.429         
0.000         
0.000         
0.000         
0.000         
0.000         
0.000         
0.000         
0.000         
0.000         
0.000         
0.000         
0.000         
0.000         
0.000         
15.479        
0.000         
0.000         
0.000         
0.000         
0.000         
0.000         
0.000         
0.000         
0.000         
0.000         
0.000         
0.000         
0.000         
0.000         
0.000         
0.000         
0.000         
0.000         
0.000         
0.000         
0.000         
0.000         
0.000         
0.000         
0.000         
0.000         
0.000         
0.000         
0.000         
0.000         
0.000         
0.000         
0.000         
0.000         
0.000         
0.000         
0.000         
0.000         
0.000         
0.000         
0.000         
0.000         
0.000         
0.000         
0.000         
0.000         
0.000         
0.000         
0.000         
0.000         
0.000         
0.000         
0.000         
0.000         
0.000         
0.000         
0.000         
0.000         
0.000         
0.000         
0.000         
0.000         
0.000         
0.000         
0.000         
0.000         
0.000         
0.000         
0.000         
0.000         
0.000         
0.000         
0.000         
0.000         
0.000         
0.000         
0.000         
0.000         
0.000         
0.000         
0.000         
0.000         
0.000         
0.000         
0.756         
0.000         
0.000         
0.000         
0.000         
0.000         
0.000         
0.000         
0.000         
0.000         
0.370         
0.000         
0.000         
0.000         
0.000         
0.000         
0.000         
9.085         
0.000         
0.000         
0.000         
0.000         
0.000         
0.000         
13.498        
0.000         
0.000         
0.000         
0.000         
0.000         
0.000         
0.000         
0.000         
0.000         
0.000         
0.000         
0.000         
0.000         
0.000         
0.000         
0.000         
0.000         
0.000         
0.000         
0.000         
0.000         
0.000         
0.000         
0.000         
4.374         
0.000         
0.000         
34.857        
0.000         
0.000         
0.000         
0.000         
0.000         
0.000         
0.000         
0.000         
0.000         
0.000         
0.000         
4.972         
0.000         
0.000         
0.000         
0.000         
10.403        
0.000         
0.000         
0.000         
0.000         
0.000         
0.000         
0.000         
0.000         
0.000         
0.000         
0.000         
0.000         
0.681         
29.225        
0.000         
0.000         
0.000         
0.000         
0.000         
0.000         
0.000         
0.000         
0.000         
3.188         
0.000         
0.000         
0.000         
0.000         
0.000         
0.000         
0.000         
0.000         
0.000         
2.580         
0.000         
0.000         
0.000         
0.000         
0.000         
0.000         
0.000         
0.000         
2.655         
0.000         
42.051        
0.000         
0.000         
0.000         
0.000         
0.000         
0.000         
0.000         
11.063        
0.000         
0.000         
0.000         
0.000         
0.000         
0.000         
0.000         
0.000         
0.000         
0.000         
0.000         
0.000         
0.000         
0.000         
0.000         
0.000         
0.000         
0.000         
0.000         
0.000         
0.000         
0.000         
0.000         
0.000         
0.000         
0.000         
0.000         
0.000         
0.000         
0.727         
4.723         
0.000         
0.000         
0.000         
0.000         
0.000         
0.000         
0.000         
0.000         
0.000         
0.000         
0.000         
0.000         
0.000         
0.000         
0.000         
0.000         
0.000         
0.000         
0.000         
0.000         
0.000         
0.000         
0.000         
0.000         
0.000         
0.000         
0.000         
0.000         
0.000         
0.000         
0.000         
0.000         
0.000         
0.000         
0.000         
0.000         
0.000         
0.000         
0.000         
0.000         
0.000         
0.000         
0.000         
0.000         
0.000         
0.000         
0.000         
0.000         
0.000         
0.000         
0.000         
0.000         
0.000         
0.000         
0.000         
0.000         
0.000         
0.000         
0.000         
6.926         
0.000         
0.000         
2.184         
0.000         
0.000         
0.000         
0.000         
0.000         
0.000         
0.000         
0.000         
0.000         
0.000         
0.000         
10.220        
14.357        
0.000         
0.000         
0.000         
0.000         
0.000         
0.000         
0.000         
0.000         
0.000         
0.000         
27.134        
0.000         
0.000         
32.281        
0.000         
0.000         
0.000         
0.000         
0.000         
0.000         
0.000         
0.000         
0.000         
0.000         
0.000         
197.411       
21.688        
15.012        
0.000         
0.000         
0.000         
0.000         
0.000         
0.000         
0.000         
0.000         
0.000         
0.000         
0.000         
0.000         
0.000         
0.000         
0.000         
0.000         
0.000         
0.000         
0.000         
0.000         
0.000         
0.000         
0.000         
0.000         
0.000         
47.562        
0.000         
43.996        
0.000         
44.198        
0.000         
0.000         
0.000         
0.000         
0.000         
0.000         
0.000         
0.000         
0.000         
0.000         
0.000         
0.000         
0.000         
0.000         
0.000         
0.000         
0.000         
0.000         
0.000         
0.000         
0.000         
0.000         
0.000         
0.000         
0.000         
0.000         
0.000         
0.000         
0.000         
0.000         
0.000         
0.000         
0.000         
0.000         
0.000         
0.000         
0.000         
0.000         
0.000         
0.000         
0.000         
0.000         
0.000         
0.000         
0.000         
0.000         
0.000         
0.000         
0.000         
0.000         
0.000         
0.000         
0.000         
0.000         
0.000         
0.000         
0.000         
0.000         
0.000         
0.000         
0.000         
0.000         
0.000         
0.000         
0.000         
0.000         
0.000         
0.000         
13.830        
0.000         
0.000         
0.000         
0.000         
0.000         
0.000         
0.000         
22.665        
0.000         
0.000         
0.000         
0.000         
0.000         
0.028         
0.937         
0.431         
0.000         
13.360        
0.000         
0.000         
0.000         
0.000         
0.000         
0.000         
0.000         
0.000         
0.000         
0.000         
0.000         
0.000         
0.000         
0.000         
0.000         
0.000         
0.000         
0.000         
0.000         
0.000         
0.000         
0.000         
0.000         
0.000         
0.000         
0.000         
0.000         
0.000         
0.000         
0.000         
0.000         
0.000         
0.000         
0.000         
0.000         
0.000         
0.000         
0.000         
0.000         
0.000         
0.000         
0.000         
0.000         
0.000         
0.000         
0.000         
0.000         
0.000         
4.250         
0.000         
0.000         
2.495         
0.000         
0.000         
0.000         
0.000         
17.830        
0.000         
0.000         
0.000         
0.000         
0.000         
0.000         
0.000         
37.547        
0.000         
0.000         
0.000         
0.000         
0.124         
0.000         
0.000         
0.000         
0.000         
0.000         
0.000         
0.000         
36.138        
0.000         
0.000         
0.000         
0.000         
0.000         
0.000         
0.000         
0.000         
0.000         
0.000         
0.000         
0.000         
0.000         
0.000         
0.000         
0.000         
0.000         
0.000         
0.000         
0.000         
0.000         
0.000         
0.000         
3.014         
0.000         
0.000         
0.000         
0.000         
0.000         
0.000         
6.606         
7.809         
0.000         
0.221         
0.000         
0.000         
0.000         
0.000         
0.000         
0.000         
0.000         
0.000         
0.000         
0.000         
0.000         
0.000         
0.000         
0.000         
0.000         
0.000         
0.000         
0.000         
0.000         
0.000         
0.000         
0.000         
0.000         
0.000         
0.000         
0.000         
0.000         
0.000         
0.000         
0.000         
0.000         
0.000         
0.000         
0.000         
0.000         
0.000         
0.000         
0.000         
0.000         
0.000         
0.000         
0.000         
0.000         
0.000         
0.000         
0.000         
0.000         
0.000         
0.000         
0.000         
6.305         
0.000         
0.000         
0.000         
0.000         
0.000         
0.000         
0.000         
0.000         
0.000         
0.000         
0.000         
0.000         
0.000         
0.000         
0.000         
0.000         
0.000         
0.000         
0.000         
0.000         
0.000         
0.000         
0.000         
38.956        
1.810         
10.491        
0.000         
0.000         
0.000         
0.000         
0.000         
0.000         
0.570         
0.000         
0.000         
11.431        
0.000         
2.496         
1.499         
0.000         
0.000         
0.000         
0.000         
0.000         
0.000         
0.000         
0.000         
0.000         
2.777         
0.000         
0.000         
1.573         
0.000         
0.000         
0.000         
0.000         
0.000         
0.000         
0.000         
0.000         
0.000         
0.000         
0.000         
0.000         
0.000         
0.000         
0.000         
6.803         
0.000         
0.000         
0.000         
0.000         
0.000         
0.000         
0.000         
0.000         
0.000         
0.000         
0.000         
0.000         
0.000         
0.000         
52.849        
0.000         
0.000         
0.000         
0.000         
0.000         
0.000         
27.068        
0.000         
12.202        
0.000         
0.000         
0.000         
0.000         
0.000         
0.000         
70.948        
28.405        
0.000         
0.000         
2.085         
0.000         
2.740         
0.000         
0.000         
0.405         
0.000         
0.000         
0.000         
0.005         
0.000         
0.000         
0.000         
0.000         
0.000         
0.000         
0.000         
0.000         
0.000         
0.000         
0.000         
0.000         
0.000         
0.000         
0.000         
0.000         
6.885         
0.000         
0.000         
0.000         
0.000         
0.000         
0.000         
0.000         
0.000         
0.000         
0.000         
0.000         
0.000         
0.000         
0.000         
0.000         
0.000         
0.000         
0.000         
0.000         
0.000         
0.000         
0.000         
0.000         
0.000         
0.000         
0.000         
0.000         
0.000         
0.000         
0.000         
0.000         
0.000         
0.000         
0.000         
0.000         
0.000         
0.000         
0.000         
0.000         
0.000         
0.000         
0.000         
0.000         
0.000         
0.000         
0.000         
0.000         
0.000         
0.000         
0.000         
0.000         
0.000         
0.000         
0.000         
0.000         
0.000         
0.000         
0.000         
0.000         
0.000         
0.000         
0.000         
0.550         
0.000         
0.000         
0.000         
0.000         
0.000         
0.796         
0.000         
0.006         
0.000         
0.000         
0.000         
0.000         
0.000         
0.000         
0.000         
0.000         
0.000         
0.000         
0.000         
0.000         
0.000         
0.000         
0.000         
0.000         
0.000         
0.000         
0.000         
0.000         
0.000         
0.000         
0.000         
0.000         
0.000         
0.000         
0.000         
0.000         
0.000         
0.000         
0.000         
0.000         
15.109        
0.000         
0.000         
0.000         
0.000         
0.000         
0.000         
0.000         
1.340         
0.000         
0.000         
0.000         
0.000         
0.000         
0.000         
0.000         
0.000         
0.000         
0.000         
0.000         
0.000         
0.000         
0.000         
3.462         
0.000         
0.000         
0.000         
0.000         
0.000         
0.000         
0.000         
0.000         
0.000         
0.000         
0.000         
0.000         
0.000         
0.000         
0.094         
0.000         
0.000         
0.000         
0.000         
0.000         
0.000         
0.000         
0.000         
0.000         
0.000         
0.000         
0.000         
0.000         
0.000         
0.000         
0.000         
0.000         
0.000         
0.000         
0.000         
0.000         
0.000         
0.000         
0.000         
0.000         
0.000         
0.000         
0.000         
0.000         
0.000         
0.000         
43.563        
0.000         
0.000         
0.000         
0.000         
0.000         
0.000         
0.000         
0.000         
0.000         
0.000         
0.000         
0.000         
0.000         
0.000         
0.000         
0.000         
0.000         
0.000         
0.000         
0.000         
0.000         
0.000         
0.000         
0.000         
0.000         
0.000         
0.000         
0.000         
0.000         
0.000         
0.000         
0.000         
0.000         
0.000         
0.000         
0.000         
0.000         
0.000         
0.000         
0.000         
0.000         
0.000         
0.000         
0.000         
0.000         
0.000         
0.000         
0.000         
0.000         
0.000         
0.000         
0.749         
0.465         
0.000         
0.000         
0.000         
0.000         
0.000         
0.000         
0.000         
0.000         
0.000         
0.000         
0.000         
0.000         
36.569        
0.000         
0.000         
0.000         
0.000         
0.000         
0.000         
0.000         
0.000         
0.000         
0.000         
0.000         
0.000         
0.000         
0.000         
0.000         
0.000         
0.000         
0.000         
0.000         
0.000         
3.777         
0.000         
17.610        
0.000         
0.000         
0.000         
0.000         
0.000         
0.000         
0.000         
0.000         
0.000         
0.000         
39.501        
0.000         
0.000         
0.000         
0.000         
0.000         
0.000         
0.000         
0.000         
0.000         
0.000         
0.000         
0.970         
0.000         
0.000         
2.806         
7.537         
0.135         
0.000         
0.000         
0.000         
0.000         
0.000         
0.000         
0.000         
0.000         
0.000         
0.000         
0.000         
0.000         
0.000         
0.000         
0.000         
0.000         
0.000         
0.000         
0.000         
0.000         
0.000         
0.000         
0.000         
0.000         
0.000         
0.000         
0.000         
0.000         
0.000         
0.000         
0.000         
0.000         
0.000         
0.000         
0.000         
0.000         
0.000         
0.000         
0.000         
0.000         
0.000         
0.000         
0.000         
0.000         
0.000         
0.000         
0.000         
0.000         
0.000         
0.000         
0.000         
0.000         
0.000         
0.000         
0.000         
0.000         
0.000         
0.000         
0.000         
0.000         
0.000         
0.000         
0.000         
0.000         
0.000         
6.496         
0.000         
0.000         
0.000         
0.000         
0.000         
0.000         
0.000         
0.000         
0.000         
0.000         
0.000         
0.000         
0.000         
0.000         
0.000         
0.000         
0.000         
0.000         
0.000         
0.000         
0.000         
0.000         
0.000         
0.000         
0.000         
0.000         
0.000         
0.000         
0.000         
0.000         
0.000         
0.000         
0.000         
0.000         
0.000         
0.000         
0.000         
0.000         
0.000         
0.000         
0.000         
0.000         
0.000         
0.000         
0.000         
0.000         
0.000         
0.000         
0.000         
0.000         
0.000         
0.000         
0.000         
0.000         
0.000         
0.000         
0.000         
0.000         
0.000         
0.000         
0.000         
0.000         
0.000         
0.000         
0.000         
0.000         
0.000         
0.000         
0.000         
0.000         
0.000         
0.000         
0.000         
0.000         
0.000         
0.000         
0.000         
0.000         
0.000         
0.000         
0.000         
0.000         
0.000         
0.000         
0.000         
0.000         
0.000         
0.000         
0.000         
0.000         
0.000         
0.000         
0.000         
0.000         
0.000         
0.000         
0.000         
0.000         
0.000         
0.000         
0.000         
0.000         
0.000         
0.000         
0.000         
0.000         
0.000         
0.000         
0.000         
0.000         
0.000         
0.000         
0.000         
0.000         
0.000         
0.000         
0.000         
0.000         
0.000         
0.000         
28.632        
0.000         
0.000         
0.000         
0.000         
0.000         
0.000         
0.000         
0.000         
0.000         
24.418        
0.000         
0.000         
0.000         
0.000         
0.000         
0.000         
0.000         
0.000         
0.000         
0.000         
0.000         
0.000         
0.000         
0.000         
22.697        
0.000         
0.000         
0.000         
0.000         
0.000         
0.000         
0.000         
0.000         
0.000         
0.000         
0.000         
1.890         
0.000         
0.000         
0.000         
0.000         
0.000         
2.085         
0.000         
0.000         
0.000         
11.706        
0.000         
0.000         
1.137         
0.000         
0.000         
5.926         
0.000         
0.000         
0.000         
158.999       
0.000         
0.000         
0.000         
0.000         
4.683         
0.000         
0.000         
0.000         
0.000         
0.000         
0.000         
0.000         
0.000         
0.000         
0.000         
0.000         
0.000         
0.000         
0.000         
0.000         
0.000         
0.000         
0.000         
13.011        
0.000         
0.000         
0.000         
0.000         
0.000         
0.000         
0.000         
8.098         
0.000         
0.000         
0.000         
0.000         
0.000         
0.000         
0.000         
0.000         
0.000         
0.000         
0.000         
0.000         
0.000         
0.000         
0.000         
0.000         
0.000         
0.000         
0.000         
0.000         
0.000         
0.000         
0.000         
0.000         
0.000         
0.000         
0.000         
0.000         
0.000         
0.000         
0.000         
0.000         
0.000         
0.000         
0.000         
0.000         
0.000         
0.000         
0.000         
0.000         
0.000         
0.000         
0.000         
0.000         
0.000         
0.000         
0.000         
0.000         
0.000         
0.000         
0.000         
0.000         
0.000         
0.000         
0.000         
0.000         
0.000         
0.000         
0.000         
0.000         
0.000         
0.000         
0.000         
0.000         
0.674         
19.578        
0.000         
0.000         
0.000         
0.000         
0.000         
0.000         
0.000         
0.000         
0.000         
0.000         
0.000         
0.000         
0.000         
0.000         
0.000         
3.401         
0.000         
0.000         
0.000         
0.000         
0.000         
0.000         
0.000         
0.000         
0.000         
0.000         
0.000         
0.000         
24.677        
4.582         
0.000         
0.000         
0.000         
0.000         
0.000         
0.000         
0.000         
5.305         
0.000         
0.000         
0.000         
0.000         
4.717         
2.679         
0.000         
0.000         
0.000         
0.000         
0.000         
0.000         
0.000         
0.000         
0.000         
20.745        
2.763         
0.471         
0.000         
0.000         
0.000         
0.000         
0.000         
0.000         
0.000         
0.000         
0.000         
0.000         
0.000         
27.354        
0.000         
0.000         
0.000         
0.000         
0.000         
0.000         
0.000         
0.000         
0.000         
0.000         
0.000         
0.000         
0.000         
0.000         
0.000         
0.000         
0.000         
0.000         
0.000         
0.000         
0.000         
0.000         
0.000         
0.000         
0.000         
0.000         
0.000         
0.000         
0.000         
14.386        
0.000         
0.000         
0.000         
0.000         
0.000         
0.000         
0.000         
0.000         
0.000         
0.000         
0.000         
0.000         
0.000         
0.000         
0.000         
0.000         
0.000         
0.000         
0.000         
0.000         
0.000         
0.000         
0.000         
0.000         
0.000         
0.000         
0.000         
0.000         
0.000         
0.000         
0.000         
0.000         
0.000         
0.000         
0.000         
0.000         
0.000         
0.000         
0.000         
0.000         
0.000         
0.000         
0.000         
0.000         
0.000         
0.000         
0.000         
0.000         
0.000         
0.000         
0.000         
0.000         
0.000         
0.000         
0.000         
0.000         
0.000         
0.000         
0.000         
0.000         
0.000         
0.000         
0.000         
0.000         
0.000         
0.000         
0.000         
0.000         
0.000         
0.000         
0.000         
0.000         
0.000         
0.000         
0.000         
0.000         
0.000         
0.000         
0.000         
0.000         
0.000         
0.000         
0.000         
0.000         
1.846         
0.000         
0.000         
0.000         
0.000         
0.000         
0.000         
0.000         
0.000         
0.000         
0.000         
0.000         
0.000         
0.000         
0.000         
0.000         
0.000         
0.000         
0.000         
0.000         
0.000         
0.000         
0.000         
0.000         
0.000         
0.000         
25.811        
0.000         
0.000         
0.000         
0.000         
0.000         
0.000         
0.000         
0.000         
0.000         
0.000         
0.000         
0.000         
0.000         
0.041         
0.000         
0.000         
0.000         
0.000         
1.077         
2.054         
0.000         
0.000         
0.000         
0.000         
0.000         
0.000         
0.000         
0.000         
0.000         
0.000         
0.000         
0.000         
0.000         
0.000         
0.000         
0.000         
1.032         
0.000         
4.069         
0.000         
0.000         
0.000         
0.000         
0.000         
0.000         
0.000         
0.000         
0.000         
0.000         
0.000         
0.000         
0.000         
0.000         
1.680         
25.137        
0.000         
0.000         
11.337        
0.546         
0.000         
0.000         
0.000         
0.000         
0.000         
0.000         
0.000         
0.000         
0.000         
0.000         
0.000         
40.390        
9.477         
0.000         
0.000         
0.000         
0.000         
0.000         
0.000         
0.000         
0.000         
0.000         
0.000         
0.000         
0.000         
0.000         
0.000         
0.000         
0.000         
0.000         
0.000         
0.000         
0.000         
0.000         
0.000         
0.000         
0.000         
0.000         
0.000         
0.000         
4.994         
0.000         
0.000         
0.000         
0.000         
0.000         
0.000         
0.000         
0.000         
0.000         
0.000         
0.000         
0.000         
0.000         
0.000         
0.000         
0.000         
0.000         
0.000         
0.078         
0.000         
0.000         
0.000         
0.000         
0.000         
3.376         
0.000         
0.000         
0.000         
0.000         
0.000         
0.000         
0.000         
0.000         
0.000         
0.000         
0.000         
0.000         
0.000         
0.000         
0.000         
0.000         
0.671         
0.000         
0.000         
0.000         
0.000         
0.000         
0.000         
0.000         
0.000         
0.000         
0.000         
0.000         
1.380         
0.000         
0.000         
0.000         
0.000         
5.693         
10.101        
7.935         
0.000         
0.000         
0.000         
0.000         
0.000         
5.444         
0.000         
0.000         
0.000         
0.000         
19.672        
0.000         
0.000         
0.000         
0.000         
41.655        
36.754        
0.000         
0.000         
0.000         
0.000         
0.000         
0.000         
0.000         
28.681        
0.000         
0.000         
0.000         
0.000         
0.000         
0.000         
0.000         
0.000         
0.000         
0.000         
0.000         
0.000         
0.000         
3.217         
0.000         
0.000         
0.000         
0.000         
0.000         
0.000         
0.000         
0.000         
0.000         
0.000         
0.000         
0.000         
0.000         
0.000         
0.000         
0.000         
8.944         
0.000         
0.000         
0.000         
0.000         
0.000         
0.000         
25.163        
60.241        
0.000         
0.000         
0.000         
0.000         
0.000         
0.000         
0.000         
0.000         
0.000         
0.000         
0.000         
0.000         
0.000         
0.019         
0.000         
0.000         
0.000         
0.000         
0.000         
0.000         
0.000         
0.000         
0.000         
0.000         
0.000         
28.087        
0.000         
0.000         
0.000         
0.000         
0.000         
0.000         
0.000         
0.000         
0.000         
0.000         
0.000         
0.000         
0.000         
0.000         
0.000         
0.000         
0.000         
0.000         
0.000         
0.000         
0.000         
0.000         
0.000         
0.000         
0.000         
0.000         
0.000         
0.000         
0.000         
0.000         
0.000         
0.000         
0.000         
0.000         
0.000         
0.000         
0.000         
0.000         
0.000         
0.000         
0.000         
3.546         
0.000         
0.000         
0.000         
0.000         
0.000         
0.000         
0.000         
0.000         
0.000         
0.000         
0.000         
0.000         
0.000         
0.000         
0.000         
0.000         
0.000         
7.820         
0.000         
0.000         
0.000         
0.000         
0.000         
0.000         
0.000         
0.000         
0.000         
0.000         
0.000         
0.000         
0.000         
0.000         
0.000         
0.000         
0.000         
0.000         
0.000         
0.000         
0.000         
0.000         
0.000         
0.000         
0.000         
0.000         
0.000         
0.000         
0.000         
0.000         
0.000         
0.000         
0.000         
0.000         
7.457         
0.000         
0.000         
0.000         
0.000         
0.000         
0.000         
0.000         
0.000         
0.000         
0.000         
0.000         
0.000         
0.000         
0.000         
0.000         
28.540        
18.696        
0.000         
0.000         
22.834        
0.000         
0.000         
0.000         
0.000         
0.000         
0.000         
0.000         
0.000         
0.000         
6.632         
0.000         
0.000         
0.000         
0.000         
0.000         
0.000         
0.000         
0.000         
0.000         
0.000         
0.000         
0.000         
0.000         
0.000         
0.000         
0.000         
0.000         
0.000         
0.000         
0.000         
0.000         
0.000         
0.000         
0.000         
0.000         
0.000         
0.000         
0.000         
0.000         
0.000         
0.000         
0.000         
0.000         
0.000         
0.000         
0.000         
1.620         
9.803         
0.000         
0.000         
0.067         
0.845         
0.000         
0.000         
0.000         
0.000         
0.000         
0.000         
0.000         
0.000         
0.000         
0.000         
0.000         
0.000         
0.000         
0.000         
0.000         
0.000         
0.000         
0.000         
0.000         
0.000         
0.000         
7.535         
0.000         
0.000         
0.000         
0.000         
0.000         
0.405         
0.000         
0.000         
0.000         
0.000         
0.000         
0.020         
0.000         
0.000         
0.000         
0.000         
0.000         
0.000         
0.000         
0.000         
0.000         
0.000         
0.000         
0.000         
0.000         
0.000         
0.000         
0.000         
0.000         
0.000         
0.000         
0.000         
0.000         
0.000         
0.000         
0.000         
0.000         
0.000         
0.000         
0.000         
0.000         
0.000         
0.000         
0.000         
0.025         
0.000         
0.015         
0.000         
0.000         
0.000         
0.000         
0.000         
0.000         
0.000         
0.000         
0.000         
0.000         
0.000         
0.000         
0.000         
0.000         
0.000         
0.000         
0.000         
0.000         
0.000         
0.000         
0.000         
0.000         
0.000         
0.000         
0.000         
0.000         
0.000         
0.000         
0.000         
0.000         
0.000         
0.000         
0.000         
0.000         
0.000         
0.000         
0.000         
0.000         
0.000         
0.000         
0.000         
0.000         
0.000         
0.000         
0.000         
1.196         
0.000         
0.000         
0.000         
0.000         
0.000         
0.000         
0.000         
1.628         
0.000         
0.000         
0.008         
0.000         
0.000         
0.000         
0.000         
0.000         
0.000         
0.000         
0.000         
8.181         
0.000         
0.000         
0.000         
0.000         
0.000         
0.000         
7.167         
0.000         
0.000         
0.000         
0.000         
0.000         
0.000         
0.000         
0.000         
0.000         
0.000         
0.000         
0.000         
0.000         
0.000         
0.000         
0.000         
0.000         
0.000         
0.000         
0.000         
0.000         
0.000         
0.000         
0.000         
0.000         
0.000         
0.000         
0.000         
0.000         
0.000         
9.611         
0.000         
0.000         
0.000         
0.000         
0.000         
0.000         
0.000         
1.420         
0.000         
0.000         
0.000         
0.000         
0.000         
0.000         
0.000         
0.000         
0.000         
0.000         
0.000         
0.000         
0.000         
0.000         
0.000         
0.000         
0.000         
0.000         
0.000         
0.000         
0.000         
0.000         
0.000         
0.000         
0.000         
0.000         
0.000         
0.000         
0.000         
0.000         
0.000         
0.000         
0.000         
0.000         
0.000         
0.000         
0.000         
0.000         
0.000         
0.000         
0.000         
0.000         
0.000         
0.000         
0.000         
0.000         
0.000         
0.000         
0.000         
0.000         
0.000         
0.000         
0.000         
0.000         
0.000         
0.000         
0.000         
0.000         
0.000         
0.000         
0.000         
0.000         
0.000         
0.000         
0.000         
0.000         
0.000         
0.000         
0.000         
0.000         
0.000         
0.000         
0.000         
0.000         
0.000         
0.000         
0.000         
0.000         
0.000         
0.000         
0.000         
0.000         
0.000         
0.000         
0.000         
7.527         
0.000         
0.000         
55.739        
0.000         
0.000         
0.000         
0.000         
0.000         
0.000         
0.000         
0.000         
0.051         
0.000         
0.000         
0.000         
0.000         
0.000         
0.000         
0.000         
0.000         
0.000         
0.000         
0.000         
0.000         
0.000         
0.000         
0.000         
0.000         
0.000         
0.000         
0.000         
0.000         
0.000         
0.000         
0.000         
0.000         
0.000         
0.000         
0.000         
0.000         
0.000         
0.000         
0.000         
0.000         
0.000         
0.000         
0.000         
0.000         
0.000         
0.000         
0.000         
0.000         
0.000         
0.000         
0.000         
0.000         
0.000         
0.000         
0.000         
0.000         
0.000         
0.000         
0.000         
0.000         
0.000         
0.000         
7.457         
0.000         
0.000         
0.000         
0.000         
0.000         
0.000         
0.000         
0.000         
0.000         
0.000         
0.000         
0.000         
0.000         
0.020         
0.000         
0.000         
0.000         
0.000         
0.000         
0.000         
0.000         
0.000         
0.000         
0.000         
0.000         
0.000         
0.000         
0.000         
0.000         
0.000         
0.000         
0.000         
0.000         
0.000         
0.000         
0.000         
0.000         
0.000         
0.000         
0.000         
3.000         
0.000         
0.000         
0.000         
0.000         
0.000         
0.000         
0.000         
0.000         
0.262         
0.000         
0.000         
0.000         
0.000         
0.000         
0.000         
0.000         
0.000         
0.000         
0.000         
0.000         
0.039         
0.000         
0.000         
0.000         
0.000         
0.000         
0.000         
0.000         
0.000         
0.000         
0.000         
0.000         
0.000         
5.193         
0.000         
0.000         
0.000         
0.000         
0.000         
0.000         
0.000         
0.000         
0.000         
0.000         
0.000         
0.000         
0.000         
0.000         
0.000         
0.000         
0.000         
0.000         
0.000         
0.000         
0.000         
0.000         
0.000         
0.533         
0.000         
0.000         
0.000         
0.000         
0.000         
0.000         
0.000         
0.000         
0.000         
0.000         
0.000         
0.000         
0.000         
0.182         
0.000         
0.000         
0.000         
0.000         
11.514        
0.000         
0.224         
0.000         
23.677        
0.000         
0.000         
0.000         
0.000         
0.000         
0.000         
0.000         
0.000         
2.269         
0.000         
0.000         
0.000         
0.000         
0.000         
0.000         
0.000         
3.120         
0.000         
0.000         
0.000         
0.000         
0.000         
0.000         
0.000         
1.068         
0.000         
1.428         
0.000         
0.000         
0.107         
0.000         
0.000         
0.000         
0.000         
0.000         
0.000         
0.000         
0.000         
0.000         
0.000         
0.000         
0.000         
0.000         
0.000         
0.000         
0.000         
19.758        
0.000         
0.000         
0.000         
0.000         
0.000         
0.000         
0.000         
0.000         
0.000         
0.000         
0.000         
0.000         
0.000         
19.763        
0.000         
0.000         
0.000         
57.791        
0.000         
0.000         
0.000         
0.000         
0.000         
0.000         
0.000         
0.000         
0.000         
0.000         
0.000         
0.000         
0.000         
0.000         
0.000         
1.142         
0.000         
11.888        
0.000         
0.000         
0.000         
0.000         
0.000         
0.000         
0.000         
0.000         
0.000         
0.000         
0.030         
0.000         
8.093         
0.000         
0.000         
0.000         
0.000         
0.000         
0.000         
0.000         
0.000         
0.000         
0.000         
0.000         
0.000         
0.000         
0.000         
0.000         
0.000         
0.000         
0.000         
0.000         
0.000         
0.000         
0.773         
0.000         
0.000         
0.000         
0.000         
0.000         
0.000         
0.000         
0.000         
0.000         
0.000         
0.000         
0.000         
0.000         
0.000         
0.000         
0.000         
0.000         
0.000         
0.000         
0.000         
0.000         
0.000         
0.000         
0.000         
0.000         
0.000         
0.000         
0.000         
0.000         
0.000         
0.000         
0.000         
0.000         
0.000         
0.000         
0.000         
0.000         
0.000         
0.000         
0.000         
0.000         
0.000         
0.000         
0.000         
0.000         
0.000         
0.000         
0.000         
0.000         
0.000         
0.000         
0.000         
0.000         
0.000         
0.000         
0.000         
0.000         
0.000         
0.000         
0.000         
0.000         
0.000         
0.000         
0.000         
0.000         
0.000         
0.000         
0.000         
0.000         
5.130         
0.000         
0.000         
0.000         
0.000         
0.000         
0.000         
0.000         
0.000         
0.000         
0.000         
0.000         
0.000         
0.000         
0.000         
0.000         
0.000         
0.000         
0.000         
0.000         
0.000         
0.000         
0.000         
0.000         
0.000         
0.000         
0.000         
0.000         
0.000         
0.000         
0.000         
0.000         
0.000         
0.000         
0.000         
0.000         
0.000         
0.000         
0.000         
0.000         
0.000         
0.000         
0.000         
0.000         
0.000         
0.000         
0.000         
0.000         
23.856        
0.000         
0.000         
0.000         
0.000         
0.000         
0.000         
0.000         
0.000         
0.000         
0.000         
0.000         
0.000         
0.000         
0.000         
0.000         
0.000         
0.343         
0.000         
0.000         
0.000         
0.000         
4.415         
0.000         
0.000         
0.000         
0.000         
0.000         
0.000         
0.000         
0.000         
0.000         
0.000         
0.000         
0.000         
0.000         
0.000         
0.000         
5.468         
0.000         
0.000         
0.000         
0.000         
0.000         
0.000         
0.000         
0.000         
0.000         
0.000         
0.000         
0.000         
0.000         
0.000         
0.000         
0.000         
0.000         
0.000         
0.000         
0.000         
0.000         
0.000         
0.000         
6.036         
0.000         
0.000         
0.000         
0.000         
0.000         
0.000         
0.000         
0.000         
0.000         
0.000         
0.000         
0.000         
0.000         
0.000         
0.000         
0.000         
0.000         
0.000         
0.000         
0.000         
0.000         
45.939        
0.000         
0.000         
0.000         
0.000         
0.000         
0.000         
0.000         
0.000         
0.000         
0.000         
0.000         
0.000         
0.000         
0.000         
0.000         
0.000         
0.000         
0.000         
0.000         
0.000         
0.140         
0.000         
0.157         
0.000         
0.000         
0.000         
0.000         
0.000         
0.000         
0.000         
0.000         
0.000         
0.000         
0.000         
0.000         
0.000         
0.201         
6.206         
0.000         
0.134         
0.000         
0.000         
11.004        
0.000         
0.000         
0.297         
0.000         
0.000         
0.000         
2.937         
0.000         
0.000         
0.000         
0.000         
0.000         
0.000         
0.000         
0.000         
9.630         
0.000         
0.000         
0.000         
0.000         
0.000         
0.000         
0.000         
0.000         
0.000         
0.000         
0.000         
0.000         
28.542        
0.000         
0.000         
0.000         
14.437        
0.000         
0.000         
0.000         
0.000         
0.000         
0.000         
0.000         
0.000         
30.238        
0.000         
13.997        
0.000         
0.000         
0.000         
0.000         
0.000         
0.000         
0.000         
0.000         
118.090       
0.000         
1.144         
0.000         
0.000         
0.000         
0.000         
0.000         
0.000         
0.000         
0.000         
0.000         
0.000         
0.000         
0.000         
0.000         
0.000         
0.000         
2.574         
0.000         
0.000         
0.000         
0.000         
0.000         
0.000         
0.000         
0.000         
0.000         
0.000         
0.000         
0.000         
0.000         
0.000         
0.000         
0.000         
0.000         
42.349        
0.000         
0.000         
0.000         
0.000         
0.000         
0.000         
0.000         
0.000         
0.000         
8.678         
0.000         
0.000         
0.000         
0.000         
0.000         
0.000         
0.000         
0.000         
0.000         
0.000         
0.000         
0.000         
0.000         
0.000         
0.000         
0.000         
0.000         
0.000         
0.000         
0.000         
0.000         
0.000         
0.000         
0.000         
0.000         
0.000         
0.000         
0.000         
0.000         
0.000         
0.000         
0.000         
0.000         
0.000         
0.000         
0.000         
0.000         
0.000         
0.000         
0.000         
0.000         
0.000         
0.000         
0.000         
0.000         
0.000         
0.000         
0.000         
0.000         
0.000         
0.000         
0.000         
0.000         
0.000         
0.000         
0.000         
0.000         
0.000         
0.000         
0.000         
0.000         
0.000         
0.000         
0.000         
0.000         
0.000         
0.000         
0.000         
0.000         
0.000         
0.000         
0.000         
0.000         
0.000         
0.000         
0.000         
0.000         
0.000         
0.120         
0.000         
0.000         
0.000         
0.000         
0.000         
0.000         
0.000         
0.000         
0.000         
0.000         
0.000         
0.000         
0.000         
0.000         
0.000         
0.000         
0.000         
0.000         
0.000         
0.000         
0.000         
0.000         
0.000         
0.000         
0.000         
0.000         
0.000         
0.000         
0.000         
0.000         
0.000         
0.000         
0.000         
0.000         
0.000         
0.000         
0.000         
0.000         
0.000         
0.000         
0.000         
0.000         
0.000         
8.326         
0.000         
0.000         
0.000         
0.000         
0.000         
0.000         
0.000         
0.000         
0.000         
0.000         
0.000         
0.000         
0.000         
0.000         
0.000         
0.000         
0.000         
0.000         
0.000         
0.016         
0.000         
30.268        
0.000         
0.000         
0.000         
0.000         
0.000         
0.000         
0.000         
0.000         
0.000         
0.000         
0.000         
0.000         
0.000         
0.000         
0.000         
0.000         
0.000         
0.000         
0.000         
0.000         
0.000         
0.000         
0.000         
0.000         
1.969         
0.000         
0.000         
0.000         
0.000         
0.000         
0.000         
0.000         
0.000         
0.000         
0.000         
0.000         
0.000         
0.000         
0.000         
0.000         
0.000         
0.000         
0.000         
0.000         
0.000         
0.000         
0.000         
0.000         
0.000         
0.000         
0.000         
1.233         
0.000         
0.000         
0.000         
0.000         
0.000         
0.000         
0.000         
0.000         
0.000         
0.000         
0.000         
0.000         
0.000         
0.000         
0.000         
0.000         
0.000         
0.000         
0.000         
0.000         
0.000         
0.000         
0.000         
0.000         
0.000         
0.000         
0.000         
0.000         
0.000         
0.000         
0.000         
0.000         
0.000         
0.000         
0.000         
0.000         
0.000         
0.000         
0.000         
0.000         
0.000         
0.000         
0.000         
0.353         
0.000         
0.000         
0.000         
0.000         
0.000         
0.000         
0.000         
0.000         
0.000         
0.000         
0.000         
0.000         
0.000         
0.000         
0.000         
0.000         
0.000         
15.639        
0.000         
0.000         
0.000         
0.000         
2.545         
0.000         
0.000         
0.000         
0.000         
0.000         
0.000         
0.000         
0.000         
1.643         
0.000         
0.000         
0.000         
0.000         
0.000         
0.000         
0.000         
0.000         
3.796         
0.000         
0.000         
10.888        
1.131         
3.317         
0.000         
0.000         
0.000         
0.000         
0.000         
3.715         
0.000         
8.624         
12.133        
2.912         
0.000         
0.000         
0.000         
0.000         
0.000         
0.000         
0.000         
0.000         
0.000         
0.000         
0.000         
0.000         
37.439        
0.000         
0.000         
0.000         
16.484        
34.613        
0.000         
0.000         
0.000         
0.000         
17.533        
0.000         
0.000         
0.000         
15.644        
0.000         
0.000         
0.000         
0.000         
0.000         
0.000         
0.000         
32.025        
0.000         
0.000         
0.000         
0.000         
0.000         
0.000         
7.763         
0.000         
0.000         
0.000         
0.000         
0.000         
0.000         
0.000         
0.000         
0.000         
3.210         
35.050        
0.000         
6.585         
0.000         
32.321        
0.000         
0.000         
0.000         
0.000         
0.000         
17.934        
0.000         
0.000         
0.000         
0.000         
0.000         
0.000         
0.000         
331.112       
0.000         
0.000         
0.000         
0.000         
0.000         
0.000         
0.000         
0.000         
57.210        
21.099        
0.000         
0.000         
0.000         
0.000         
0.000         
0.000         
0.000         
0.465         
0.000         
0.000         
0.000         
0.000         
0.000         
0.000         
0.000         
0.000         
0.000         
0.000         
0.000         
0.000         
0.000         
0.000         
0.000         
0.000         
0.000         
0.000         
0.000         
0.000         
0.000         
0.000         
0.000         
0.000         
0.000         
0.000         
0.000         
0.000         
0.000         
0.000         
0.000         
2.846         
0.000         
0.000         
0.000         
0.000         
0.000         
0.000         
0.000         
0.000         
0.000         
0.000         
0.000         
0.000         
0.000         
0.000         
0.000         
0.000         
0.000         
0.000         
0.000         
0.000         
0.000         
0.000         
0.000         
0.000         
0.000         
0.000         
0.000         
0.000         
0.000         
0.056         
0.000         
0.000         
0.000         
0.000         
1.019         
0.000         
2.771         
0.000         
0.000         
0.000         
0.000         
0.000         
0.000         
0.000         
0.000         
0.000         
0.000         
0.000         
0.000         
0.000         
0.000         
0.000         
0.000         
0.000         
0.000         
0.000         
0.000         
0.000         
0.000         
0.000         
0.000         
0.000         
0.000         
0.000         
2.302         
0.000         
0.000         
0.000         
0.000         
1.513         
0.000         
0.000         
0.000         
0.000         
0.000         
0.000         
0.000         
0.000         
0.000         
0.000         
0.000         
0.000         
0.000         
0.000         
0.126         
0.000         
0.422         
0.000         
3.344         
0.000         
0.000         
0.000         
0.000         
3.613         
0.000         
0.000         
0.000         
0.000         
0.000         
0.000         
0.000         
0.000         
0.000         
0.000         
0.000         
0.000         
0.126         
0.000         
0.000         
0.000         
0.000         
0.000         
0.000         
0.000         
0.000         
0.000         
0.077         
0.000         
3.371         
0.579         
0.000         
0.000         
0.000         
0.000         
0.000         
0.000         
0.000         
0.000         
0.000         
0.000         
0.000         
0.000         
0.000         
0.000         
10.964        
0.000         
0.000         
0.000         
0.000         
0.000         
0.000         
0.000         
0.000         
0.000         
0.000         
10.588        
0.000         
0.000         
0.000         
0.000         
0.000         
0.000         
0.000         
0.000         
5.394         
0.000         
0.000         
0.000         
0.000         
0.000         
0.000         
0.000         
0.000         
0.000         
0.000         
0.000         
0.000         
0.000         
0.000         
0.000         
0.000         
0.000         
0.000         
0.000         
0.012         
0.000         
0.000         
0.000         
0.000         
24.687        
0.000         
0.000         
0.000         
0.000         
0.000         
0.000         
0.000         
0.000         
0.000         
0.259         
0.000         
0.000         
0.000         
0.000         
0.000         
0.000         
0.000         
0.000         
0.000         
0.000         
0.000         
0.000         
0.000         
0.000         
0.000         
0.000         
0.000         
0.000         
0.000         
0.000         
0.000         
0.000         
0.000         
0.000         
0.000         
0.000         
0.000         
0.000         
0.000         
0.000         
0.000         
11.658        
0.000         
0.000         
0.000         
0.000         
0.000         
15.248        
0.771         
0.433         
0.000         
0.357         
8.955         
0.000         
43.081        
0.000         
0.000         
0.000         
0.000         
0.000         
0.000         
0.000         
0.000         
0.116         
0.000         
0.000         
0.000         
0.000         
0.000         
0.000         
0.000         
0.000         
0.000         
0.000         
0.000         
0.000         
0.000         
0.000         
0.000         
0.000         
0.000         
0.000         
0.000         
0.000         
9.682         
8.192         
0.000         
0.000         
156.083       
0.000         
0.000         
0.000         
18.854        
0.000         
0.000         
0.000         
0.000         
0.000         
0.000         
0.000         
0.000         
0.000         
0.117         
0.000         
0.000         
0.000         
0.000         
0.000         
0.000         
0.000         
0.932         
1.406         
8.627         
0.000         
0.000         
0.000         
0.000         
0.000         
0.000         
0.000         
0.000         
0.000         
0.000         
0.000         
0.000         
0.000         
0.000         
0.000         
0.000         
0.000         
0.000         
0.000         
0.000         
0.000         
0.000         
0.000         
0.000         
0.000         
0.000         
0.000         
0.000         
0.000         
0.000         
0.000         
0.000         
0.000         
0.000         
0.000         
31.778        
0.000         
0.000         
0.000         
0.000         
0.000         
0.000         
0.000         
0.000         
0.000         
0.000         
0.000         
0.000         
0.000         
0.000         
0.000         
0.000         
0.000         
0.000         
0.000         
0.000         
0.000         
0.000         
0.000         
0.000         
0.000         
0.000         
0.000         
0.000         
0.000         
0.000         
0.000         
0.000         
0.000         
0.000         
0.000         
0.000         
0.000         
0.000         
0.000         
0.000         
0.000         
0.000         
0.000         
0.000         
0.000         
0.000         
0.000         
0.000         
0.000         
0.000         
0.000         
0.000         
39.724        
0.000         
0.000         
0.000         
0.000         
0.000         
1.249         
3.481         
0.000         
0.000         
0.000         
0.000         
0.000         
0.000         
0.000         
0.000         
0.000         
0.000         
0.000         
0.000         
0.000         
0.000         
0.000         
0.000         
0.000         
0.000         
0.000         
0.000         
0.000         
0.000         
0.000         
0.000         
0.000         
0.000         
0.000         
0.000         
0.000         
0.000         
0.000         
0.000         
0.000         
0.000         
0.000         
0.000         
0.000         
0.000         
0.000         
0.000         
0.000         
0.000         
0.000         
0.000         
0.000         
0.000         
0.000         
0.000         
0.000         
0.000         
0.673         
0.000         
0.000         
0.000         
0.000         
0.000         
0.000         
0.000         
0.215         
0.000         
0.000         
0.000         
0.000         
0.000         
0.000         
0.000         
0.000         
2.860         
0.000         
0.000         
0.000         
0.000         
0.000         
0.000         
0.000         
6.183         
0.000         
0.000         
0.000         
0.000         
0.000         
0.000         
0.000         
0.000         
0.000         
0.000         
0.000         
0.000         
0.000         
0.000         
0.000         
0.000         
0.000         
0.000         
0.000         
0.000         
0.000         
0.000         
0.000         
0.000         
0.000         
0.000         
0.000         
0.000         
11.514        
0.000         
0.000         
4.839         
2.073         
68.706        
0.000         
0.000         
0.000         
0.000         
0.000         
3.314         
0.000         
3.147         
0.000         
52.409        
17.921        
0.000         
0.000         
0.000         
0.000         
0.000         
25.286        
0.000         
0.000         
0.493         
0.000         
0.000         
0.000         
0.000         
0.000         
0.000         
0.000         
0.000         
5.324         
0.000         
0.000         
0.000         
0.000         
0.000         
0.000         
0.000         
0.000         
0.000         
0.000         
0.000         
0.000         
0.000         
0.000         
0.000         
0.000         
0.000         
0.000         
0.000         
0.000         
11.803        
0.000         
0.000         
0.000         
0.000         
0.000         
0.000         
0.000         
0.000         
0.000         
0.000         
0.000         
0.000         
0.000         
0.000         
0.000         
0.000         
0.000         
0.000         
0.000         
0.000         
0.000         
0.000         
0.000         
0.000         
0.000         
0.000         
0.000         
0.000         
0.000         
0.000         
0.000         
0.000         
0.000         
0.000         
0.000         
0.000         
0.000         
0.000         
0.000         
0.000         
0.000         
0.000         
0.000         
0.000         
0.000         
0.000         
0.000         
0.002         
0.000         
0.000         
0.000         
0.000         
0.000         
0.000         
0.000         
0.000         
0.000         
0.000         
0.000         
0.000         
0.000         
0.000         
0.000         
0.000         
0.000         
0.000         
0.000         
6.588         
0.000         
0.000         
0.000         
0.000         
0.000         
0.000         
0.000         
19.426        
0.000         
0.000         
0.000         
0.000         
0.000         
5.182         
0.000         
0.000         
0.000         
0.000         
0.000         
0.000         
0.000         
0.000         
0.000         
0.000         
0.000         
0.000         
0.000         
1.402         
0.000         
2.575         
0.000         
0.000         
0.000         
0.000         
0.000         
0.000         
0.000         
1.155         
0.642         
0.000         
0.389         
0.494         
0.000         
0.000         
0.000         
0.000         
0.000         
0.000         
0.000         
0.000         
0.000         
0.000         
0.000         
0.000         
0.000         
0.000         
0.000         
0.000         
0.000         
0.000         
0.000         
0.000         
0.000         
0.000         
0.000         
0.000         
0.000         
0.000         
0.000         
0.000         
0.000         
0.000         
0.000         
0.000         
0.000         
0.000         
0.000         
0.000         
0.000         
0.000         
0.000         
0.000         
0.000         
0.000         
0.000         
0.000         
0.000         
0.000         
0.000         
0.000         
0.000         
0.000         
0.000         
0.000         
0.000         
0.000         
0.000         
0.000         
0.000         
0.000         
0.000         
0.000         
0.000         
0.000         
0.000         
0.000         
0.000         
0.000         
0.000         
0.000         
0.000         
0.000         
0.000         
0.000         
0.000         
0.000         
0.000         
0.000         
0.000         
0.000         
0.000         
0.000         
0.000         
0.000         
0.000         
0.000         
0.000         
0.000         
0.000         
0.000         
0.194         
0.000         
0.000         
0.000         
0.000         
0.000         
0.000         
0.000         
0.000         
0.000         
0.000         
0.000         
14.292        
0.000         
0.000         
0.000         
0.000         
0.000         
0.000         
0.000         
0.000         
0.000         
0.000         
0.000         
9.450         
0.000         
0.000         
0.000         
0.000         
0.000         
0.000         
0.000         
0.000         
0.000         
0.000         
0.000         
0.000         
0.000         
0.000         
0.000         
0.000         
0.000         
0.000         
0.000         
0.000         
0.000         
0.000         
0.000         
0.000         
0.000         
0.000         
0.000         
0.000         
0.000         
0.000         
0.000         
0.000         
17.423        
25.116        
0.000         
0.000         
0.000         
0.000         
18.526        
0.000         
0.000         
0.000         
0.000         
21.492        
0.000         
0.000         
0.000         
0.000         
0.000         
0.000         
0.000         
0.000         
0.000         
0.000         
19.465        
0.000         
0.000         
0.000         
0.000         
0.000         
0.000         
3.675         
0.000         
0.000         
0.000         
0.000         
8.047         
4.387         
0.000         
0.000         
0.000         
0.000         
0.000         
0.000         
0.000         
0.000         
0.000         
0.000         
0.000         
9.851         
0.000         
0.000         
0.000         
0.000         
0.000         
0.000         
0.000         
0.000         
0.000         
0.000         
0.000         
0.000         
0.000         
0.000         
0.000         
0.000         
0.000         
0.000         
0.000         
0.000         
0.000         
0.000         
0.000         
0.000         
2.321         
0.000         
0.000         
0.000         
1.137         
0.000         
0.000         
0.622         
0.000         
23.994        
0.000         
0.000         
0.000         
0.000         
0.000         
0.000         
0.000         
0.000         
0.000         
0.000         
0.000         
0.000         
0.000         
0.000         
0.000         
0.000         
0.000         
0.000         
0.000         
0.000         
0.000         
0.000         
0.000         
0.000         
0.000         
0.000         
0.000         
0.000         
0.000         
0.867         
0.000         
0.000         
0.000         
0.000         
0.000         
0.000         
0.000         
1.281         
0.000         
0.000         
0.000         
0.000         
0.000         
0.000         
0.000         
0.000         
0.000         
0.000         
0.000         
0.000         
0.000         
0.000         
0.000         
0.000         
0.000         
0.000         
0.000         
0.000         
0.000         
0.000         
0.000         
0.000         
0.000         
0.000         
2.385         
1.832         
0.000         
0.000         
0.000         
0.000         
0.000         
0.000         
0.000         
0.000         
0.621         
7.603         
0.000         
0.000         
0.000         
0.000         
0.000         
0.000         
0.000         
0.000         
0.000         
0.000         
0.000         
79.906        
0.000         
0.000         
0.000         
50.712        
0.000         
0.000         
115.597       
0.000         
96.024        
0.000         
7.789         
18.293        
0.000         
0.000         
0.000         
0.000         
57.438        
0.000         
0.000         
0.000         
0.000         
0.000         
0.000         
0.000         
0.000         
0.000         
0.000         
14.742        
61.730        
40.653        
0.000         
0.000         
0.000         
41.489        
0.000         
0.000         
0.000         
22.598        
1.463         
0.000         
0.000         
6.955         
0.000         
0.000         
0.000         
22.356        
0.000         
0.000         
0.000         
0.000         
0.000         
0.000         
0.000         
0.000         
0.000         
0.000         
0.000         
0.000         
0.000         
0.000         
0.000         
0.000         
0.000         
49.873        
0.000         
0.000         
0.000         
7.581         
0.000         
0.000         
0.000         
0.000         
0.000         
0.000         
0.000         
0.000         
0.000         
0.000         
0.000         
0.000         
0.000         
0.000         
165.926       
50.979        
0.000         
0.000         
0.000         
0.000         
0.000         
0.000         
0.000         
0.000         
0.000         
0.000         
0.000         
0.000         
0.000         
0.000         
0.000         
0.000         
0.000         
0.000         
0.000         
0.000         
0.000         
0.000         
0.000         
0.000         
0.000         
0.000         
0.000         
0.000         
0.000         
0.000         
0.000         
0.000         
0.000         
0.000         
0.000         
0.000         
0.000         
0.000         
0.000         
0.000         
0.000         
0.000         
0.000         
0.000         
6.098         
0.000         
0.000         
0.000         
0.000         
0.000         
0.000         
0.000         
0.000         
0.000         
0.000         
0.000         
0.000         
0.000         
0.000         
0.000         
0.000         
0.000         
0.000         
0.000         
0.000         
0.000         
0.000         
0.000         
0.000         
0.000         
0.000         
0.000         
0.000         
0.000         
0.000         
0.000         
0.000         
0.000         
0.000         
0.000         
0.000         
0.000         
0.000         
0.000         
0.000         
0.000         
0.000         
12.237        
26.242        
0.000         
0.000         
0.000         
0.000         
0.000         
0.000         
0.000         
0.000         
0.000         
0.000         
0.000         
0.000         
0.000         
0.000         
0.000         
0.000         
0.000         
0.000         
0.000         
0.000         
5.356         
0.000         
0.000         
0.000         
0.000         
0.000         
14.353        
0.000         
0.000         
0.000         
5.132         
0.000         
0.000         
0.000         
0.000         
65.786        
0.000         
0.000         
0.000         
0.000         
0.000         
0.000         
10.659        
0.000         
0.000         
0.000         
0.000         
0.000         
6.290         
0.000         
0.000         
1.714         
0.000         
0.000         
0.000         
0.000         
0.000         
0.000         
0.000         
0.000         
0.000         
0.000         
0.000         
0.000         
0.000         
0.000         
0.000         
0.000         
0.000         
0.000         
0.000         
0.000         
0.000         
0.000         
0.000         
0.000         
2.945         
0.000         
0.000         
0.000         
0.000         
0.000         
0.000         
0.000         
0.000         
0.000         
0.000         
0.000         
0.000         
0.000         
0.000         
0.000         
0.000         
0.000         
0.000         
0.000         
0.000         
3.332         
0.000         
0.000         
0.000         
0.000         
0.000         
0.000         
4.524         
0.000         
0.000         
0.000         
0.000         
0.000         
0.000         
0.000         
0.000         
0.000         
0.000         
0.000         
0.182         
0.000         
0.496         
0.000         
5.836         
0.000         
0.000         
0.000         
0.000         
0.000         
0.000         
0.000         
0.000         
0.000         
0.000         
0.000         
0.000         
0.000         
0.000         
0.000         
0.000         
0.000         
0.000         
0.000         
0.000         
0.000         
0.000         
0.000         
0.000         
0.000         
0.000         
0.000         
0.000         
0.000         
0.000         
0.000         
0.000         
0.000         
0.000         
0.000         
0.000         
0.000         
0.000         
0.000         
0.000         
0.000         
0.000         
0.000         
0.000         
0.000         
0.000         
0.000         
0.929         
0.000         
0.000         
2.601         
0.000         
0.000         
0.000         
0.000         
0.000         
0.000         
0.000         
0.000         
0.000         
0.000         
0.000         
0.000         
0.000         
0.000         
9.762         
0.000         
0.000         
0.000         
0.000         
0.000         
0.173         
0.000         
15.028        
0.000         
0.000         
0.000         
0.000         
0.000         
0.000         
0.000         
0.000         
0.000         
0.000         
0.000         
0.000         
0.000         
0.000         
2.306         
0.000         
0.000         
0.000         
0.000         
0.000         
0.000         
0.000         
0.000         
0.000         
0.000         
0.000         
0.000         
0.000         
0.000         
0.000         
0.000         
0.000         
29.296        
0.000         
0.000         
0.000         
0.000         
0.000         
0.000         
0.000         
0.000         
0.000         
0.000         
0.000         
0.000         
0.000         
10.479        
0.000         
0.000         
9.839         
0.000         
0.382         
0.000         
0.000         
0.000         
0.000         
0.000         
0.000         
21.332        
0.000         
0.000         
0.000         
0.000         
0.000         
0.000         
0.000         
0.000         
0.000         
0.000         
0.000         
0.000         
0.000         
0.000         
0.000         
0.000         
0.000         
0.000         
0.000         
0.000         
0.000         
0.000         
0.000         
0.000         
0.000         
0.000         
0.000         
0.000         
0.000         
0.000         
0.000         
0.000         
0.000         
0.000         
0.000         
0.000         
0.000         
0.000         
0.000         
0.000         
0.000         
0.000         
0.000         
0.000         
0.000         
0.000         
0.000         
0.000         
0.000         
0.000         
0.000         
0.000         
0.000         
0.000         
0.000         
0.000         
0.000         
0.000         
0.000         
0.000         
0.000         
0.000         
0.000         
0.000         
0.000         
0.000         
0.000         
0.000         
0.000         
0.000         
0.000         
0.000         
0.000         
8.124         
0.000         
0.000         
0.000         
0.000         
43.648        
8.006         
7.257         
0.000         
0.000         
0.000         
0.000         
28.777        
0.000         
0.000         
0.000         
0.000         
1.459         
0.000         
0.000         
0.000         
0.000         
0.000         
0.000         
0.000         
0.000         
0.000         
0.000         
0.000         
0.000         
0.000         
0.000         
0.506         
0.000         
0.000         
0.000         
0.000         
0.000         
0.000         
2.301         
0.000         
0.000         
0.000         
0.000         
0.012         
0.000         
0.000         
0.000         
0.000         
0.000         
0.000         
0.000         
0.000         
0.000         
0.000         
0.000         
0.000         
0.000         
0.000         
0.000         
0.000         
0.000         
0.000         
0.000         
0.000         
0.000         
0.000         
0.000         
0.000         
0.000         
0.000         
0.000         
0.000         
0.000         
0.000         
0.000         
0.000         
0.000         
0.000         
0.000         
0.000         
0.000         
0.000         
0.000         
0.000         
0.000         
0.000         
0.000         
0.000         
0.000         
0.000         
0.000         
1.179         
0.000         
0.000         
0.000         
0.000         
0.000         
0.000         
0.000         
0.000         
0.000         
0.000         
0.000         
0.000         
0.000         
0.000         
1.034         
0.000         
9.131         
0.000         
0.000         
0.000         
0.000         
0.000         
0.000         
0.000         
0.000         
0.000         
0.000         
0.000         
0.000         
0.000         
0.000         
0.000         
0.000         
0.000         
0.000         
0.000         
0.000         
0.000         
0.000         
0.000         
0.000         
0.000         
0.000         
1.272         
0.000         
0.000         
0.000         
0.000         
0.000         
0.000         
0.000         
0.000         
0.000         
0.000         
0.000         
0.000         
0.000         
0.000         
0.000         
0.000         
0.000         
0.000         
0.000         
0.000         
0.000         
0.000         
0.000         
0.000         
2.894         
0.000         
0.000         
0.000         
0.000         
0.000         
0.000         
0.000         
0.000         
0.000         
0.002         
0.000         
0.000         
0.000         
0.000         
0.000         
0.000         
0.000         
0.000         
0.000         
0.000         
0.012         
0.000         
0.000         
0.000         
0.000         
0.000         
0.000         
0.000         
0.000         
0.000         
0.000         
0.000         
0.000         
0.000         
0.000         
0.000         
0.000         
0.000         
0.000         
0.000         
0.000         
0.000         
0.000         
0.000         
0.000         
0.000         
0.000         
0.000         
0.000         
0.000         
0.000         
0.000         
0.000         
0.000         
0.000         
0.000         
0.000         
0.000         
0.000         
0.000         
0.000         
0.000         
0.000         
0.000         
0.000         
0.000         
0.000         
0.000         
0.000         
0.000         
0.595         
0.000         
0.000         
0.000         
0.000         
0.000         
0.000         
0.000         
0.000         
0.000         
0.000         
0.000         
0.000         
0.000         
14.605        
0.000         
0.000         
0.000         
0.000         
0.000         
0.000         
0.000         
0.000         
0.000         
0.000         
0.000         
0.000         
0.000         
0.000         
124.861       
0.000         
53.107        
0.000         
0.000         
0.000         
26.784        
35.298        
0.000         
0.000         
0.000         
0.000         
0.000         
0.000         
0.000         
0.000         
0.000         
0.000         
12.004        
0.000         
0.000         
0.000         
23.328        
16.176        
0.000         
0.000         
0.000         
0.000         
0.000         
0.000         
0.000         
9.012         
0.000         
0.000         
0.000         
0.000         
0.000         
0.000         
0.000         
0.000         
0.000         
0.000         
0.000         
0.000         
0.000         
0.000         
0.000         
0.000         
0.000         
0.000         
0.000         
0.000         
0.000         
0.000         
0.000         
0.000         
0.000         
0.000         
0.000         
0.000         
0.000         
0.000         
0.000         
0.000         
0.000         
0.000         
0.000         
0.000         
0.000         
0.000         
0.000         
0.000         
0.000         
0.000         
0.000         
0.000         
0.000         
0.000         
0.000         
0.000         
0.000         
0.000         
0.000         
0.000         
0.000         
0.000         
0.000         
0.000         
0.000         
0.000         
0.000         
0.000         
0.000         
0.000         
0.000         
0.000         
0.000         
0.000         
3.428         
0.000         
0.000         
0.000         
0.000         
0.000         
0.000         
0.000         
0.000         
0.299         
0.000         
0.000         
0.000         
0.000         
0.000         
0.000         
0.000         
0.000         
0.000         
0.000         
0.000         
0.000         
0.000         
73.455        
0.000         
0.000         
0.000         
0.000         
0.000         
0.000         
0.000         
0.000         
3.259         
14.264        
0.000         
0.000         
0.000         
0.000         
0.000         
0.000         
0.000         
0.000         
0.000         
0.000         
12.926        
0.000         
0.000         
0.000         
0.000         
0.000         
0.000         
0.000         
0.000         
0.000         
0.000         
0.000         
0.000         
0.000         
0.000         
0.000         
0.000         
0.000         
0.000         
0.000         
0.000         
0.000         
0.000         
4.439         
0.000         
22.446        
0.000         
0.000         
0.000         
0.000         
4.137         
6.363         
0.000         
8.533         
0.000         
5.768         
0.000         
0.000         
0.000         
0.000         
0.000         
0.000         
0.000         
0.000         
0.000         
0.000         
0.000         
0.000         
0.000         
0.000         
0.000         
0.000         
0.000         
0.000         
0.000         
0.000         
0.000         
0.000         
0.000         
0.000         
0.000         
0.001         
0.243         
0.000         
0.000         
0.000         
0.000         
0.000         
0.000         
0.000         
0.418         
0.000         
0.000         
0.000         
0.000         
0.000         
0.000         
0.000         
1.114         
0.000         
0.000         
0.000         
0.000         
0.000         
0.000         
0.000         
0.000         
0.000         
0.000         
0.000         
0.000         
0.000         
0.000         
0.000         
0.000         
0.000         
0.000         
0.000         
0.000         
0.000         
0.000         
0.000         
0.000         
0.000         
0.000         
0.000         
0.000         
0.000         
0.000         
0.000         
0.000         
0.000         
0.000         
0.000         
0.000         
0.000         
0.000         
0.000         
0.000         
0.000         
0.000         
0.000         
0.000         
0.000         
0.000         
0.000         
0.000         
19.097        
0.000         
0.000         
0.000         
0.000         
0.000         
0.000         
0.000         
0.000         
0.000         
0.000         
0.000         
0.000         
0.466         
0.000         
0.000         
0.000         
0.000         
0.000         
0.000         
0.000         
0.000         
0.000         
0.000         
0.000         
0.000         
0.000         
0.000         
0.000         
0.000         
0.000         
0.000         
0.000         
0.000         
0.000         
0.000         
0.000         
0.000         
0.000         
0.000         
0.000         
0.000         
0.000         
0.000         
0.000         
0.000         
0.000         
0.000         
0.000         
0.000         
29.584        
0.000         
16.007        
2.953         
0.000         
0.000         
0.000         
0.000         
0.000         
0.000         
0.000         
0.000         
4.626         
1.282         
0.000         
0.000         
0.000         
0.000         
0.000         
0.000         
7.196         
11.256        
16.970        
0.000         
0.000         
0.000         
0.000         
0.000         
0.000         
0.289         
0.331         
2.646         
0.000         
0.000         
0.000         
0.000         
0.000         
0.000         
0.000         
0.000         
0.000         
0.000         
0.000         
0.000         
0.000         
0.000         
0.000         
0.000         
0.000         
0.000         
0.000         
0.000         
0.000         
0.020         
0.000         
0.000         
0.000         
0.247         
0.000         
0.000         
0.000         
0.217         
0.000         
0.000         
0.000         
0.000         
0.000         
0.000         
0.000         
0.000         
0.000         
3.874         
0.000         
0.000         
8.677         
0.000         
0.000         
5.604         
18.002        
0.000         
0.000         
20.236        
0.000         
0.000         
0.000         
0.000         
0.000         
0.000         
0.000         
0.000         
0.000         
0.000         
0.000         
0.000         
0.000         
0.000         
0.000         
0.000         
0.000         
0.000         
0.000         
0.000         
0.000         
0.000         
0.000         
0.000         
0.000         
0.000         
0.000         
0.000         
0.000         
0.000         
0.000         
0.000         
0.000         
0.000         
0.000         
0.000         
0.000         
0.000         
0.000         
0.000         
0.000         
0.000         
0.000         
0.000         
0.000         
0.000         
0.000         
0.000         
0.000         
0.000         
0.000         
0.000         
0.000         
0.000         
0.000         
0.000         
0.000         
0.000         
0.000         
0.000         
0.000         
0.000         
0.000         
0.000         
0.000         
0.000         
0.000         
0.000         
0.000         
0.000         
0.000         
0.000         
0.000         
0.000         
0.000         
0.000         
0.000         
0.000         
0.000         
0.000         
0.000         
0.000         
0.000         
20.002        
0.000         
0.000         
0.000         
0.000         
0.000         
0.000         
0.000         
0.000         
0.000         
0.000         
0.000         
0.000         
0.000         
0.000         
0.000         
0.000         
0.000         
0.000         
0.000         
0.000         
0.000         
0.000         
0.000         
0.000         
0.000         
0.000         
0.000         
0.000         
0.000         
0.000         
0.000         
0.000         
0.000         
0.000         
0.000         
0.000         
0.000         
0.000         
0.000         
15.228        
0.000         
0.000         
0.000         
0.000         
0.000         
0.000         
0.000         
0.000         
29.464        
0.000         
0.000         
0.000         
0.000         
0.000         
0.000         
58.390        
0.000         
5.351         
62.226        
0.000         
0.000         
0.000         
0.000         
0.000         
0.000         
0.000         
0.000         
0.000         
0.000         
0.000         
0.000         
0.000         
0.000         
0.000         
0.000         
0.000         
0.000         
0.000         
0.000         
0.000         
0.000         
0.000         
0.000         
0.000         
0.000         
0.000         
0.000         
0.000         
0.000         
0.000         
0.000         
0.000         
0.000         
0.000         
0.000         
0.000         
0.000         
0.000         
0.000         
0.000         
0.000         
0.000         
0.000         
0.000         
0.000         
0.000         
0.000         
0.000         
0.000         
0.000         
0.000         
8.407         
0.000         
0.000         
0.000         
0.000         
0.000         
0.000         
0.000         
0.000         
0.000         
0.000         
0.000         
4.950         
0.000         
0.000         
0.000         
0.000         
0.000         
0.000         
0.000         
0.000         
0.000         
0.000         
0.000         
0.000         
0.000         
0.000         
0.000         
0.000         
0.000         
0.000         
0.000         
0.000         
0.000         
0.000         
0.000         
0.000         
0.000         
0.000         
0.000         
0.000         
0.000         
0.000         
0.000         
0.000         
0.000         
0.000         
0.000         
0.000         
0.001         
0.000         
0.000         
0.000         
0.000         
0.000         
13.902        
0.000         
0.000         
0.000         
0.000         
0.000         
0.000         
0.000         
0.000         
0.000         
0.000         
0.000         
0.000         
0.185         
0.000         
0.000         
0.000         
0.000         
0.000         
0.000         
0.000         
0.000         
0.000         
0.000         
0.000         
0.000         
1.609         
7.958         
0.000         
0.000         
0.000         
0.000         
0.000         
0.000         
0.000         
0.000         
0.000         
0.000         
0.000         
0.000         
8.737         
9.086         
8.153         
0.000         
0.000         
0.000         
0.000         
0.000         
0.000         
0.000         
0.000         
4.478         
0.000         
0.000         
0.000         
0.000         
0.000         
0.000         
0.000         
17.730        
0.000         
0.000         
0.000         
0.000         
0.000         
0.000         
0.000         
0.000         
0.000         
0.000         
2.087         
12.405        
0.000         
0.013         
0.000         
0.000         
0.000         
0.000         
0.000         
0.000         
0.595         
0.000         
0.000         
0.000         
0.000         
0.000         
0.000         
0.000         
4.266         
0.000         
0.000         
0.000         
0.000         
0.000         
0.000         
0.000         
0.000         
0.000         
0.000         
0.000         
0.000         
0.000         
0.000         
0.727         
0.000         
0.000         
0.009         
0.000         
0.000         
4.010         
0.000         
0.000         
0.000         
0.000         
0.000         
0.000         
0.000         
0.000         
0.000         
0.000         
0.000         
0.000         
0.000         
0.000         
0.000         
0.000         
0.000         
0.000         
0.000         
0.000         
0.000         
0.000         
0.000         
0.000         
0.000         
0.000         
0.000         
0.000         
0.000         
0.000         
0.000         
0.000         
0.000         
0.000         
0.000         
0.000         
0.000         
0.000         
0.000         
0.000         
0.000         
0.000         
0.000         
0.000         
0.000         
0.000         
0.000         
0.000         
0.000         
0.000         
0.000         
0.000         
0.000         
0.000         
0.000         
0.000         
0.000         
0.000         
0.000         
0.000         
0.000         
0.000         
0.000         
0.000         
0.000         
0.000         
5.539         
0.000         
0.000         
29.027        
0.000         
0.000         
0.000         
0.000         
0.000         
0.505         
0.000         
0.000         
0.000         
0.000         
0.000         
0.000         
0.000         
0.000         
0.000         
0.000         
0.000         
0.000         
0.000         
1.629         
0.000         
0.000         
0.000         
0.000         
0.000         
0.000         
0.000         
0.000         
0.000         
0.000         
0.000         
0.000         
0.000         
0.000         
9.468         
3.486         
0.000         
0.000         
0.000         
0.000         
0.000         
0.000         
0.000         
0.000         
0.000         
0.000         
0.000         
0.000         
0.000         
0.000         
0.000         
0.000         
0.000         
0.000         
0.000         
0.000         
0.000         
0.000         
0.000         
0.299         
0.000         
19.566        
0.000         
0.000         
0.000         
0.000         
0.000         
12.439        
0.000         
0.000         
62.974        
0.000         
0.000         
0.000         
0.000         
0.000         
0.000         
1.571         
0.042         
0.000         
0.658         
0.000         
0.000         
0.000         
0.000         
0.000         
0.000         
0.000         
0.000         
0.000         
0.000         
0.000         
0.000         
0.000         
0.000         
0.000         
0.000         
0.000         
0.000         
0.000         
0.000         
0.000         
0.000         
0.000         
0.000         
0.000         
0.000         
0.000         
0.000         
0.000         
0.000         
0.000         
0.000         
0.000         
0.903         
0.000         
0.000         
0.000         
0.000         
0.000         
0.000         
0.000         
0.000         
0.000         
0.000         
0.000         
0.000         
0.000         
0.000         
0.000         
0.000         
0.000         
0.000         
0.000         
0.000         
0.000         
18.276        
0.000         
0.000         
0.000         
0.000         
0.000         
0.394         
0.000         
0.000         
0.000         
0.000         
1.674         
0.000         
0.000         
0.000         
0.000         
0.000         
0.000         
0.000         
0.000         
0.000         
0.000         
0.000         
0.000         
0.039         
0.000         
0.000         
0.000         
0.000         
0.000         
0.000         
0.000         
0.000         
5.079         
0.000         
0.000         
0.000         
0.000         
0.880         
0.000         
0.000         
0.000         
0.000         
0.000         
0.000         
0.000         
0.000         
0.000         
0.000         
0.000         
0.000         
0.000         
0.000         
0.000         
0.000         
0.000         
0.000         
29.890        
18.575        
1.189         
0.000         
0.000         
0.000         
0.000         
0.000         
0.000         
0.000         
0.000         
0.000         
0.000         
0.000         
0.000         
0.000         
0.000         
0.000         
0.000         
0.000         
0.000         
0.000         
0.000         
0.000         
0.000         
0.000         
0.000         
0.000         
0.000         
0.000         
9.268         
1.460         
0.000         
0.000         
0.000         
0.000         
0.000         
0.000         
0.000         
0.000         
0.000         
0.000         
0.000         
0.000         
0.000         
0.000         
0.000         
0.000         
0.000         
0.000         
0.000         
0.000         
0.000         
0.000         
0.000         
0.000         
0.442         
0.000         
0.000         
0.000         
0.000         
0.000         
0.000         
0.000         
0.000         
0.000         
0.000         
0.001         
0.000         
0.000         
0.000         
18.742        
0.000         
0.000         
0.000         
0.000         
0.000         
0.000         
0.000         
0.000         
0.813         
0.000         
0.001         
0.000         
0.000         
0.000         
0.000         
0.000         
0.000         
0.000         
0.000         
0.000         
0.000         
0.000         
0.000         
0.000         
0.000         
0.000         
0.000         
0.000         
0.000         
0.000         
0.000         
0.000         
0.000         
0.000         
0.000         
0.000         
0.000         
0.000         
0.000         
0.000         
0.000         
0.000         
0.000         
0.000         
0.000         
0.000         
0.000         
0.000         
0.000         
0.000         
0.000         
0.000         
0.000         
0.000         
0.000         
0.000         
0.000         
6.706         
0.000         
0.000         
0.000         
0.000         
0.000         
0.000         
0.000         
0.000         
0.000         
0.000         
0.000         
0.000         
0.000         
0.000         
0.000         
0.000         
0.000         
0.000         
0.000         
0.000         
0.000         
0.000         
0.000         
0.000         
0.000         
0.000         
0.000         
0.000         
0.000         
0.000         
0.000         
0.000         
0.000         
0.000         
0.000         
0.000         
0.000         
0.000         
0.000         
0.000         
0.000         
0.000         
0.000         
8.148         
0.000         
0.196         
0.000         
0.000         
0.000         
0.000         
0.000         
0.000         
0.000         
0.000         
0.000         
0.000         
0.000         
0.000         
0.000         
0.000         
0.000         
0.000         
0.000         
0.000         
0.000         
0.000         
0.000         
0.000         
0.000         
0.000         
0.000         
0.000         
0.000         
0.000         
0.000         
0.000         
0.000         
0.000         
0.000         
0.000         
0.000         
0.000         
0.000         
0.000         
0.000         
0.000         
0.000         
0.000         
0.000         
0.000         
0.000         
6.294         
5.625         
0.000         
0.000         
0.000         
0.000         
0.000         
0.000         
0.000         
0.000         
0.000         
0.000         
0.000         
0.000         
0.000         
0.000         
1.938         
1.292         
0.000         
0.090         
0.000         
0.070         
0.000         
0.000         
0.000         
0.033         
0.000         
0.000         
0.000         
0.000         
0.000         
0.000         
14.422        
0.000         
0.000         
0.000         
0.000         
0.000         
0.000         
0.000         
0.000         
0.000         
0.000         
0.000         
0.000         
0.000         
0.000         
0.000         
0.000         
0.000         
0.000         
0.000         
0.000         
0.000         
0.000         
0.000         
0.000         
0.000         
0.000         
0.000         
0.000         
0.000         
0.000         
0.000         
0.000         
0.000         
0.000         
0.000         
0.609         
16.939        
0.000         
0.000         
0.000         
0.000         
7.555         
0.000         
0.000         
0.000         
0.000         
0.000         
0.000         
0.000         
0.000         
0.000         
0.000         
0.565         
0.000         
0.000         
0.000         
0.000         
0.000         
0.000         
11.640        
0.000         
0.000         
0.000         
0.000         
0.000         
0.000         
0.000         
0.000         
0.188         
0.000         
0.699         
0.000         
0.000         
0.000         
0.000         
0.000         
0.000         
0.000         
0.000         
0.000         
0.000         
0.000         
0.000         
0.000         
0.000         
0.000         
0.000         
0.000         
11.941        
0.000         
0.000         
0.000         
0.000         
0.000         
0.000         
0.000         
0.000         
0.000         
0.000         
9.141         
0.000         
0.000         
0.000         
0.000         
0.000         
0.000         
0.000         
0.000         
0.000         
0.000         
0.000         
0.000         
0.000         
0.000         
0.000         
0.000         
0.000         
0.000         
0.000         
0.000         
0.082         
0.000         
0.000         
0.000         
0.000         
0.000         
0.000         
0.000         
0.000         
0.000         
0.000         
0.000         
0.000         
0.000         
0.000         
0.000         
18.127        
0.000         
0.000         
2.315         
0.000         
0.000         
0.000         
0.000         
0.000         
0.000         
0.000         
0.000         
0.000         
0.000         
0.000         
0.000         
0.000         
0.000         
0.000         
0.000         
0.000         
0.000         
0.000         
0.000         
0.000         
0.000         
0.000         
0.000         
0.000         
0.000         
0.000         
0.000         
0.000         
0.000         
0.000         
0.000         
0.000         
0.000         
0.000         
0.000         
0.000         
0.000         
0.000         
0.000         
0.000         
0.000         
0.000         
0.000         
0.000         
0.000         
0.000         
0.000         
0.000         
0.000         
0.000         
0.000         
0.000         
0.000         
0.022         
0.000         
0.000         
0.000         
11.351        
0.000         
0.000         
8.794         
0.000         
0.000         
0.000         
0.000         
0.000         
0.000         
0.000         
0.000         
0.000         
0.000         
0.000         
0.000         
0.000         
0.000         
11.651        
11.618        
0.000         
0.000         
0.000         
0.000         
0.000         
0.000         
0.000         
0.000         
0.000         
0.000         
0.000         
0.000         
0.000         
0.000         
0.000         
0.000         
0.000         
0.000         
0.000         
0.000         
0.000         
0.000         
0.000         
0.000         
0.000         
0.000         
0.000         
0.000         
0.000         
0.000         
0.000         
0.000         
0.000         
0.000         
0.000         
0.000         
0.000         
0.000         
0.000         
0.000         
0.000         
0.000         
0.000         
0.000         
0.000         
0.000         
0.000         
0.000         
0.000         
0.000         
0.000         
0.000         
0.000         
0.000         
0.000         
0.000         
0.000         
0.000         
0.000         
0.000         
0.000         
0.000         
0.000         
0.000         
0.000         
0.000         
0.000         
0.000         
0.000         
0.000         
0.000         
0.000         
0.000         
0.000         
0.000         
0.000         
0.000         
0.000         
0.000         
0.000         
0.000         
0.000         
0.000         
0.000         
0.000         
0.000         
0.000         
0.000         
0.000         
0.000         
0.000         
0.000         
0.000         
0.000         
0.000         
0.000         
0.000         
0.000         
0.000         
0.000         
0.000         
0.000         
0.000         
0.000         
0.000         
7.225         
0.000         
0.000         
15.091        
0.000         
0.000         
0.000         
0.000         
0.000         
0.000         
0.000         
0.000         
0.000         
0.000         
0.000         
0.000         
0.000         
0.000         
0.000         
0.000         
0.000         
0.000         
0.000         
0.000         
0.000         
0.000         
0.000         
0.000         
0.000         
0.000         
0.000         
3.144         
0.000         
0.000         
0.000         
0.000         
0.000         
0.000         
0.000         
0.000         
0.000         
0.000         
0.000         
0.000         
0.000         
0.000         
0.000         
0.000         
0.000         
0.000         
0.000         
0.000         
0.000         
0.000         
0.000         
0.000         
0.000         
0.000         
0.000         
0.000         
0.000         
3.949         
0.000         
0.000         
0.000         
0.000         
0.000         
0.000         
0.000         
0.000         
0.000         
0.000         
0.000         
0.000         
0.000         
0.000         
0.000         
0.000         
0.000         
0.000         
0.000         
0.000         
1.014         
0.000         
0.000         
0.000         
0.000         
0.000         
0.000         
1.732         
0.000         
0.000         
0.000         
0.000         
0.000         
0.000         
0.000         
0.000         
0.000         
0.000         
0.000         
0.000         
0.000         
0.000         
0.000         
0.000         
0.000         
0.000         
0.000         
0.000         
0.000         
0.000         
0.000         
0.000         
0.210         
0.000         
0.000         
0.000         
0.000         
0.000         
0.000         
0.000         
0.000         
0.000         
0.330         
0.000         
0.000         
0.000         
0.000         
0.000         
0.000         
0.000         
0.000         
0.000         
0.000         
0.000         
0.000         
0.000         
0.000         
0.000         
0.000         
0.000         
0.000         
0.000         
0.000         
0.000         
0.000         
0.000         
0.000         
0.000         
0.000         
0.000         
0.000         
0.000         
0.000         
0.000         
0.000         
0.000         
0.000         
0.000         
0.000         
0.000         
0.000         
0.000         
0.000         
0.000         
0.699         
0.000         
0.000         
0.000         
0.000         
0.000         
0.000         
0.000         
0.000         
0.198         
23.021        
0.000         
0.000         
0.000         
0.000         
8.727         
24.231        
0.000         
9.796         
14.256        
0.000         
0.000         
11.155        
0.272         
0.000         
0.000         
0.000         
0.000         
0.000         
0.000         
0.000         
0.000         
0.000         
0.000         
0.000         
0.000         
0.000         
0.000         
2.928         
0.000         
0.000         
0.000         
0.000         
0.000         
0.000         
28.088        
30.712        
0.000         
21.408        
0.000         
22.270        
2.569         
0.000         
0.000         
0.000         
0.000         
0.000         
0.000         
0.000         
0.000         
0.006         
0.000         
0.000         
0.000         
0.000         
0.000         
0.000         
0.000         
0.000         
0.000         
0.000         
0.000         
0.000         
0.000         
0.000         
0.000         
0.000         
0.000         
0.000         
0.000         
0.000         
0.000         
0.000         
0.000         
0.000         
2.971         
0.000         
0.000         
0.000         
0.000         
0.000         
0.000         
0.000         
0.000         
0.000         
0.000         
0.000         
0.000         
0.000         
0.000         
0.000         
0.000         
0.000         
0.000         
0.000         
0.000         
0.000         
0.000         
0.000         
0.000         
0.000         
0.000         
0.000         
0.000         
0.000         
0.000         
0.000         
0.000         
0.000         
0.000         
0.000         
0.000         
0.000         
0.000         
0.000         
0.000         
0.000         
0.000         
0.000         
0.000         
0.000         
0.000         
0.000         
0.000         
0.000         
0.000         
0.000         
0.000         
0.000         
0.000         
0.000         
0.000         
0.000         
0.000         
0.000         
0.000         
0.000         
0.000         
0.000         
0.000         
0.000         
0.000         
0.000         
0.000         
0.000         
0.000         
0.688         
0.830         
0.000         
5.358         
0.000         
0.000         
0.000         
0.000         
0.000         
0.000         
0.000         
0.000         
0.000         
0.591         
0.000         
21.918        
0.000         
0.000         
0.000         
0.000         
0.000         
0.000         
0.000         
0.000         
0.000         
0.000         
0.000         
0.000         
0.000         
0.000         
0.000         
0.000         
0.000         
0.000         
0.000         
0.000         
0.000         
0.000         
0.000         
0.000         
0.000         
0.000         
0.000         
0.000         
0.000         
0.000         
0.000         
0.000         
0.000         
0.000         
0.000         
0.000         
0.000         
0.000         
0.000         
0.000         
0.000         
0.000         
0.000         
0.000         
0.000         
0.000         
0.000         
0.000         
0.000         
0.000         
0.000         
0.000         
0.000         
0.000         
0.000         
0.000         
0.000         
0.000         
0.000         
0.000         
0.000         
0.000         
0.650         
0.000         
15.351        
0.000         
0.000         
0.000         
0.000         
0.000         
22.772        
0.000         
0.000         
4.046         
13.673        
1.713         
1.280         
0.000         
0.000         
0.000         
0.000         
0.000         
0.000         
0.000         
0.000         
0.000         
0.000         
0.000         
0.000         
0.000         
0.000         
0.000         
0.000         
0.000         
0.000         
0.000         
0.000         
0.000         
0.000         
0.000         
0.000         
0.000         
0.000         
0.000         
0.000         
0.000         
0.000         
0.000         
0.000         
0.000         
0.000         
0.000         
0.000         
0.000         
0.000         
0.000         
0.000         
0.000         
0.000         
17.182        
0.000         
0.000         
0.000         
0.000         
0.000         
0.000         
0.000         
0.000         
0.000         
0.000         
0.000         
0.000         
0.058         
0.000         
0.000         
0.000         
0.000         
0.000         
0.000         
0.000         
0.000         
0.000         
0.000         
0.000         
0.000         
0.000         
0.000         
0.000         
0.000         
0.000         
0.000         
0.000         
11.718        
0.000         
0.000         
0.000         
0.000         
0.000         
0.000         
0.000         
0.000         
0.000         
0.000         
0.000         
0.000         
0.000         
0.000         
0.000         
0.038         
0.000         
0.000         
0.000         
0.000         
0.000         
0.000         
0.000         
0.000         
0.000         
0.000         
0.000         
0.000         
0.000         
0.000         
0.000         
0.000         
0.000         
0.000         
0.000         
0.000         
0.000         
0.000         
0.000         
0.000         
0.000         
11.289        
0.000         
0.000         
0.000         
0.000         
0.000         
0.000         
0.000         
0.000         
0.000         
0.000         
0.000         
0.000         
0.000         
0.000         
0.000         
0.000         
0.000         
0.000         
0.000         
0.000         
0.000         
7.872         
0.000         
0.000         
0.000         
0.000         
10.092        
0.000         
0.000         
0.006         
0.000         
0.000         
0.000         
0.000         
0.000         
0.000         
0.000         
0.000         
0.000         
0.000         
0.000         
0.000         
0.000         
8.886         
0.000         
0.000         
0.000         
0.000         
0.000         
39.856        
0.000         
0.000         
0.000         
0.000         
0.000         
0.000         
0.000         
0.000         
0.000         
0.000         
0.000         
0.000         
0.000         
0.000         
0.000         
0.000         
0.000         
0.000         
11.085        
0.000         
0.000         
0.000         
0.000         
0.000         
20.709        
0.000         
0.000         
60.163        
0.000         
0.000         
0.000         
0.000         
37.689        
0.000         
0.000         
0.000         
0.000         
80.707        
0.000         
0.000         
0.000         
0.000         
0.000         
0.000         
0.000         
0.000         
0.000         
0.000         
0.000         
0.000         
0.000         
0.000         
0.000         
0.000         
0.000         
0.000         
0.000         
0.000         
0.000         
0.000         
0.000         
0.000         
0.000         
0.000         
0.000         
0.000         
0.000         
0.000         
0.000         
0.000         
0.000         
0.000         
0.000         
0.000         
0.000         
0.000         
0.000         
0.000         
0.000         
0.000         
0.000         
0.000         
0.000         
0.000         
0.000         
0.000         
0.000         
0.000         
0.000         
0.000         
0.000         
0.000         
0.000         
0.000         
0.000         
0.000         
0.000         
0.000         
0.000         
0.000         
0.000         
0.000         
0.000         
0.000         
0.000         
0.000         
0.000         
0.000         
0.000         
0.000         
0.000         
0.000         
0.000         
0.000         
0.000         
0.000         
0.000         
0.000         
0.000         
0.000         
0.000         
0.000         
0.206         
0.000         
0.000         
0.000         
0.000         
7.494         
0.000         
0.000         
0.000         
0.000         
0.000         
0.000         
0.000         
0.000         
0.000         
0.000         
0.000         
0.000         
0.000         
0.000         
0.000         
0.000         
0.000         
0.000         
0.000         
0.000         
0.000         
0.000         
7.486         
0.000         
0.000         
0.000         
0.000         
0.000         
0.000         
0.000         
0.000         
16.596        
6.079         
16.049        
0.000         
0.000         
0.000         
0.000         
0.000         
0.000         
0.000         
0.000         
0.000         
0.000         
0.000         
0.000         
0.000         
0.000         
0.000         
0.000         
0.000         
0.000         
0.000         
0.000         
0.000         
0.000         
17.280        
0.000         
0.000         
0.000         
0.000         
0.000         
0.000         
0.000         
0.000         
0.000         
0.000         
0.000         
0.000         
0.000         
0.000         
0.000         
0.000         
0.000         
0.000         
0.000         
0.000         
0.000         
0.000         
0.000         
0.000         
0.000         
0.000         
0.000         
0.000         
0.000         
0.000         
0.000         
0.000         
0.000         
0.000         
5.803         
0.000         
0.000         
0.000         
0.000         
0.000         
12.418        
0.000         
0.000         
0.000         
0.000         
0.000         
0.000         
0.000         
0.000         
0.000         
0.000         
0.000         
0.000         
0.000         
0.000         
0.000         
0.000         
0.000         
2.125         
0.000         
0.000         
0.000         
0.000         
0.000         
0.000         
0.000         
0.000         
0.000         
0.000         
0.000         
0.000         
0.000         
0.000         
0.000         
0.000         
0.000         
0.000         
4.709         
0.000         
0.000         
0.000         
0.000         
0.000         
0.000         
0.000         
0.000         
8.162         
0.000         
0.000         
0.000         
0.000         
0.000         
0.000         
0.000         
0.000         
0.000         
0.000         
0.000         
0.000         
0.000         
0.000         
0.000         
0.000         
0.000         
0.000         
0.000         
0.000         
0.000         
0.000         
0.000         
0.000         
0.000         
0.000         
0.000         
0.000         
0.000         
0.000         
0.000         
0.000         
0.000         
0.000         
0.000         
0.000         
0.827         
0.000         
0.000         
0.000         
0.000         
0.000         
0.000         
0.000         
0.000         
0.000         
0.000         
0.464         
0.000         
0.000         
0.000         
5.618         
8.302         
0.000         
0.000         
0.000         
0.000         
0.000         
0.000         
4.677         
0.000         
0.000         
0.000         
0.000         
4.181         
1.023         
1.274         
0.000         
0.000         
0.000         
14.251        
0.000         
0.000         
0.000         
0.000         
20.311        
20.574        
13.035        
0.000         
0.000         
0.000         
0.000         
0.000         
0.000         
0.000         
0.000         
0.000         
0.000         
0.000         
0.000         
58.185        
0.000         
0.000         
0.000         
0.000         
0.000         
23.574        
0.000         
28.358        
0.000         
0.000         
0.000         
0.000         
0.000         
0.000         
0.000         
0.000         
0.000         
0.000         
16.148        
0.000         
0.000         
0.000         
0.000         
0.000         
0.000         
0.000         
0.000         
0.000         
0.000         
0.000         
0.000         
0.000         
19.254        
0.000         
0.000         
0.000         
0.000         
0.000         
0.000         
0.000         
0.000         
0.000         
6.613         
0.000         
0.000         
0.000         
0.000         
0.000         
0.000         
0.000         
0.000         
0.000         
0.000         
0.000         
0.000         
0.000         
0.000         
0.000         
0.000         
0.000         
0.000         
0.000         
0.000         
0.000         
0.000         
0.000         
0.000         
0.000         
0.000         
0.000         
0.000         
0.000         
0.000         
0.000         
0.000         
0.000         
0.000         
0.000         
0.000         
0.000         
0.000         
0.000         
0.000         
0.000         
0.000         
0.000         
0.000         
0.000         
0.000         
0.000         
0.000         
0.000         
0.000         
0.000         
0.000         
0.000         
0.000         
0.000         
0.000         
0.000         
0.000         
0.000         
0.000         
0.000         
0.000         
0.000         
0.000         
0.000         
0.000         
0.000         
0.000         
0.000         
0.000         
0.000         
0.000         
0.000         
0.000         
0.000         
0.000         
0.000         
0.000         
0.000         
0.000         
0.000         
0.000         
0.000         
0.000         
0.000         
0.000         
0.000         
0.000         
0.000         
0.000         
0.000         
0.000         
11.741        
0.000         
0.000         
0.000         
0.000         
0.000         
0.000         
0.000         
0.000         
0.000         
0.000         
0.000         
0.000         
0.000         
0.000         
0.000         
0.000         
0.000         
0.000         
0.000         
1.093         
0.000         
0.000         
0.000         
0.000         
0.000         
0.000         
0.000         
0.000         
0.000         
0.000         
0.000         
0.000         
0.000         
0.000         
0.000         
0.000         
0.000         
0.000         
0.000         
0.000         
0.000         
0.000         
0.000         
0.000         
0.000         
0.000         
0.000         
0.000         
0.000         
0.000         
0.000         
0.000         
19.822        
0.000         
0.000         
0.000         
0.000         
0.000         
14.603        
0.000         
0.000         
0.000         
0.302         
0.215         
2.564         
0.000         
0.696         
0.000         
2.274         
0.780         
0.000         
0.000         
0.000         
0.000         
0.000         
0.000         
0.000         
0.000         
0.165         
0.000         
0.000         
0.000         
0.000         
0.000         
0.000         
0.000         
0.000         
0.000         
0.000         
0.000         
0.000         
0.000         
0.000         
0.000         
0.000         
0.000         
0.000         
0.000         
12.258        
10.335        
0.000         
0.000         
0.000         
0.000         
0.000         
0.000         
0.000         
0.000         
0.000         
0.109         
0.000         
0.000         
0.000         
0.000         
0.000         
0.000         
0.000         
0.000         
0.000         
0.000         
0.000         
0.000         
0.000         
0.000         
0.000         
0.000         
0.000         
0.000         
0.000         
0.000         
0.000         
0.000         
0.000         
0.000         
0.000         
0.000         
0.000         
29.502        
0.000         
0.000         
0.000         
0.000         
0.000         
0.000         
0.000         
0.000         
0.000         
0.000         
0.000         
0.000         
0.000         
0.000         
0.000         
0.000         
0.000         
0.000         
0.000         
0.000         
0.000         
0.000         
0.000         
0.000         
0.000         
0.000         
0.000         
0.000         
0.000         
0.017         
0.000         
0.000         
0.000         
0.000         
0.000         
0.000         
0.000         
0.000         
0.000         
0.000         
0.000         
0.000         
0.000         
0.000         
0.000         
0.000         
0.000         
0.000         
0.000         
0.000         
0.000         
0.000         
0.000         
0.000         
0.000         
0.000         
17.432        
0.000         
31.636        
0.000         
0.000         
0.000         
3.376         
5.672         
0.000         
0.220         
0.000         
0.000         
0.000         
0.000         
0.000         
3.685         
0.000         
0.000         
0.000         
0.000         
0.000         
0.000         
0.000         
0.000         
0.000         
0.000         
0.000         
0.000         
0.000         
0.000         
0.000         
0.000         
0.000         
0.000         
0.000         
0.000         
0.000         
0.000         
0.000         
0.000         
0.000         
59.604        
9.137         
0.000         
0.000         
0.000         
0.000         
0.000         
0.000         
0.000         
0.000         
42.909        
0.000         
28.407        
55.721        
0.000         
0.000         
0.000         
0.000         
0.000         
0.000         
0.000         
0.000         
0.000         
0.000         
0.000         
0.000         
0.000         
0.000         
0.000         
0.000         
0.000         
0.000         
0.000         
0.000         
0.000         
0.000         
0.000         
0.000         
0.000         
0.000         
0.000         
0.000         
0.000         
0.000         
0.000         
0.000         
0.000         
52.401        
0.000         
0.000         
0.000         
0.000         
0.000         
8.731         
0.000         
0.000         
0.000         
0.000         
0.000         
0.000         
0.000         
0.000         
0.000         
0.000         
0.000         
0.000         
0.000         
0.000         
0.000         
0.000         
0.000         
0.000         
0.000         
0.000         
0.000         
0.000         
0.000         
0.000         
0.000         
0.000         
0.000         
0.000         
0.000         
0.000         
0.000         
0.000         
0.000         
0.000         
0.000         
0.000         
0.000         
0.000         
0.000         
0.000         
0.000         
0.000         
0.000         
0.000         
0.000         
0.000         
0.000         
16.817        
0.000         
0.000         
0.000         
0.000         
2.075         
0.000         
0.000         
0.000         
0.000         
0.000         
0.000         
0.000         
0.000         
0.000         
0.000         
0.000         
0.000         
0.000         
0.000         
0.000         
0.000         
0.000         
0.000         
0.000         
0.000         
0.000         
0.000         
0.000         
0.000         
0.000         
0.000         
0.000         
0.000         
0.000         
0.000         
0.000         
0.000         
0.000         
0.000         
0.000         
0.000         
0.000         
0.000         
0.000         
0.000         
0.000         
0.000         
0.000         
0.000         
0.000         
0.000         
0.000         
0.000         
0.000         
0.000         
0.000         
0.000         
4.595         
0.000         
0.000         
0.000         
0.000         
0.000         
0.000         
0.000         
0.000         
0.000         
0.000         
0.000         
0.000         
0.000         
0.000         
0.000         
21.372        
0.000         
0.000         
7.299         
0.000         
20.105        
4.537         
0.000         
0.000         
7.224         
0.004         
0.000         
0.000         
0.000         
0.000         
6.365         
0.000         
0.000         
0.000         
0.000         
0.296         
0.000         
0.000         
0.000         
0.000         
0.000         
0.000         
0.000         
0.000         
0.000         
0.000         
1.581         
0.000         
0.000         
0.000         
0.000         
0.000         
0.000         
0.946         
0.000         
0.000         
0.000         
0.000         
0.000         
0.000         
0.000         
0.000         
0.000         
0.000         
0.000         
0.000         
0.000         
3.986         
0.000         
0.000         
0.000         
0.000         
21.246        
0.000         
0.000         
0.000         
0.000         
0.000         
0.000         
0.000         
0.000         
44.479        
0.000         
3.881         
0.543         
0.000         
0.000         
0.000         
0.000         
0.000         
0.000         
0.000         
0.000         
0.000         
0.000         
0.000         
0.000         
0.559         
0.000         
0.000         
0.000         
0.000         
0.000         
0.000         
0.000         
0.000         
0.000         
0.000         
0.000         
0.000         
0.000         
0.000         
0.000         
0.000         
0.000         
0.000         
0.000         
0.000         
0.000         
0.000         
0.000         
0.000         
0.000         
0.000         
0.000         
0.076         
0.000         
0.000         
0.000         
0.000         
0.000         
0.000         
0.000         
0.000         
0.000         
0.000         
0.000         
0.000         
0.000         
0.000         
0.000         
0.000         
0.000         
0.000         
0.000         
0.000         
0.000         
0.000         
0.000         
0.000         
0.000         
0.000         
0.000         
0.000         
0.538         
0.000         
1.340         
0.000         
0.000         
0.000         
0.000         
0.000         
0.000         
0.000         
0.000         
0.000         
0.000         
0.000         
0.000         
0.000         
1.083         
16.579        
0.993         
0.000         
0.000         
1.316         
0.000         
17.398        
0.000         
0.000         
0.000         
0.000         
0.000         
0.000         
0.000         
0.000         
0.000         
0.000         
0.000         
0.000         
4.897         
0.000         
0.000         
0.000         
0.000         
0.000         
0.000         
0.000         
0.000         
0.000         
0.000         
5.122         
0.000         
0.000         
0.000         
0.000         
0.000         
0.000         
0.000         
0.000         
0.000         
0.000         
0.000         
0.000         
0.000         
0.000         
0.000         
0.000         
0.000         
0.000         
0.000         
0.000         
0.000         
0.000         
0.000         
0.000         
0.000         
0.000         
0.000         
0.000         
0.000         
0.000         
0.000         
0.000         
0.000         
0.000         
0.000         
0.000         
0.000         
0.000         
0.000         
0.000         
0.000         
0.000         
0.000         
0.000         
31.092        
0.000         
0.000         
0.000         
0.000         
0.000         
0.000         
0.000         
0.000         
0.000         
0.000         
0.000         
0.000         
0.000         
0.000         
0.000         
0.000         
0.000         
0.000         
0.000         
0.000         
0.000         
0.000         
0.000         
0.000         
0.000         
0.000         
0.000         
0.000         
0.000         
0.000         
0.000         
0.000         
0.000         
0.000         
0.000         
0.000         
0.000         
0.000         
0.000         
0.000         
0.000         
0.000         
0.000         
0.000         
0.000         
0.000         
0.000         
0.000         
0.000         
0.000         
0.000         
0.000         
0.000         
0.000         
0.000         
0.000         
0.000         
0.000         
0.000         
0.000         
0.000         
0.000         
2.734         
0.000         
0.000         
0.000         
0.000         
0.000         
0.000         
0.000         
0.000         
0.000         
4.995         
7.982         
0.000         
0.000         
0.000         
0.000         
0.000         
0.000         
0.000         
0.000         
0.000         
0.000         
0.051         
0.000         
0.000         
0.000         
0.000         
0.000         
0.000         
0.000         
0.267         
0.000         
0.000         
0.000         
0.000         
0.000         
0.000         
0.000         
0.000         
0.000         
0.000         
0.000         
36.493        
0.000         
0.000         
0.000         
0.000         
0.000         
0.000         
0.000         
0.000         
0.000         
0.000         
0.000         
0.000         
0.000         
0.000         
12.867        
0.000         
0.000         
62.498        
0.000         
0.000         
18.717        
0.000         
0.000         
0.000         
0.000         
0.000         
0.000         
0.000         
0.000         
0.000         
0.000         
0.000         
0.000         
56.566        
0.000         
0.000         
0.000         
0.000         
0.000         
0.000         
0.000         
0.000         
0.000         
0.000         
0.000         
0.000         
0.000         
0.000         
0.000         
0.000         
0.000         
0.000         
0.000         
0.000         
0.000         
0.000         
0.000         
0.000         
0.000         
0.000         
5.879         
0.000         
0.000         
0.000         
0.000         
0.000         
0.000         
0.000         
0.000         
0.000         
0.000         
2.845         
0.000         
0.000         
0.000         
0.000         
0.000         
0.000         
0.000         
0.000         
0.000         
0.000         
0.001         
0.000         
0.000         
0.000         
0.000         
0.000         
0.000         
2.405         
0.000         
0.000         
0.000         
0.000         
0.000         
0.000         
0.000         
0.000         
0.000         
0.000         
0.000         
0.000         
0.000         
0.000         
0.000         
0.000         
0.000         
0.000         
0.000         
0.000         
0.000         
0.000         
0.000         
0.000         
0.000         
0.000         
0.000         
0.000         
0.000         
0.000         
0.000         
0.000         
0.000         
0.000         
0.000         
0.000         
0.000         
0.000         
0.000         
0.000         
0.000         
0.000         
0.000         
0.000         
0.000         
0.000         
0.000         
0.000         
0.000         
0.000         
0.000         
0.000         
0.000         
0.000         
0.000         
0.000         
0.000         
0.000         
0.000         
0.000         
0.000         
0.000         
0.000         
0.000         
30.723        
0.000         
0.000         
0.000         
0.000         
0.000         
0.000         
0.000         
0.000         
0.000         
0.000         
0.000         
0.000         
11.737        
0.000         
0.000         
0.000         
0.454         
0.000         
31.901        
0.000         
0.000         
0.000         
0.000         
0.000         
0.000         
0.000         
0.000         
0.000         
0.000         
0.000         
0.000         
0.000         
0.000         
2.099         
0.000         
0.000         
0.000         
0.000         
0.000         
0.000         
0.000         
0.000         
0.000         
0.000         
0.000         
0.000         
0.000         
0.000         
0.000         
26.194        
0.000         
0.000         
0.000         
0.000         
0.000         
0.000         
0.000         
0.000         
0.000         
0.000         
0.000         
0.000         
0.000         
0.000         
0.000         
12.692        
0.000         
0.000         
0.000         
0.000         
0.000         
0.000         
0.000         
0.000         
0.000         
0.198         
3.554         
0.000         
0.000         
0.000         
0.000         
0.000         
0.000         
0.000         
0.000         
0.000         
0.000         
0.000         
0.000         
0.000         
0.000         
15.197        
0.000         
0.000         
0.000         
20.170        
0.000         
0.000         
0.000         
0.000         
0.000         
0.000         
0.000         
0.000         
0.000         
0.000         
2.417         
0.000         
0.000         
0.000         
0.000         
0.000         
0.000         
0.000         
0.000         
0.000         
0.000         
0.000         
0.000         
0.000         
0.000         
0.000         
0.000         
0.000         
0.000         
0.000         
0.000         
0.000         
0.000         
0.000         
0.000         
0.000         
0.000         
0.000         
0.000         
0.000         
0.000         
0.000         
0.000         
0.000         
0.000         
0.000         
0.000         
0.000         
0.000         
0.000         
0.000         
0.000         
0.000         
0.000         
0.000         
0.000         
0.000         
0.000         
0.000         
0.000         
0.000         
0.000         
0.000         
0.000         
0.000         
0.000         
0.231         
0.000         
0.000         
0.000         
0.000         
0.000         
0.090         
0.000         
0.000         
26.727        
0.000         
0.000         
0.000         
0.000         
0.000         
0.000         
0.000         
4.977         
0.000         
0.000         
0.000         
0.000         
0.000         
0.000         
0.000         
0.000         
0.000         
0.000         
0.000         
0.000         
0.227         
0.000         
0.000         
0.000         
0.000         
0.000         
0.000         
0.000         
0.000         
0.000         
0.000         
0.000         
0.000         
0.000         
0.000         
14.322        
0.000         
0.000         
0.000         
0.000         
0.000         
0.000         
0.000         
0.000         
0.000         
0.000         
0.000         
0.000         
0.000         
0.000         
0.000         
0.000         
0.000         
0.000         
0.214         
0.000         
0.000         
2.649         
0.000         
0.000         
0.000         
0.000         
0.000         
0.000         
0.010         
0.000         
0.000         
0.000         
0.000         
0.000         
0.000         
0.000         
0.000         
0.153         
0.000         
0.000         
0.034         
0.000         
0.000         
0.000         
0.000         
0.000         
0.000         
0.000         
0.000         
0.000         
0.000         
0.000         
0.000         
0.000         
0.000         
0.000         
0.000         
0.000         
0.000         
0.000         
0.000         
0.000         
0.000         
0.000         
0.000         
0.000         
0.000         
0.000         
0.000         
0.000         
0.000         
0.000         
0.000         
0.000         
0.000         
0.000         
0.000         
0.000         
0.000         
0.000         
0.000         
0.000         
0.000         
0.000         
0.000         
0.000         
0.000         
0.000         
2.250         
0.000         
0.000         
0.000         
0.000         
0.000         
0.000         
0.000         
8.446         
0.000         
0.000         
0.000         
0.000         
0.000         
0.000         
0.000         
0.000         
0.000         
0.000         
0.000         
0.000         
26.874        
0.000         
0.000         
0.000         
0.000         
0.000         
0.000         
0.000         
0.000         
0.000         
0.000         
0.000         
0.000         
0.000         
0.000         
0.000         
0.000         
0.000         
0.000         
0.000         
0.000         
0.000         
0.000         
0.000         
0.000         
0.000         
0.000         
0.000         
0.000         
0.000         
0.000         
0.000         
0.000         
0.000         
0.000         
0.000         
1.291         
0.000         
0.000         
0.000         
0.000         
0.000         
0.000         
0.000         
0.000         
9.271         
0.000         
0.000         
0.000         
0.000         
0.000         
0.000         
0.000         
2.695         
0.000         
0.000         
0.000         
0.000         
0.000         
0.000         
0.000         
0.000         
0.000         
8.773         
0.000         
0.691         
0.000         
0.000         
0.000         
0.000         
0.000         
0.000         
0.000         
0.000         
0.000         
0.000         
0.000         
0.000         
0.000         
0.000         
0.000         
0.000         
0.000         
0.000         
0.000         
0.000         
0.000         
0.000         
0.000         
22.271        
0.000         
11.251        
0.000         
0.000         
0.000         
0.000         
0.000         
0.000         
0.000         
0.000         
0.000         
0.000         
0.000         
0.000         
0.000         
0.000         
47.563        
0.000         
0.000         
0.000         
0.000         
0.000         
0.000         
0.000         
0.000         
0.000         
0.000         
0.000         
0.000         
0.000         
0.000         
0.000         
0.000         
0.000         
0.000         
0.000         
0.000         
0.000         
0.000         
0.000         
0.000         
0.000         
4.229         
0.000         
0.000         
0.000         
0.000         
15.518        
1.038         
0.000         
1.877         
0.000         
0.118         
0.000         
0.000         
0.000         
0.000         
1.612         
0.000         
0.000         
0.000         
0.000         
0.000         
0.000         
0.000         
0.000         
0.000         
0.000         
0.000         
0.000         
0.000         
0.000         
0.000         
0.000         
0.000         
0.000         
0.000         
0.000         
0.000         
0.000         
36.225        
0.000         
0.000         
0.000         
0.000         
0.000         
0.000         
0.000         
0.000         
0.000         
0.000         
0.000         
9.509         
0.000         
0.000         
0.000         
0.000         
0.000         
3.797         
0.000         
0.000         
0.000         
0.000         
0.000         
0.000         
0.000         
0.000         
0.000         
0.000         
0.000         
0.000         
0.000         
0.000         
0.000         
0.000         
0.000         
0.000         
0.000         
0.000         
0.000         
0.000         
0.000         
0.000         
0.000         
0.000         
0.000         
0.000         
0.000         
0.000         
0.000         
0.000         
0.000         
0.000         
0.000         
0.000         
0.000         
0.000         
0.000         
0.000         
0.000         
0.000         
0.000         
0.000         
0.000         
0.000         
0.000         
0.000         
0.000         
0.000         
0.000         
0.000         
0.000         
4.219         
0.000         
0.000         
0.000         
0.000         
0.000         
0.000         
0.000         
0.000         
0.000         
0.000         
0.000         
0.000         
0.000         
0.000         
0.000         
0.000         
0.000         
0.000         
0.000         
0.000         
0.000         
0.000         
0.000         
0.000         
0.000         
0.000         
0.000         
0.000         
0.000         
0.000         
0.000         
0.000         
0.000         
0.000         
0.000         
0.000         
0.000         
0.000         
0.000         
0.000         
0.000         
0.000         
0.000         
0.000         
0.000         
0.000         
0.000         
0.000         
0.000         
0.000         
0.000         
0.000         
0.000         
0.000         
3.021         
0.000         
0.000         
0.000         
0.000         
0.000         
0.000         
0.000         
0.000         
0.000         
0.000         
0.000         
0.000         
0.000         
0.000         
0.000         
0.000         
0.000         
0.000         
0.000         
0.000         
0.000         
0.000         
0.000         
0.000         
0.000         
0.000         
0.000         
0.000         
0.000         
0.058         
0.000         
0.000         
0.000         
0.000         
0.000         
0.000         
0.550         
0.000         
0.000         
0.000         
0.000         
0.410         
0.000         
0.000         
0.000         
0.000         
14.588        
0.000         
0.000         
0.000         
0.000         
0.000         
0.000         
0.000         
0.000         
0.000         
1.259         
0.000         
0.000         
0.000         
0.000         
0.000         
0.000         
0.000         
0.000         
0.000         
0.000         
0.000         
0.000         
0.000         
0.000         
0.000         
0.000         
0.000         
0.000         
0.000         
0.000         
0.000         
0.000         
0.000         
0.000         
0.000         
0.000         
0.000         
0.000         
0.000         
0.000         
0.000         
0.000         
0.000         
0.000         
0.000         
0.000         
0.000         
0.000         
0.000         
0.000         
0.000         
0.000         
0.000         
0.000         
0.000         
0.000         
0.000         
0.000         
0.000         
0.000         
0.000         
0.000         
0.000         
0.000         
0.000         
0.000         
0.000         
0.000         
0.000         
0.000         
0.000         
0.000         
0.000         
0.000         
0.000         
0.000         
0.000         
3.770         
0.000         
0.000         
0.000         
2.377         
2.728         
0.000         
0.000         
0.000         
0.000         
0.000         
0.000         
35.463        
2.317         
3.900         
0.000         
0.000         
0.000         
0.000         
0.000         
22.825        
0.000         
1.804         
0.000         
0.424         
0.000         
3.476         
1.755         
0.000         
0.000         
0.000         
0.000         
39.169        
2.946         
0.000         
0.000         
0.000         
0.000         
42.891        
0.000         
0.000         
24.422        
0.000         
0.000         
0.000         
0.000         
2.528         
0.000         
0.000         
0.000         
42.988        
0.000         
2.722         
0.000         
0.000         
0.000         
0.000         
0.000         
1.605         
0.000         
0.000         
0.000         
0.000         
0.000         
0.000         
0.000         
0.000         
0.000         
0.000         
0.000         
0.000         
0.000         
0.000         
0.000         
0.000         
76.525        
0.000         
0.000         
0.000         
0.000         
0.000         
0.000         
0.000         
0.000         
0.000         
0.000         
0.000         
0.000         
0.000         
0.000         
0.000         
0.000         
0.000         
0.000         
0.000         
0.000         
0.000         
0.000         
0.000         
0.000         
0.000         
0.000         
0.000         
0.000         
0.000         
0.000         
0.000         
0.000         
0.000         
0.000         
0.000         
0.000         
0.000         
0.000         
0.000         
0.000         
0.000         
0.000         
0.000         
0.000         
0.000         
0.000         
0.000         
0.000         
0.000         
0.000         
0.000         
0.000         
0.000         
0.000         
0.000         
0.000         
0.000         
0.000         
0.000         
0.000         
0.000         
0.000         
0.000         
0.000         
0.000         
0.000         
0.000         
0.000         
0.000         
0.000         
0.000         
0.000         
0.000         
0.000         
0.000         
0.000         
0.000         
0.000         
0.000         
0.000         
0.000         
0.000         
0.000         
0.000         
0.000         
0.000         
0.000         
0.000         
0.000         
0.000         
0.000         
0.000         
0.000         
0.000         
0.000         
0.000         
0.000         
0.000         
0.000         
0.000         
0.000         
0.000         
2.519         
0.000         
0.000         
0.000         
0.000         
1.917         
0.000         
0.000         
0.000         
0.000         
0.000         
0.000         
0.000         
0.000         
0.000         
0.000         
0.000         
0.000         
0.000         
0.000         
0.000         
0.000         
0.000         
0.000         
0.000         
0.000         
0.000         
0.000         
2.053         
0.000         
0.000         
0.000         
0.000         
0.000         
0.000         
0.000         
0.000         
2.316         
0.000         
0.000         
0.000         
0.000         
0.000         
0.000         
12.728        
0.000         
0.000         
33.507        
0.000         
0.000         
0.000         
0.000         
0.000         
0.000         
14.642        
0.000         
0.000         
0.000         
0.000         
0.000         
0.000         
0.000         
0.000         
0.000         
0.000         
0.000         
0.000         
0.000         
0.000         
0.000         
0.000         
0.000         
0.000         
2.305         
0.000         
0.000         
0.000         
0.000         
0.000         
0.000         
0.000         
0.000         
0.000         
0.000         
0.000         
0.000         
0.000         
9.516         
0.000         
0.000         
1.506         
0.000         
0.000         
0.000         
2.774         
0.000         
0.000         
0.000         
0.000         
0.000         
0.000         
2.062         
0.000         
0.000         
9.391         
0.000         
0.000         
0.000         
0.000         
0.000         
0.000         
0.000         
0.000         
0.000         
0.000         
0.000         
0.000         
0.000         
0.000         
0.000         
0.000         
0.000         
0.916         
0.000         
0.000         
0.023         
0.000         
0.000         
0.000         
0.000         
0.000         
0.000         
0.000         
0.000         
0.000         
0.000         
0.000         
0.000         
0.000         
0.000         
0.000         
0.000         
0.000         
0.000         
0.000         
0.000         
0.000         
0.000         
0.000         
0.000         
0.000         
0.000         
0.000         
0.000         
0.000         
0.000         
0.000         
0.000         
0.000         
0.000         
1.605         
0.000         
0.000         
0.000         
0.000         
0.000         
0.000         
0.000         
0.000         
0.010         
0.000         
0.000         
0.000         
0.000         
0.000         
0.000         
0.000         
0.000         
0.000         
0.000         
0.000         
0.000         
0.000         
0.000         
0.000         
0.000         
0.000         
0.000         
0.000         
0.000         
0.000         
0.000         
0.000         
2.076         
0.000         
0.000         
0.000         
0.000         
0.000         
0.000         
0.000         
34.660        
0.000         
0.000         
0.000         
0.000         
0.000         
0.384         
4.486         
0.000         
0.000         
0.000         
0.000         
0.000         
0.000         
0.000         
0.000         
3.396         
29.896        
0.000         
0.000         
0.000         
0.000         
0.000         
0.000         
0.000         
0.000         
0.000         
0.000         
0.000         
0.000         
0.000         
0.000         
0.000         
0.000         
0.000         
0.000         
0.000         
0.000         
0.000         
0.000         
0.000         
0.000         
0.000         
0.000         
0.000         
0.000         
0.000         
0.000         
0.000         
0.000         
0.000         
0.000         
0.000         
0.000         
0.000         
0.000         
0.000         
0.000         
7.938         
0.000         
0.376         
0.000         
0.000         
0.000         
0.000         
0.000         
0.000         
0.000         
0.000         
0.000         
0.000         
0.000         
0.000         
0.000         
0.000         
0.000         
0.000         
0.000         
0.000         
0.000         
9.687         
0.000         
0.000         
0.000         
0.000         
0.000         
0.000         
0.000         
0.000         
0.000         
0.000         
0.000         
0.000         
0.000         
0.000         
0.000         
0.000         
0.000         
0.000         
0.000         
0.000         
0.000         
0.000         
0.000         
49.247        
0.000         
0.000         
0.000         
0.000         
0.000         
0.000         
0.000         
0.000         
0.000         
0.000         
0.000         
0.000         
0.000         
0.000         
0.000         
0.000         
0.000         
0.000         
0.000         
0.000         
0.000         
0.000         
0.000         
0.000         
0.000         
0.000         
0.000         
0.000         
0.000         
5.426         
0.000         
0.000         
0.000         
0.000         
0.000         
0.000         
0.000         
0.000         
0.000         
0.000         
0.000         
0.000         
0.000         
0.000         
0.000         
0.000         
0.000         
0.000         
0.000         
0.000         
0.000         
0.000         
0.000         
0.000         
0.000         
0.000         
0.000         
0.000         
0.000         
0.000         
0.000         
1.539         
0.000         
0.000         
0.000         
1.405         
0.000         
0.000         
0.000         
0.000         
0.000         
0.000         
0.000         
0.000         
0.000         
0.000         
0.000         
0.000         
0.000         
0.000         
0.000         
0.000         
0.000         
0.000         
0.000         
0.000         
0.000         
0.000         
0.000         
11.156        
0.000         
0.000         
0.000         
0.000         
0.000         
0.000         
0.000         
0.000         
0.000         
0.000         
0.000         
0.000         
0.000         
0.000         
0.000         
0.000         
0.000         
0.000         
0.000         
7.662         
20.052        
0.000         
0.000         
1.378         
0.000         
0.000         
0.000         
0.000         
0.000         
0.000         
17.947        
0.441         
0.000         
0.000         
0.000         
0.000         
0.000         
0.000         
0.000         
0.000         
0.000         
0.000         
0.000         
0.000         
0.000         
0.000         
0.000         
0.000         
0.000         
0.000         
0.000         
0.000         
0.000         
0.000         
0.000         
0.000         
0.000         
5.760         
0.000         
0.000         
0.000         
0.000         
0.000         
0.000         
0.000         
0.000         
2.340         
17.107        
0.915         
0.000         
0.000         
0.000         
0.000         
10.402        
0.000         
0.000         
0.000         
0.000         
0.000         
0.000         
0.338         
0.000         
0.000         
0.000         
0.000         
0.000         
0.000         
0.000         
0.000         
0.000         
0.000         
0.000         
0.000         
0.000         
0.000         
0.000         
0.000         
0.000         
0.000         
0.000         
0.000         
0.000         
0.000         
0.000         
0.000         
0.000         
0.000         
0.000         
0.000         
0.000         
0.000         
0.000         
0.000         
0.000         
0.000         
0.000         
0.000         
0.000         
0.000         
0.000         
0.000         
0.000         
0.000         
0.000         
0.000         
0.000         
0.000         
0.000         
0.000         
0.000         
0.000         
0.000         
0.000         
0.000         
0.000         
0.000         
0.000         
0.000         
0.000         
0.000         
0.000         
0.000         
0.000         
0.000         
0.000         
0.000         
0.000         
0.000         
60.433        
0.000         
0.000         
0.000         
0.000         
0.000         
0.000         
0.000         
0.000         
0.000         
0.000         
0.000         
0.000         
0.000         
0.000         
0.000         
0.128         
0.000         
0.000         
0.000         
0.000         
0.000         
0.000         
0.000         
0.000         
0.000         
34.035        
0.000         
0.000         
0.000         
0.000         
0.000         
4.333         
0.000         
0.000         
0.000         
0.000         
0.000         
0.000         
0.000         
0.000         
0.000         
1.911         
0.000         
0.000         
0.000         
0.000         
0.000         
0.000         
0.000         
0.000         
0.000         
0.000         
0.000         
8.965         
10.675        
0.000         
0.000         
0.000         
0.000         
0.000         
5.673         
0.000         
0.000         
0.000         
0.000         
0.000         
23.111        
0.000         
0.000         
0.000         
0.000         
15.248        
0.000         
0.000         
0.000         
0.000         
0.000         
0.000         
0.000         
0.000         
0.000         
0.000         
0.000         
0.000         
0.000         
0.000         
26.188        
0.000         
0.000         
0.000         
0.000         
0.000         
0.000         
40.148        
3.362         
0.000         
0.396         
0.000         
0.000         
0.000         
0.000         
0.000         
0.000         
0.000         
0.000         
0.000         
0.000         
0.000         
0.000         
0.000         
0.000         
0.000         
0.000         
0.000         
0.000         
0.000         
26.098        
0.000         
0.000         
0.000         
0.000         
0.000         
0.000         
0.000         
0.000         
0.000         
0.000         
0.000         
0.000         
0.000         
0.000         
0.000         
0.000         
0.000         
0.000         
0.000         
0.000         
0.000         
0.000         
0.000         
0.000         
0.000         
0.000         
0.000         
0.000         
0.000         
0.000         
0.000         
0.000         
0.000         
0.000         
0.000         
0.000         
0.000         
0.000         
0.000         
0.000         
0.000         
0.000         
0.000         
0.000         
0.000         
0.000         
0.000         
0.000         
0.000         
21.995        
0.000         
0.000         
0.000         
0.000         
0.000         
0.000         
1.126         
0.000         
0.000         
0.000         
0.000         
24.437        
0.000         
0.000         
0.000         
0.000         
0.000         
0.000         
0.000         
0.000         
0.000         
0.000         
0.000         
13.482        
0.000         
0.000         
0.000         
0.000         
0.000         
0.000         
0.000         
0.000         
0.000         
5.832         
0.000         
0.000         
0.000         
0.000         
0.000         
0.000         
0.000         
0.000         
0.000         
0.000         
0.000         
0.000         
0.000         
0.000         
0.000         
0.000         
0.000         
0.000         
0.000         
32.012        
0.000         
0.000         
0.000         
90.279        
0.000         
0.000         
0.000         
0.000         
0.000         
0.000         
0.000         
0.000         
0.000         
0.000         
0.000         
0.000         
0.000         
0.000         
0.000         
0.000         
0.000         
0.000         
0.000         
0.000         
0.000         
0.156         
0.099         
0.000         
0.000         
0.000         
0.000         
0.000         
0.000         
0.000         
0.000         
0.000         
0.000         
0.000         
0.000         
0.000         
0.000         
0.345         
0.000         
0.000         
0.000         
0.000         
8.284         
0.000         
0.000         
0.000         
0.000         
0.000         
0.008         
0.000         
0.000         
0.000         
0.000         
0.000         
0.000         
0.000         
14.797        
0.000         
0.000         
0.000         
0.000         
0.000         
0.000         
0.000         
0.000         
0.000         
0.000         
0.000         
0.000         
0.000         
0.000         
28.929        
0.000         
0.000         
0.000         
0.000         
2.660         
0.000         
0.000         
0.000         
0.000         
0.000         
0.000         
0.000         
0.000         
0.006         
0.000         
0.000         
0.000         
0.000         
0.000         
0.000         
0.000         
0.000         
0.000         
0.000         
0.000         
0.000         
0.000         
0.000         
0.000         
0.000         
0.000         
0.000         
0.000         
0.000         
0.000         
0.000         
0.000         
0.000         
0.000         
0.000         
0.000         
0.000         
0.000         
0.000         
0.000         
0.000         
0.000         
0.000         
0.000         
0.000         
0.000         
0.000         
0.000         
0.000         
0.000         
0.000         
0.000         
0.000         
0.000         
0.000         
0.000         
0.000         
0.000         
0.000         
0.000         
0.000         
0.000         
0.000         
0.000         
0.000         
0.000         
0.000         
0.000         
0.000         
0.000         
0.000         
0.000         
0.000         
17.830        
0.000         
0.000         
0.000         
0.000         
0.000         
0.000         
5.682         
0.000         
3.423         
0.000         
0.000         
1.235         
0.000         
0.000         
0.000         
0.442         
0.000         
0.000         
0.000         
0.000         
0.000         
0.000         
0.000         
0.000         
0.000         
0.000         
0.000         
0.000         
0.049         
0.000         
0.000         
0.000         
0.000         
0.000         
0.000         
0.000         
0.000         
18.702        
0.000         
0.000         
0.000         
0.461         
0.000         
0.000         
0.000         
0.000         
0.000         
0.000         
0.000         
0.000         
0.000         
0.000         
0.000         
0.000         
0.000         
0.000         
0.000         
0.000         
0.000         
0.000         
0.000         
0.000         
0.000         
54.302        
0.000         
0.000         
0.000         
0.000         
0.000         
0.000         
0.000         
0.000         
0.000         
96.728        
0.000         
37.744        
0.000         
0.000         
0.000         
0.000         
0.000         
0.000         
0.000         
0.000         
1.411         
0.000         
0.000         
0.000         
0.000         
0.000         
0.000         
0.000         
0.000         
0.000         
0.000         
0.000         
0.000         
0.000         
0.000         
0.000         
0.000         
0.000         
0.000         
0.000         
0.000         
0.000         
0.000         
0.000         
0.000         
0.000         
0.000         
0.000         
0.000         
0.000         
2.329         
0.000         
0.000         
0.000         
4.608         
0.000         
0.000         
0.000         
0.000         
0.000         
0.000         
0.000         
0.000         
0.000         
0.000         
0.000         
0.000         
0.000         
0.000         
0.000         
0.000         
0.000         
0.000         
0.000         
2.082         
0.000         
0.000         
0.000         
0.000         
0.000         
0.000         
0.000         
0.000         
0.000         
5.002         
0.000         
0.812         
0.000         
0.000         
0.000         
0.000         
0.000         
0.000         
0.000         
0.000         
0.000         
0.000         
0.000         
0.000         
0.000         
0.000         
0.000         
0.000         
0.000         
2.096         
0.000         
0.000         
0.000         
0.000         
0.000         
0.000         
16.600        
1.935         
0.000         
0.000         
0.000         
0.000         
0.000         
0.000         
0.000         
0.000         
0.000         
0.000         
0.000         
0.000         
0.000         
0.000         
0.000         
0.000         
0.000         
0.000         
0.000         
4.568         
0.000         
0.000         
1.749         
0.000         
0.000         
0.000         
0.000         
0.000         
0.000         
0.000         
0.000         
0.000         
0.000         
0.000         
0.000         
0.000         
0.000         
0.000         
0.000         
0.000         
0.000         
0.000         
0.000         
0.000         
70.689        
0.000         
0.000         
0.000         
0.000         
0.000         
0.000         
0.000         
25.689        
0.000         
11.864        
0.000         
0.000         
0.000         
0.000         
0.000         
38.541        
0.000         
0.000         
0.000         
0.000         
1.270         
0.000         
0.000         
0.000         
0.000         
0.000         
0.000         
0.000         
0.000         
0.000         
0.000         
0.000         
0.000         
0.000         
1.841         
5.701         
0.000         
0.000         
0.000         
0.000         
0.000         
0.000         
0.000         
0.000         
0.000         
0.000         
0.000         
0.000         
0.000         
0.000         
0.000         
0.000         
0.072         
0.000         
0.000         
0.000         
0.000         
0.000         
0.000         
1.007         
0.000         
0.000         
0.000         
7.398         
0.000         
0.000         
0.000         
0.000         
0.000         
0.000         
0.000         
0.000         
0.000         
0.000         
3.300         
0.000         
0.000         
0.000         
0.000         
2.481         
0.000         
0.000         
0.000         
0.000         
0.000         
0.000         
0.000         
0.000         
0.000         
0.000         
0.000         
0.000         
0.000         
0.000         
0.000         
0.000         
0.000         
0.000         
0.000         
0.000         
0.000         
0.000         
0.000         
0.000         
0.000         
0.000         
0.000         
0.000         
0.000         
0.000         
0.000         
0.000         
0.000         
0.000         
0.000         
0.000         
0.000         
0.000         
0.000         
0.000         
0.000         
0.000         
0.000         
0.000         
0.000         
0.000         
0.000         
0.000         
0.000         
0.000         
0.000         
0.000         
0.000         
0.000         
0.000         
0.000         
0.000         
0.000         
0.000         
0.080         
0.000         
0.000         
0.000         
0.000         
0.000         
0.000         
0.000         
0.000         
0.000         
0.000         
4.411         
0.000         
10.348        
0.000         
0.000         
0.000         
0.000         
0.000         
0.000         
0.000         
0.000         
0.000         
0.000         
0.000         
0.000         
0.000         
0.000         
0.000         
0.000         
0.000         
0.000         
0.000         
0.000         
0.000         
0.000         
0.000         
0.000         
0.000         
0.000         
0.000         
0.000         
0.000         
0.000         
0.000         
78.454        
21.181        
11.981        
0.000         
1.675         
0.000         
0.000         
0.000         
0.000         
0.000         
0.000         
0.000         
0.000         
0.000         
0.000         
0.000         
0.000         
0.000         
0.000         
0.000         
0.000         
0.000         
0.000         
8.050         
4.853         
0.000         
0.000         
12.497        
0.000         
0.000         
0.000         
57.705        
0.000         
0.000         
0.000         
0.000         
67.197        
0.000         
0.000         
43.361        
0.000         
0.000         
0.000         
0.000         
0.000         
0.000         
0.000         
0.000         
0.000         
0.000         
0.000         
0.000         
0.000         
0.000         
0.000         
0.000         
0.000         
0.000         
0.000         
50.423        
0.000         
0.000         
0.000         
0.000         
0.000         
0.000         
0.000         
0.000         
0.000         
0.000         
0.000         
0.000         
0.000         
0.000         
0.000         
0.000         
0.000         
0.000         
0.000         
0.000         
0.000         
0.000         
0.000         
0.000         
0.000         
0.000         
0.000         
0.000         
0.000         
0.000         
0.000         
0.000         
0.000         
0.000         
0.000         
0.000         
0.000         
0.000         
0.000         
0.000         
0.000         
0.000         
0.000         
0.000         
0.000         
0.000         
0.000         
0.000         
0.000         
0.000         
0.000         
0.000         
0.000         
0.000         
0.000         
0.000         
0.000         
0.000         
0.000         
0.000         
0.089         
0.000         
0.000         
0.255         
0.000         
0.000         
0.000         
0.000         
0.000         
0.000         
0.000         
0.000         
0.000         
0.000         
0.000         
0.000         
0.000         
0.457         
0.000         
0.000         
0.000         
0.000         
0.000         
0.000         
0.000         
24.264        
0.000         
0.000         
0.000         
0.000         
0.000         
0.000         
0.000         
0.000         
0.000         
0.000         
0.000         
0.000         
0.000         
0.000         
0.000         
0.000         
0.000         
0.000         
0.000         
0.000         
0.000         
0.000         
0.000         
0.000         
3.922         
0.000         
0.000         
0.000         
0.000         
0.000         
0.000         
0.000         
0.000         
0.000         
0.000         
0.000         
0.000         
0.000         
0.000         
0.000         
0.000         
0.000         
5.254         
20.887        
9.320         
0.000         
0.000         
0.000         
0.000         
0.000         
6.742         
3.300         
0.000         
0.000         
0.000         
0.000         
0.000         
0.000         
0.000         
0.000         
0.000         
0.000         
0.000         
0.000         
0.000         
0.000         
0.000         
0.000         
0.000         
0.000         
0.855         
0.000         
0.000         
0.000         
0.000         
0.000         
7.989         
0.000         
13.309        
0.000         
0.000         
0.000         
0.000         
1.548         
4.533         
0.000         
0.000         
0.000         
0.000         
0.000         
0.000         
0.000         
0.000         
3.716         
0.000         
0.000         
0.000         
5.368         
0.000         
0.000         
0.000         
0.000         
0.000         
0.000         
0.000         
0.000         
0.000         
0.000         
0.000         
0.000         
8.862         
0.000         
0.000         
0.000         
0.000         
0.000         
0.000         
0.000         
0.000         
0.000         
0.000         
0.155         
0.000         
0.000         
0.000         
0.000         
0.000         
0.000         
0.000         
0.000         
0.000         
0.000         
0.000         
0.000         
0.000         
0.000         
0.000         
0.000         
0.000         
28.688        
0.000         
0.000         
0.000         
0.000         
0.000         
0.000         
0.000         
0.000         
0.000         
0.000         
0.000         
0.000         
0.000         
0.000         
0.000         
0.000         
0.000         
0.000         
0.000         
0.000         
0.000         
0.000         
0.000         
0.000         
0.000         
0.000         
0.000         
0.000         
0.000         
0.000         
0.000         
0.000         
0.000         
0.000         
0.000         
0.000         
0.000         
0.000         
0.000         
0.000         
0.000         
0.000         
0.000         
0.000         
0.000         
0.000         
0.000         
0.000         
0.000         
0.000         
0.000         
0.000         
0.000         
0.000         
0.000         
0.000         
0.000         
0.000         
0.000         
0.000         
0.000         
0.137         
0.000         
0.000         
0.000         
0.000         
0.000         
0.000         
0.000         
0.000         
0.000         
0.000         
0.000         
0.000         
0.000         
25.326        
0.000         
0.000         
0.000         
0.000         
0.000         
0.000         
0.000         
0.000         
0.000         
0.000         
0.000         
0.000         
0.000         
0.000         
0.000         
0.000         
0.000         
0.000         
0.000         
0.000         
0.000         
0.000         
0.000         
21.552        
0.000         
0.000         
1.805         
0.000         
0.022         
0.000         
0.000         
0.002         
0.000         
0.000         
0.623         
0.000         
0.000         
0.000         
0.000         
0.000         
0.000         
0.000         
0.000         
0.000         
13.441        
0.000         
0.000         
6.146         
0.000         
0.000         
0.000         
0.000         
0.000         
0.000         
0.000         
0.000         
0.000         
0.000         
0.000         
0.000         
0.000         
0.000         
0.000         
0.000         
0.000         
0.000         
0.000         
0.000         
0.000         
0.000         
0.000         
0.000         
0.000         
0.000         
0.000         
0.000         
0.000         
0.000         
0.000         
0.000         
0.000         
0.000         
0.000         
0.000         
0.000         
0.000         
0.000         
0.000         
0.000         
0.000         
0.000         
0.000         
0.000         
0.000         
0.000         
0.000         
0.000         
0.000         
0.000         
0.000         
0.000         
0.000         
0.000         
0.000         
0.000         
0.000         
0.000         
0.000         
0.000         
0.000         
0.000         
0.000         
0.000         
0.000         
0.000         
0.000         
0.000         
0.000         
0.000         
0.000         
0.000         
7.151         
0.000         
0.000         
0.000         
0.000         
0.000         
0.000         
0.000         
0.000         
0.000         
0.000         
0.000         
0.000         
0.000         
0.000         
0.000         
22.351        
0.000         
0.000         
0.000         
0.000         
0.000         
0.000         
0.000         
0.000         
0.000         
0.000         
0.000         
0.000         
0.000         
0.000         
0.000         
0.000         
0.000         
0.000         
0.000         
0.000         
0.000         
0.000         
0.000         
0.000         
0.000         
0.000         
0.000         
0.000         
0.000         
0.000         
0.000         
0.000         
0.000         
0.000         
0.000         
0.000         
1.579         
6.690         
0.000         
9.615         
0.000         
0.000         
0.000         
0.000         
0.000         
0.000         
0.000         
64.684        
0.000         
0.000         
0.000         
0.000         
0.000         
3.443         
0.000         
0.000         
0.000         
0.000         
0.000         
0.000         
0.000         
0.840         
0.000         
0.000         
0.000         
0.000         
0.267         
0.000         
0.000         
0.000         
0.000         
0.000         
0.000         
0.000         
0.000         
0.000         
0.000         
0.000         
0.000         
0.000         
0.000         
0.000         
0.000         
0.000         
0.000         
0.000         
0.000         
0.000         
0.000         
0.000         
0.000         
0.000         
0.000         
0.000         
0.000         
0.000         
0.000         
0.000         
0.000         
0.000         
0.000         
0.000         
0.000         
0.000         
0.000         
0.000         
0.000         
0.000         
0.000         
0.000         
0.000         
0.000         
0.000         
0.000         
0.000         
0.000         
0.000         
0.000         
0.000         
0.006         
0.000         
0.000         
0.000         
0.000         
0.000         
0.000         
0.000         
0.000         
0.000         
0.000         
0.000         
0.000         
0.000         
0.000         
1.122         
0.000         
0.000         
0.000         
0.000         
0.000         
0.000         
5.964         
0.000         
0.000         
0.000         
0.000         
0.000         
0.000         
0.000         
0.000         
1.810         
6.235         
0.000         
0.000         
0.000         
1.023         
0.000         
0.000         
0.000         
0.000         
0.000         
0.000         
0.000         
4.361         
0.000         
0.000         
0.000         
0.000         
0.000         
0.000         
0.000         
0.000         
0.000         
0.032         
0.000         
0.000         
0.000         
0.000         
0.000         
0.000         
0.000         
0.000         
0.000         
0.000         
0.000         
0.000         
0.000         
0.000         
0.000         
0.899         
0.000         
0.000         
0.000         
0.000         
0.000         
0.000         
0.000         
0.000         
2.950         
0.000         
0.000         
16.901        
0.000         
0.000         
0.000         
0.000         
0.000         
0.000         
0.000         
0.000         
0.000         
0.000         
0.000         
0.000         
0.210         
0.000         
0.000         
0.000         
0.000         
0.000         
0.000         
6.787         
0.000         
0.000         
4.377         
0.000         
0.000         
0.000         
0.000         
0.000         
0.000         
0.000         
0.000         
0.000         
0.000         
0.000         
0.000         
0.000         
0.000         
0.000         
0.000         
0.000         
0.000         
0.000         
0.000         
0.000         
0.000         
0.000         
0.000         
0.000         
0.000         
0.000         
0.000         
0.000         
0.000         
0.000         
0.000         
0.000         
0.000         
0.000         
0.000         
0.000         
0.000         
0.000         
0.000         
0.000         
0.000         
0.000         
0.000         
0.000         
0.000         
0.000         
0.000         
0.000         
0.000         
0.000         
0.000         
0.000         
0.000         
0.000         
0.000         
0.000         
0.000         
0.000         
0.000         
0.000         
0.000         
0.000         
0.000         
0.000         
0.000         
0.000         
0.000         
0.000         
0.000         
0.000         
0.000         
0.000         
0.000         
0.000         
0.000         
0.000         
0.000         
0.000         
0.000         
0.000         
0.000         
0.000         
0.000         
0.000         
0.000         
0.000         
0.000         
0.000         
0.000         
0.000         
0.000         
0.000         
0.000         
0.000         
0.000         
0.000         
0.000         
0.000         
0.000         
0.000         
0.000         
0.000         
0.000         
0.000         
0.000         
0.000         
0.000         
0.000         
0.000         
0.000         
0.000         
0.000         
0.000         
0.000         
0.252         
0.000         
0.000         
0.000         
0.000         
0.000         
0.000         
0.000         
0.000         
0.000         
0.000         
0.000         
0.000         
0.000         
0.792         
0.612         
0.000         
0.000         
0.000         
0.000         
0.000         
0.000         
0.000         
0.000         
0.000         
0.000         
0.000         
0.000         
0.000         
0.000         
0.000         
0.000         
0.000         
0.000         
0.000         
4.849         
0.000         
0.000         
0.000         
0.000         
0.000         
25.018        
0.000         
0.000         
0.000         
0.000         
0.000         
0.000         
0.000         
0.000         
0.000         
0.000         
0.000         
0.000         
0.000         
0.000         
0.000         
0.000         
0.000         
0.000         
0.000         
0.000         
48.469        
0.000         
0.000         
0.000         
0.000         
0.000         
46.676        
0.000         
0.000         
0.000         
0.000         
0.000         
0.000         
0.000         
0.000         
0.000         
0.000         
0.000         
0.000         
0.000         
0.000         
0.000         
0.000         
0.000         
0.000         
0.000         
0.000         
0.000         
0.000         
0.000         
0.000         
19.175        
0.000         
0.000         
25.117        
0.000         
5.825         
0.000         
0.000         
0.000         
0.000         
0.000         
0.000         
0.000         
0.000         
0.000         
0.000         
0.000         
0.000         
0.000         
0.000         
0.000         
0.000         
0.000         
0.000         
0.000         
0.000         
0.000         
0.000         
0.000         
0.000         
0.000         
0.000         
0.000         
0.000         
20.054        
0.000         
0.000         
0.000         
0.000         
0.000         
0.000         
0.000         
0.000         
0.000         
0.000         
53.496        
0.000         
0.000         
0.000         
0.000         
0.000         
0.000         
0.000         
0.000         
0.000         
0.000         
0.000         
0.000         
0.000         
0.000         
0.000         
0.000         
0.000         
1.169         
0.000         
0.000         
0.000         
0.000         
0.000         
0.000         
0.000         
0.000         
0.000         
0.000         
0.000         
0.000         
0.000         
0.000         
0.000         
0.000         
0.000         
0.000         
0.000         
0.000         
0.000         
0.000         
0.000         
0.000         
0.000         
0.000         
0.007         
0.000         
0.000         
0.000         
0.000         
0.000         
0.000         
0.000         
0.000         
0.000         
0.000         
0.000         
0.000         
0.000         
0.000         
0.000         
0.000         
0.000         
0.013         
0.000         
0.000         
0.000         
0.000         
0.000         
0.000         
0.000         
0.000         
0.000         
0.804         
0.000         
0.000         
4.179         
7.331         
0.000         
0.000         
0.000         
0.000         
0.000         
0.000         
0.000         
0.000         
0.000         
0.000         
0.000         
0.000         
0.454         
0.000         
0.000         
0.000         
13.572        
0.000         
0.000         
0.000         
0.000         
0.000         
0.000         
0.000         
15.360        
0.000         
20.753        
0.000         
2.972         
0.000         
0.000         
0.000         
16.678        
0.000         
0.000         
0.000         
0.000         
0.000         
0.000         
0.000         
0.000         
0.000         
0.000         
0.000         
0.000         
0.000         
0.000         
0.000         
0.000         
0.000         
39.405        
0.000         
0.000         
0.000         
0.000         
0.000         
49.622        
13.419        
0.000         
0.000         
1.884         
0.000         
0.000         
0.000         
0.000         
0.000         
0.000         
0.000         
0.000         
0.000         
0.000         
0.000         
16.672        
0.000         
8.431         
0.000         
0.000         
8.735         
0.000         
0.621         
0.000         
0.000         
0.000         
3.590         
0.000         
0.000         
0.000         
0.000         
0.000         
0.000         
0.000         
0.000         
0.000         
0.000         
0.000         
0.000         
0.000         
0.000         
0.000         
0.000         
0.000         
0.000         
0.000         
0.000         
0.000         
0.000         
9.746         
0.000         
0.000         
0.000         
0.000         
0.000         
0.000         
0.000         
0.000         
0.000         
0.000         
0.000         
0.000         
0.000         
0.000         
0.000         
0.000         
0.000         
0.000         
0.000         
0.000         
0.000         
0.000         
0.000         
0.000         
0.000         
0.000         
0.000         
0.000         
0.000         
0.000         
0.000         
0.000         
0.000         
0.000         
0.000         
0.000         
0.000         
0.000         
0.000         
0.000         
0.000         
9.279         
0.000         
0.000         
0.000         
0.000         
9.444         
34.197        
0.000         
39.031        
0.000         
0.000         
0.000         
0.000         
0.000         
0.000         
0.000         
0.000         
0.000         
0.000         
0.000         
0.000         
0.000         
0.000         
0.000         
0.000         
0.000         
0.000         
0.000         
0.000         
0.000         
0.000         
0.000         
0.000         
0.000         
0.000         
0.000         
0.000         
0.000         
0.000         
0.000         
0.000         
0.000         
0.000         
0.000         
0.000         
0.000         
0.000         
0.000         
0.000         
0.000         
0.000         
0.000         
0.000         
0.000         
0.000         
0.000         
0.000         
0.000         
0.000         
0.000         
0.000         
0.000         
0.000         
0.000         
0.000         
0.000         
0.000         
0.000         
0.000         
50.701        
0.000         
0.000         
0.000         
0.000         
0.000         
0.000         
48.618        
0.000         
0.000         
0.000         
1.818         
11.488        
0.000         
30.012        
1.424         
0.000         
0.000         
0.000         
0.000         
0.000         
0.000         
0.000         
0.000         
0.000         
0.000         
0.000         
0.000         
0.000         
0.000         
0.000         
0.000         
0.000         
0.000         
0.000         
0.000         
0.000         
0.000         
0.000         
0.000         
6.078         
0.000         
0.000         
0.000         
5.343         
0.000         
0.000         
0.000         
0.000         
0.000         
0.000         
0.000         
0.274         
0.000         
0.000         
0.000         
0.175         
0.000         
0.000         
0.000         
0.000         
0.000         
0.000         
0.000         
0.000         
0.000         
0.000         
0.000         
0.000         
0.000         
0.000         
0.000         
0.000         
0.000         
0.000         
0.000         
0.000         
0.000         
0.000         
0.000         
0.000         
0.000         
0.000         
0.000         
0.000         
0.000         
0.000         
0.000         
0.000         
12.272        
0.000         
0.000         
0.000         
0.000         
0.000         
0.000         
0.000         
0.000         
0.000         
0.000         
0.000         
0.706         
0.000         
0.000         
0.048         
0.000         
0.000         
0.000         
0.000         
0.000         
0.000         
0.000         
0.000         
0.000         
0.000         
0.000         
0.000         
0.000         
0.000         
0.000         
0.000         
0.000         
0.000         
0.000         
0.000         
0.000         
0.000         
0.000         
0.000         
0.000         
0.000         
0.000         
0.000         
0.000         
0.000         
0.000         
0.000         
0.000         
0.000         
0.000         
0.000         
0.000         
0.000         
0.000         
0.000         
0.000         
0.000         
1.536         
0.000         
0.000         
2.658         
6.192         
0.000         
0.000         
0.000         
0.000         
0.000         
0.000         
0.000         
0.000         
0.000         
0.000         
0.000         
0.000         
0.000         
0.000         
0.000         
0.000         
0.000         
0.000         
0.121         
0.000         
0.000         
0.000         
0.000         
0.000         
0.000         
0.000         
0.000         
0.000         
0.000         
0.000         
0.000         
0.000         
0.000         
0.000         
0.000         
0.000         
0.000         
0.000         
0.000         
0.000         
0.000         
0.000         
48.345        
0.000         
7.429         
0.000         
0.000         
104.937       
47.576        
0.000         
0.000         
0.000         
11.042        
0.000         
0.000         
0.000         
0.000         
0.000         
0.000         
21.813        
0.000         
0.000         
0.000         
0.000         
0.000         
0.000         
9.760         
0.000         
0.000         
0.000         
0.000         
0.000         
0.000         
0.000         
0.000         
0.000         
0.000         
0.000         
0.000         
0.000         
0.000         
0.000         
0.000         
0.000         
0.000         
0.000         
0.000         
0.000         
0.000         
0.000         
0.000         
0.000         
0.000         
0.000         
0.000         
0.000         
0.000         
0.000         
0.000         
0.000         
0.000         
0.000         
0.000         
0.000         
0.000         
0.000         
0.000         
0.000         
0.000         
0.000         
0.000         
0.000         
0.000         
0.000         
0.000         
0.000         
0.000         
0.000         
0.000         
0.000         
0.000         
0.000         
0.000         
0.000         
0.000         
0.000         
0.000         
0.000         
0.000         
0.000         
0.000         
0.000         
0.000         
0.000         
0.000         
0.000         
0.000         
0.000         
0.000         
0.000         
0.000         
0.000         
0.000         
0.000         
0.000         
0.000         
0.000         
0.000         
0.000         
0.000         
0.000         
0.000         
0.000         
0.000         
0.000         
0.000         
0.000         
0.000         
0.000         
0.000         
0.000         
0.000         
1.663         
0.000         
0.000         
0.000         
0.000         
0.000         
0.000         
0.000         
0.000         
0.000         
0.000         
0.000         
0.000         
3.017         
0.000         
0.000         
0.000         
0.000         
0.000         
0.000         
0.000         
0.000         
0.000         
0.000         
0.000         
0.000         
0.000         
0.000         
0.000         
0.000         
0.000         
0.000         
0.000         
0.000         
0.000         
0.000         
0.000         
0.000         
0.000         
0.000         
0.000         
0.000         
0.000         
0.000         
0.000         
0.000         
0.000         
11.690        
0.000         
0.000         
0.000         
0.000         
0.000         
0.000         
0.000         
0.000         
0.000         
34.319        
0.000         
0.000         
0.000         
0.000         
0.000         
0.000         
0.000         
3.499         
0.000         
0.000         
0.000         
0.000         
0.001         
0.000         
0.000         
0.000         
0.000         
0.000         
0.000         
0.000         
0.000         
0.000         
0.000         
0.000         
0.000         
0.000         
0.000         
0.000         
0.000         
0.000         
0.000         
0.000         
0.000         
0.000         
0.000         
0.000         
0.000         
0.000         
0.030         
0.000         
0.000         
0.000         
0.000         
0.000         
0.000         
0.000         
0.000         
0.000         
4.682         
0.000         
0.000         
0.000         
0.000         
0.000         
0.000         
0.000         
0.000         
0.000         
0.000         
0.000         
0.000         
0.000         
0.000         
0.000         
0.000         
0.000         
0.000         
0.000         
0.000         
0.000         
0.000         
0.000         
0.000         
0.000         
0.000         
0.000         
0.000         
0.000         
0.000         
0.000         
0.000         
0.000         
0.000         
0.000         
0.000         
0.000         
0.000         
0.000         
0.000         
0.000         
7.222         
0.000         
0.000         
0.000         
0.000         
0.000         
0.000         
0.000         
0.000         
0.000         
0.000         
0.000         
0.000         
0.000         
0.000         
0.000         
0.000         
0.000         
0.000         
0.000         
0.000         
0.000         
0.000         
0.000         
0.000         
0.000         
0.000         
0.000         
0.000         
0.000         
0.000         
0.000         
0.000         
0.000         
0.000         
0.000         
0.000         
0.000         
0.000         
0.000         
0.000         
0.000         
0.000         
0.000         
0.000         
0.000         
0.000         
0.000         
0.000         
0.000         
0.000         
0.000         
0.000         
0.000         
0.000         
0.000         
3.040         
0.000         
11.667        
0.000         
10.224        
0.716         
16.883        
18.774        
0.000         
0.000         
0.000         
0.000         
0.000         
0.000         
0.000         
0.000         
0.000         
0.000         
0.000         
0.000         
0.000         
0.000         
0.000         
0.000         
0.000         
0.000         
0.000         
0.000         
0.000         
0.000         
0.000         
3.830         
0.000         
0.000         
0.000         
0.000         
34.403        
0.000         
0.000         
0.000         
111.066       
19.126        
0.000         
0.000         
0.000         
0.000         
55.038        
19.675        
0.000         
0.000         
0.000         
0.000         
0.000         
0.000         
0.000         
0.000         
0.000         
0.000         
0.000         
0.000         
0.000         
0.000         
0.000         
0.000         
0.000         
0.000         
0.000         
0.000         
0.000         
0.000         
0.000         
0.000         
0.000         
0.000         
0.000         
0.000         
0.000         
0.000         
27.975        
0.000         
0.000         
0.000         
0.000         
0.000         
0.000         
0.000         
0.000         
0.000         
0.000         
0.000         
0.000         
0.000         
0.000         
0.000         
0.000         
0.000         
0.000         
0.000         
0.000         
0.000         
0.000         
0.000         
0.000         
0.000         
0.000         
0.000         
0.000         
0.000         
0.000         
0.000         
0.000         
0.000         
0.000         
0.000         
0.000         
0.000         
0.000         
0.000         
0.000         
0.000         
0.000         
1.011         
0.000         
0.000         
0.000         
0.000         
0.000         
0.000         
0.000         
0.000         
0.000         
0.000         
0.000         
0.000         
0.000         
0.000         
0.000         
0.000         
0.000         
0.000         
0.000         
0.000         
0.000         
0.000         
0.000         
0.000         
1.697         
0.000         
0.000         
0.000         
0.000         
4.675         
0.000         
0.000         
0.000         
0.000         
0.000         
0.000         
0.000         
0.000         
0.000         
0.000         
0.000         
0.000         
0.000         
0.000         
0.000         
0.000         
0.000         
0.000         
0.000         
0.000         
0.000         
0.000         
0.000         
0.000         
0.000         
0.000         
0.000         
0.000         
0.000         
0.000         
0.000         
0.000         
0.000         
0.000         
0.000         
11.563        
0.000         
0.000         
0.000         
0.000         
0.000         
0.000         
0.000         
0.000         
0.000         
0.000         
0.000         
0.000         
0.415         
0.000         
0.000         
0.000         
10.525        
0.000         
0.000         
0.000         
0.000         
0.000         
0.000         
0.000         
0.000         
0.000         
0.000         
0.000         
0.000         
0.000         
0.000         
0.000         
0.000         
0.000         
0.000         
0.000         
0.000         
0.000         
0.000         
0.000         
0.000         
0.000         
0.000         
0.000         
0.000         
0.000         
0.000         
0.000         
0.000         
0.000         
14.337        
0.000         
1.389         
0.000         
0.000         
0.000         
0.000         
2.930         
0.000         
0.000         
0.000         
0.000         
0.000         
0.000         
0.000         
0.000         
0.000         
0.000         
0.000         
0.000         
0.000         
0.000         
0.000         
0.000         
0.000         
0.000         
0.000         
0.000         
0.000         
25.844        
0.000         
0.000         
0.000         
0.000         
0.000         
0.000         
0.000         
0.000         
0.000         
0.000         
0.000         
0.000         
0.000         
0.000         
0.000         
0.000         
0.000         
0.000         
0.000         
0.000         
0.000         
0.000         
0.000         
0.000         
0.000         
0.000         
0.000         
0.000         
0.000         
0.000         
0.051         
0.000         
0.000         
0.000         
0.000         
0.000         
0.000         
0.000         
0.000         
1.516         
0.000         
0.000         
0.000         
0.000         
0.000         
0.000         
0.000         
0.000         
0.000         
0.000         
0.000         
0.000         
0.000         
0.000         
0.000         
0.000         
0.000         
0.000         
0.000         
0.000         
0.000         
0.123         
0.000         
0.000         
0.461         
0.000         
0.000         
0.000         
0.000         
0.000         
2.543         
0.000         
0.000         
0.000         
0.215         
0.000         
0.000         
0.000         
0.000         
0.000         
0.000         
0.000         
0.000         
0.000         
9.404         
0.000         
0.000         
0.000         
0.000         
0.000         
0.000         
0.000         
0.000         
0.000         
0.000         
0.000         
4.086         
0.000         
2.139         
0.000         
0.000         
0.000         
0.000         
0.000         
0.000         
0.000         
0.000         
0.000         
2.597         
0.000         
8.571         
0.000         
0.000         
0.479         
0.000         
0.000         
0.000         
0.000         
0.000         
0.000         
0.000         
0.000         
0.000         
0.000         
0.000         
0.072         
0.000         
0.000         
0.375         
0.000         
0.000         
0.000         
0.000         
0.000         
0.000         
0.000         
0.000         
0.000         
0.000         
0.000         
0.000         
0.000         
0.000         
0.000         
0.000         
0.000         
0.000         
0.000         
0.000         
0.000         
0.000         
0.000         
0.000         
0.000         
0.000         
12.438        
0.000         
0.000         
21.330        
0.000         
0.000         
0.000         
0.000         
0.000         
0.000         
0.000         
0.000         
0.000         
0.000         
0.000         
0.000         
9.114         
0.000         
0.000         
0.000         
2.587         
0.000         
0.000         
0.000         
0.000         
0.000         
0.000         
0.000         
0.000         
0.000         
0.000         
0.000         
0.000         
0.000         
0.000         
0.000         
0.000         
0.000         
0.000         
0.000         
0.000         
0.000         
0.000         
0.000         
0.000         
0.000         
0.000         
0.000         
0.000         
0.000         
0.000         
0.000         
0.000         
0.000         
0.000         
0.000         
0.000         
0.000         
0.000         
0.000         
0.000         
0.000         
0.000         
0.000         
0.000         
0.000         
0.000         
0.000         
0.000         
0.000         
0.000         
0.000         
0.000         
0.000         
0.000         
0.000         
0.000         
0.000         
0.000         
0.000         
0.000         
0.000         
0.000         
0.000         
0.000         
0.000         
0.000         
0.000         
0.000         
0.000         
0.000         
2.363         
0.000         
0.000         
0.000         
4.761         
0.000         
0.000         
0.000         
0.000         
0.000         
0.000         
0.000         
0.000         
0.000         
0.000         
0.000         
0.000         
0.000         
0.000         
0.000         
0.000         
0.000         
0.000         
0.000         
0.000         
0.000         
0.000         
0.000         
0.000         
0.000         
0.000         
0.000         
0.000         
0.000         
0.000         
0.000         
0.000         
0.000         
0.000         
0.000         
0.000         
0.000         
0.000         
0.000         
0.000         
0.000         
0.000         
0.000         
0.000         
0.000         
0.000         
0.000         
0.000         
0.000         
0.000         
0.000         
0.000         
0.000         
0.000         
0.000         
0.000         
0.000         
0.000         
0.000         
0.000         
48.226        
0.000         
0.000         
0.000         
0.000         
0.000         
0.000         
0.000         
0.000         
0.000         
0.000         
42.721        
0.000         
0.000         
14.748        
0.000         
0.000         
0.000         
0.000         
0.000         
0.000         
0.000         
0.000         
0.000         
0.000         
0.000         
0.000         
0.000         
0.000         
0.000         
0.000         
0.000         
0.000         
0.000         
0.000         
0.000         
0.000         
0.000         
0.000         
0.000         
0.000         
0.000         
0.000         
0.000         
0.399         
0.000         
0.481         
0.000         
0.000         
0.000         
0.000         
0.000         
0.000         
0.000         
0.000         
0.000         
0.000         
0.000         
0.394         
0.000         
0.000         
0.000         
0.000         
0.000         
0.000         
0.000         
0.000         
0.000         
0.000         
0.000         
0.000         
0.000         
0.000         
0.000         
0.000         
5.122         
0.000         
0.000         
0.000         
0.000         
0.000         
0.000         
0.000         
0.000         
0.000         
0.000         
0.000         
0.000         
0.000         
0.000         
0.000         
0.000         
0.000         
0.000         
0.000         
0.000         
0.000         
0.000         
0.000         
0.000         
0.000         
0.000         
0.000         
0.000         
0.368         
0.000         
0.000         
0.000         
0.000         
0.000         
0.000         
0.000         
0.000         
0.000         
0.000         
0.000         
0.000         
0.000         
0.000         
0.000         
0.000         
0.000         
0.000         
0.000         
0.000         
0.000         
0.000         
0.000         
0.000         
0.000         
0.000         
0.000         
0.000         
0.000         
0.000         
0.000         
0.000         
0.000         
0.000         
0.000         
0.000         
0.000         
0.000         
0.000         
0.000         
0.000         
0.000         
3.830         
0.000         
0.000         
0.000         
0.000         
1.479         
0.000         
4.305         
0.000         
0.000         
0.000         
0.000         
0.000         
0.000         
0.000         
0.000         
0.000         
0.000         
0.000         
0.000         
0.000         
0.000         
0.000         
0.000         
0.000         
0.000         
0.000         
0.000         
0.000         
0.000         
0.000         
0.000         
0.000         
0.000         
0.000         
0.000         
0.000         
0.000         
0.000         
0.000         
0.000         
0.000         
0.000         
0.000         
0.000         
0.000         
0.000         
0.000         
0.000         
0.000         
0.000         
0.000         
0.000         
0.000         
0.000         
0.000         
0.000         
0.000         
0.000         
0.000         
0.000         
0.000         
0.000         
0.000         
0.000         
0.000         
0.000         
0.000         
0.000         
0.000         
0.000         
0.000         
0.423         
0.000         
0.000         
0.000         
0.000         
0.000         
0.000         
0.000         
0.000         
0.000         
29.987        
0.000         
22.503        
0.000         
0.000         
0.000         
26.684        
0.000         
0.000         
0.000         
0.000         
0.000         
0.000         
0.000         
0.000         
0.000         
0.000         
0.000         
0.000         
0.000         
26.322        
0.000         
0.000         
0.000         
0.000         
0.000         
0.000         
0.000         
0.000         
0.000         
0.000         
0.000         
0.000         
0.000         
0.000         
0.000         
0.000         
0.000         
0.000         
0.000         
0.000         
0.000         
0.000         
0.000         
0.000         
0.000         
0.000         
0.000         
0.000         
0.000         
0.000         
0.000         
0.000         
0.000         
0.000         
0.000         
0.000         
0.000         
0.000         
0.000         
0.000         
0.000         
0.000         
0.000         
0.000         
0.000         
0.000         
0.000         
0.000         
0.000         
0.000         
0.000         
0.000         
0.000         
0.000         
0.000         
0.000         
0.000         
0.000         
0.000         
0.000         
0.000         
0.000         
0.000         
0.000         
0.000         
0.000         
0.000         
0.000         
0.000         
0.000         
0.000         
0.000         
0.000         
0.000         
0.000         
0.000         
49.537        
0.000         
12.757        
0.000         
0.000         
0.000         
0.000         
0.000         
0.000         
0.000         
0.000         
0.000         
0.000         
0.000         
0.000         
0.000         
0.000         
0.000         
0.000         
0.000         
0.000         
0.000         
0.000         
0.000         
0.000         
0.000         
16.423        
0.000         
0.000         
0.000         
0.000         
0.000         
0.000         
0.000         
0.000         
0.000         
0.000         
0.000         
0.000         
0.000         
0.000         
0.000         
0.000         
0.000         
108.920       
0.000         
52.952        
0.000         
0.000         
0.000         
0.000         
0.000         
0.000         
0.000         
0.000         
0.000         
0.000         
0.000         
0.000         
0.000         
0.000         
0.000         
0.000         
0.000         
0.000         
0.000         
0.000         
0.000         
0.000         
0.000         
0.000         
0.000         
0.000         
0.000         
0.000         
0.000         
0.000         
0.000         
0.000         
0.000         
0.000         
0.000         
0.000         
0.000         
0.000         
0.000         
0.000         
0.000         
0.000         
0.000         
0.000         
0.000         
0.000         
0.000         
0.000         
0.000         
0.000         
0.000         
0.000         
44.607        
8.719         
0.000         
0.000         
0.000         
0.000         
0.000         
0.000         
1.879         
0.000         
0.000         
0.000         
0.000         
0.000         
0.000         
0.000         
0.000         
0.000         
2.325         
0.000         
0.000         
0.000         
0.000         
0.000         
0.000         
3.372         
0.000         
0.000         
0.000         
0.000         
0.000         
0.000         
0.000         
0.000         
0.000         
0.000         
0.000         
0.000         
0.000         
0.000         
0.000         
0.000         
0.000         
0.000         
0.000         
0.000         
0.000         
0.000         
0.000         
0.000         
0.000         
0.000         
0.000         
0.000         
0.000         
0.000         
0.000         
0.000         
0.000         
0.000         
0.000         
0.000         
1.818         
0.000         
0.000         
0.000         
0.000         
0.000         
0.000         
0.000         
0.000         
5.895         
0.000         
0.000         
0.000         
3.799         
0.000         
0.000         
0.000         
0.000         
0.000         
0.000         
0.000         
0.000         
0.000         
0.000         
0.000         
0.000         
0.000         
0.000         
0.000         
0.000         
0.000         
0.000         
0.000         
0.000         
2.101         
0.000         
0.000         
3.502         
0.000         
5.240         
0.000         
0.000         
0.000         
0.000         
0.000         
0.000         
0.000         
0.000         
0.000         
0.000         
0.000         
0.000         
0.000         
0.000         
0.000         
0.000         
0.000         
17.487        
0.000         
0.000         
23.679        
0.000         
0.000         
0.000         
0.000         
0.000         
0.000         
0.000         
0.000         
0.000         
0.000         
0.000         
0.000         
0.000         
0.000         
0.000         
0.000         
0.000         
0.000         
0.000         
0.000         
0.000         
0.000         
0.000         
6.062         
0.000         
21.677        
0.000         
0.000         
0.000         
4.206         
0.000         
0.000         
0.000         
0.000         
0.000         
0.000         
4.183         
0.000         
0.000         
0.000         
11.942        
0.000         
0.000         
0.000         
0.000         
0.000         
53.905        
0.000         
0.000         
0.000         
0.000         
0.000         
0.000         
0.000         
0.000         
0.000         
0.000         
0.000         
0.000         
0.000         
0.000         
0.000         
0.000         
0.000         
0.000         
0.000         
0.000         
0.000         
0.000         
0.000         
0.000         
0.000         
0.000         
0.000         
0.000         
0.000         
0.000         
0.000         
0.000         
0.000         
0.000         
0.000         
0.000         
0.000         
0.000         
0.000         
0.000         
0.000         
0.000         
0.000         
0.000         
0.000         
0.000         
0.000         
0.000         
0.000         
0.000         
0.000         
0.000         
0.000         
0.000         
0.000         
0.000         
0.000         
0.000         
0.000         
0.000         
0.000         
0.000         
0.000         
0.000         
5.578         
0.000         
0.000         
0.000         
0.000         
0.000         
0.000         
0.000         
0.000         
0.000         
0.000         
0.000         
0.000         
0.000         
0.000         
0.000         
0.000         
0.000         
0.000         
0.000         
0.000         
0.000         
0.000         
0.000         
0.000         
0.000         
0.000         
0.000         
0.000         
0.000         
0.000         
0.000         
0.000         
0.000         
0.000         
0.000         
0.000         
0.000         
0.000         
0.000         
0.000         
0.000         
0.000         
0.000         
0.000         
0.000         
0.000         
0.000         
0.000         
0.000         
0.000         
0.000         
0.000         
0.000         
0.000         
0.000         
0.000         
0.000         
0.000         
0.000         
0.000         
41.669        
0.000         
0.000         
0.000         
0.000         
0.000         
0.000         
0.000         
0.000         
0.000         
0.000         
0.000         
0.000         
0.000         
0.000         
0.000         
6.919         
0.000         
0.000         
3.328         
0.000         
0.000         
0.000         
0.000         
0.000         
0.000         
0.000         
0.000         
0.000         
0.000         
0.000         
0.000         
0.000         
0.000         
0.000         
0.000         
5.087         
0.000         
0.000         
0.000         
0.000         
0.000         
0.000         
0.000         
0.000         
10.809        
0.000         
0.000         
0.000         
0.000         
0.000         
0.000         
0.000         
0.000         
0.000         
0.000         
0.000         
0.000         
0.000         
0.000         
0.000         
0.000         
0.000         
0.000         
0.000         
0.000         
0.000         
0.000         
0.000         
0.000         
0.000         
0.000         
0.000         
0.827         
0.000         
0.000         
0.000         
0.000         
0.000         
0.000         
0.000         
0.000         
0.000         
0.000         
1.254         
0.000         
0.000         
0.000         
0.000         
0.000         
0.000         
0.000         
0.000         
0.000         
0.000         
0.000         
0.000         
0.000         
0.000         
0.000         
0.000         
0.000         
0.000         
0.000         
0.000         
0.000         
0.000         
0.000         
0.000         
0.000         
0.000         
0.000         
0.000         
0.000         
0.000         
0.000         
0.000         
0.000         
0.000         
0.000         
0.000         
0.000         
0.000         
0.000         
0.000         
0.000         
0.000         
0.000         
0.000         
0.000         
0.000         
6.935         
0.000         
0.000         
0.000         
0.000         
0.000         
0.000         
0.000         
0.000         
0.000         
0.000         
0.000         
0.000         
0.000         
0.000         
0.000         
0.000         
0.000         
0.000         
0.000         
0.000         
0.000         
0.000         
0.000         
0.000         
0.000         
0.000         
0.000         
0.000         
0.090         
0.000         
0.000         
0.000         
0.000         
0.000         
0.000         
0.000         
0.000         
0.000         
0.000         
0.000         
0.000         
0.000         
0.000         
0.664         
2.415         
0.000         
0.000         
0.000         
0.000         
0.000         
2.581         
0.000         
0.000         
0.000         
0.000         
16.422        
0.000         
0.000         
0.000         
0.000         
0.000         
25.546        
105.217       
0.000         
0.000         
0.000         
0.000         
0.000         
0.000         
3.618         
0.000         
0.000         
0.000         
0.000         
0.000         
0.000         
0.000         
0.000         
0.000         
0.000         
0.000         
163.373       
0.000         
0.000         
0.000         
0.000         
0.000         
26.593        
0.000         
0.000         
0.000         
0.000         
0.000         
0.000         
0.000         
0.000         
3.806         
24.572        
0.000         
0.000         
0.000         
0.000         
0.000         
0.000         
0.000         
0.000         
0.000         
0.000         
0.000         
9.074         
0.000         
0.000         
0.000         
0.000         
0.000         
0.000         
48.480        
0.000         
0.000         
0.000         
0.000         
0.000         
0.000         
0.000         
0.000         
0.000         
0.000         
0.000         
0.000         
0.000         
0.000         
0.000         
0.000         
59.232        
0.000         
0.000         
0.000         
0.000         
0.000         
0.000         
0.000         
0.000         
0.000         
0.000         
0.000         
0.000         
0.000         
0.000         
0.000         
0.000         
0.000         
0.000         
0.000         
0.000         
0.000         
0.000         
0.000         
0.000         
0.000         
0.000         
0.000         
0.000         
0.000         
0.000         
0.000         
0.000         
0.000         
0.000         
0.000         
0.000         
0.000         
0.000         
0.000         
0.000         
0.000         
0.000         
0.000         
0.000         
0.000         
0.000         
0.000         
0.000         
0.000         
0.000         
0.000         
0.000         
0.000         
0.000         
0.000         
0.000         
0.000         
93.193        
0.000         
0.000         
0.000         
0.000         
0.000         
0.000         
0.000         
0.000         
0.000         
0.000         
0.000         
0.000         
0.000         
0.000         
0.000         
0.000         
0.000         
0.000         
0.000         
0.000         
0.000         
0.000         
0.000         
0.000         
0.000         
0.000         
0.000         
0.000         
0.000         
0.000         
0.000         
0.000         
0.000         
0.000         
0.000         
0.000         
0.000         
0.000         
0.000         
3.962         
0.000         
10.190        
0.000         
33.623        
0.000         
0.000         
0.000         
0.000         
0.000         
0.000         
0.000         
0.000         
0.000         
13.931        
0.000         
0.000         
0.000         
0.000         
12.197        
5.626         
0.000         
0.000         
0.000         
0.000         
0.000         
0.000         
0.000         
0.000         
0.000         
0.000         
0.000         
0.000         
0.000         
0.000         
0.000         
0.000         
0.000         
0.000         
5.955         
0.000         
0.000         
0.000         
0.000         
0.000         
0.000         
0.000         
0.000         
0.000         
0.000         
0.000         
0.000         
0.000         
0.000         
1.985         
11.091        
0.000         
0.000         
0.000         
0.000         
0.000         
0.000         
0.000         
0.000         
0.000         
0.000         
0.000         
0.000         
0.000         
0.000         
0.000         
0.000         
0.000         
0.000         
0.000         
0.000         
0.000         
0.000         
0.000         
0.000         
0.000         
0.000         
0.000         
0.000         
2.842         
0.000         
0.000         
0.000         
0.000         
0.000         
0.000         
0.000         
0.000         
0.000         
0.000         
1.497         
12.118        
0.000         
0.000         
0.000         
0.000         
0.000         
0.000         
0.780         
0.000         
0.000         
0.000         
0.000         
0.000         
0.000         
0.000         
0.000         
0.000         
0.000         
0.000         
0.000         
0.000         
0.000         
0.000         
0.000         
0.000         
0.000         
0.000         
0.000         
0.000         
0.000         
0.000         
0.000         
0.000         
0.000         
0.000         
0.000         
0.000         
0.000         
0.000         
0.000         
0.000         
0.000         
0.000         
0.000         
0.000         
5.218         
0.000         
0.000         
0.000         
0.000         
0.000         
0.000         
0.000         
0.000         
0.000         
0.000         
0.000         
0.000         
0.000         
0.000         
9.000         
1.383         
0.000         
0.000         
0.000         
0.000         
0.000         
0.000         
0.000         
0.000         
0.000         
0.000         
4.691         
0.000         
0.000         
0.728         
0.000         
0.000         
0.000         
2.178         
0.000         
3.387         
0.000         
0.000         
0.000         
0.000         
0.000         
0.000         
0.000         
0.000         
0.000         
0.000         
0.000         
0.000         
0.000         
0.000         
0.000         
0.000         
0.000         
0.000         
0.000         
0.000         
0.000         
0.000         
0.000         
0.000         
0.000         
0.000         
0.000         
0.000         
10.148        
0.000         
0.000         
0.000         
0.000         
0.000         
32.004        
0.000         
0.000         
0.000         
0.000         
0.000         
0.000         
0.000         
0.000         
0.000         
0.000         
0.000         
42.259        
0.000         
0.000         
0.000         
0.000         
0.000         
0.000         
0.000         
0.000         
0.000         
0.000         
0.000         
0.000         
0.000         
0.000         
0.000         
0.000         
0.000         
0.000         
0.000         
0.000         
0.000         
0.000         
0.000         
0.000         
0.000         
0.000         
0.000         
0.000         
0.000         
0.002         
0.000         
0.000         
0.000         
0.000         
0.000         
0.000         
0.000         
0.000         
0.000         
0.000         
0.000         
0.000         
0.000         
0.000         
0.000         
0.000         
0.000         
0.000         
0.000         
0.000         
0.000         
0.000         
0.000         
0.000         
0.000         
0.000         
0.000         
0.000         
0.000         
0.000         
0.000         
0.000         
0.000         
0.000         
0.000         
0.000         
0.000         
0.000         
0.000         
0.000         
4.794         
0.000         
0.000         
0.000         
0.000         
0.000         
0.000         
0.000         
0.000         
0.000         
0.000         
0.000         
0.000         
0.000         
0.000         
0.000         
0.000         
0.000         
0.000         
0.000         
0.000         
0.000         
0.000         
0.000         
0.000         
2.438         
0.000         
0.000         
0.000         
0.000         
0.000         
0.000         
0.000         
0.000         
0.000         
0.000         
0.000         
0.000         
0.000         
0.000         
0.000         
0.000         
0.000         
0.000         
0.000         
0.000         
0.000         
0.000         
0.000         
0.000         
0.000         
0.000         
0.000         
0.000         
0.000         
0.000         
0.000         
0.000         
0.000         
0.000         
0.000         
0.000         
0.000         
0.000         
0.000         
0.000         
0.000         
0.000         
0.000         
0.000         
0.000         
0.000         
0.000         
0.000         
0.000         
0.000         
0.000         
0.000         
0.000         
0.000         
0.000         
0.000         
0.000         
0.000         
0.000         
0.000         
0.000         
0.000         
0.000         
0.000         
0.000         
19.701        
0.000         
0.000         
15.027        
0.000         
10.227        
0.000         
0.000         
0.000         
0.000         
0.000         
0.000         
0.000         
0.356         
0.000         
0.000         
0.000         
0.000         
0.000         
0.000         
0.000         
0.000         
0.000         
0.000         
0.000         
0.000         
0.000         
0.000         
4.906         
0.000         
0.000         
0.000         
0.000         
0.000         
0.000         
0.000         
0.000         
0.000         
0.000         
0.000         
0.000         
0.000         
18.045        
0.000         
0.000         
0.000         
0.000         
0.000         
0.000         
0.000         
0.000         
0.000         
0.000         
0.000         
0.000         
0.000         
0.000         
0.000         
0.000         
0.000         
0.000         
0.000         
0.000         
0.062         
0.000         
0.000         
0.000         
0.000         
0.000         
0.000         
0.000         
0.000         
10.479        
0.000         
0.000         
0.000         
0.000         
0.000         
0.000         
0.000         
0.000         
0.000         
0.000         
0.000         
0.000         
0.000         
0.000         
0.000         
0.000         
0.000         
0.000         
0.000         
0.000         
0.000         
0.000         
0.000         
0.000         
0.000         
0.000         
0.000         
0.000         
0.000         
0.000         
0.000         
0.000         
0.000         
0.000         
0.000         
0.000         
0.000         
0.000         
0.000         
0.000         
0.000         
0.000         
0.000         
0.000         
0.000         
0.000         
0.000         
0.000         
0.000         
0.364         
0.000         
0.000         
0.000         
0.000         
0.000         
0.000         
0.000         
0.000         
0.000         
0.000         
0.000         
0.000         
0.000         
0.198         
0.000         
0.000         
0.000         
0.000         
0.000         
0.000         
31.594        
0.000         
0.000         
0.000         
0.000         
0.000         
0.000         
0.000         
0.000         
0.000         
2.426         
0.000         
0.000         
0.000         
0.000         
0.000         
7.708         
0.000         
0.000         
0.000         
0.000         
0.000         
0.000         
0.000         
0.000         
0.000         
0.000         
0.000         
131.508       
0.000         
8.174         
19.727        
0.000         
0.000         
0.000         
20.858        
0.000         
0.000         
0.000         
0.000         
0.000         
0.000         
0.000         
0.000         
0.000         
0.000         
0.000         
0.000         
0.000         
0.000         
0.000         
4.590         
0.049         
0.000         
0.000         
0.000         
0.000         
0.000         
0.000         
4.557         
0.000         
0.000         
6.053         
31.726        
0.000         
33.374        
0.000         
0.000         
0.000         
0.000         
13.169        
0.000         
0.000         
0.000         
0.000         
0.000         
0.000         
0.000         
0.000         
0.000         
0.000         
0.000         
0.000         
0.000         
0.000         
0.000         
0.000         
0.000         
0.000         
0.000         
0.000         
0.000         
0.000         
48.016        
0.000         
0.000         
0.000         
0.000         
0.000         
0.000         
0.000         
0.000         
0.000         
0.000         
0.000         
0.000         
0.000         
0.000         
0.000         
0.000         
0.000         
0.000         
0.000         
0.000         
0.000         
0.000         
0.000         
0.000         
0.000         
0.000         
0.000         
0.000         
0.000         
0.000         
0.000         
0.000         
0.000         
0.000         
0.000         
0.000         
0.000         
0.000         
0.000         
0.000         
0.000         
0.000         
0.000         
0.000         
0.000         
0.000         
0.000         
0.000         
19.856        
0.000         
0.000         
0.000         
0.000         
3.111         
0.000         
0.000         
0.000         
0.000         
0.000         
0.000         
0.000         
0.000         
0.000         
0.000         
0.000         
36.714        
0.000         
0.000         
0.000         
0.000         
0.000         
0.000         
0.000         
0.000         
0.000         
0.000         
0.000         
0.000         
0.000         
0.000         
0.000         
0.000         
0.000         
0.000         
0.000         
0.000         
0.000         
0.000         
0.000         
0.000         
0.000         
0.000         
0.000         
0.000         
0.000         
0.000         
0.000         
0.000         
0.000         
0.000         
0.000         
0.000         
0.000         
0.000         
0.000         
0.000         
0.000         
0.000         
0.000         
0.000         
0.000         
0.000         
0.000         
0.000         
0.000         
0.000         
0.000         
0.000         
0.000         
0.000         
0.000         
0.000         
0.000         
95.706        
0.000         
0.000         
0.000         
0.000         
0.000         
0.000         
0.000         
0.000         
0.000         
0.000         
7.594         
0.000         
0.000         
0.000         
0.000         
0.000         
0.000         
0.000         
0.000         
7.643         
0.000         
0.000         
0.000         
0.000         
0.000         
0.000         
0.000         
0.000         
0.000         
0.000         
0.000         
0.736         
1.065         
0.000         
0.000         
0.000         
0.000         
1.615         
0.000         
0.054         
0.000         
0.000         
0.000         
0.000         
0.000         
0.000         
0.000         
0.000         
0.000         
0.000         
0.000         
0.000         
0.000         
0.000         
0.000         
0.000         
0.000         
0.000         
0.000         
0.000         
0.000         
0.000         
0.000         
0.000         
0.000         
0.000         
0.000         
0.000         
0.000         
0.000         
0.000         
0.000         
0.000         
0.000         
0.000         
0.000         
0.000         
0.000         
0.000         
0.000         
0.000         
0.000         
0.000         
0.000         
0.000         
0.000         
0.000         
0.000         
0.000         
0.000         
0.000         
0.000         
0.000         
0.000         
0.000         
0.000         
0.000         
0.000         
0.000         
0.000         
0.000         
0.000         
0.000         
0.000         
0.000         
0.000         
0.000         
0.000         
0.000         
0.000         
0.000         
0.000         
0.000         
0.000         
0.000         
0.000         
0.000         
0.000         
0.000         
0.000         
0.000         
0.000         
0.000         
0.000         
0.000         
0.000         
0.000         
0.000         
0.000         
0.000         
0.000         
0.000         
0.000         
0.000         
0.000         
2.921         
0.000         
2.340         
0.000         
0.316         
0.000         
0.000         
0.000         
0.000         
0.000         
0.000         
0.000         
0.000         
0.000         
0.000         
0.000         
0.000         
0.000         
0.000         
0.000         
0.000         
0.000         
0.000         
0.000         
0.000         
0.000         
0.000         
0.000         
0.000         
0.000         
0.000         
0.000         
0.000         
0.000         
0.000         
0.000         
0.000         
12.748        
27.043        
0.548         
0.000         
0.000         
0.000         
0.000         
0.000         
0.000         
0.000         
0.000         
0.000         
0.000         
0.000         
0.000         
0.000         
0.000         
0.000         
0.000         
0.000         
0.000         
0.000         
0.000         
0.000         
0.000         
0.000         
0.000         
0.000         
0.000         
0.000         
0.000         
0.000         
0.000         
0.000         
0.000         
0.000         
0.000         
0.031         
0.000         
8.033         
0.000         
0.000         
0.000         
0.000         
0.000         
0.000         
2.767         
5.636         
0.000         
0.000         
0.000         
0.000         
0.000         
29.530        
0.000         
0.000         
0.000         
0.000         
0.000         
0.000         
0.000         
0.000         
0.000         
0.000         
0.000         
0.000         
0.000         
0.000         
0.000         
0.000         
0.000         
0.000         
0.000         
0.000         
0.000         
0.000         
0.000         
144.315       
0.000         
0.000         
0.000         
0.000         
0.000         
0.000         
0.000         
0.000         
0.000         
0.000         
0.000         
0.000         
0.000         
0.000         
0.000         
0.000         
0.000         
0.000         
0.000         
0.000         
0.000         
0.000         
0.000         
0.000         
0.000         
0.000         
0.000         
0.000         
0.000         
0.000         
0.000         
0.000         
0.000         
0.000         
0.000         
0.000         
0.000         
0.000         
0.000         
0.000         
0.000         
0.000         
0.000         
0.000         
0.000         
0.000         
0.000         
0.000         
0.000         
0.000         
0.000         
0.008         
0.000         
0.000         
0.000         
0.000         
0.000         
0.000         
0.000         
0.000         
0.000         
0.000         
3.928         
0.000         
0.000         
0.000         
0.000         
0.000         
0.000         
0.000         
0.000         
0.000         
0.728         
0.000         
0.000         
0.000         
0.000         
0.000         
0.000         
0.000         
0.000         
0.000         
0.000         
0.000         
0.000         
0.000         
0.000         
0.000         
0.000         
0.000         
0.000         
0.000         
0.000         
0.000         
0.000         
0.000         
0.000         
0.000         
0.000         
0.000         
0.000         
0.000         
0.000         
0.000         
0.000         
2.339         
0.000         
0.000         
0.000         
0.966         
0.000         
0.000         
28.895        
0.000         
2.430         
0.000         
0.000         
0.000         
0.000         
0.000         
0.000         
0.000         
1.739         
0.000         
0.000         
2.054         
11.702        
0.000         
0.000         
0.000         
0.455         
0.000         
0.000         
0.000         
0.000         
0.000         
0.000         
0.000         
0.000         
0.000         
0.000         
0.000         
0.000         
0.000         
0.000         
0.000         
0.000         
0.000         
0.000         
0.000         
0.000         
0.000         
0.000         
0.000         
0.000         
0.000         
0.000         
0.000         
0.000         
0.000         
0.000         
0.000         
0.000         
0.000         
0.000         
0.000         
0.000         
0.000         
0.007         
0.000         
9.445         
3.132         
0.000         
12.033        
0.000         
0.000         
0.000         
2.297         
0.000         
0.000         
0.000         
0.000         
0.000         
0.000         
0.000         
0.414         
0.000         
7.340         
0.000         
0.000         
0.000         
0.000         
0.000         
0.000         
0.000         
0.000         
0.000         
1.651         
0.000         
0.000         
0.000         
0.000         
0.000         
0.000         
0.000         
0.000         
0.000         
0.000         
0.000         
0.000         
0.000         
0.000         
0.000         
0.000         
1.196         
0.000         
0.000         
0.000         
0.000         
0.000         
6.683         
0.000         
0.000         
0.000         
0.000         
0.000         
0.000         
0.000         
0.000         
0.000         
0.000         
0.000         
0.000         
0.000         
0.000         
0.000         
0.000         
0.000         
0.000         
0.000         
0.000         
0.000         
0.000         
0.000         
0.000         
0.000         
0.000         
0.000         
0.000         
0.000         
0.000         
0.000         
0.000         
0.511         
2.720         
0.000         
0.000         
3.747         
4.671         
0.000         
0.000         
4.691         
0.000         
0.000         
0.000         
0.000         
1.138         
0.000         
0.000         
0.000         
0.000         
0.000         
0.000         
0.000         
0.000         
0.000         
3.693         
0.000         
0.000         
0.000         
0.000         
0.000         
0.000         
0.000         
0.000         
0.000         
0.000         
0.000         
0.000         
0.000         
0.000         
0.000         
0.000         
2.345         
0.000         
114.026       
0.000         
0.000         
40.634        
0.000         
0.000         
0.000         
0.000         
0.000         
0.000         
0.000         
0.000         
0.000         
0.000         
0.000         
0.000         
0.000         
16.383        
0.000         
0.000         
0.000         
0.000         
0.000         
0.000         
0.000         
0.000         
0.000         
0.000         
0.078         
0.000         
0.000         
27.858        
0.000         
0.000         
0.000         
0.000         
1.238         
0.000         
0.000         
0.000         
0.000         
0.000         
3.969         
0.000         
0.000         
54.655        
0.000         
0.000         
0.000         
0.000         
0.000         
0.000         
0.000         
0.000         
0.000         
0.000         
0.000         
0.000         
0.000         
0.000         
0.000         
70.651        
0.000         
0.000         
0.000         
0.000         
0.000         
0.000         
0.000         
0.000         
0.000         
0.000         
0.000         
0.000         
0.000         
0.000         
0.000         
0.000         
0.000         
0.000         
0.000         
0.000         
0.000         
0.000         
0.000         
0.000         
0.000         
0.000         
0.000         
0.000         
0.000         
0.000         
0.000         
0.000         
0.000         
0.000         
0.000         
0.000         
0.000         
0.000         
0.000         
0.000         
0.000         
0.000         
0.000         
0.000         
0.000         
0.000         
0.000         
0.000         
1.667         
0.000         
0.000         
0.000         
0.000         
0.000         
0.000         
0.000         
0.000         
0.000         
0.000         
0.000         
29.189        
0.000         
0.000         
0.000         
0.000         
0.000         
0.000         
0.000         
0.000         
1.203         
0.000         
0.000         
0.000         
0.000         
0.000         
0.000         
0.000         
0.000         
0.000         
0.000         
0.000         
0.000         
0.000         
0.000         
0.000         
0.000         
0.000         
0.000         
0.000         
0.000         
0.000         
0.000         
0.000         
0.000         
0.000         
0.000         
0.000         
0.000         
0.000         
0.000         
0.000         
0.000         
0.000         
0.000         
0.000         
0.000         
0.000         
0.000         
0.000         
0.000         
0.000         
0.000         
0.000         
0.000         
0.000         
3.102         
0.000         
0.000         
0.000         
0.000         
0.000         
0.000         
0.000         
0.000         
0.000         
0.000         
0.000         
2.121         
0.000         
1.551         
2.242         
0.000         
0.000         
0.000         
0.000         
0.000         
0.665         
0.000         
0.001         
0.000         
0.000         
0.000         
0.000         
0.000         
0.000         
0.000         
0.000         
0.000         
0.000         
0.000         
0.000         
0.000         
0.000         
0.000         
0.000         
0.000         
0.000         
0.000         
0.000         
0.000         
0.000         
0.000         
0.000         
0.000         
0.000         
0.000         
16.026        
0.000         
0.000         
0.000         
0.000         
38.827        
0.000         
0.000         
0.000         
0.000         
0.000         
0.000         
0.000         
0.000         
0.000         
0.000         
0.000         
0.000         
0.000         
0.000         
0.731         
0.000         
0.000         
0.000         
4.641         
0.000         
0.000         
0.479         
0.000         
0.000         
0.000         
0.000         
0.000         
0.000         
0.000         
0.000         
0.000         
0.000         
0.000         
0.000         
0.000         
0.000         
0.000         
0.000         
0.000         
0.000         
0.000         
0.000         
0.000         
0.000         
0.000         
0.000         
0.000         
0.000         
0.000         
0.000         
0.000         
0.000         
0.000         
0.000         
0.000         
0.000         
0.000         
0.000         
0.000         
0.000         
0.000         
0.000         
0.000         
0.000         
0.000         
0.000         
0.000         
0.000         
0.000         
0.000         
0.000         
0.000         
0.000         
0.000         
0.000         
0.000         
0.000         
0.000         
0.000         
0.000         
0.000         
0.000         
0.000         
0.000         
0.000         
0.000         
0.000         
0.000         
0.000         
0.000         
0.000         
0.000         
0.000         
0.000         
0.000         
0.000         
0.000         
0.000         
0.000         
0.000         
0.000         
0.000         
0.784         
0.000         
0.000         
2.720         
0.000         
2.612         
0.000         
0.000         
0.000         
0.000         
0.000         
0.000         
43.612        
0.137         
0.000         
0.000         
0.000         
0.000         
0.000         
0.000         
0.000         
0.000         
0.000         
0.000         
0.000         
0.000         
0.000         
0.000         
0.000         
0.000         
0.000         
0.000         
0.000         
0.000         
0.000         
0.000         
0.000         
10.759        
0.000         
0.000         
0.000         
0.000         
0.000         
0.000         
0.000         
0.000         
10.921        
0.000         
0.000         
0.000         
0.000         
0.000         
1.617         
0.000         
0.000         
0.000         
0.000         
0.000         
0.000         
0.000         
0.000         
0.000         
0.000         
0.000         
0.000         
0.000         
0.000         
0.000         
0.000         
0.000         
22.776        
0.000         
50.348        
0.000         
62.109        
0.000         
0.000         
0.000         
0.000         
0.000         
0.000         
0.000         
0.000         
0.000         
0.000         
0.000         
0.000         
0.000         
0.000         
0.000         
0.000         
0.000         
0.000         
0.000         
0.000         
0.000         
0.000         
0.000         
0.000         
0.000         
0.000         
0.000         
0.000         
0.000         
0.000         
0.000         
0.000         
0.000         
0.000         
0.000         
0.000         
0.000         
0.000         
0.000         
0.000         
0.000         
0.000         
0.000         
0.000         
0.000         
0.000         
0.000         
0.000         
0.000         
0.000         
0.000         
0.000         
0.000         
0.000         
0.000         
0.000         
0.000         
0.000         
0.000         
0.000         
0.000         
0.000         
0.000         
0.000         
0.000         
0.000         
0.000         
0.141         
0.000         
0.000         
0.000         
0.000         
0.000         
0.000         
0.063         
0.000         
0.000         
0.000         
0.033         
0.000         
0.233         
0.000         
0.000         
0.000         
0.000         
0.000         
0.310         
0.000         
0.000         
0.000         
0.000         
0.000         
0.000         
0.000         
0.000         
0.000         
0.000         
12.652        
0.000         
0.000         
0.000         
0.000         
0.000         
8.284         
0.000         
0.000         
0.000         
0.000         
0.000         
0.000         
0.000         
0.000         
0.000         
0.000         
0.000         
0.000         
0.000         
0.000         
0.000         
0.000         
0.000         
0.000         
0.000         
0.000         
0.000         
0.000         
0.000         
0.000         
0.000         
0.000         
0.000         
0.000         
0.001         
0.000         
0.000         
0.000         
0.000         
0.430         
0.000         
0.000         
0.000         
0.000         
0.672         
0.000         
0.000         
0.000         
0.641         
0.000         
0.000         
0.000         
0.000         
0.000         
0.000         
0.000         
0.000         
0.000         
0.000         
0.000         
0.000         
0.000         
0.000         
0.000         
0.000         
0.000         
0.000         
0.000         
0.000         
0.000         
0.000         
0.000         
0.000         
0.000         
0.000         
0.000         
0.000         
0.000         
0.000         
0.000         
0.000         
0.000         
0.000         
0.000         
0.000         
0.000         
0.000         
2.208         
0.000         
0.000         
0.000         
0.000         
0.000         
0.000         
0.000         
0.000         
0.000         
0.000         
0.000         
0.000         
0.000         
2.004         
0.069         
0.000         
0.000         
0.000         
0.000         
0.000         
0.000         
0.000         
0.000         
0.000         
0.355         
0.000         
0.000         
0.000         
0.083         
0.000         
0.000         
0.000         
0.000         
0.000         
0.000         
0.000         
0.000         
0.000         
0.000         
0.000         
0.000         
0.000         
0.000         
0.000         
0.000         
0.000         
0.000         
0.000         
0.000         
0.000         
0.000         
0.000         
0.000         
0.000         
0.000         
0.000         
0.000         
0.000         
0.000         
0.000         
0.000         
0.000         
0.000         
0.000         
0.000         
0.000         
0.000         
2.074         
3.117         
0.000         
0.000         
0.000         
1.620         
0.000         
0.000         
0.005         
0.000         
0.000         
0.000         
0.000         
0.000         
0.000         
0.000         
0.000         
0.000         
0.000         
0.000         
0.000         
0.000         
0.000         
0.000         
2.264         
0.000         
0.000         
1.988         
0.000         
0.000         
0.000         
0.000         
0.000         
0.000         
0.000         
8.096         
0.000         
0.000         
13.085        
0.000         
0.000         
0.000         
0.000         
0.000         
0.000         
0.000         
0.000         
0.000         
0.000         
5.223         
0.000         
4.944         
0.000         
0.000         
0.000         
0.000         
0.000         
0.000         
0.000         
0.000         
0.000         
0.000         
0.000         
0.000         
0.000         
0.000         
0.000         
0.000         
0.000         
0.000         
0.000         
0.000         
19.395        
0.000         
14.419        
0.000         
0.000         
0.000         
0.000         
0.000         
42.257        
0.000         
0.000         
0.000         
0.000         
0.000         
0.000         
0.000         
0.000         
0.000         
0.000         
22.574        
0.000         
3.829         
0.000         
0.000         
0.000         
0.000         
0.000         
0.000         
0.000         
0.000         
0.000         
0.000         
0.000         
0.000         
0.000         
0.000         
0.000         
23.120        
0.000         
0.000         
0.000         
0.000         
0.000         
0.000         
0.000         
0.000         
0.000         
0.000         
18.136        
14.137        
0.000         
0.000         
0.000         
0.000         
0.000         
0.000         
0.000         
0.000         
0.000         
0.000         
0.000         
0.000         
0.000         
0.000         
0.000         
0.000         
0.000         
0.000         
0.000         
0.000         
0.000         
0.000         
0.000         
0.000         
0.000         
0.000         
0.000         
0.000         
0.000         
0.000         
0.000         
0.000         
0.000         
0.000         
0.000         
0.000         
0.000         
0.000         
0.000         
0.000         
0.000         
0.000         
0.000         
0.000         
0.000         
0.000         
0.000         
0.000         
0.000         
0.000         
0.000         
0.000         
0.000         
0.000         
0.000         
0.000         
0.000         
0.000         
0.000         
0.000         
0.000         
0.000         
0.000         
0.000         
0.000         
0.000         
0.000         
0.000         
3.594         
1.821         
0.000         
0.000         
0.000         
0.000         
0.000         
0.000         
0.000         
0.000         
0.797         
0.000         
0.000         
0.000         
0.000         
0.000         
0.000         
0.000         
0.000         
0.000         
0.000         
0.000         
0.000         
0.000         
0.000         
0.000         
0.000         
0.000         
0.000         
0.000         
0.000         
0.000         
0.000         
0.000         
0.000         
2.389         
0.000         
0.000         
0.000         
0.000         
0.000         
0.000         
0.000         
0.000         
0.000         
0.000         
0.000         
0.000         
0.000         
0.000         
0.000         
0.000         
0.000         
0.000         
0.000         
0.000         
0.000         
0.000         
0.000         
0.000         
0.000         
0.000         
0.000         
0.000         
20.509        
0.000         
0.000         
0.000         
0.000         
0.000         
0.000         
0.000         
0.000         
0.000         
0.000         
0.000         
0.000         
0.000         
0.000         
0.000         
0.000         
0.000         
0.000         
0.000         
0.000         
0.000         
0.000         
0.000         
0.000         
0.000         
0.000         
0.000         
0.000         
0.000         
0.000         
0.000         
0.000         
0.000         
0.000         
0.000         
0.000         
0.000         
0.271         
2.600         
0.000         
0.000         
0.000         
2.466         
0.000         
0.000         
0.000         
0.000         
0.000         
0.000         
0.000         
0.000         
15.506        
0.000         
0.000         
0.000         
0.000         
0.000         
0.000         
0.000         
0.000         
0.000         
0.000         
0.000         
0.000         
0.000         
0.000         
0.000         
0.000         
0.000         
0.000         
0.000         
0.745         
0.000         
0.000         
0.000         
0.000         
0.000         
0.000         
0.000         
0.000         
0.000         
0.000         
0.000         
0.000         
0.000         
0.000         
0.000         
0.000         
0.000         
0.000         
0.000         
0.000         
0.000         
0.000         
0.000         
0.000         
0.000         
0.000         
0.000         
28.559        
0.000         
0.000         
0.000         
0.000         
0.000         
0.000         
0.000         
0.000         
0.000         
0.000         
0.000         
0.000         
0.000         
0.000         
0.000         
0.000         
0.000         
0.000         
0.000         
0.000         
0.000         
0.000         
0.000         
0.000         
0.000         
0.000         
0.000         
0.000         
0.000         
0.000         
0.000         
0.000         
0.000         
0.000         
0.000         
0.000         
0.000         
0.823         
0.000         
1.424         
0.000         
0.000         
0.000         
0.000         
5.555         
0.000         
0.000         
0.000         
0.003         
0.000         
0.000         
0.000         
5.972         
0.000         
0.935         
0.000         
0.000         
0.000         
0.000         
0.000         
0.000         
0.000         
0.000         
0.000         
0.000         
0.000         
0.000         
0.000         
0.000         
0.000         
0.000         
0.000         
0.000         
0.000         
0.000         
0.000         
0.000         
0.000         
0.000         
0.000         
0.000         
0.000         
0.000         
0.000         
0.000         
0.000         
0.000         
0.000         
0.000         
0.000         
0.000         
0.000         
0.000         
0.000         
0.000         
0.000         
0.000         
0.000         
0.000         
0.000         
1.337         
0.000         
0.000         
0.000         
0.000         
0.000         
5.254         
0.000         
0.000         
2.361         
0.000         
0.000         
0.000         
4.944         
0.000         
0.000         
0.000         
0.000         
0.000         
0.000         
0.000         
3.731         
0.000         
0.000         
0.000         
0.000         
0.000         
0.000         
0.000         
0.000         
0.000         
0.000         
0.000         
0.000         
0.000         
0.000         
0.000         
0.000         
0.000         
0.000         
0.000         
0.000         
0.000         
0.000         
0.000         
0.000         
0.000         
0.000         
0.000         
0.000         
0.000         
0.000         
0.000         
0.000         
0.000         
0.000         
0.000         
0.000         
0.000         
0.000         
0.000         
0.000         
0.000         
0.000         
0.000         
0.000         
0.000         
0.000         
0.000         
0.000         
0.000         
0.000         
0.000         
0.000         
0.000         
0.000         
0.000         
0.000         
0.000         
0.000         
0.000         
0.000         
0.000         
0.000         
0.000         
0.000         
0.293         
0.000         
0.000         
0.000         
0.000         
0.000         
0.000         
0.000         
0.000         
0.000         
0.000         
0.000         
0.000         
0.000         
0.000         
0.000         
0.000         
0.000         
0.000         
0.000         
3.117         
0.000         
0.989         
0.000         
0.000         
0.000         
0.000         
0.000         
0.000         
0.000         
0.000         
0.000         
0.000         
0.000         
0.000         
0.000         
0.000         
0.000         
0.000         
0.000         
0.000         
0.000         
0.000         
0.000         
0.000         
0.000         
0.509         
0.000         
0.000         
0.000         
0.000         
0.000         
0.000         
0.000         
0.000         
0.000         
0.000         
0.000         
0.000         
0.000         
8.491         
0.000         
0.000         
0.000         
0.000         
0.000         
0.000         
0.000         
0.000         
0.000         
0.000         
0.000         
0.000         
4.481         
0.000         
0.000         
0.000         
0.000         
0.000         
0.000         
0.000         
0.000         
0.000         
0.000         
0.000         
0.000         
0.000         
5.533         
50.904        
7.479         
0.000         
0.000         
0.000         
0.000         
0.000         
0.000         
0.000         
0.000         
0.000         
0.000         
0.000         
0.000         
0.000         
0.000         
0.000         
0.000         
0.000         
0.000         
0.000         
0.000         
0.000         
0.000         
0.000         
0.000         
0.084         
0.000         
52.210        
0.000         
0.000         
48.412        
0.000         
23.271        
0.000         
0.000         
0.000         
0.000         
0.000         
0.000         
0.000         
0.000         
0.000         
0.000         
3.542         
0.000         
0.000         
0.000         
8.831         
3.863         
0.000         
0.000         
0.000         
0.000         
0.000         
0.000         
0.000         
0.000         
0.000         
0.000         
0.000         
0.000         
0.000         
0.000         
0.000         
0.000         
0.000         
0.000         
0.000         
0.000         
0.000         
0.000         
0.000         
0.000         
0.000         
0.000         
0.000         
0.000         
0.000         
0.000         
0.000         
0.000         
0.000         
0.000         
0.000         
0.000         
0.000         
0.000         
0.000         
0.000         
0.000         
0.000         
0.000         
0.000         
0.000         
0.000         
0.000         
0.000         
0.000         
0.000         
0.000         
0.000         
0.000         
0.000         
0.000         
0.000         
0.000         
0.000         
0.000         
0.000         
0.000         
0.000         
0.000         
0.000         
0.000         
0.000         
0.000         
0.000         
0.000         
0.000         
0.000         
0.000         
0.000         
0.000         
0.000         
10.532        
0.000         
0.000         
0.000         
0.000         
0.000         
0.000         
0.000         
0.000         
0.000         
0.000         
0.000         
0.000         
0.000         
0.000         
0.000         
0.000         
0.000         
0.000         
0.000         
0.000         
0.809         
0.000         
0.000         
0.000         
0.000         
0.000         
10.265        
7.166         
0.000         
0.000         
0.000         
0.000         
0.000         
0.000         
0.000         
0.000         
0.000         
0.000         
0.000         
0.000         
0.000         
0.000         
0.000         
0.000         
0.000         
0.000         
0.000         
0.000         
0.000         
0.000         
0.000         
0.000         
0.000         
0.000         
0.000         
0.000         
0.000         
0.000         
0.000         
0.000         
0.000         
0.000         
0.000         
0.000         
0.000         
0.000         
0.000         
0.000         
0.000         
0.000         
4.687         
0.000         
0.000         
3.010         
0.000         
1.634         
0.000         
1.364         
0.000         
0.000         
0.000         
0.000         
0.000         
0.000         
0.000         
2.292         
0.000         
0.000         
0.000         
0.000         
0.000         
0.000         
0.000         
0.000         
0.000         
0.000         
0.000         
0.000         
0.000         
0.000         
0.000         
0.000         
0.000         
0.000         
0.000         
0.000         
0.000         
0.000         
0.000         
0.000         
0.000         
0.000         
0.000         
0.000         
0.000         
0.000         
0.000         
0.000         
0.000         
0.000         
0.000         
0.000         
0.000         
0.000         
0.000         
0.000         
0.000         
0.000         
0.000         
0.000         
0.000         
0.000         
0.000         
0.000         
0.000         
0.000         
0.000         
0.000         
0.000         
0.000         
0.000         
0.000         
0.000         
0.000         
0.000         
0.000         
0.000         
0.000         
0.000         
0.000         
0.000         
0.000         
0.000         
0.000         
0.000         
0.000         
0.000         
0.000         
0.000         
0.000         
0.000         
0.000         
0.000         
0.000         
34.457        
0.000         
0.000         
0.000         
9.130         
0.000         
0.000         
0.000         
0.000         
0.000         
0.000         
0.000         
0.000         
0.000         
0.000         
0.000         
0.000         
0.000         
0.000         
0.000         
0.000         
0.000         
0.000         
0.000         
0.000         
0.000         
0.000         
0.000         
0.000         
0.000         
0.000         
0.000         
0.000         
0.000         
0.000         
0.000         
0.000         
0.000         
0.000         
0.000         
0.000         
0.000         
0.000         
0.000         
0.000         
0.000         
0.000         
0.263         
5.421         
0.000         
0.000         
2.193         
0.000         
0.000         
0.000         
0.000         
0.000         
0.000         
0.010         
0.000         
5.256         
0.000         
0.000         
0.000         
0.000         
0.000         
0.000         
0.000         
0.000         
0.000         
0.000         
0.000         
0.000         
0.000         
0.000         
0.000         
0.000         
0.000         
0.000         
0.000         
0.000         
0.000         
0.000         
0.000         
0.000         
0.000         
0.000         
0.000         
0.000         
0.000         
0.000         
0.000         
0.000         
0.000         
0.000         
0.000         
8.322         
0.000         
0.000         
0.000         
0.000         
0.000         
0.000         
0.000         
0.000         
0.000         
0.000         
0.000         
0.000         
0.000         
0.000         
0.000         
0.000         
0.000         
0.000         
0.000         
3.342         
0.000         
0.000         
0.000         
0.000         
0.000         
0.000         
0.000         
0.000         
0.000         
0.000         
0.000         
0.000         
0.000         
0.552         
0.000         
0.000         
0.000         
0.000         
0.000         
0.000         
0.000         
0.000         
0.000         
0.000         
0.000         
0.000         
0.000         
0.000         
0.000         
0.000         
0.000         
0.920         
0.000         
0.000         
0.000         
0.000         
0.000         
0.000         
0.000         
0.000         
0.000         
0.000         
0.000         
0.000         
0.000         
0.000         
0.000         
0.000         
13.724        
0.000         
0.000         
0.000         
0.000         
0.000         
0.000         
0.000         
0.000         
0.000         
0.000         
2.441         
0.000         
0.000         
0.000         
0.000         
0.000         
0.000         
0.000         
0.000         
0.000         
0.000         
0.000         
0.000         
0.000         
0.000         
0.000         
0.000         
0.000         
0.000         
0.000         
0.000         
0.000         
0.000         
0.000         
0.000         
0.000         
0.000         
0.000         
0.000         
0.000         
0.000         
0.043         
0.000         
3.954         
3.439         
14.144        
0.000         
0.000         
0.000         
0.000         
2.903         
0.000         
0.000         
0.000         
0.024         
0.000         
6.432         
0.000         
0.000         
0.000         
0.000         
0.000         
1.086         
0.000         
0.000         
0.000         
8.080         
0.000         
2.524         
0.000         
0.000         
0.000         
0.000         
0.000         
0.000         
0.000         
0.000         
0.000         
85.153        
4.376         
0.000         
0.000         
0.000         
0.000         
0.000         
0.000         
0.000         
0.000         
0.000         
0.000         
0.000         
0.000         
0.000         
19.543        
0.000         
0.000         
0.000         
0.000         
0.000         
0.000         
0.000         
4.208         
0.000         
0.000         
0.000         
0.000         
0.000         
0.000         
0.000         
0.000         
0.000         
0.000         
0.000         
0.000         
0.000         
0.000         
0.000         
0.000         
0.000         
0.000         
0.000         
0.000         
0.000         
0.000         
0.000         
0.000         
0.000         
0.000         
0.000         
0.000         
0.000         
0.000         
0.000         
0.000         
0.000         
0.000         
0.000         
0.000         
35.380        
0.000         
202.841       
0.000         
0.000         
0.000         
0.000         
0.000         
0.000         
0.000         
0.000         
0.000         
0.000         
0.000         
0.000         
0.000         
0.000         
0.000         
0.000         
0.000         
0.000         
0.000         
0.000         
0.000         
0.000         
0.000         
0.000         
0.000         
0.000         
0.000         
0.000         
0.000         
0.000         
0.000         
0.000         
0.000         
0.000         
0.000         
0.000         
0.000         
0.000         
0.000         
0.000         
0.000         
0.000         
0.000         
0.000         
0.000         
0.000         
0.000         
0.000         
0.000         
0.000         
0.000         
0.000         
0.000         
0.000         
0.000         
0.000         
0.000         
0.000         
0.920         
7.092         
0.000         
0.000         
0.000         
0.000         
0.000         
0.000         
0.000         
0.000         
0.000         
0.000         
0.000         
0.000         
0.000         
0.000         
0.000         
0.000         
0.000         
9.757         
0.000         
0.000         
0.000         
0.000         
0.000         
0.000         
0.000         
0.000         
0.000         
0.000         
0.000         
0.000         
0.000         
0.000         
0.000         
0.000         
0.000         
0.000         
0.000         
0.000         
0.000         
0.000         
0.000         
0.000         
0.000         
0.000         
0.000         
0.000         
0.000         
0.000         
0.000         
0.000         
0.000         
0.000         
0.000         
0.000         
0.000         
0.000         
0.000         
0.000         
0.000         
0.000         
0.000         
0.000         
0.000         
0.000         
0.000         
0.000         
8.403         
0.000         
0.000         
0.000         
0.000         
0.000         
0.000         
0.000         
0.000         
0.000         
0.000         
0.000         
0.000         
0.000         
0.000         
0.000         
0.000         
0.000         
0.000         
0.000         
0.000         
0.000         
0.000         
0.000         
0.000         
0.000         
0.000         
0.000         
0.000         
0.015         
0.000         
0.000         
0.000         
0.000         
0.000         
0.000         
3.802         
0.000         
0.000         
0.000         
0.000         
20.324        
0.000         
0.000         
0.000         
0.000         
0.000         
0.000         
0.000         
0.000         
0.000         
0.000         
0.000         
0.000         
0.000         
0.000         
0.000         
0.000         
0.000         
0.000         
0.000         
0.000         
1.277         
0.000         
0.000         
0.000         
0.000         
0.000         
0.000         
0.000         
0.000         
0.000         
0.000         
22.389        
0.000         
0.000         
0.000         
0.000         
0.000         
0.000         
0.000         
0.000         
0.000         
0.000         
0.000         
0.000         
1.033         
0.000         
0.703         
0.000         
0.000         
0.000         
0.000         
0.000         
0.000         
0.000         
0.000         
0.000         
0.000         
18.327        
0.000         
0.000         
0.000         
0.000         
0.000         
0.000         
0.000         
0.000         
0.000         
0.000         
0.000         
0.000         
0.000         
0.000         
0.000         
0.000         
0.000         
0.000         
0.000         
13.261        
0.000         
0.000         
0.000         
0.000         
1.710         
0.000         
0.000         
0.000         
0.000         
0.000         
0.000         
0.000         
0.000         
0.000         
0.000         
0.000         
0.000         
0.000         
0.000         
0.000         
0.000         
0.000         
0.000         
0.000         
0.000         
5.073         
3.616         
6.810         
0.000         
0.000         
0.000         
0.000         
0.000         
0.000         
6.967         
0.000         
0.000         
0.000         
0.000         
0.000         
0.000         
0.000         
0.000         
25.810        
0.000         
0.000         
0.000         
0.000         
0.000         
0.000         
0.000         
0.000         
0.000         
0.000         
0.000         
0.000         
0.000         
0.000         
0.000         
0.000         
0.000         
0.000         
0.000         
0.000         
0.000         
0.000         
0.000         
0.000         
0.000         
0.000         
106.982       
0.000         
0.000         
0.000         
0.000         
3.449         
0.000         
0.000         
0.000         
0.000         
15.304        
0.000         
0.000         
0.000         
0.000         
0.000         
0.000         
0.000         
0.000         
0.000         
0.000         
5.605         
0.000         
0.000         
0.000         
0.000         
0.000         
0.000         
0.000         
0.000         
3.089         
0.000         
0.000         
0.000         
0.000         
0.000         
0.000         
0.000         
0.000         
0.000         
0.000         
0.000         
0.000         
0.000         
0.000         
0.000         
0.000         
0.000         
0.000         
0.000         
0.000         
0.000         
0.000         
0.000         
0.000         
0.000         
0.000         
0.000         
0.000         
0.000         
0.000         
0.000         
0.000         
0.000         
0.000         
0.000         
0.000         
0.000         
0.000         
0.000         
0.000         
0.000         
0.000         
0.000         
0.000         
0.000         
0.000         
0.000         
0.000         
0.000         
0.000         
0.000         
0.000         
0.000         
0.000         
0.000         
0.000         
0.000         
0.000         
0.000         
0.000         
0.000         
0.000         
0.000         
0.000         
0.000         
0.000         
0.000         
0.000         
0.000         
0.684         
0.000         
0.000         
0.000         
0.000         
0.000         
0.000         
0.000         
0.000         
0.000         
0.000         
0.000         
0.000         
0.000         
0.000         
0.000         
33.772        
1.187         
0.000         
0.400         
0.000         
0.000         
0.000         
0.000         
0.000         
0.000         
0.000         
0.000         
0.000         
0.000         
0.000         
0.000         
31.794        
0.000         
0.000         
0.000         
0.000         
0.000         
0.000         
0.000         
0.000         
0.000         
0.000         
0.000         
0.000         
0.000         
0.000         
0.000         
0.000         
0.000         
0.000         
0.000         
0.000         
0.000         
0.000         
0.000         
0.000         
0.000         
0.000         
17.871        
0.000         
0.000         
0.000         
0.000         
0.000         
0.000         
0.000         
0.000         
0.000         
0.000         
0.000         
0.000         
0.000         
0.000         
0.000         
0.000         
5.888         
24.831        
0.000         
0.000         
0.000         
0.000         
0.000         
0.000         
0.000         
0.000         
0.000         
0.000         
0.000         
0.000         
0.000         
0.000         
0.000         
0.000         
0.000         
0.000         
0.000         
0.000         
0.000         
0.000         
0.000         
0.000         
0.000         
0.000         
0.000         
0.000         
0.000         
0.000         
0.000         
0.000         
0.000         
0.000         
0.000         
0.000         
0.000         
40.514        
0.000         
0.000         
0.000         
0.000         
4.401         
0.000         
0.000         
0.000         
0.000         
0.000         
0.000         
0.000         
0.000         
0.000         
0.000         
0.000         
1.381         
0.000         
0.000         
0.000         
0.000         
0.000         
0.000         
0.000         
0.000         
0.000         
0.000         
0.000         
0.000         
0.000         
0.000         
0.000         
0.000         
0.000         
0.000         
1.342         
0.000         
0.000         
0.000         
0.000         
0.000         
0.000         
0.000         
0.000         
0.000         
0.000         
0.000         
0.000         
0.000         
0.000         
0.000         
0.000         
0.000         
0.000         
0.000         
0.000         
0.000         
0.000         
0.321         
0.000         
0.000         
0.000         
0.000         
0.000         
0.000         
0.000         
0.000         
0.000         
0.000         
0.000         
0.000         
0.000         
0.000         
0.000         
0.000         
0.000         
0.000         
0.000         
0.000         
0.000         
0.000         
0.000         
0.000         
0.000         
0.000         
0.000         
0.000         
0.000         
0.000         
0.000         
0.000         
0.000         
0.000         
0.000         
0.000         
0.000         
0.000         
3.487         
0.000         
0.000         
0.000         
0.000         
0.000         
0.000         
0.000         
0.000         
0.000         
0.000         
0.000         
0.622         
1.551         
0.000         
22.914        
0.000         
0.000         
14.561        
0.000         
4.242         
0.000         
0.000         
0.000         
88.637        
31.472        
0.000         
0.000         
0.000         
0.000         
0.000         
0.000         
0.000         
0.000         
0.000         
0.000         
0.000         
0.000         
0.000         
0.000         
0.000         
0.000         
0.000         
0.000         
0.000         
0.000         
0.000         
0.000         
0.000         
0.000         
0.000         
0.000         
0.000         
0.000         
35.060        
2.420         
0.000         
0.000         
0.000         
0.000         
0.000         
0.000         
0.000         
0.000         
0.000         
0.000         
0.000         
0.000         
0.000         
0.000         
0.000         
0.000         
0.000         
0.000         
0.000         
0.000         
148.730       
0.000         
0.000         
0.000         
0.000         
0.000         
0.000         
0.000         
0.000         
0.000         
0.000         
0.000         
0.000         
0.000         
0.000         
0.000         
0.000         
0.000         
0.000         
0.000         
87.146        
0.000         
0.000         
0.000         
68.995        
0.000         
0.000         
0.000         
0.000         
0.000         
0.000         
0.000         
0.000         
0.000         
0.000         
13.862        
0.000         
0.000         
0.000         
0.000         
0.000         
0.000         
0.000         
0.000         
0.000         
0.000         
0.000         
0.000         
0.000         
0.000         
0.000         
0.000         
0.000         
0.000         
0.000         
0.000         
0.000         
0.000         
0.000         
0.000         
0.000         
0.000         
0.000         
0.000         
0.000         
0.000         
0.000         
0.000         
0.000         
0.000         
0.000         
1.126         
0.000         
0.000         
0.000         
0.000         
0.000         
0.000         
0.000         
0.000         
0.000         
0.000         
0.000         
0.000         
0.000         
0.000         
0.000         
0.000         
0.000         
0.000         
0.000         
0.000         
12.025        
0.000         
0.000         
0.000         
0.000         
0.000         
51.190        
0.000         
0.000         
0.000         
0.000         
0.000         
0.000         
0.000         
0.000         
58.265        
0.000         
0.000         
0.000         
0.000         
0.000         
0.000         
0.000         
0.000         
0.000         
0.000         
0.000         
0.000         
13.985        
0.000         
0.000         
0.000         
0.000         
0.000         
0.000         
0.000         
0.000         
0.000         
0.000         
0.000         
0.000         
0.000         
0.000         
0.000         
0.000         
0.000         
0.000         
17.568        
0.000         
0.000         
0.000         
0.000         
0.000         
0.000         
0.000         
0.000         
0.000         
21.074        
0.000         
0.000         
0.000         
0.000         
0.000         
1.231         
0.000         
0.000         
0.000         
0.000         
0.000         
0.000         
0.000         
0.000         
0.000         
0.000         
0.000         
0.000         
0.000         
0.000         
0.000         
0.000         
0.000         
0.000         
0.000         
0.000         
0.000         
0.000         
0.000         
0.000         
0.000         
0.000         
0.000         
0.000         
0.000         
0.000         
0.000         
0.000         
0.000         
0.000         
0.000         
0.000         
0.000         
0.000         
0.000         
0.000         
0.000         
0.000         
0.282         
0.000         
0.250         
0.000         
0.000         
2.465         
0.000         
0.000         
0.000         
0.000         
0.000         
0.000         
36.413        
0.000         
24.045        
0.000         
0.000         
0.000         
0.000         
0.000         
0.000         
0.000         
0.000         
0.000         
0.000         
0.000         
0.000         
1.397         
0.000         
0.000         
0.000         
0.000         
0.000         
0.000         
0.000         
0.000         
0.000         
0.000         
0.000         
0.000         
0.000         
0.000         
0.000         
0.000         
0.000         
0.000         
0.000         
0.000         
0.000         
0.000         
0.000         
0.000         
0.000         
0.000         
0.000         
0.000         
0.000         
0.000         
0.000         
0.000         
0.000         
0.000         
0.000         
0.000         
0.000         
0.000         
0.000         
0.000         
0.000         
0.000         
0.000         
0.000         
0.000         
0.000         
0.000         
9.288         
6.904         
0.000         
0.000         
0.000         
0.000         
0.000         
0.000         
0.000         
0.000         
0.000         
0.000         
6.839         
0.000         
0.000         
0.000         
0.000         
0.000         
0.000         
0.000         
0.000         
0.000         
0.000         
0.000         
0.000         
0.000         
0.000         
0.000         
7.595         
0.000         
0.000         
0.000         
0.000         
0.000         
0.468         
12.531        
8.404         
0.000         
0.000         
0.000         
0.000         
0.000         
0.000         
0.000         
0.000         
0.000         
0.000         
0.000         
0.000         
0.000         
0.000         
0.000         
7.895         
0.000         
0.000         
0.000         
0.000         
0.000         
4.529         
0.000         
0.000         
0.000         
0.000         
0.000         
0.000         
0.000         
0.000         
0.000         
0.000         
0.000         
0.000         
0.000         
0.000         
11.802        
0.000         
0.000         
0.000         
0.000         
0.000         
19.895        
0.000         
0.000         
0.000         
0.000         
0.000         
0.000         
0.000         
0.000         
0.000         
0.000         
0.000         
0.000         
0.000         
0.000         
0.000         
0.000         
0.000         
0.000         
0.000         
0.000         
0.000         
0.000         
0.000         
0.000         
0.000         
0.000         
0.000         
0.000         
0.000         
0.000         
0.000         
35.488        
0.000         
0.000         
0.000         
0.000         
0.000         
0.000         
0.000         
0.000         
0.000         
0.000         
0.000         
0.000         
0.000         
0.000         
0.000         
0.000         
0.000         
0.000         
0.000         
0.000         
0.000         
0.000         
0.000         
0.000         
0.000         
0.000         
0.000         
0.000         
0.000         
0.000         
0.000         
0.000         
0.000         
0.000         
0.000         
0.000         
0.000         
0.000         
0.000         
0.000         
0.000         
0.000         
0.000         
0.000         
0.000         
0.000         
0.000         
0.000         
0.000         
0.000         
0.000         
1.867         
13.912        
0.000         
0.000         
0.000         
26.269        
18.691        
0.000         
0.000         
0.000         
0.000         
0.000         
0.000         
0.000         
0.000         
0.000         
0.000         
0.000         
2.431         
0.000         
0.000         
0.000         
0.000         
0.373         
1.308         
0.000         
0.000         
0.000         
0.000         
0.000         
0.000         
0.000         
0.000         
0.000         
0.000         
0.000         
0.000         
0.000         
0.000         
0.000         
0.000         
0.000         
0.000         
0.000         
0.000         
0.000         
0.000         
0.000         
0.000         
0.000         
0.000         
0.000         
0.000         
0.000         
0.000         
0.000         
0.000         
0.000         
0.000         
0.000         
0.000         
0.000         
0.000         
0.000         
0.000         
0.000         
0.000         
0.000         
10.202        
0.000         
0.000         
8.499         
0.000         
0.000         
0.000         
0.000         
0.000         
0.000         
0.000         
0.000         
0.000         
0.000         
0.000         
0.000         
0.000         
0.000         
0.000         
0.000         
0.000         
0.000         
0.000         
0.000         
0.782         
0.000         
0.000         
0.000         
0.000         
0.000         
0.000         
0.000         
0.000         
0.000         
0.000         
0.000         
0.852         
0.000         
0.000         
0.000         
0.000         
0.000         
0.000         
0.000         
0.000         
0.000         
0.000         
0.000         
0.000         
0.000         
0.000         
0.000         
0.000         
0.000         
0.000         
0.000         
0.000         
0.000         
0.000         
0.000         
0.000         
0.000         
4.068         
0.000         
0.000         
0.000         
0.000         
0.000         
0.000         
0.000         
0.000         
0.000         
0.000         
0.000         
0.000         
0.000         
0.000         
0.000         
0.000         
0.000         
0.000         
0.000         
0.000         
0.000         
0.000         
0.000         
0.000         
0.000         
0.000         
0.000         
0.000         
0.000         
0.000         
0.000         
0.000         
0.000         
0.000         
0.000         
0.000         
2.514         
0.000         
0.000         
0.000         
5.737         
0.000         
0.000         
0.000         
0.000         
0.000         
0.000         
0.000         
0.000         
0.000         
0.000         
0.000         
0.000         
0.000         
0.000         
0.000         
0.000         
0.000         
0.000         
0.000         
0.000         
0.000         
0.000         
0.000         
0.000         
0.000         
0.000         
0.000         
0.000         
0.000         
0.000         
0.000         
0.000         
0.000         
0.000         
0.000         
0.000         
0.000         
0.000         
2.321         
9.526         
0.000         
3.320         
0.000         
0.000         
0.000         
0.000         
0.000         
0.621         
0.000         
0.000         
0.000         
0.000         
0.000         
0.000         
0.000         
10.773        
0.000         
0.000         
0.000         
0.000         
0.000         
0.000         
0.000         
0.000         
0.000         
0.000         
0.000         
0.000         
0.000         
0.000         
0.000         
0.000         
0.000         
0.000         
0.000         
13.039        
0.000         
0.000         
0.000         
0.000         
0.000         
0.000         
0.000         
0.000         
0.000         
0.000         
0.000         
0.000         
0.000         
0.000         
0.000         
0.000         
121.253       
0.000         
5.655         
0.000         
0.000         
0.000         
0.000         
0.000         
0.000         
0.000         
0.000         
0.143         
0.000         
0.000         
0.000         
0.000         
0.000         
0.000         
0.000         
7.771         
0.000         
0.000         
0.000         
6.030         
0.000         
0.000         
0.000         
0.000         
65.655        
0.000         
0.000         
0.000         
0.000         
36.462        
0.000         
83.129        
0.000         
0.000         
0.000         
0.000         
0.000         
0.000         
0.000         
0.000         
0.000         
0.000         
0.000         
0.000         
0.000         
0.000         
0.000         
0.000         
0.000         
0.000         
0.000         
0.000         
0.000         
0.000         
0.000         
0.000         
0.000         
0.000         
0.000         
0.000         
0.000         
0.000         
0.000         
0.000         
0.000         
0.000         
0.000         
0.000         
0.000         
0.000         
0.000         
0.000         
0.000         
0.000         
0.000         
0.000         
0.000         
0.000         
0.000         
0.000         
0.000         
0.000         
0.000         
0.000         
0.000         
0.000         
0.000         
0.000         
0.000         
0.000         
0.000         
0.000         
0.000         
0.000         
0.000         
0.000         
0.000         
0.000         
10.257        
0.000         
0.000         
0.000         
0.000         
0.000         
0.000         
0.000         
0.000         
0.000         
0.000         
0.000         
0.000         
0.000         
0.000         
0.000         
0.000         
0.000         
0.000         
0.000         
0.000         
0.000         
0.000         
0.000         
0.000         
0.000         
0.046         
0.000         
0.000         
0.000         
0.000         
0.000         
0.000         
0.000         
0.000         
0.000         
0.000         
0.000         
0.000         
0.000         
0.000         
0.000         
0.000         
0.000         
0.000         
7.965         
0.000         
0.000         
0.000         
0.000         
0.000         
0.000         
0.000         
0.000         
0.000         
0.000         
0.000         
0.000         
0.000         
0.000         
0.000         
0.000         
0.000         
0.000         
21.680        
0.000         
0.000         
0.000         
5.764         
0.768         
0.000         
0.000         
0.000         
0.000         
0.000         
4.922         
0.000         
0.000         
0.000         
0.000         
0.000         
0.000         
0.000         
0.000         
0.000         
0.000         
0.000         
0.000         
0.000         
0.000         
0.000         
0.000         
0.000         
0.000         
0.000         
0.000         
1.393         
7.635         
0.000         
0.000         
0.000         
0.000         
0.000         
0.000         
0.000         
0.000         
0.000         
0.000         
0.000         
0.000         
0.000         
0.000         
0.000         
0.000         
0.000         
0.000         
0.000         
0.000         
0.000         
1.128         
0.000         
0.000         
0.000         
0.000         
0.000         
0.000         
0.000         
0.000         
0.000         
0.000         
0.000         
0.000         
0.000         
0.000         
0.000         
0.000         
0.000         
0.000         
0.000         
0.000         
0.000         
0.000         
0.000         
0.000         
0.000         
0.000         
0.000         
0.000         
0.000         
0.000         
0.000         
0.000         
0.000         
0.000         
0.000         
0.000         
0.000         
0.000         
0.000         
0.000         
0.000         
0.000         
0.000         
0.000         
0.000         
0.000         
0.000         
0.000         
0.000         
0.000         
0.000         
0.000         
0.000         
0.000         
0.000         
0.000         
0.000         
0.000         
0.000         
0.000         
0.000         
0.000         
0.000         
0.000         
0.017         
0.000         
0.000         
0.000         
0.000         
0.000         
0.000         
0.000         
0.000         
0.000         
0.000         
0.000         
0.000         
0.000         
0.000         
0.000         
0.000         
0.000         
0.000         
0.000         
0.000         
0.000         
16.583        
0.000         
0.000         
0.000         
0.000         
0.009         
0.000         
0.000         
0.000         
0.000         
0.000         
0.000         
0.000         
83.654        
1.007         
0.000         
0.000         
0.000         
0.000         
0.000         
0.000         
0.000         
0.001         
0.000         
0.000         
2.437         
0.000         
0.000         
0.000         
0.000         
0.000         
0.000         
0.000         
0.000         
0.000         
0.000         
0.000         
0.000         
0.000         
0.000         
53.148        
0.000         
0.000         
0.000         
0.000         
0.000         
0.000         
0.000         
0.000         
0.000         
0.000         
0.000         
10.658        
0.000         
0.000         
0.000         
0.000         
0.000         
0.000         
0.000         
0.000         
0.000         
0.000         
0.000         
0.000         
0.619         
2.267         
0.192         
0.000         
0.000         
1.001         
0.000         
0.000         
0.000         
0.000         
4.011         
0.000         
0.000         
0.000         
0.000         
0.000         
0.000         
7.037         
5.511         
0.000         
0.000         
0.000         
0.000         
0.000         
0.000         
0.000         
0.000         
0.284         
0.000         
0.000         
0.000         
0.000         
0.000         
0.000         
0.000         
0.000         
0.000         
0.000         
12.782        
0.000         
0.000         
0.000         
0.000         
0.000         
0.000         
0.000         
0.000         
0.000         
0.000         
0.000         
0.000         
0.000         
0.000         
0.207         
0.000         
0.000         
0.000         
0.000         
0.000         
0.000         
0.000         
0.000         
0.000         
0.000         
0.000         
0.000         
0.000         
0.000         
0.000         
0.000         
0.000         
0.000         
0.000         
0.000         
0.000         
0.000         
0.000         
0.000         
0.000         
0.000         
0.000         
0.000         
0.000         
0.000         
0.000         
0.000         
0.000         
0.000         
0.000         
0.000         
0.000         
0.000         
0.000         
0.000         
0.000         
0.000         
0.000         
0.000         
2.951         
0.000         
0.000         
0.000         
0.067         
0.000         
0.000         
0.000         
0.000         
0.000         
0.000         
0.000         
35.800        
0.000         
0.000         
0.000         
0.000         
0.000         
0.000         
0.000         
0.000         
0.000         
0.000         
