0.000         
0.000         
0.000         
0.000         
0.000         
0.000         
0.000         
0.000         
0.000         
0.000         
0.014         
0.000         
0.000         
0.000         
0.000         
0.000         
0.000         
0.000         
0.000         
0.000         
0.000         
0.000         
2.025         
0.000         
0.000         
0.000         
3.012         
0.000         
0.000         
0.000         
7.952         
0.000         
0.000         
0.000         
0.000         
0.000         
0.000         
0.000         
0.000         
0.000         
0.000         
0.000         
0.000         
0.000         
0.000         
0.000         
0.000         
0.000         
0.000         
5.692         
0.000         
0.000         
0.000         
0.000         
0.000         
32.016        
0.000         
0.710         
0.000         
0.000         
0.000         
0.000         
0.000         
0.000         
0.000         
0.000         
3.401         
0.000         
0.000         
0.000         
0.000         
0.000         
0.000         
0.000         
3.238         
0.000         
12.798        
0.000         
0.000         
0.000         
0.000         
2.578         
0.000         
0.000         
0.000         
0.000         
0.000         
0.000         
0.000         
0.000         
0.000         
0.000         
0.000         
0.000         
0.000         
0.000         
0.000         
0.000         
0.000         
0.000         
0.000         
0.000         
0.000         
4.225         
0.000         
0.000         
0.000         
0.000         
0.000         
15.183        
0.000         
0.000         
0.000         
0.000         
0.000         
0.000         
0.000         
0.000         
0.000         
0.000         
0.000         
0.000         
0.000         
0.000         
17.068        
0.000         
0.000         
0.000         
0.000         
0.000         
2.563         
0.000         
0.000         
0.000         
3.989         
0.000         
0.000         
0.000         
0.000         
0.000         
0.000         
0.000         
0.000         
0.000         
0.000         
0.000         
0.000         
0.000         
0.000         
0.000         
15.469        
0.000         
0.000         
3.141         
0.000         
0.000         
0.000         
0.000         
0.000         
0.000         
0.000         
0.000         
0.000         
0.000         
0.000         
0.000         
0.000         
0.000         
0.000         
0.000         
0.000         
0.000         
0.000         
0.000         
0.000         
0.000         
0.000         
0.000         
0.000         
0.000         
0.000         
0.000         
0.000         
0.000         
5.477         
0.013         
12.537        
0.000         
1.189         
0.054         
31.633        
32.946        
0.000         
0.000         
0.000         
0.000         
2.969         
0.000         
0.000         
3.010         
29.774        
0.396         
0.000         
0.000         
0.000         
3.149         
2.729         
0.000         
0.000         
0.000         
6.203         
0.000         
0.000         
0.000         
0.000         
0.000         
0.000         
0.000         
0.000         
0.000         
0.000         
0.000         
0.000         
0.000         
0.000         
0.000         
0.000         
0.000         
0.000         
0.000         
0.000         
0.000         
0.000         
0.000         
0.000         
0.000         
0.000         
0.000         
0.000         
0.056         
0.000         
0.000         
0.000         
0.000         
0.000         
20.669        
0.000         
0.000         
0.000         
0.000         
0.000         
28.848        
0.307         
0.000         
0.000         
0.000         
0.000         
1.066         
0.427         
14.559        
0.000         
0.005         
0.000         
0.920         
0.000         
0.000         
0.000         
0.000         
0.000         
0.000         
0.000         
0.000         
0.000         
0.000         
0.000         
0.000         
0.000         
0.001         
0.000         
0.000         
0.000         
0.000         
0.000         
0.000         
0.000         
0.000         
0.000         
0.000         
0.000         
0.000         
0.000         
0.000         
0.000         
0.000         
0.000         
0.000         
0.000         
0.000         
0.000         
0.000         
0.000         
0.000         
0.000         
0.000         
0.000         
0.000         
0.000         
0.000         
0.000         
0.000         
0.000         
0.000         
0.000         
0.000         
0.000         
0.000         
0.000         
0.000         
0.000         
0.000         
0.000         
0.000         
0.000         
0.000         
0.000         
21.014        
0.000         
0.000         
0.000         
0.000         
0.000         
0.000         
0.000         
0.000         
0.000         
0.000         
0.000         
0.000         
0.000         
0.000         
0.553         
0.000         
0.000         
0.000         
0.000         
0.000         
0.000         
0.000         
0.000         
0.000         
4.320         
0.000         
0.000         
0.000         
0.000         
30.019        
0.000         
0.000         
0.000         
0.000         
0.000         
0.000         
0.000         
0.000         
0.000         
0.000         
0.000         
0.000         
0.000         
0.000         
0.000         
0.000         
0.000         
0.000         
0.000         
0.000         
0.000         
0.000         
0.000         
0.000         
0.000         
0.000         
0.000         
0.000         
0.000         
0.000         
0.000         
0.000         
0.000         
0.000         
0.000         
0.000         
0.000         
0.000         
0.000         
0.000         
0.000         
0.000         
0.000         
0.000         
0.000         
0.000         
0.000         
3.763         
0.000         
0.000         
20.650        
0.000         
7.729         
0.000         
0.000         
0.000         
0.000         
7.519         
21.055        
0.000         
0.000         
0.000         
0.000         
0.000         
0.000         
0.000         
11.598        
0.000         
0.000         
5.331         
0.000         
0.000         
7.029         
0.000         
0.000         
0.000         
2.317         
0.000         
0.000         
0.000         
0.000         
0.000         
0.000         
0.000         
0.000         
0.000         
0.000         
0.000         
0.000         
0.000         
0.000         
0.000         
0.000         
0.000         
0.000         
0.000         
0.000         
0.000         
0.000         
0.000         
0.000         
0.000         
0.000         
1.866         
0.000         
0.000         
0.000         
0.000         
0.000         
0.000         
0.000         
0.000         
0.000         
0.000         
0.000         
0.000         
0.000         
0.000         
0.000         
0.000         
0.000         
0.000         
0.000         
0.000         
0.000         
0.000         
0.000         
0.000         
0.000         
0.000         
0.000         
5.034         
0.000         
0.000         
0.000         
0.000         
0.000         
0.000         
0.000         
0.000         
0.000         
0.000         
0.000         
0.000         
0.000         
0.000         
0.000         
0.000         
0.000         
0.000         
0.000         
0.000         
0.000         
0.000         
0.000         
0.000         
0.010         
0.000         
0.000         
0.000         
0.000         
0.000         
1.760         
0.000         
14.269        
0.000         
0.000         
0.000         
0.000         
0.000         
0.000         
0.000         
0.000         
0.000         
0.000         
0.000         
0.000         
0.000         
12.627        
0.000         
25.507        
0.000         
4.111         
0.000         
0.000         
0.000         
0.000         
0.654         
12.693        
0.000         
0.000         
8.096         
0.000         
1.731         
0.000         
0.000         
6.640         
5.599         
0.000         
12.354        
62.781        
3.602         
4.602         
6.486         
0.000         
31.646        
0.000         
0.000         
0.000         
0.000         
0.363         
0.000         
0.011         
0.000         
0.000         
0.000         
9.818         
41.554        
17.444        
19.081        
12.558        
0.000         
0.000         
2.732         
14.717        
17.096        
20.483        
0.000         
0.000         
1.738         
0.000         
0.000         
0.000         
0.000         
0.000         
0.000         
0.000         
47.514        
0.000         
0.000         
0.000         
6.994         
0.000         
0.000         
0.000         
0.000         
5.882         
0.000         
9.782         
0.000         
0.000         
0.000         
0.000         
0.000         
10.417        
0.000         
0.000         
0.579         
2.602         
0.000         
4.804         
0.000         
0.000         
0.000         
0.000         
0.000         
0.000         
30.569        
0.000         
1.502         
0.561         
0.000         
0.011         
0.000         
60.161        
0.000         
0.000         
0.000         
0.000         
0.000         
0.000         
0.000         
0.000         
0.000         
0.000         
0.000         
0.000         
0.000         
0.000         
0.000         
0.000         
0.000         
0.000         
0.000         
0.000         
0.000         
0.000         
0.000         
0.000         
0.000         
0.000         
0.000         
0.000         
0.000         
0.000         
0.000         
0.000         
0.000         
0.000         
0.000         
0.000         
0.000         
0.000         
0.146         
0.000         
0.000         
0.000         
0.000         
0.000         
0.000         
0.000         
0.000         
0.000         
0.000         
0.000         
0.000         
0.000         
0.000         
0.000         
0.000         
0.000         
0.000         
0.000         
0.000         
0.000         
0.000         
0.000         
0.000         
0.000         
0.000         
0.000         
0.000         
0.000         
5.556         
0.000         
0.000         
0.000         
4.494         
0.000         
24.001        
0.000         
3.392         
0.000         
0.000         
0.000         
0.000         
0.000         
0.000         
0.000         
0.000         
0.000         
0.000         
0.000         
44.031        
0.000         
21.520        
0.000         
0.000         
0.000         
0.000         
0.000         
2.636         
0.000         
0.000         
0.410         
0.000         
0.000         
0.000         
0.000         
0.000         
0.000         
0.000         
0.000         
0.001         
0.000         
0.000         
0.000         
0.000         
0.000         
0.000         
0.000         
0.000         
0.000         
0.000         
0.000         
0.000         
0.000         
0.000         
0.000         
0.000         
0.000         
0.000         
0.000         
0.000         
0.000         
0.000         
0.000         
0.000         
0.000         
0.000         
0.000         
0.000         
0.000         
1.595         
0.000         
0.000         
0.000         
0.000         
0.000         
1.909         
0.000         
0.000         
0.000         
0.000         
0.000         
0.000         
0.000         
0.000         
0.000         
0.000         
0.000         
0.000         
0.000         
0.081         
1.032         
0.000         
0.000         
0.000         
0.000         
0.000         
5.550         
0.000         
0.000         
0.000         
9.330         
0.000         
0.000         
0.000         
0.000         
0.000         
0.000         
0.000         
0.000         
0.221         
0.000         
4.939         
0.000         
0.000         
0.000         
0.000         
0.000         
0.000         
0.000         
0.000         
0.000         
0.000         
0.887         
0.000         
0.000         
0.000         
0.000         
0.000         
0.000         
0.000         
0.000         
7.887         
0.000         
0.000         
2.057         
5.563         
0.000         
0.000         
0.000         
0.000         
0.000         
5.115         
0.000         
2.897         
0.000         
1.610         
0.000         
0.000         
0.000         
0.000         
0.000         
5.292         
0.000         
0.000         
0.668         
0.000         
0.000         
0.000         
0.000         
0.000         
0.000         
0.000         
0.000         
0.000         
0.000         
0.000         
0.000         
0.000         
0.000         
0.000         
0.000         
0.000         
0.000         
0.000         
0.082         
0.000         
0.000         
0.000         
0.000         
0.000         
0.000         
0.000         
0.000         
0.000         
8.152         
0.000         
0.000         
0.000         
31.948        
0.000         
0.000         
0.000         
0.000         
0.000         
0.000         
0.000         
0.627         
0.000         
0.000         
0.000         
0.000         
1.900         
0.000         
0.000         
25.764        
0.000         
0.000         
0.000         
0.000         
12.017        
0.292         
0.000         
6.402         
83.442        
0.000         
2.998         
4.262         
0.000         
0.000         
0.000         
0.000         
0.000         
24.779        
0.000         
64.552        
0.000         
5.405         
43.174        
0.000         
0.000         
7.391         
0.764         
7.612         
0.000         
0.000         
0.000         
0.000         
0.000         
0.000         
0.000         
0.000         
0.000         
0.000         
0.000         
0.000         
0.000         
0.000         
0.025         
0.000         
0.000         
0.000         
7.389         
0.000         
0.000         
35.668        
0.000         
41.067        
0.000         
146.531       
0.000         
14.711        
27.796        
0.358         
2.159         
1.443         
0.000         
0.000         
0.659         
0.000         
0.000         
0.000         
0.000         
0.000         
0.000         
32.216        
0.000         
0.000         
0.000         
0.000         
0.000         
0.000         
0.000         
13.633        
0.000         
5.661         
0.000         
17.631        
0.000         
0.000         
1.390         
0.529         
0.000         
3.085         
0.000         
0.000         
2.880         
17.797        
12.568        
0.000         
0.342         
6.512         
0.000         
2.480         
0.000         
0.000         
0.000         
0.000         
0.000         
0.000         
0.000         
0.000         
0.000         
0.000         
0.000         
0.000         
0.000         
0.000         
0.000         
0.565         
0.000         
0.000         
0.000         
0.000         
0.000         
0.000         
0.000         
0.000         
0.000         
0.000         
5.667         
0.000         
0.000         
0.000         
0.000         
0.000         
0.000         
0.000         
0.000         
0.000         
0.000         
0.000         
0.000         
0.000         
0.000         
0.000         
0.000         
0.000         
7.097         
0.000         
0.000         
0.000         
0.000         
0.000         
0.000         
0.000         
0.000         
0.000         
0.000         
0.000         
0.000         
0.000         
0.000         
0.000         
0.000         
0.000         
0.000         
0.000         
4.483         
0.000         
0.000         
0.000         
0.000         
0.000         
0.000         
0.000         
0.000         
0.000         
0.000         
0.000         
0.000         
0.000         
0.000         
0.000         
0.000         
0.000         
0.000         
0.000         
0.000         
0.000         
10.073        
0.000         
0.000         
0.000         
0.000         
0.000         
0.000         
0.000         
0.000         
0.000         
8.676         
0.000         
0.226         
0.000         
0.000         
0.000         
0.000         
0.000         
0.000         
0.000         
0.000         
0.000         
0.000         
0.000         
0.000         
12.327        
0.000         
0.000         
0.000         
0.000         
0.000         
0.000         
0.000         
0.717         
7.099         
0.000         
0.000         
0.000         
0.000         
2.517         
0.000         
0.000         
0.000         
4.324         
0.000         
0.000         
0.000         
0.000         
0.000         
0.000         
0.000         
0.000         
0.000         
0.000         
0.000         
0.000         
0.000         
0.000         
0.000         
0.000         
0.000         
0.602         
0.000         
0.000         
2.032         
0.000         
0.000         
0.000         
0.000         
0.000         
0.000         
6.689         
0.000         
0.810         
0.000         
9.902         
0.000         
0.000         
0.000         
0.000         
0.000         
0.000         
0.000         
0.927         
0.000         
0.000         
0.000         
0.000         
0.000         
0.000         
0.000         
0.000         
0.000         
0.000         
0.000         
0.000         
0.000         
0.000         
5.089         
0.000         
0.000         
0.000         
0.000         
0.000         
0.000         
0.000         
0.000         
0.000         
0.000         
0.000         
0.000         
0.000         
0.000         
0.000         
0.000         
0.000         
0.000         
0.000         
0.000         
0.000         
0.000         
0.000         
0.000         
0.000         
0.000         
0.000         
0.000         
0.000         
6.852         
0.000         
0.000         
0.000         
0.058         
0.000         
0.000         
0.000         
0.000         
0.000         
0.000         
0.000         
0.000         
0.000         
0.000         
0.000         
0.000         
0.000         
1.222         
0.000         
0.000         
0.000         
0.000         
0.000         
0.000         
0.000         
0.000         
0.000         
0.000         
0.000         
0.000         
0.000         
0.000         
0.000         
0.000         
0.000         
0.000         
0.000         
0.000         
0.000         
0.000         
0.000         
0.000         
0.000         
0.000         
0.000         
0.000         
0.000         
0.987         
0.000         
0.000         
0.000         
28.815        
0.000         
0.000         
0.000         
0.000         
2.630         
0.094         
0.000         
0.152         
0.000         
0.000         
0.000         
22.931        
65.208        
0.000         
15.405        
0.000         
0.000         
0.000         
0.000         
0.000         
0.000         
0.000         
0.000         
25.430        
0.000         
0.000         
0.000         
0.679         
0.000         
0.000         
0.000         
0.000         
0.000         
0.000         
0.000         
0.000         
0.000         
0.000         
0.000         
4.534         
0.000         
0.000         
0.000         
0.000         
0.000         
0.000         
61.845        
0.000         
0.000         
0.000         
0.000         
0.000         
0.000         
0.000         
0.000         
0.000         
0.000         
0.000         
0.000         
0.000         
0.000         
0.000         
34.541        
0.000         
0.000         
0.000         
0.000         
0.000         
0.000         
0.000         
0.000         
0.000         
0.000         
0.000         
0.000         
0.000         
0.000         
0.000         
0.000         
0.000         
0.000         
0.000         
0.000         
0.000         
0.000         
0.000         
0.000         
0.000         
0.000         
0.000         
0.000         
0.000         
0.000         
0.000         
0.000         
0.000         
0.000         
0.000         
0.000         
0.000         
0.000         
0.000         
0.630         
0.000         
0.000         
0.000         
0.000         
0.000         
0.000         
42.097        
32.337        
0.000         
0.000         
0.000         
0.000         
0.000         
0.000         
0.000         
0.000         
0.000         
0.000         
0.000         
0.000         
0.000         
0.000         
0.000         
0.000         
0.000         
0.000         
0.000         
0.000         
0.000         
0.000         
0.000         
0.000         
0.000         
0.000         
0.000         
0.000         
0.000         
0.000         
0.000         
0.000         
0.000         
18.650        
0.000         
0.000         
0.000         
0.000         
0.000         
0.000         
0.000         
0.000         
0.000         
0.000         
0.000         
0.000         
0.000         
0.000         
0.000         
0.000         
0.000         
0.000         
0.000         
0.000         
0.000         
0.000         
0.000         
0.000         
0.000         
0.000         
0.000         
0.000         
0.000         
0.000         
0.000         
0.000         
0.000         
0.000         
0.000         
0.000         
0.000         
0.000         
0.000         
0.000         
0.000         
0.000         
0.000         
0.000         
0.000         
0.000         
0.000         
0.000         
0.000         
0.000         
0.000         
0.000         
0.002         
0.000         
0.000         
0.000         
0.000         
0.000         
0.000         
0.081         
0.000         
14.289        
0.000         
0.000         
0.000         
0.000         
0.000         
0.116         
9.240         
2.693         
0.000         
0.000         
0.915         
0.000         
0.000         
0.000         
0.000         
0.000         
0.000         
0.000         
0.000         
0.000         
0.000         
0.000         
0.000         
0.000         
0.000         
0.000         
8.286         
0.000         
0.000         
0.000         
0.000         
0.000         
0.000         
0.000         
0.000         
0.000         
0.000         
0.000         
0.000         
0.000         
0.000         
0.000         
0.000         
0.000         
2.485         
0.000         
4.561         
0.000         
0.000         
0.000         
0.000         
0.000         
8.098         
0.000         
0.000         
0.000         
0.000         
0.000         
0.000         
0.000         
0.000         
0.000         
0.000         
0.000         
4.163         
0.000         
0.000         
0.000         
0.000         
0.000         
0.000         
0.000         
0.000         
0.000         
1.279         
0.000         
0.000         
0.000         
0.000         
0.000         
0.000         
0.000         
0.000         
0.000         
0.000         
0.000         
0.000         
0.000         
0.000         
0.000         
0.000         
0.000         
0.000         
0.000         
0.000         
0.000         
0.000         
0.000         
0.000         
0.140         
0.000         
0.000         
17.464        
0.000         
0.000         
0.000         
8.168         
0.000         
21.654        
0.000         
0.000         
0.000         
0.000         
0.000         
27.032        
0.000         
0.000         
0.000         
0.387         
0.000         
0.000         
0.000         
0.000         
0.000         
0.000         
0.000         
0.000         
0.000         
0.000         
0.000         
0.000         
0.000         
0.000         
0.000         
0.000         
0.000         
0.000         
0.000         
0.000         
0.000         
0.000         
0.000         
0.000         
0.000         
0.000         
0.000         
0.000         
0.203         
0.000         
0.000         
0.000         
0.000         
0.000         
0.000         
0.000         
0.000         
0.000         
0.000         
0.000         
0.000         
0.000         
0.000         
0.000         
0.000         
0.000         
0.000         
0.000         
0.000         
4.139         
0.000         
0.000         
2.051         
0.000         
0.199         
11.144        
0.185         
0.000         
0.000         
0.038         
0.000         
0.000         
0.000         
0.000         
0.000         
0.000         
1.201         
0.000         
0.000         
0.000         
6.856         
0.000         
1.293         
40.563        
0.000         
0.000         
0.000         
0.006         
0.000         
0.000         
0.000         
0.000         
0.000         
0.000         
0.000         
0.000         
0.000         
0.000         
0.000         
0.000         
0.000         
0.000         
0.000         
30.421        
0.000         
0.000         
0.000         
0.000         
0.000         
0.000         
0.299         
27.825        
0.000         
22.221        
0.000         
0.000         
0.000         
0.000         
0.000         
0.000         
0.000         
0.000         
0.000         
0.000         
0.000         
0.000         
0.000         
0.000         
0.000         
0.000         
0.000         
0.000         
0.000         
0.000         
0.000         
0.000         
0.000         
0.000         
0.000         
3.872         
0.000         
0.000         
0.000         
0.000         
0.000         
0.000         
0.000         
0.000         
0.000         
0.000         
0.000         
0.000         
0.000         
0.000         
0.000         
0.000         
0.000         
0.000         
0.000         
0.000         
0.000         
0.000         
0.000         
0.000         
0.000         
0.000         
0.000         
0.000         
0.000         
0.000         
0.000         
0.000         
0.000         
0.000         
0.000         
0.000         
0.000         
0.000         
0.012         
0.000         
0.000         
0.000         
0.000         
0.000         
0.000         
0.000         
0.000         
0.000         
0.000         
0.000         
0.000         
0.000         
0.000         
0.000         
0.000         
0.000         
0.000         
0.000         
7.342         
0.000         
0.000         
0.000         
0.000         
0.000         
0.000         
0.000         
0.000         
0.000         
0.000         
0.000         
0.000         
0.000         
0.000         
0.000         
0.000         
0.000         
0.000         
0.000         
0.000         
0.000         
30.659        
0.000         
0.000         
0.000         
0.000         
0.000         
0.000         
0.000         
0.000         
0.000         
0.000         
0.000         
0.000         
0.000         
0.000         
27.540        
0.000         
0.000         
7.225         
0.000         
0.427         
6.341         
0.000         
0.000         
0.000         
0.000         
0.000         
0.000         
0.000         
0.000         
0.000         
0.000         
0.000         
3.000         
3.338         
0.000         
0.000         
0.000         
0.000         
0.000         
0.000         
0.000         
0.000         
0.000         
0.000         
0.000         
0.000         
0.000         
10.521        
0.000         
0.000         
0.000         
0.000         
0.000         
0.000         
0.000         
0.000         
0.000         
1.580         
0.000         
0.000         
0.000         
0.000         
0.000         
0.000         
0.000         
15.529        
0.000         
0.000         
0.316         
0.000         
5.286         
0.000         
0.000         
0.000         
0.000         
0.000         
0.000         
1.140         
0.000         
0.000         
0.000         
0.000         
9.202         
0.000         
0.000         
0.000         
0.000         
0.000         
0.000         
0.000         
0.000         
0.000         
0.000         
0.000         
0.000         
0.000         
0.000         
0.000         
0.000         
0.000         
0.000         
0.000         
0.000         
0.000         
0.000         
0.000         
0.000         
0.000         
0.000         
0.000         
0.000         
0.000         
0.000         
1.060         
0.000         
4.648         
1.651         
0.000         
0.000         
1.802         
0.000         
0.329         
0.000         
0.000         
0.000         
0.000         
0.000         
0.000         
0.000         
0.000         
0.000         
16.992        
0.000         
1.460         
0.000         
0.000         
0.000         
0.417         
25.119        
0.000         
0.000         
0.000         
0.000         
0.000         
0.000         
0.000         
13.252        
0.000         
5.559         
0.000         
0.000         
0.099         
0.000         
1.786         
0.000         
0.000         
0.000         
0.000         
0.000         
0.000         
0.000         
0.000         
0.000         
0.000         
0.389         
0.006         
0.000         
0.000         
0.000         
14.122        
14.294        
0.000         
0.000         
0.000         
0.000         
0.000         
0.000         
0.000         
0.000         
0.000         
0.000         
0.000         
0.000         
0.000         
0.000         
0.000         
0.000         
0.000         
6.131         
3.393         
0.000         
0.000         
0.000         
0.000         
0.000         
0.000         
0.000         
0.000         
1.625         
0.000         
1.574         
0.000         
10.707        
0.000         
12.590        
6.740         
0.000         
5.858         
0.000         
0.000         
0.000         
0.000         
0.185         
1.519         
0.000         
45.074        
2.225         
1.728         
0.000         
0.000         
0.000         
0.000         
0.000         
28.397        
0.000         
0.000         
0.000         
2.130         
23.642        
0.000         
0.873         
0.000         
0.000         
7.814         
9.502         
21.387        
0.000         
0.000         
0.000         
0.000         
0.000         
0.000         
0.000         
0.000         
7.788         
47.120        
0.461         
0.000         
0.000         
0.000         
0.000         
11.113        
0.000         
0.000         
0.000         
0.000         
0.000         
0.000         
0.819         
0.009         
1.387         
0.000         
2.680         
0.000         
0.000         
29.810        
0.000         
0.000         
0.000         
0.000         
0.000         
15.538        
0.000         
0.000         
0.000         
0.000         
0.000         
0.000         
0.000         
0.000         
0.000         
0.000         
0.000         
0.000         
2.232         
0.000         
0.000         
0.000         
13.603        
2.588         
6.649         
0.000         
22.130        
0.000         
3.651         
0.000         
0.000         
0.000         
0.000         
0.676         
0.000         
0.000         
0.000         
0.000         
0.000         
0.000         
0.000         
0.000         
0.000         
0.000         
0.000         
0.000         
0.000         
0.000         
0.000         
0.000         
0.000         
0.000         
0.000         
0.000         
0.000         
0.000         
0.000         
0.000         
0.000         
0.000         
0.000         
0.000         
0.000         
0.000         
0.000         
0.000         
0.000         
0.000         
0.000         
0.000         
0.000         
0.000         
0.000         
1.055         
0.000         
0.000         
3.805         
0.000         
0.000         
0.000         
0.000         
0.000         
0.000         
0.000         
0.000         
0.000         
0.000         
0.000         
0.000         
0.000         
0.000         
0.000         
0.000         
0.000         
0.000         
35.091        
0.000         
0.000         
0.000         
0.000         
0.000         
0.000         
0.000         
0.000         
0.000         
0.000         
0.000         
2.692         
0.000         
0.000         
0.000         
0.000         
0.000         
0.000         
0.000         
0.000         
0.000         
0.227         
0.000         
0.000         
0.000         
0.000         
0.000         
0.000         
0.000         
0.000         
0.000         
0.000         
0.000         
0.000         
0.000         
0.000         
0.000         
0.000         
0.000         
0.000         
0.000         
0.000         
0.000         
0.000         
0.000         
0.000         
0.000         
0.000         
0.000         
0.000         
0.000         
0.000         
0.000         
0.000         
0.000         
0.000         
0.000         
0.000         
0.000         
18.292        
5.255         
0.000         
0.000         
0.000         
8.811         
0.000         
0.000         
0.000         
0.000         
0.000         
0.000         
0.000         
0.000         
0.000         
0.000         
0.000         
0.000         
0.000         
0.000         
0.000         
0.000         
0.000         
0.000         
0.000         
0.000         
0.000         
0.000         
0.000         
6.144         
0.000         
0.000         
0.000         
0.000         
0.000         
0.000         
0.000         
0.000         
0.000         
0.621         
0.000         
0.000         
0.000         
8.394         
0.000         
0.000         
0.000         
5.045         
23.590        
0.000         
0.000         
0.000         
3.062         
34.337        
0.000         
0.000         
0.000         
0.000         
0.000         
0.000         
0.000         
0.000         
0.000         
0.000         
1.036         
0.000         
0.000         
0.000         
0.000         
0.000         
0.000         
0.000         
0.000         
0.000         
0.000         
0.000         
0.000         
0.000         
0.000         
6.056         
12.125        
0.000         
0.000         
0.000         
0.911         
0.883         
0.346         
0.000         
0.000         
0.000         
0.000         
0.000         
0.000         
0.000         
28.253        
2.973         
0.000         
6.071         
0.000         
0.000         
0.000         
0.000         
0.000         
3.266         
0.000         
0.000         
0.000         
0.000         
0.000         
0.000         
0.000         
0.000         
0.003         
0.000         
0.000         
0.000         
0.000         
0.000         
1.893         
0.000         
0.000         
0.000         
5.440         
0.000         
0.000         
0.000         
0.000         
0.186         
0.000         
0.000         
0.000         
0.000         
0.000         
0.000         
0.000         
0.000         
2.841         
0.000         
0.000         
2.147         
0.000         
0.000         
1.207         
0.000         
0.000         
0.000         
0.000         
0.000         
0.000         
0.000         
0.000         
0.000         
0.000         
0.000         
0.000         
0.000         
0.000         
13.490        
0.000         
0.000         
23.857        
28.763        
0.000         
0.000         
1.232         
0.000         
0.000         
0.000         
0.000         
0.000         
0.000         
0.000         
62.185        
22.595        
10.153        
6.272         
0.000         
0.523         
0.000         
0.000         
0.000         
0.000         
23.197        
0.827         
21.464        
0.000         
0.000         
0.000         
0.000         
0.000         
0.000         
0.000         
4.105         
0.422         
0.000         
0.000         
0.000         
3.201         
0.000         
0.000         
14.231        
5.866         
0.000         
3.724         
32.530        
0.000         
0.000         
0.000         
0.000         
0.000         
0.000         
0.000         
40.940        
0.000         
0.000         
0.000         
28.907        
0.000         
0.000         
0.000         
141.989       
0.000         
0.000         
0.000         
0.000         
0.000         
0.000         
0.000         
0.000         
0.000         
0.000         
41.135        
0.000         
0.000         
0.000         
0.000         
0.000         
0.000         
0.000         
0.000         
0.000         
0.000         
0.000         
0.000         
0.000         
0.000         
0.000         
0.000         
0.000         
0.000         
0.000         
0.000         
0.000         
0.000         
0.000         
0.000         
0.000         
0.000         
0.000         
0.000         
0.000         
0.000         
0.000         
0.000         
0.000         
0.000         
0.000         
0.000         
6.826         
0.000         
0.000         
0.000         
0.000         
0.000         
0.000         
0.000         
0.000         
0.000         
0.000         
0.000         
0.000         
0.000         
0.000         
0.000         
0.000         
0.000         
0.000         
0.000         
0.000         
0.000         
0.000         
0.000         
0.000         
0.000         
0.000         
0.000         
0.000         
0.000         
0.000         
0.000         
0.000         
0.000         
0.000         
0.000         
0.000         
0.000         
0.000         
0.000         
0.000         
0.000         
0.000         
0.000         
0.000         
0.000         
0.000         
0.000         
0.000         
0.000         
0.244         
0.000         
0.000         
0.000         
0.000         
0.000         
0.000         
0.000         
0.000         
0.000         
0.000         
0.000         
0.000         
0.000         
0.000         
0.000         
0.000         
0.017         
0.000         
0.000         
0.000         
0.953         
0.000         
0.000         
0.000         
0.000         
0.000         
0.000         
0.000         
0.000         
0.000         
0.000         
0.000         
0.000         
0.000         
0.000         
0.000         
0.000         
0.000         
0.000         
16.412        
0.000         
0.000         
0.000         
0.000         
0.000         
0.000         
0.000         
0.000         
30.682        
0.000         
0.000         
10.814        
0.000         
0.000         
0.000         
0.000         
0.000         
0.000         
16.016        
0.000         
0.000         
0.000         
1.880         
8.410         
0.000         
0.000         
0.000         
0.177         
0.000         
3.158         
0.000         
0.113         
0.000         
0.000         
0.000         
0.000         
0.000         
0.000         
0.000         
0.000         
0.000         
0.000         
0.000         
0.000         
2.801         
0.000         
0.000         
0.000         
0.000         
0.000         
0.000         
0.000         
0.000         
0.000         
0.000         
0.000         
0.000         
1.586         
0.000         
0.000         
0.000         
0.000         
0.000         
0.000         
0.000         
0.000         
0.000         
0.000         
0.000         
0.000         
0.000         
0.000         
0.000         
0.000         
0.000         
0.000         
3.580         
0.000         
0.000         
0.000         
0.000         
0.000         
0.000         
4.993         
5.970         
0.000         
0.000         
0.000         
0.000         
0.000         
0.000         
0.000         
0.000         
0.000         
0.000         
0.000         
0.000         
0.000         
0.000         
0.000         
0.000         
0.000         
0.000         
0.000         
0.000         
0.000         
0.000         
0.000         
0.000         
0.000         
0.000         
0.000         
0.000         
0.110         
0.000         
0.000         
0.000         
0.000         
0.000         
3.059         
0.000         
0.000         
0.000         
0.000         
0.000         
0.000         
0.425         
0.000         
0.000         
0.000         
0.000         
0.000         
0.000         
0.000         
0.000         
0.000         
5.355         
0.000         
0.000         
0.000         
0.000         
0.000         
0.000         
0.000         
0.000         
12.715        
0.000         
0.000         
0.000         
10.154        
2.904         
0.088         
21.010        
62.875        
27.902        
0.342         
0.000         
2.551         
0.000         
6.240         
33.635        
0.000         
0.000         
0.000         
0.000         
0.000         
25.985        
0.116         
38.346        
43.408        
7.150         
0.000         
8.823         
3.768         
7.419         
5.866         
5.382         
0.516         
154.799       
0.000         
2.165         
0.000         
0.000         
3.357         
0.000         
6.121         
0.000         
0.000         
9.374         
4.193         
0.000         
0.000         
0.000         
0.000         
0.000         
0.004         
0.000         
0.000         
0.000         
0.000         
0.000         
0.000         
0.000         
0.000         
0.000         
0.000         
0.000         
0.000         
0.000         
0.000         
0.000         
0.000         
0.000         
0.000         
0.000         
0.000         
0.000         
0.000         
0.000         
0.000         
0.000         
3.330         
0.000         
1.327         
33.776        
0.000         
0.000         
0.000         
0.000         
0.000         
0.000         
0.000         
0.000         
0.000         
0.000         
0.000         
0.000         
0.000         
10.302        
77.714        
0.000         
0.000         
0.000         
0.000         
0.000         
0.000         
0.000         
5.763         
0.000         
0.000         
0.000         
0.000         
0.000         
0.000         
0.000         
0.000         
0.000         
0.000         
0.000         
0.000         
0.000         
0.000         
1.552         
0.000         
0.000         
0.000         
0.000         
0.000         
0.000         
0.000         
0.000         
0.000         
0.000         
0.000         
0.000         
0.000         
0.000         
0.000         
0.000         
0.000         
0.000         
0.000         
0.000         
0.000         
0.000         
0.000         
0.000         
0.000         
0.000         
0.000         
0.000         
0.000         
0.000         
0.000         
0.000         
0.000         
0.000         
0.000         
0.000         
0.000         
0.000         
41.705        
0.000         
0.000         
0.000         
0.000         
0.000         
0.000         
0.000         
0.000         
0.000         
0.000         
0.000         
0.000         
0.000         
0.000         
0.000         
0.000         
0.000         
0.000         
0.000         
0.000         
0.000         
0.000         
0.000         
0.000         
0.000         
14.062        
0.000         
0.000         
0.000         
0.000         
0.000         
0.000         
0.000         
0.000         
0.000         
1.976         
0.000         
0.000         
0.000         
6.770         
0.000         
0.000         
0.000         
0.000         
0.000         
6.490         
0.000         
0.000         
0.000         
0.000         
0.000         
0.000         
0.000         
0.000         
0.000         
0.000         
0.000         
0.000         
0.000         
0.000         
0.000         
0.000         
0.000         
0.000         
0.000         
0.000         
0.000         
0.000         
0.000         
33.192        
0.000         
5.784         
0.000         
0.000         
0.000         
0.000         
0.000         
0.000         
0.000         
0.000         
0.000         
0.000         
0.000         
0.000         
2.379         
0.584         
0.000         
0.000         
15.426        
0.000         
0.000         
0.000         
0.000         
0.000         
0.000         
0.000         
0.000         
0.000         
0.000         
0.000         
0.000         
6.388         
0.000         
0.000         
0.000         
0.000         
5.277         
0.000         
0.000         
0.000         
0.000         
1.887         
0.000         
0.000         
0.000         
0.000         
0.000         
0.000         
0.000         
0.000         
0.000         
0.000         
0.000         
0.000         
0.000         
0.000         
0.000         
0.000         
0.000         
0.000         
0.000         
0.000         
0.000         
0.000         
0.099         
0.000         
0.000         
0.000         
0.000         
0.000         
0.000         
0.000         
0.000         
0.000         
0.000         
0.000         
4.210         
0.000         
0.000         
0.000         
0.000         
0.000         
0.000         
0.000         
0.340         
0.000         
3.323         
0.000         
0.000         
0.000         
0.000         
0.000         
0.000         
0.000         
0.000         
0.000         
2.344         
0.000         
0.000         
0.000         
0.000         
2.148         
0.000         
0.000         
0.000         
2.859         
0.000         
7.554         
0.000         
0.889         
0.194         
0.000         
0.000         
0.000         
0.000         
0.000         
0.000         
0.000         
0.335         
0.000         
0.000         
0.000         
0.000         
22.776        
0.000         
49.309        
0.000         
0.000         
0.000         
0.000         
0.000         
0.000         
2.816         
0.000         
0.000         
14.507        
0.000         
0.000         
0.000         
0.000         
6.387         
1.806         
0.000         
0.000         
0.041         
0.000         
0.000         
8.526         
0.000         
0.428         
0.000         
3.583         
0.088         
1.933         
0.000         
13.526        
0.061         
0.000         
10.826        
5.496         
0.000         
0.000         
0.000         
3.559         
0.129         
0.000         
0.000         
0.000         
39.178        
0.000         
0.000         
0.000         
0.000         
0.000         
0.000         
0.000         
0.000         
0.000         
0.000         
0.000         
3.441         
0.482         
0.000         
0.000         
0.000         
15.929        
0.000         
0.000         
1.457         
0.000         
0.000         
24.266        
48.944        
0.000         
0.000         
0.000         
0.534         
0.690         
0.000         
0.000         
0.000         
0.000         
0.000         
0.000         
0.000         
0.000         
0.000         
0.000         
0.000         
0.000         
0.000         
0.000         
0.000         
0.000         
0.000         
0.000         
0.000         
0.000         
22.814        
0.000         
0.000         
0.000         
0.000         
0.000         
0.000         
0.000         
0.000         
153.810       
0.000         
0.000         
0.000         
0.000         
0.534         
5.451         
0.000         
32.012        
0.000         
114.048       
0.000         
6.036         
0.000         
0.000         
0.000         
0.000         
0.000         
0.000         
0.000         
0.000         
0.000         
0.000         
0.000         
0.000         
0.000         
0.000         
0.000         
0.000         
0.000         
0.000         
0.000         
0.000         
0.000         
0.000         
0.000         
0.000         
5.436         
0.000         
0.000         
0.000         
0.000         
0.000         
0.000         
0.000         
0.000         
0.000         
0.000         
0.000         
0.000         
0.000         
0.000         
0.000         
0.000         
10.017        
0.000         
0.000         
0.000         
0.000         
0.423         
0.000         
10.328        
0.000         
0.210         
0.000         
0.000         
0.000         
0.000         
0.000         
0.000         
0.000         
0.000         
0.000         
0.000         
0.000         
0.000         
0.000         
0.000         
0.000         
0.000         
0.000         
0.000         
0.000         
0.000         
0.000         
0.000         
0.000         
0.000         
0.000         
0.000         
0.000         
0.000         
0.000         
0.000         
0.000         
0.000         
4.106         
0.000         
0.000         
0.000         
7.241         
0.000         
0.000         
0.000         
0.000         
0.000         
0.000         
0.000         
3.038         
0.000         
0.000         
0.000         
0.000         
0.138         
0.000         
0.000         
0.000         
0.000         
0.000         
0.000         
0.000         
0.000         
0.000         
0.000         
0.000         
0.000         
0.000         
0.000         
0.000         
0.000         
0.000         
0.000         
0.000         
0.000         
12.462        
0.000         
0.000         
0.000         
48.442        
0.000         
0.000         
0.000         
12.697        
0.000         
0.000         
0.000         
33.208        
0.000         
0.000         
0.000         
0.000         
0.000         
0.000         
29.321        
0.000         
0.000         
0.000         
0.000         
0.000         
0.000         
0.000         
0.000         
3.906         
0.000         
0.000         
0.000         
0.000         
5.186         
23.099        
0.000         
0.000         
0.000         
0.000         
0.000         
0.000         
4.977         
0.257         
0.000         
0.000         
0.000         
0.000         
0.000         
0.000         
0.000         
0.000         
0.943         
0.000         
0.000         
13.916        
0.000         
0.000         
0.000         
0.000         
0.000         
1.266         
0.000         
0.000         
0.000         
2.241         
0.000         
0.000         
0.000         
1.526         
0.914         
5.280         
0.000         
0.000         
0.000         
0.000         
0.000         
0.000         
0.000         
0.000         
0.000         
0.000         
0.000         
3.391         
0.717         
0.000         
17.773        
0.000         
0.000         
0.000         
0.000         
0.000         
3.867         
9.295         
0.000         
0.000         
0.000         
0.000         
0.000         
0.000         
0.000         
0.000         
0.000         
0.000         
0.000         
0.000         
0.000         
1.225         
0.000         
0.000         
0.000         
0.000         
0.000         
0.000         
0.000         
0.000         
19.039        
0.000         
0.000         
0.000         
0.000         
0.000         
1.736         
0.000         
0.000         
0.000         
0.000         
0.000         
0.000         
0.000         
13.895        
0.000         
0.000         
0.000         
0.000         
0.000         
0.000         
0.000         
0.000         
0.000         
0.000         
0.000         
0.000         
0.000         
0.000         
0.000         
0.000         
0.000         
2.646         
6.368         
3.738         
36.450        
0.000         
3.865         
2.423         
0.000         
0.000         
0.019         
0.000         
0.000         
0.000         
0.000         
5.661         
0.000         
0.000         
0.000         
0.000         
0.000         
0.000         
0.000         
0.000         
0.000         
0.000         
23.744        
0.000         
10.423        
0.000         
0.000         
0.000         
0.000         
13.236        
0.859         
0.000         
0.000         
52.994        
49.698        
76.421        
0.000         
0.000         
0.000         
0.000         
0.000         
0.000         
0.000         
0.000         
0.000         
0.000         
0.000         
0.000         
0.000         
0.000         
0.000         
0.000         
1.115         
0.000         
0.000         
0.000         
0.000         
0.000         
0.000         
0.000         
0.000         
0.000         
0.000         
0.000         
0.000         
0.000         
0.000         
0.000         
0.000         
0.000         
0.000         
0.000         
0.000         
0.411         
1.840         
8.195         
0.000         
0.112         
0.000         
0.000         
0.000         
0.000         
2.163         
0.000         
0.000         
4.419         
0.540         
0.000         
0.000         
0.000         
0.000         
0.000         
0.000         
0.000         
0.000         
0.000         
0.000         
0.000         
0.000         
0.000         
0.000         
0.000         
0.000         
0.000         
0.000         
0.000         
0.000         
0.000         
0.000         
0.000         
0.000         
0.000         
0.000         
0.000         
0.000         
0.000         
0.000         
0.000         
0.000         
0.000         
0.000         
0.000         
0.000         
0.000         
0.401         
0.000         
0.000         
0.000         
0.000         
0.000         
0.000         
0.000         
0.000         
0.000         
0.000         
0.000         
0.000         
0.000         
0.000         
0.000         
63.905        
0.000         
0.000         
0.000         
0.000         
0.000         
0.000         
0.000         
0.000         
0.000         
0.000         
0.000         
0.000         
0.000         
0.000         
0.000         
0.000         
0.000         
0.000         
0.000         
0.000         
0.000         
0.000         
0.000         
0.000         
0.000         
0.000         
0.000         
0.000         
0.000         
23.768        
22.967        
0.000         
0.000         
0.000         
0.000         
0.000         
0.000         
0.000         
0.000         
0.000         
0.000         
0.000         
1.281         
0.000         
0.000         
0.000         
0.000         
0.000         
0.000         
0.000         
0.000         
0.000         
0.000         
0.000         
0.000         
0.000         
0.000         
0.000         
0.000         
2.577         
0.000         
0.000         
0.000         
16.455        
0.000         
0.000         
2.411         
0.000         
0.000         
0.000         
0.000         
0.000         
0.000         
9.234         
0.000         
0.000         
10.514        
0.000         
6.040         
0.000         
0.000         
0.000         
0.000         
0.000         
0.000         
0.000         
0.000         
0.000         
0.000         
0.000         
49.796        
0.000         
14.961        
14.376        
0.000         
0.000         
0.000         
0.000         
0.000         
0.000         
0.000         
0.000         
0.000         
0.000         
0.664         
0.000         
0.375         
0.000         
0.000         
0.000         
0.000         
0.000         
0.000         
0.000         
0.000         
0.000         
0.000         
0.000         
0.000         
0.000         
7.350         
0.000         
0.000         
0.000         
0.000         
0.000         
0.038         
14.068        
26.257        
0.000         
0.000         
0.000         
0.000         
0.000         
0.000         
0.000         
0.000         
0.000         
0.000         
0.000         
0.000         
0.000         
0.000         
0.000         
0.000         
0.000         
0.000         
0.000         
0.000         
7.934         
1.137         
0.000         
0.000         
0.000         
0.000         
0.000         
0.000         
0.000         
0.000         
0.000         
0.000         
0.000         
0.000         
0.000         
0.000         
0.000         
0.000         
0.000         
0.000         
1.592         
11.325        
61.297        
0.000         
0.000         
0.000         
12.985        
0.000         
0.000         
0.000         
0.000         
0.000         
0.000         
0.000         
0.000         
0.000         
2.955         
0.000         
0.000         
0.000         
0.000         
0.000         
0.000         
0.000         
0.000         
20.265        
0.000         
0.000         
0.000         
0.000         
5.224         
0.000         
0.000         
0.000         
0.417         
8.965         
9.147         
0.000         
0.000         
0.000         
0.000         
0.000         
0.000         
0.000         
0.000         
0.000         
0.000         
0.000         
0.866         
0.000         
0.000         
0.000         
1.209         
12.731        
0.000         
0.000         
0.000         
0.000         
0.000         
0.000         
0.000         
0.000         
1.704         
0.000         
0.000         
0.000         
0.000         
0.000         
0.000         
70.865        
0.008         
2.330         
0.000         
0.000         
0.000         
0.000         
30.553        
0.000         
0.000         
0.000         
34.083        
0.000         
0.076         
0.000         
0.000         
0.000         
0.000         
0.000         
0.000         
0.000         
0.000         
0.038         
0.000         
0.000         
0.000         
0.000         
0.000         
0.000         
1.706         
0.000         
0.000         
0.000         
0.000         
0.000         
0.000         
0.000         
0.000         
0.000         
0.000         
0.000         
0.000         
0.935         
0.000         
0.000         
0.000         
0.000         
0.000         
0.000         
0.000         
0.000         
0.000         
0.000         
0.000         
0.000         
0.000         
0.000         
0.000         
0.000         
0.000         
0.000         
0.000         
0.000         
70.771        
0.000         
0.000         
0.000         
15.790        
0.000         
0.000         
0.000         
0.000         
0.000         
26.365        
0.000         
0.000         
0.000         
0.000         
0.000         
0.000         
0.000         
0.000         
0.000         
0.000         
0.000         
0.000         
0.000         
0.000         
0.000         
0.000         
0.000         
0.000         
0.000         
0.000         
0.000         
0.000         
0.000         
0.000         
0.000         
0.000         
0.000         
0.000         
0.000         
0.000         
0.000         
0.000         
1.693         
0.000         
0.000         
0.000         
0.000         
0.000         
0.000         
0.000         
0.000         
0.000         
0.000         
0.000         
0.000         
0.000         
0.000         
0.000         
0.000         
0.000         
0.000         
0.000         
0.000         
0.000         
0.000         
0.000         
0.000         
0.000         
0.000         
39.305        
0.000         
0.000         
0.000         
0.000         
0.000         
0.000         
0.000         
0.000         
0.000         
0.000         
0.000         
0.000         
0.000         
0.000         
0.000         
0.000         
0.000         
0.000         
0.000         
0.000         
0.000         
0.000         
0.000         
0.000         
0.000         
0.000         
0.000         
0.000         
0.000         
0.000         
0.000         
0.000         
0.000         
0.031         
0.000         
0.000         
1.196         
0.000         
0.000         
0.000         
0.000         
0.000         
0.000         
0.000         
0.000         
0.778         
1.138         
0.000         
0.000         
0.155         
0.000         
0.000         
0.000         
0.000         
0.000         
0.000         
0.000         
0.000         
0.000         
0.000         
11.372        
0.000         
0.000         
0.000         
0.000         
0.000         
0.000         
0.000         
0.000         
0.000         
0.000         
0.000         
17.375        
0.000         
0.000         
0.000         
50.576        
14.441        
0.000         
0.000         
21.047        
0.000         
0.000         
0.000         
0.000         
0.000         
3.345         
0.000         
0.000         
4.537         
6.793         
0.000         
0.000         
0.000         
0.000         
0.000         
0.000         
1.165         
2.744         
0.000         
0.000         
0.000         
0.260         
0.000         
4.604         
0.000         
0.000         
0.000         
0.000         
0.000         
0.000         
0.000         
0.000         
0.000         
0.000         
0.000         
0.000         
0.000         
0.000         
0.000         
2.773         
0.000         
0.361         
0.000         
0.000         
0.000         
0.000         
0.295         
0.037         
0.000         
0.000         
3.656         
0.000         
0.000         
0.000         
0.000         
0.000         
0.000         
0.000         
0.000         
0.000         
1.685         
0.000         
0.000         
0.000         
0.000         
0.000         
0.000         
0.000         
0.000         
0.000         
0.000         
0.000         
0.000         
0.000         
0.000         
0.000         
4.428         
0.000         
0.000         
0.000         
0.000         
0.000         
0.000         
0.000         
4.430         
0.000         
0.000         
0.000         
0.000         
0.000         
0.000         
0.000         
0.000         
0.000         
0.000         
0.000         
5.116         
0.000         
0.000         
0.000         
0.000         
0.000         
0.000         
0.000         
0.000         
0.000         
0.000         
0.000         
0.000         
0.000         
0.000         
0.000         
2.432         
0.000         
0.000         
0.000         
0.000         
0.000         
0.000         
0.000         
0.000         
1.553         
0.000         
0.000         
0.000         
0.000         
0.000         
0.000         
0.000         
0.000         
0.000         
0.000         
7.731         
0.000         
61.919        
3.117         
11.664        
101.335       
1.088         
0.000         
0.000         
0.000         
0.000         
0.000         
2.709         
5.679         
6.593         
0.000         
0.000         
6.429         
8.894         
1.201         
0.000         
7.654         
20.649        
27.220        
42.692        
0.000         
5.053         
0.000         
13.521        
0.000         
0.960         
0.000         
0.000         
0.000         
0.000         
0.000         
0.000         
0.000         
0.000         
8.149         
5.023         
0.000         
0.002         
0.000         
0.000         
0.000         
0.000         
0.000         
32.467        
0.000         
30.466        
0.034         
0.000         
0.000         
0.000         
0.000         
0.000         
0.000         
0.000         
0.016         
0.000         
0.000         
0.000         
0.000         
0.000         
0.000         
0.000         
0.000         
0.002         
0.000         
0.000         
0.000         
0.000         
18.259        
0.000         
0.000         
0.000         
0.000         
0.898         
0.000         
0.000         
0.000         
3.371         
0.000         
0.000         
0.000         
0.000         
2.093         
55.742        
0.000         
0.000         
0.000         
0.000         
0.000         
0.000         
0.000         
0.000         
0.000         
0.000         
0.000         
0.000         
0.000         
0.000         
0.000         
0.000         
0.000         
0.000         
0.000         
0.000         
0.000         
0.000         
0.000         
0.000         
0.000         
6.039         
0.000         
0.000         
0.000         
0.000         
0.000         
0.000         
0.000         
0.000         
0.000         
0.000         
0.000         
0.000         
0.000         
0.000         
0.000         
0.000         
0.000         
0.000         
0.000         
0.000         
0.000         
4.689         
0.000         
0.000         
0.000         
0.000         
0.000         
0.000         
0.000         
0.000         
0.000         
0.000         
0.000         
0.000         
0.000         
0.000         
0.000         
0.000         
0.000         
0.000         
0.000         
0.000         
23.775        
0.000         
0.000         
0.000         
0.000         
0.000         
0.000         
0.000         
0.000         
0.000         
4.589         
0.000         
0.000         
0.000         
0.000         
0.000         
0.000         
0.000         
0.000         
0.000         
0.000         
0.000         
0.000         
0.000         
0.000         
0.000         
0.000         
0.000         
0.000         
0.000         
0.000         
0.000         
0.000         
4.086         
0.000         
0.000         
0.000         
0.000         
0.000         
0.000         
0.000         
0.000         
0.000         
0.000         
0.000         
0.000         
0.000         
0.000         
0.000         
0.000         
14.443        
0.000         
0.000         
0.000         
0.000         
0.008         
0.000         
0.000         
0.000         
0.000         
0.000         
0.000         
6.922         
11.750        
0.000         
0.000         
0.000         
0.000         
0.000         
12.407        
0.000         
0.000         
0.000         
20.533        
0.000         
16.292        
0.000         
0.000         
0.000         
0.000         
27.937        
0.000         
6.853         
15.064        
0.000         
0.000         
0.000         
0.000         
0.000         
23.366        
0.000         
0.000         
0.000         
0.000         
0.000         
0.000         
0.000         
0.000         
0.000         
0.000         
12.283        
0.000         
0.000         
29.396        
0.000         
0.000         
0.000         
0.000         
0.000         
0.000         
13.057        
0.000         
0.000         
3.242         
0.000         
1.320         
0.000         
0.000         
0.000         
0.000         
0.000         
0.000         
0.000         
0.000         
0.137         
0.000         
0.000         
0.000         
0.000         
0.000         
0.000         
4.323         
0.000         
0.000         
0.000         
0.000         
0.000         
0.000         
0.000         
0.000         
0.000         
0.000         
0.000         
0.000         
0.000         
0.000         
0.000         
0.000         
0.000         
0.000         
0.000         
0.000         
0.000         
0.000         
0.000         
0.000         
0.000         
0.000         
0.000         
0.000         
0.000         
0.000         
0.000         
0.000         
0.000         
0.000         
0.000         
0.000         
0.000         
0.000         
0.000         
0.000         
0.000         
7.250         
0.000         
0.000         
0.000         
0.000         
0.000         
0.000         
4.230         
0.000         
0.000         
0.000         
0.000         
0.000         
0.000         
0.000         
0.000         
0.000         
0.000         
0.000         
0.000         
0.000         
3.967         
39.175        
17.663        
0.146         
3.722         
0.000         
0.000         
0.000         
0.000         
0.376         
1.241         
0.000         
0.000         
0.000         
11.603        
0.000         
0.000         
3.136         
30.549        
58.896        
8.549         
0.000         
2.266         
0.000         
32.674        
2.902         
0.000         
0.000         
0.000         
10.441        
14.171        
14.332        
0.313         
0.000         
0.000         
0.000         
0.000         
0.000         
0.000         
0.000         
0.000         
0.000         
53.316        
0.000         
1.045         
0.000         
6.100         
14.385        
0.000         
0.620         
0.000         
0.000         
0.000         
0.000         
0.000         
42.069        
0.000         
0.000         
0.891         
10.055        
1.041         
0.811         
0.000         
0.000         
0.000         
0.000         
0.000         
0.000         
0.000         
0.802         
0.000         
0.000         
37.649        
0.000         
0.000         
1.078         
0.000         
0.000         
0.000         
0.000         
0.000         
0.000         
0.000         
0.000         
0.000         
0.000         
0.000         
0.000         
53.086        
0.000         
0.000         
5.385         
38.383        
0.000         
1.550         
8.832         
2.192         
249.076       
0.000         
9.922         
0.000         
7.723         
16.758        
2.448         
0.000         
5.421         
0.000         
0.000         
0.000         
0.000         
0.000         
0.000         
0.000         
0.000         
0.000         
0.000         
0.000         
0.000         
0.000         
0.000         
0.000         
0.000         
0.000         
16.494        
0.000         
0.000         
0.000         
0.535         
22.622        
0.000         
0.000         
0.000         
0.000         
0.000         
0.000         
0.000         
0.000         
1.275         
0.000         
0.000         
0.000         
0.000         
0.000         
0.000         
0.000         
0.000         
0.000         
0.000         
0.000         
0.000         
0.000         
0.000         
0.000         
0.000         
0.000         
0.000         
0.000         
0.000         
0.000         
0.000         
0.000         
0.000         
0.000         
0.000         
0.000         
0.000         
0.000         
0.000         
0.000         
0.000         
0.000         
0.000         
104.361       
0.000         
0.000         
0.000         
0.000         
0.000         
7.057         
0.000         
0.000         
0.000         
0.000         
0.000         
0.000         
0.000         
0.000         
0.000         
0.000         
0.000         
0.000         
22.646        
0.000         
0.000         
0.000         
0.000         
0.000         
0.000         
0.000         
0.495         
0.000         
0.000         
0.000         
0.000         
0.863         
0.000         
0.000         
0.028         
0.000         
0.000         
0.000         
0.000         
0.000         
0.000         
0.000         
7.354         
0.000         
0.000         
0.000         
0.000         
0.000         
0.000         
1.761         
0.182         
0.000         
0.000         
0.000         
0.283         
0.000         
0.000         
9.983         
0.000         
0.000         
0.000         
0.000         
0.000         
0.000         
0.000         
0.000         
1.071         
0.000         
0.000         
0.000         
0.000         
0.000         
0.000         
15.316        
0.000         
3.027         
0.000         
0.000         
0.000         
15.000        
0.000         
10.883        
0.000         
0.000         
5.313         
0.000         
0.000         
0.000         
0.000         
2.610         
0.000         
0.000         
0.000         
0.000         
0.000         
0.000         
0.000         
0.000         
0.198         
0.000         
0.000         
0.000         
0.000         
0.000         
0.000         
0.281         
0.000         
0.726         
0.000         
0.000         
0.000         
0.000         
0.000         
0.000         
0.000         
0.000         
0.000         
0.000         
0.000         
0.000         
0.944         
0.000         
0.000         
1.198         
0.000         
0.000         
9.346         
0.000         
0.000         
0.000         
0.000         
0.000         
0.000         
0.000         
0.000         
0.000         
0.000         
0.000         
0.000         
0.000         
0.000         
0.000         
0.000         
0.000         
0.000         
0.000         
6.421         
1.006         
0.000         
0.000         
0.000         
8.579         
0.000         
0.000         
0.000         
0.000         
0.000         
2.057         
6.998         
0.000         
0.000         
0.000         
0.000         
0.000         
0.000         
0.000         
0.000         
0.000         
0.000         
6.396         
0.000         
7.558         
0.000         
0.000         
0.000         
0.000         
0.000         
0.000         
0.000         
0.000         
0.000         
0.000         
0.000         
0.000         
0.000         
6.814         
0.000         
0.000         
0.000         
0.000         
0.000         
0.000         
16.594        
0.000         
0.000         
0.000         
0.000         
0.000         
0.000         
0.000         
0.000         
0.000         
0.000         
1.895         
0.000         
0.000         
0.000         
0.000         
0.000         
0.000         
0.000         
0.000         
0.000         
0.000         
5.558         
0.000         
0.000         
0.000         
0.000         
0.000         
0.000         
0.000         
0.000         
0.927         
0.000         
0.000         
12.520        
25.904        
15.173        
0.000         
0.000         
0.000         
0.000         
0.000         
0.000         
0.000         
0.000         
0.000         
0.000         
0.000         
0.964         
0.000         
0.000         
0.000         
0.000         
0.000         
0.000         
0.000         
40.371        
0.000         
0.000         
0.000         
0.000         
0.000         
12.042        
10.835        
12.241        
0.000         
2.925         
0.000         
0.000         
0.000         
0.000         
0.000         
0.000         
0.000         
0.000         
0.000         
0.000         
0.000         
11.951        
0.000         
0.000         
0.000         
0.000         
0.000         
21.843        
0.000         
0.000         
0.000         
0.000         
0.000         
0.092         
0.000         
0.000         
0.000         
0.000         
0.000         
0.000         
0.000         
0.000         
0.000         
0.000         
0.000         
0.000         
0.000         
0.000         
0.860         
0.000         
0.000         
0.000         
14.092        
0.000         
78.034        
0.000         
0.000         
0.000         
0.000         
0.000         
0.000         
0.000         
0.000         
0.000         
0.000         
0.000         
0.000         
0.000         
0.000         
0.000         
0.000         
0.000         
2.297         
0.000         
0.000         
0.000         
0.000         
0.000         
0.000         
0.000         
0.000         
0.000         
0.000         
0.000         
0.000         
0.000         
0.000         
0.000         
0.000         
0.000         
0.000         
0.000         
0.000         
0.000         
0.000         
0.000         
0.000         
0.000         
0.000         
0.000         
0.000         
0.000         
0.000         
0.000         
0.000         
0.000         
0.000         
0.000         
0.000         
0.000         
0.000         
0.000         
0.000         
0.000         
0.000         
0.000         
10.224        
0.000         
0.000         
0.000         
0.000         
0.000         
0.000         
0.000         
0.000         
0.000         
0.000         
0.000         
0.000         
0.000         
0.000         
0.000         
3.933         
2.689         
0.000         
0.000         
0.000         
0.000         
0.000         
0.000         
0.000         
0.000         
0.000         
0.000         
0.000         
0.000         
0.000         
0.000         
0.000         
0.000         
0.000         
0.000         
0.000         
0.000         
0.000         
0.000         
0.000         
0.000         
0.000         
1.189         
0.000         
0.000         
0.000         
0.000         
0.000         
0.000         
0.000         
0.000         
0.000         
0.000         
0.000         
0.000         
0.000         
0.000         
0.000         
0.000         
0.000         
0.000         
0.000         
0.000         
0.000         
2.823         
0.000         
0.000         
0.000         
0.000         
0.000         
0.000         
0.000         
4.174         
0.000         
0.000         
0.000         
0.000         
0.000         
0.000         
5.157         
0.000         
2.126         
0.000         
0.308         
0.000         
2.981         
11.303        
0.000         
0.000         
0.000         
0.000         
0.000         
0.000         
0.000         
0.000         
8.198         
5.779         
0.000         
0.000         
2.225         
11.437        
0.000         
0.000         
0.000         
0.000         
0.000         
0.000         
0.000         
0.000         
0.000         
0.000         
0.000         
0.000         
0.000         
0.000         
0.000         
0.000         
3.867         
9.483         
0.000         
0.000         
0.678         
0.000         
0.082         
0.000         
0.000         
0.000         
0.000         
0.000         
0.000         
0.000         
0.000         
0.000         
0.000         
0.000         
0.000         
0.000         
0.000         
0.000         
0.000         
0.000         
0.000         
0.000         
0.000         
0.000         
0.000         
0.000         
0.000         
0.000         
0.000         
1.049         
0.000         
0.000         
0.000         
0.000         
7.757         
0.000         
0.000         
0.000         
0.000         
0.000         
0.000         
0.000         
0.000         
17.742        
0.000         
0.000         
0.000         
0.000         
0.000         
0.000         
0.032         
0.000         
0.000         
0.000         
3.593         
0.000         
0.000         
0.000         
0.000         
0.000         
0.000         
0.000         
0.000         
0.000         
0.000         
0.000         
12.633        
0.000         
0.000         
0.000         
0.000         
0.000         
0.000         
0.000         
0.000         
0.000         
0.000         
0.000         
0.000         
7.647         
0.000         
0.000         
6.719         
0.000         
0.000         
0.000         
13.762        
0.000         
0.000         
0.000         
0.000         
0.000         
0.000         
0.000         
0.000         
0.000         
0.000         
2.724         
0.000         
0.000         
0.088         
14.270        
19.309        
0.000         
0.000         
0.000         
0.000         
44.293        
3.003         
0.000         
21.478        
0.000         
0.000         
0.000         
0.000         
0.000         
2.506         
5.982         
0.000         
0.000         
0.000         
0.000         
0.000         
0.791         
0.526         
13.180        
16.346        
0.000         
36.395        
27.698        
0.000         
10.226        
0.000         
0.000         
0.000         
0.000         
0.000         
0.000         
0.000         
0.000         
0.000         
0.000         
0.000         
0.000         
0.000         
0.000         
0.000         
0.000         
0.000         
0.000         
0.000         
0.000         
0.000         
0.000         
0.000         
0.000         
0.000         
0.000         
0.000         
0.000         
0.000         
14.318        
0.000         
0.000         
0.000         
0.000         
0.000         
0.000         
0.000         
13.628        
0.000         
0.000         
0.000         
0.000         
0.000         
0.000         
0.000         
51.263        
0.000         
0.000         
0.000         
0.000         
0.000         
0.000         
0.000         
0.000         
0.000         
0.000         
0.000         
0.000         
0.000         
0.000         
0.000         
0.000         
0.000         
0.000         
0.000         
0.000         
0.000         
0.000         
0.000         
0.000         
0.000         
0.000         
0.000         
5.222         
0.000         
0.000         
0.000         
0.000         
0.000         
0.000         
0.000         
0.000         
0.000         
0.000         
0.000         
0.000         
0.000         
0.000         
0.000         
0.000         
0.000         
0.000         
0.000         
5.174         
0.000         
0.000         
0.000         
0.000         
0.000         
0.000         
0.000         
0.000         
0.000         
0.000         
0.000         
0.000         
0.000         
0.000         
0.000         
0.000         
0.000         
0.000         
0.000         
0.000         
0.000         
0.000         
0.000         
22.745        
0.000         
0.000         
0.000         
0.000         
0.000         
0.000         
42.908        
0.000         
0.000         
0.000         
0.000         
0.000         
0.000         
0.000         
0.000         
0.000         
0.000         
0.000         
0.000         
0.000         
0.000         
0.000         
0.000         
0.000         
0.000         
0.000         
0.000         
0.000         
0.000         
0.000         
0.000         
0.000         
0.000         
0.000         
0.000         
0.000         
0.000         
0.000         
0.000         
0.000         
0.000         
0.000         
0.841         
6.654         
0.000         
0.000         
0.000         
0.000         
9.224         
0.000         
0.000         
0.000         
31.069        
0.000         
0.000         
0.000         
0.000         
0.000         
0.000         
0.000         
79.106        
0.000         
0.000         
0.000         
0.000         
0.000         
0.000         
0.000         
0.000         
22.292        
0.000         
0.000         
15.109        
0.000         
8.100         
0.000         
0.000         
0.000         
0.000         
0.000         
0.000         
0.000         
0.000         
0.000         
0.000         
0.000         
0.000         
0.000         
0.000         
0.000         
0.000         
0.000         
2.128         
0.000         
0.000         
0.000         
0.000         
0.000         
0.000         
0.000         
0.311         
0.000         
0.000         
0.000         
0.000         
0.000         
0.000         
0.000         
1.738         
0.000         
0.000         
0.000         
0.000         
0.000         
0.000         
0.000         
0.000         
9.919         
0.000         
0.000         
0.000         
0.018         
0.000         
0.000         
0.000         
12.382        
0.000         
0.000         
0.000         
0.000         
0.000         
0.000         
0.000         
0.000         
0.000         
0.000         
0.000         
23.336        
0.000         
0.000         
12.642        
0.000         
0.000         
0.000         
0.000         
0.000         
0.000         
0.000         
0.655         
0.000         
0.000         
0.000         
0.000         
0.000         
7.013         
0.000         
1.749         
0.000         
0.413         
0.000         
0.000         
0.000         
0.000         
0.440         
0.000         
0.000         
0.000         
0.000         
0.000         
0.000         
0.000         
0.000         
0.000         
18.981        
0.000         
0.000         
0.000         
0.000         
0.000         
0.000         
0.000         
0.000         
0.000         
0.000         
0.000         
0.000         
0.000         
7.117         
0.000         
0.000         
0.000         
0.158         
1.357         
3.509         
0.000         
2.082         
15.371        
0.000         
0.000         
0.000         
0.000         
0.000         
0.000         
0.000         
0.000         
0.000         
1.611         
11.018        
89.510        
20.561        
0.000         
5.858         
0.000         
0.000         
0.000         
0.000         
0.000         
0.000         
0.000         
0.000         
2.042         
21.136        
79.566        
2.598         
8.300         
0.683         
28.353        
0.000         
7.833         
0.000         
0.000         
0.000         
0.000         
0.000         
0.000         
0.000         
0.000         
0.000         
0.000         
0.000         
0.000         
0.005         
0.000         
9.312         
0.061         
5.492         
0.000         
0.000         
0.000         
0.000         
0.000         
0.000         
0.000         
0.000         
0.000         
0.000         
0.000         
0.000         
6.258         
0.000         
0.000         
0.000         
0.000         
0.000         
0.000         
0.000         
0.000         
0.000         
0.000         
0.000         
0.000         
0.000         
0.000         
0.000         
0.000         
16.065        
0.000         
1.210         
0.033         
0.000         
3.080         
0.000         
0.000         
0.000         
0.000         
0.000         
113.062       
0.000         
0.000         
0.000         
0.000         
0.000         
0.000         
0.000         
0.000         
0.000         
0.000         
0.000         
0.000         
0.000         
0.000         
0.000         
0.000         
0.000         
0.000         
0.000         
0.000         
0.000         
0.000         
0.000         
0.000         
0.000         
0.000         
0.000         
0.000         
0.000         
0.000         
0.000         
0.000         
0.000         
0.000         
0.000         
0.000         
0.000         
0.000         
0.000         
0.000         
0.000         
0.000         
0.000         
0.000         
0.000         
0.000         
0.000         
11.699        
0.000         
0.000         
0.000         
0.000         
0.000         
0.000         
0.000         
0.000         
0.000         
0.000         
0.000         
0.000         
0.000         
0.000         
108.772       
0.000         
0.000         
0.000         
0.000         
0.000         
0.000         
0.000         
0.000         
0.000         
5.557         
0.000         
0.000         
0.000         
0.000         
0.000         
0.000         
0.000         
0.000         
0.000         
0.000         
0.000         
0.000         
0.000         
0.000         
0.000         
0.000         
0.000         
0.000         
0.000         
0.000         
0.000         
0.000         
0.000         
0.009         
0.000         
0.000         
3.393         
10.429        
0.000         
0.000         
21.625        
0.000         
2.808         
0.000         
0.000         
6.190         
0.000         
0.000         
0.000         
0.000         
0.000         
0.000         
0.000         
0.000         
0.000         
0.000         
0.000         
0.000         
0.000         
0.000         
0.000         
0.000         
0.000         
0.000         
0.000         
58.312        
0.000         
0.000         
0.000         
72.862        
6.221         
0.000         
0.000         
44.337        
0.000         
0.000         
0.000         
0.000         
6.903         
0.000         
2.440         
0.000         
0.000         
0.000         
0.000         
0.000         
0.000         
0.000         
0.000         
0.000         
10.872        
0.000         
0.000         
0.000         
0.000         
0.000         
0.000         
0.000         
0.000         
0.000         
0.000         
0.000         
0.000         
0.000         
0.000         
0.000         
12.554        
0.000         
1.190         
0.000         
0.000         
0.000         
0.000         
0.000         
0.000         
0.000         
0.000         
0.000         
0.000         
0.000         
0.000         
0.000         
0.000         
0.000         
0.000         
0.000         
0.000         
0.000         
0.000         
8.236         
0.000         
0.918         
0.000         
0.000         
0.000         
0.000         
0.000         
0.000         
0.000         
6.091         
0.000         
0.000         
0.000         
0.000         
0.000         
3.995         
0.000         
0.000         
0.000         
0.000         
0.000         
0.000         
0.000         
0.000         
0.000         
0.000         
0.000         
0.000         
0.000         
0.000         
0.539         
0.000         
11.701        
0.000         
0.000         
0.000         
0.000         
0.000         
0.000         
0.000         
3.797         
0.000         
0.324         
6.270         
0.000         
0.000         
0.000         
0.000         
0.000         
0.000         
0.000         
0.000         
2.965         
0.000         
0.000         
0.000         
5.845         
0.000         
0.000         
0.000         
0.000         
0.000         
0.000         
0.000         
1.342         
3.016         
0.000         
16.147        
0.642         
0.000         
0.000         
0.000         
0.000         
0.000         
0.000         
1.792         
4.806         
24.132        
0.000         
0.000         
0.000         
0.000         
0.000         
0.000         
0.000         
0.000         
4.665         
0.000         
11.931        
0.000         
3.588         
0.000         
60.128        
20.869        
4.496         
0.000         
0.011         
2.676         
0.000         
0.000         
3.735         
7.258         
10.582        
45.935        
0.000         
0.000         
5.267         
25.797        
0.000         
0.000         
35.250        
1.968         
43.707        
53.273        
0.000         
0.000         
0.000         
0.000         
0.000         
0.000         
9.589         
0.000         
0.250         
0.000         
0.000         
0.000         
59.804        
0.000         
0.000         
0.000         
0.000         
0.000         
0.000         
0.000         
1.610         
0.000         
0.302         
2.408         
20.239        
0.000         
2.959         
55.423        
22.688        
1.669         
0.000         
2.846         
0.000         
0.000         
0.000         
0.000         
0.000         
0.000         
0.000         
0.000         
0.000         
0.000         
0.000         
0.000         
0.000         
91.627        
13.505        
0.000         
0.000         
0.000         
37.549        
0.266         
0.000         
1.567         
0.000         
0.000         
0.000         
0.000         
0.000         
37.860        
6.304         
0.000         
0.000         
0.000         
0.000         
0.000         
0.000         
0.000         
0.000         
0.000         
0.000         
0.000         
0.000         
0.000         
0.000         
0.000         
0.000         
0.000         
0.000         
0.000         
0.000         
0.000         
0.000         
0.000         
0.000         
0.000         
0.000         
0.000         
0.000         
0.000         
0.000         
0.000         
0.000         
0.000         
0.000         
0.000         
0.000         
0.000         
0.000         
0.000         
0.000         
0.000         
0.000         
0.000         
0.000         
0.000         
0.000         
0.000         
8.592         
0.000         
0.000         
0.000         
0.000         
0.000         
0.000         
0.000         
0.000         
0.000         
0.000         
0.000         
0.000         
0.000         
0.000         
0.000         
0.000         
0.000         
0.000         
0.000         
0.000         
12.808        
0.000         
0.000         
0.000         
0.000         
0.000         
0.000         
0.000         
0.000         
0.000         
0.000         
0.000         
0.000         
0.000         
0.000         
0.000         
0.000         
0.000         
0.000         
0.000         
0.000         
0.000         
0.000         
0.000         
0.000         
0.000         
0.000         
0.000         
0.000         
0.000         
0.000         
0.000         
0.000         
0.000         
0.000         
0.000         
0.000         
0.000         
0.000         
0.000         
0.000         
0.000         
0.000         
0.000         
0.000         
0.000         
0.000         
0.000         
0.000         
0.000         
0.000         
0.000         
0.000         
0.000         
0.000         
0.000         
0.000         
0.000         
0.000         
0.000         
0.000         
0.000         
0.000         
33.893        
0.000         
10.345        
0.000         
0.000         
0.000         
0.000         
0.000         
1.025         
0.000         
0.000         
0.000         
0.000         
0.000         
0.000         
0.000         
0.000         
0.000         
0.000         
0.000         
0.000         
0.000         
0.000         
0.028         
0.255         
0.222         
0.000         
0.000         
0.001         
0.000         
0.000         
0.000         
0.000         
0.000         
0.000         
0.000         
0.000         
0.000         
0.000         
1.817         
0.000         
0.000         
0.000         
0.880         
0.000         
0.000         
0.000         
0.000         
0.000         
0.000         
0.000         
0.000         
0.000         
2.552         
0.000         
0.000         
0.000         
0.917         
0.000         
0.000         
0.000         
0.000         
0.000         
0.000         
0.000         
0.000         
0.000         
0.000         
0.000         
0.000         
0.000         
7.429         
0.000         
0.000         
0.000         
0.000         
0.412         
0.000         
0.000         
0.000         
0.000         
0.000         
0.000         
0.000         
0.000         
0.000         
0.000         
0.000         
0.000         
0.000         
0.000         
0.000         
0.000         
0.000         
0.000         
0.000         
0.000         
0.000         
0.000         
0.000         
0.000         
0.000         
0.000         
0.000         
0.000         
7.857         
2.277         
0.000         
0.000         
0.000         
0.000         
0.000         
0.000         
0.000         
0.000         
0.000         
0.000         
0.000         
0.191         
11.461        
0.000         
1.972         
0.000         
9.954         
0.000         
0.000         
0.000         
0.000         
0.000         
0.000         
0.896         
0.000         
0.000         
0.000         
0.000         
9.932         
0.000         
0.000         
0.000         
0.000         
0.000         
0.000         
0.000         
0.000         
39.416        
5.247         
60.592        
0.000         
5.990         
0.000         
0.000         
12.007        
0.000         
0.000         
0.000         
0.000         
0.000         
0.000         
0.000         
0.000         
0.000         
0.000         
19.182        
3.414         
19.023        
0.000         
1.244         
0.016         
6.698         
0.000         
14.483        
0.000         
0.000         
0.000         
0.000         
0.000         
0.000         
0.000         
0.000         
0.000         
0.058         
0.000         
0.000         
0.000         
0.000         
0.000         
9.023         
0.000         
0.000         
8.289         
5.918         
2.457         
0.451         
35.970        
0.000         
1.952         
0.000         
0.000         
0.000         
0.000         
0.000         
0.000         
0.000         
0.000         
0.000         
0.000         
0.000         
0.000         
0.000         
0.000         
0.000         
0.000         
0.000         
0.000         
0.000         
0.000         
0.957         
0.025         
0.000         
0.000         
28.406        
19.658        
0.000         
0.000         
0.000         
0.000         
4.657         
0.000         
0.000         
0.000         
0.000         
0.000         
0.000         
0.000         
0.000         
0.000         
0.000         
0.000         
0.000         
0.000         
0.000         
27.197        
0.000         
0.000         
27.140        
0.000         
0.000         
0.000         
0.000         
0.000         
0.000         
0.000         
0.000         
0.000         
0.000         
0.000         
0.000         
0.000         
0.000         
0.000         
0.000         
0.000         
0.000         
0.000         
0.000         
0.000         
0.000         
0.000         
0.000         
0.000         
0.000         
0.000         
0.000         
0.000         
0.000         
0.000         
0.000         
0.000         
0.000         
0.000         
0.000         
0.000         
0.000         
0.000         
1.623         
0.000         
0.000         
0.000         
0.000         
0.000         
0.000         
0.000         
0.000         
0.000         
0.000         
0.000         
0.000         
0.000         
0.000         
0.000         
0.000         
0.000         
0.000         
0.000         
0.000         
0.000         
0.000         
0.000         
0.000         
0.000         
0.000         
0.000         
3.198         
0.000         
0.000         
4.179         
0.000         
6.799         
0.000         
0.000         
1.382         
0.000         
0.000         
0.000         
0.000         
0.000         
0.000         
0.000         
0.000         
0.000         
0.000         
0.000         
0.000         
0.000         
0.000         
0.000         
0.000         
0.000         
0.000         
0.000         
5.913         
0.000         
0.000         
0.000         
0.000         
0.000         
0.000         
6.956         
0.000         
0.000         
0.875         
1.759         
0.000         
0.000         
0.000         
0.000         
1.093         
0.000         
0.000         
0.000         
0.000         
77.076        
0.000         
0.000         
0.000         
0.000         
0.000         
21.740        
0.000         
0.000         
0.000         
8.740         
0.000         
0.000         
0.000         
10.297        
0.000         
0.000         
11.682        
0.000         
0.000         
0.000         
0.000         
0.000         
1.253         
0.000         
0.000         
2.362         
0.000         
0.000         
0.000         
0.000         
0.000         
0.000         
0.000         
0.000         
0.000         
0.006         
0.000         
0.000         
0.000         
0.000         
0.000         
0.000         
0.000         
0.000         
0.000         
6.252         
0.723         
0.000         
0.000         
0.000         
0.000         
26.759        
0.002         
0.000         
0.583         
0.000         
0.000         
0.379         
0.000         
0.499         
0.000         
0.000         
0.000         
0.000         
0.000         
0.000         
2.613         
0.000         
0.000         
0.000         
0.000         
0.000         
0.000         
0.000         
0.000         
0.000         
0.000         
2.481         
0.000         
0.000         
0.000         
0.000         
0.000         
0.000         
0.000         
0.446         
0.000         
0.226         
0.000         
0.000         
2.545         
0.000         
0.000         
0.000         
0.000         
0.000         
0.000         
0.000         
0.000         
0.000         
0.000         
0.000         
1.905         
0.000         
0.000         
0.000         
0.000         
0.000         
0.000         
0.000         
0.000         
0.000         
0.000         
0.000         
0.174         
0.000         
0.000         
0.000         
0.000         
0.000         
0.000         
0.000         
0.000         
0.000         
0.000         
0.000         
0.000         
37.186        
0.000         
0.000         
0.000         
0.000         
0.000         
0.000         
14.452        
0.000         
0.102         
0.000         
0.000         
0.000         
0.000         
0.000         
6.421         
0.000         
1.465         
49.753        
72.056        
0.000         
8.504         
1.372         
15.557        
0.000         
0.000         
9.720         
0.000         
0.000         
0.000         
1.935         
0.000         
0.000         
5.927         
0.000         
0.000         
7.584         
0.000         
0.000         
0.000         
47.737        
2.458         
0.000         
0.966         
0.000         
5.713         
0.251         
0.000         
0.048         
0.106         
0.492         
5.666         
10.853        
113.481       
0.000         
8.585         
263.817       
2.695         
19.240        
0.000         
0.000         
0.000         
0.000         
0.000         
0.000         
0.000         
0.000         
0.000         
0.000         
0.144         
39.548        
0.000         
0.000         
0.140         
0.548         
0.000         
7.506         
0.000         
0.008         
0.000         
8.430         
0.000         
0.000         
0.000         
0.000         
0.000         
0.000         
13.111        
0.000         
0.000         
0.000         
0.000         
3.714         
0.000         
4.406         
12.368        
0.000         
0.597         
0.054         
0.000         
59.050        
0.000         
0.000         
0.000         
1.816         
0.000         
0.000         
0.032         
12.052        
0.000         
0.000         
0.000         
45.306        
0.000         
0.000         
0.000         
1.923         
0.000         
0.000         
0.000         
0.000         
0.000         
0.000         
0.000         
0.000         
0.000         
0.000         
0.000         
0.000         
0.000         
0.000         
0.000         
0.000         
0.000         
0.000         
0.000         
0.000         
0.000         
0.000         
0.000         
0.000         
0.000         
0.000         
0.000         
0.000         
0.000         
0.000         
0.000         
0.000         
0.000         
0.000         
0.000         
0.000         
0.000         
0.000         
0.000         
0.000         
0.191         
0.000         
0.000         
0.000         
0.000         
0.000         
0.000         
23.132        
0.000         
0.000         
0.000         
0.000         
0.000         
0.000         
0.000         
0.000         
0.000         
0.000         
0.000         
0.000         
0.000         
0.000         
0.000         
0.000         
0.455         
0.000         
0.000         
0.000         
8.274         
0.000         
0.000         
0.000         
0.000         
7.316         
0.000         
0.000         
0.000         
0.000         
0.000         
0.000         
13.283        
0.000         
0.000         
0.000         
0.000         
0.000         
0.000         
0.000         
0.000         
0.000         
0.000         
0.000         
0.000         
0.000         
0.000         
0.000         
0.000         
0.000         
0.000         
0.000         
0.000         
0.000         
0.000         
0.000         
0.000         
0.000         
0.000         
0.000         
0.000         
0.000         
0.000         
0.000         
0.000         
0.000         
0.000         
0.000         
0.000         
0.000         
0.000         
0.000         
0.000         
29.552        
5.163         
9.020         
0.000         
0.000         
0.000         
22.837        
0.000         
0.000         
3.045         
0.000         
5.516         
0.000         
0.000         
0.000         
0.000         
15.445        
51.026        
0.000         
0.000         
0.000         
0.000         
0.000         
0.000         
0.000         
0.000         
0.000         
0.000         
0.000         
0.000         
0.000         
0.000         
0.000         
0.000         
0.000         
0.000         
0.000         
0.000         
0.000         
8.053         
0.000         
0.000         
0.000         
0.000         
0.000         
0.000         
0.000         
0.000         
0.000         
0.000         
0.000         
0.000         
2.084         
0.000         
14.663        
0.000         
0.000         
0.000         
0.000         
0.000         
0.367         
0.000         
0.000         
6.200         
0.000         
0.000         
0.000         
0.000         
0.000         
0.740         
0.000         
0.000         
0.000         
0.394         
1.586         
0.000         
0.000         
0.000         
0.000         
0.000         
0.000         
0.000         
0.000         
0.000         
0.000         
1.134         
0.000         
0.000         
0.000         
0.000         
15.362        
0.000         
0.000         
0.000         
0.000         
0.000         
0.000         
0.000         
0.000         
1.150         
0.000         
0.000         
0.000         
0.000         
0.000         
8.060         
0.000         
0.000         
0.000         
0.000         
0.000         
3.385         
0.000         
0.000         
0.000         
0.000         
0.000         
0.000         
0.000         
0.000         
0.000         
0.000         
0.000         
0.000         
0.000         
0.000         
0.000         
0.000         
6.859         
0.000         
0.000         
0.000         
0.000         
0.000         
0.000         
0.000         
0.000         
0.000         
0.000         
0.000         
0.000         
3.593         
0.000         
0.000         
0.000         
0.000         
0.000         
0.000         
0.000         
89.336        
8.162         
0.000         
9.519         
0.000         
3.270         
0.000         
0.000         
0.000         
0.000         
0.000         
0.000         
0.000         
0.000         
0.000         
0.000         
0.000         
0.000         
49.359        
0.000         
0.000         
6.176         
0.000         
0.000         
0.000         
0.000         
0.000         
0.000         
0.000         
0.000         
0.000         
0.000         
0.000         
0.000         
0.000         
0.000         
0.000         
0.000         
0.000         
0.000         
0.000         
0.000         
0.000         
0.327         
0.000         
0.000         
4.153         
4.896         
4.900         
9.069         
13.824        
3.665         
9.684         
0.000         
10.060        
1.380         
0.000         
0.000         
0.000         
0.000         
0.000         
0.000         
0.000         
0.000         
9.376         
0.000         
0.000         
36.294        
0.000         
0.000         
0.000         
0.000         
0.000         
2.774         
91.180        
0.000         
0.000         
0.000         
0.000         
0.000         
0.000         
0.000         
0.000         
0.000         
0.000         
60.212        
0.000         
0.000         
0.000         
0.000         
0.000         
0.000         
0.000         
0.000         
0.000         
0.000         
0.000         
0.000         
0.000         
0.000         
0.000         
0.000         
0.000         
0.000         
0.000         
0.000         
0.000         
0.000         
0.000         
0.000         
0.000         
0.000         
0.000         
0.000         
0.000         
0.000         
0.000         
0.000         
0.000         
0.000         
0.000         
0.000         
0.000         
0.000         
0.000         
0.000         
0.000         
0.000         
0.000         
0.000         
0.000         
0.000         
0.000         
0.000         
0.000         
0.000         
0.000         
0.000         
0.000         
0.000         
0.000         
0.000         
0.000         
0.000         
0.000         
0.000         
0.000         
0.000         
0.000         
0.000         
0.000         
0.000         
0.000         
0.000         
0.000         
0.000         
0.000         
0.000         
0.000         
0.000         
0.000         
0.000         
0.000         
34.446        
0.000         
0.000         
0.000         
0.000         
0.000         
0.000         
0.000         
0.000         
0.000         
0.000         
0.000         
0.000         
0.000         
0.000         
0.000         
25.511        
0.000         
0.000         
0.109         
0.000         
0.000         
0.000         
0.000         
0.000         
0.000         
1.618         
0.000         
0.000         
0.000         
0.000         
0.000         
0.000         
0.000         
0.000         
0.000         
0.000         
0.000         
0.000         
0.000         
0.000         
0.000         
0.000         
0.000         
0.000         
0.000         
0.000         
0.000         
0.000         
0.000         
0.000         
0.000         
0.000         
32.010        
0.000         
0.000         
0.000         
0.000         
0.000         
0.000         
41.816        
5.212         
0.000         
0.000         
0.000         
0.000         
0.000         
0.000         
0.000         
1.172         
0.000         
0.000         
16.270        
0.000         
0.000         
0.000         
0.000         
2.637         
0.000         
0.000         
0.000         
0.000         
0.011         
0.283         
0.000         
0.000         
0.000         
0.000         
0.000         
0.000         
0.000         
0.000         
5.563         
0.000         
11.825        
0.000         
0.000         
0.000         
0.000         
0.000         
0.000         
0.000         
0.000         
0.000         
0.000         
0.000         
0.000         
0.000         
0.000         
0.000         
0.000         
0.000         
4.626         
0.000         
0.000         
0.000         
0.000         
8.722         
0.000         
0.000         
0.000         
0.000         
0.000         
0.000         
0.000         
0.000         
0.000         
3.840         
0.000         
0.000         
0.000         
0.000         
0.000         
0.000         
0.000         
0.000         
0.000         
0.000         
0.000         
0.000         
0.000         
0.000         
0.000         
0.000         
0.000         
4.532         
0.000         
0.000         
0.000         
0.000         
0.000         
0.000         
0.000         
0.000         
0.000         
0.000         
0.877         
0.000         
0.000         
0.000         
0.000         
0.000         
0.000         
0.000         
0.000         
0.000         
0.000         
0.000         
0.000         
1.982         
0.000         
0.000         
0.000         
0.000         
0.000         
0.000         
0.000         
0.000         
0.000         
1.472         
0.074         
0.000         
0.000         
1.065         
4.906         
0.000         
0.000         
0.000         
0.000         
0.109         
13.345        
0.000         
5.848         
0.000         
5.183         
0.000         
0.000         
0.000         
0.000         
19.693        
2.120         
0.000         
0.000         
0.011         
19.262        
0.000         
0.000         
0.829         
0.000         
44.627        
0.000         
0.000         
47.936        
6.729         
21.487        
0.000         
0.000         
18.192        
0.000         
2.562         
0.000         
0.380         
0.792         
0.000         
0.000         
0.296         
13.750        
0.000         
4.746         
0.503         
0.000         
0.000         
0.831         
4.272         
23.357        
0.000         
0.000         
0.000         
0.000         
0.000         
0.000         
0.000         
0.000         
0.000         
0.000         
0.000         
0.000         
0.000         
0.000         
0.000         
0.000         
0.000         
0.000         
0.000         
0.000         
0.000         
0.000         
0.000         
0.000         
0.000         
2.888         
1.248         
0.000         
0.000         
0.000         
17.809        
0.000         
0.256         
0.000         
2.934         
3.693         
0.000         
0.000         
0.000         
45.179        
57.406        
16.712        
0.000         
0.000         
0.122         
51.361        
0.000         
0.000         
0.000         
0.000         
0.000         
0.003         
9.500         
0.000         
0.000         
0.000         
0.000         
0.000         
0.000         
0.000         
0.000         
0.000         
0.000         
0.000         
0.000         
0.000         
0.000         
0.000         
0.000         
0.000         
0.000         
0.000         
0.000         
0.000         
0.000         
0.000         
0.000         
0.000         
0.000         
0.000         
0.000         
0.000         
0.000         
0.000         
0.000         
0.000         
0.003         
0.000         
0.000         
0.000         
0.000         
0.000         
0.000         
0.000         
0.000         
0.000         
0.000         
0.000         
0.000         
0.000         
11.745        
0.000         
0.000         
4.833         
0.000         
0.000         
0.000         
0.000         
0.000         
0.000         
0.000         
0.000         
0.000         
0.000         
5.697         
0.000         
0.000         
0.000         
0.000         
0.000         
0.000         
0.000         
6.822         
0.000         
0.000         
0.000         
0.000         
0.000         
0.000         
0.000         
50.903        
0.000         
0.000         
0.000         
0.000         
0.000         
0.000         
0.000         
0.000         
0.000         
0.000         
0.000         
0.000         
0.000         
0.000         
0.000         
0.000         
0.000         
0.000         
0.000         
0.000         
0.000         
0.000         
0.000         
0.000         
0.000         
0.000         
0.000         
0.000         
0.000         
0.000         
0.000         
0.000         
0.000         
0.000         
0.000         
0.000         
0.000         
0.032         
0.000         
0.000         
0.000         
0.000         
19.645        
2.834         
0.000         
0.027         
0.000         
0.000         
0.000         
0.000         
0.000         
0.000         
14.441        
0.000         
0.000         
0.000         
0.000         
0.000         
0.000         
0.000         
29.983        
0.000         
0.000         
0.000         
0.000         
0.000         
0.000         
0.000         
0.000         
0.000         
12.315        
0.000         
0.000         
3.028         
1.984         
0.000         
0.000         
0.000         
0.000         
0.000         
0.000         
0.000         
0.000         
0.000         
0.000         
0.000         
0.000         
0.000         
0.000         
0.000         
0.000         
0.000         
0.000         
0.000         
0.000         
0.000         
0.000         
0.000         
0.000         
0.000         
0.000         
0.000         
0.000         
0.000         
0.000         
0.000         
0.000         
0.000         
0.000         
0.000         
0.000         
0.000         
0.000         
0.000         
0.000         
0.000         
0.518         
0.000         
0.000         
0.000         
0.000         
0.000         
0.000         
0.000         
0.000         
0.000         
0.000         
0.000         
0.000         
0.630         
0.000         
0.000         
0.000         
0.000         
0.000         
0.000         
0.000         
0.000         
0.000         
0.000         
0.000         
2.368         
0.000         
0.000         
0.000         
0.000         
0.550         
2.713         
0.000         
0.000         
0.000         
20.048        
0.000         
0.000         
0.000         
0.000         
0.000         
0.000         
0.000         
0.000         
0.000         
15.754        
7.620         
0.000         
0.000         
0.000         
0.000         
0.000         
0.000         
0.000         
0.000         
0.000         
0.000         
0.000         
0.000         
0.000         
0.000         
0.000         
0.000         
18.854        
1.575         
0.000         
0.000         
2.247         
0.000         
0.026         
0.094         
0.000         
0.000         
7.471         
0.000         
0.000         
6.217         
0.000         
0.000         
0.000         
0.000         
0.000         
0.000         
0.000         
7.418         
0.000         
0.000         
0.000         
0.000         
0.000         
0.000         
24.974        
0.000         
33.018        
0.000         
69.941        
0.427         
20.852        
0.195         
3.080         
0.000         
0.000         
0.000         
0.000         
3.962         
0.000         
0.000         
0.000         
0.000         
0.000         
0.000         
0.000         
0.000         
0.000         
0.000         
7.610         
0.000         
0.000         
0.000         
0.000         
0.000         
0.000         
0.000         
0.000         
0.000         
0.000         
0.000         
0.000         
0.000         
0.000         
0.000         
0.000         
0.000         
0.000         
0.000         
4.613         
3.999         
0.742         
7.806         
0.000         
0.000         
0.000         
0.000         
0.742         
69.196        
0.000         
0.000         
0.000         
0.000         
0.000         
0.000         
3.014         
0.000         
0.000         
36.067        
0.000         
0.000         
0.000         
21.362        
0.000         
0.000         
0.000         
0.000         
0.000         
0.000         
0.000         
0.000         
0.000         
0.000         
0.000         
0.000         
1.073         
0.000         
0.000         
0.000         
0.000         
0.000         
0.123         
0.000         
0.000         
0.794         
0.000         
0.000         
0.000         
0.000         
0.000         
0.000         
0.000         
0.000         
0.000         
0.000         
0.000         
0.000         
0.000         
0.000         
0.000         
0.000         
0.000         
0.000         
0.000         
0.000         
0.000         
0.000         
0.000         
0.000         
0.000         
0.000         
0.000         
0.000         
0.000         
0.000         
0.000         
0.000         
0.000         
0.000         
0.000         
0.000         
0.000         
0.000         
0.000         
0.000         
0.000         
0.000         
0.000         
0.000         
0.000         
0.000         
0.000         
0.000         
0.000         
0.000         
0.000         
0.000         
0.000         
0.000         
0.000         
0.000         
0.000         
0.000         
0.000         
0.000         
0.000         
0.000         
0.000         
0.000         
0.000         
0.000         
0.000         
0.000         
0.000         
0.000         
0.000         
0.000         
0.000         
0.000         
0.000         
52.785        
0.000         
0.000         
0.000         
9.423         
0.000         
0.000         
0.000         
0.000         
0.000         
0.000         
0.000         
0.000         
0.000         
0.000         
0.000         
0.000         
0.000         
0.000         
0.000         
8.077         
0.000         
0.000         
0.000         
0.000         
0.000         
0.000         
0.000         
0.000         
0.000         
0.000         
0.000         
0.000         
0.000         
0.000         
0.000         
0.000         
0.000         
0.000         
0.000         
0.000         
0.096         
0.000         
0.000         
0.000         
0.000         
10.488        
0.000         
0.000         
0.000         
0.000         
0.000         
0.000         
0.000         
0.000         
0.000         
46.451        
0.000         
0.000         
0.000         
0.000         
0.000         
0.000         
0.000         
0.000         
12.883        
0.000         
0.000         
0.000         
0.000         
0.000         
0.000         
0.000         
0.000         
0.000         
0.000         
0.000         
0.000         
0.000         
0.000         
0.000         
0.000         
0.000         
0.000         
0.000         
0.000         
0.000         
0.000         
6.326         
0.000         
0.000         
14.140        
0.000         
0.000         
0.000         
0.000         
0.000         
0.000         
0.000         
0.000         
0.000         
0.000         
0.000         
0.000         
0.000         
0.000         
0.000         
0.000         
0.000         
0.000         
0.000         
0.000         
2.755         
0.000         
0.000         
0.000         
0.000         
0.000         
0.000         
0.000         
0.000         
0.000         
0.000         
0.000         
0.000         
0.000         
0.000         
0.000         
0.000         
0.000         
0.000         
0.000         
0.000         
0.000         
0.000         
0.000         
0.000         
0.000         
0.000         
0.000         
0.000         
0.000         
0.000         
0.000         
0.000         
0.000         
0.000         
0.000         
3.355         
0.000         
0.000         
0.000         
0.000         
0.000         
9.431         
18.408        
0.000         
0.000         
0.000         
0.000         
0.000         
0.000         
0.000         
0.000         
0.000         
0.000         
0.000         
0.000         
0.000         
0.000         
1.676         
0.000         
0.000         
0.000         
0.000         
0.000         
0.000         
0.000         
0.000         
0.000         
0.000         
4.332         
0.000         
0.996         
0.000         
0.000         
0.000         
0.000         
6.224         
0.000         
0.000         
0.000         
0.000         
0.000         
0.000         
4.930         
0.000         
0.000         
0.000         
98.882        
26.842        
0.000         
0.000         
0.000         
1.862         
0.000         
0.000         
0.323         
0.825         
0.000         
30.751        
15.131        
0.000         
10.523        
0.000         
0.000         
4.654         
0.000         
0.000         
1.881         
19.760        
0.000         
0.000         
5.557         
46.729        
0.000         
7.830         
0.000         
0.000         
8.430         
0.000         
0.000         
0.000         
0.000         
0.000         
0.000         
0.000         
0.000         
0.000         
3.121         
0.000         
0.000         
0.000         
0.000         
0.000         
9.184         
0.610         
0.422         
0.000         
0.000         
1.439         
0.000         
83.623        
0.000         
0.000         
1.385         
0.000         
0.000         
0.000         
4.832         
3.922         
0.000         
0.000         
0.000         
0.000         
0.000         
0.000         
0.000         
16.639        
15.030        
0.162         
0.000         
0.000         
86.878        
0.000         
0.000         
0.000         
0.000         
0.000         
0.000         
0.000         
0.000         
0.000         
0.000         
0.000         
0.000         
0.000         
0.000         
0.000         
0.000         
0.000         
0.000         
0.000         
0.000         
0.000         
0.000         
0.000         
0.000         
0.000         
0.000         
0.000         
0.000         
0.000         
0.000         
0.000         
0.000         
0.000         
0.000         
0.000         
0.000         
0.000         
0.000         
0.000         
0.000         
0.000         
0.000         
0.000         
0.000         
0.000         
0.000         
0.000         
0.000         
0.000         
0.000         
0.000         
0.000         
0.000         
0.000         
0.000         
0.000         
0.000         
0.000         
0.000         
0.000         
0.000         
0.000         
0.000         
0.000         
0.000         
0.000         
0.000         
0.000         
0.000         
0.000         
0.000         
0.000         
0.000         
22.787        
0.000         
0.000         
0.000         
0.000         
0.000         
0.000         
0.000         
0.000         
0.000         
6.718         
0.000         
0.000         
0.000         
0.000         
0.000         
0.000         
0.000         
0.000         
0.000         
12.042        
0.000         
0.000         
0.000         
0.000         
5.258         
34.046        
0.000         
0.000         
0.000         
0.000         
0.000         
0.000         
0.000         
0.033         
0.000         
0.000         
0.000         
0.000         
0.000         
0.000         
0.000         
0.000         
0.000         
0.000         
0.000         
1.733         
0.000         
0.000         
0.000         
0.000         
0.000         
0.000         
0.000         
0.000         
0.000         
0.000         
0.000         
0.000         
0.000         
0.000         
0.000         
0.000         
0.000         
0.000         
0.000         
15.953        
0.000         
0.000         
0.000         
0.649         
9.083         
0.000         
17.683        
0.000         
0.000         
0.000         
21.954        
0.000         
11.901        
1.095         
0.000         
0.000         
3.540         
1.652         
18.305        
0.000         
0.000         
0.008         
0.000         
5.082         
0.098         
0.214         
0.000         
0.000         
0.000         
0.000         
0.000         
0.233         
0.000         
0.000         
0.000         
0.000         
0.000         
0.000         
6.390         
2.136         
0.000         
0.000         
0.000         
0.000         
0.000         
0.000         
0.000         
0.000         
0.000         
0.000         
0.000         
0.000         
0.000         
0.000         
0.000         
9.318         
0.161         
2.467         
0.000         
0.000         
3.681         
0.000         
0.000         
0.848         
0.000         
0.000         
0.000         
2.706         
0.000         
0.000         
0.712         
0.387         
0.000         
0.000         
0.000         
6.856         
0.000         
0.000         
0.000         
0.000         
0.000         
0.000         
1.079         
0.000         
0.000         
0.000         
0.000         
19.684        
0.000         
1.912         
0.000         
0.000         
0.000         
0.000         
0.514         
0.000         
0.000         
0.000         
0.000         
0.000         
7.653         
0.000         
0.000         
0.000         
3.850         
0.000         
0.373         
1.880         
0.000         
0.000         
0.000         
0.000         
0.000         
0.000         
0.000         
0.000         
0.000         
0.000         
0.000         
0.000         
41.819        
0.000         
0.000         
0.000         
0.000         
0.000         
0.000         
0.000         
0.375         
0.000         
0.000         
0.000         
0.000         
0.000         
0.000         
0.000         
0.000         
2.265         
0.001         
0.000         
0.000         
0.000         
9.146         
0.000         
19.636        
4.771         
0.000         
0.000         
0.000         
0.000         
0.000         
0.000         
4.720         
0.670         
13.017        
20.579        
0.000         
0.000         
0.000         
0.000         
0.000         
0.000         
0.000         
0.000         
0.000         
0.000         
0.000         
0.000         
0.000         
0.000         
30.068        
0.000         
0.000         
4.809         
1.034         
0.000         
1.578         
10.670        
0.878         
0.639         
0.000         
22.235        
7.156         
14.602        
0.000         
0.000         
0.000         
0.000         
0.000         
0.000         
0.000         
0.000         
0.000         
0.000         
0.000         
0.000         
0.000         
0.000         
0.000         
0.000         
0.000         
0.000         
0.747         
9.008         
0.000         
0.000         
0.000         
0.000         
0.000         
0.000         
0.000         
0.000         
0.000         
0.000         
0.201         
0.000         
7.354         
0.000         
0.006         
0.000         
0.000         
0.000         
0.000         
0.000         
2.716         
0.025         
0.000         
0.904         
1.670         
23.915        
0.000         
0.000         
0.000         
19.173        
0.000         
0.000         
0.000         
0.000         
10.777        
0.000         
0.000         
0.000         
0.000         
0.000         
0.000         
0.100         
0.000         
0.000         
0.000         
0.000         
0.000         
0.000         
0.000         
0.000         
0.000         
0.000         
0.000         
0.000         
0.000         
0.963         
0.000         
0.005         
0.000         
0.000         
0.000         
0.000         
3.651         
0.000         
0.000         
0.000         
0.000         
0.000         
0.000         
0.000         
0.000         
0.000         
0.000         
0.000         
0.000         
0.000         
0.000         
0.000         
0.000         
0.000         
0.000         
0.000         
0.000         
0.000         
0.000         
0.000         
0.000         
0.000         
0.000         
0.000         
0.000         
0.000         
0.000         
0.000         
0.000         
0.000         
0.000         
0.000         
0.000         
16.231        
0.000         
0.000         
0.000         
0.000         
0.000         
0.000         
0.000         
0.000         
0.000         
0.000         
0.000         
0.000         
0.000         
0.000         
0.000         
0.000         
18.091        
0.000         
0.000         
0.000         
0.000         
0.000         
0.000         
0.000         
0.000         
0.000         
0.000         
0.000         
0.000         
0.000         
0.000         
0.000         
0.000         
0.000         
0.365         
4.128         
0.000         
0.000         
0.000         
0.081         
4.033         
0.000         
0.000         
0.000         
0.000         
0.000         
0.855         
0.000         
0.000         
0.000         
0.000         
0.000         
0.000         
0.000         
0.000         
0.000         
0.000         
0.000         
0.000         
0.000         
0.000         
0.000         
6.248         
11.341        
0.000         
0.000         
0.000         
19.614        
69.709        
0.000         
0.000         
11.636        
0.000         
14.520        
0.000         
11.403        
0.000         
0.000         
3.384         
17.124        
0.000         
0.000         
0.000         
0.000         
0.000         
0.000         
0.000         
0.000         
0.000         
6.181         
1.699         
1.077         
1.150         
0.000         
0.000         
0.000         
0.000         
0.000         
0.000         
0.000         
0.000         
0.000         
0.000         
0.000         
0.000         
0.000         
0.000         
0.000         
0.000         
0.000         
0.000         
0.000         
0.000         
0.000         
0.000         
6.116         
0.434         
1.456         
0.000         
0.000         
0.000         
0.000         
0.000         
0.000         
0.000         
0.000         
0.000         
0.000         
0.000         
0.000         
0.000         
0.000         
0.000         
0.000         
0.000         
0.000         
0.000         
0.000         
0.000         
0.000         
0.000         
0.000         
0.000         
0.000         
0.000         
0.000         
0.105         
0.000         
0.000         
0.000         
0.000         
0.000         
0.000         
0.000         
0.000         
0.000         
0.000         
0.000         
0.000         
0.000         
0.000         
1.206         
0.000         
0.000         
0.000         
0.000         
0.000         
0.016         
0.000         
0.000         
0.000         
0.000         
0.000         
0.000         
0.000         
0.000         
0.000         
0.000         
0.000         
0.000         
0.000         
0.000         
0.000         
0.000         
0.000         
0.000         
0.000         
0.000         
2.511         
0.000         
0.000         
0.000         
0.000         
0.000         
0.000         
4.025         
0.000         
0.000         
0.000         
30.021        
0.000         
2.075         
1.731         
9.359         
0.000         
0.000         
3.363         
5.496         
0.000         
26.593        
6.589         
0.000         
0.000         
0.000         
0.000         
0.000         
0.000         
0.000         
0.000         
0.000         
0.000         
0.000         
3.061         
0.000         
0.000         
0.537         
13.763        
0.062         
7.019         
0.000         
0.000         
0.000         
0.000         
0.000         
0.000         
0.000         
0.000         
8.506         
0.000         
0.000         
0.000         
0.000         
16.639        
0.000         
0.000         
0.000         
0.407         
1.815         
0.000         
0.000         
0.000         
18.821        
0.000         
6.161         
0.000         
13.858        
0.000         
0.000         
32.265        
19.335        
0.000         
0.000         
0.000         
5.391         
0.000         
0.000         
0.000         
0.000         
0.000         
0.000         
0.000         
0.000         
0.000         
0.000         
11.703        
12.102        
0.000         
0.000         
0.000         
0.000         
0.000         
0.000         
0.000         
32.121        
100.737       
0.000         
12.950        
0.000         
0.000         
0.000         
79.240        
0.000         
0.000         
0.385         
23.383        
0.000         
0.000         
0.000         
0.000         
0.000         
0.000         
0.000         
0.000         
0.000         
0.000         
0.000         
0.000         
0.000         
0.000         
0.000         
0.000         
0.000         
0.000         
0.000         
0.000         
0.000         
0.000         
0.000         
0.000         
0.000         
0.000         
0.000         
0.000         
0.000         
0.000         
0.000         
0.000         
0.000         
0.000         
0.000         
0.000         
0.000         
0.000         
0.000         
0.000         
0.000         
0.000         
0.000         
0.000         
0.000         
0.000         
0.000         
0.000         
0.000         
0.000         
0.000         
0.000         
0.000         
0.000         
0.000         
0.000         
0.000         
0.000         
0.000         
0.000         
0.000         
0.000         
0.000         
0.000         
8.941         
0.000         
0.000         
0.000         
0.000         
0.000         
0.000         
0.000         
0.000         
0.000         
0.000         
0.000         
0.000         
0.000         
0.000         
0.000         
0.000         
0.000         
0.000         
0.000         
0.000         
0.000         
0.000         
22.644        
0.000         
0.000         
0.000         
0.000         
0.000         
0.000         
0.000         
0.000         
0.000         
0.000         
0.000         
0.000         
0.000         
2.279         
0.000         
0.000         
0.000         
0.000         
0.000         
0.000         
0.091         
0.000         
0.000         
12.199        
0.000         
0.000         
0.000         
0.000         
0.000         
0.000         
0.000         
0.000         
0.000         
0.000         
0.000         
0.000         
0.000         
0.000         
0.000         
0.000         
0.000         
0.000         
0.000         
0.000         
15.266        
0.000         
9.963         
0.000         
0.000         
0.539         
0.000         
5.392         
0.000         
0.000         
0.000         
0.000         
0.000         
0.000         
0.000         
0.000         
0.000         
0.000         
11.403        
0.000         
0.000         
0.000         
3.763         
10.328        
0.000         
0.000         
0.700         
0.000         
0.005         
0.000         
0.000         
0.656         
0.000         
0.000         
0.000         
1.049         
0.000         
0.000         
0.000         
0.000         
0.000         
0.000         
0.000         
0.000         
0.000         
0.000         
3.350         
22.662        
0.000         
45.229        
0.000         
0.000         
3.333         
2.997         
0.000         
0.000         
0.000         
0.000         
0.000         
0.965         
0.000         
0.000         
2.188         
0.000         
0.000         
0.000         
0.000         
0.000         
0.000         
0.000         
0.000         
0.000         
0.000         
0.000         
0.000         
0.000         
0.000         
0.000         
0.000         
0.000         
3.145         
1.703         
0.000         
0.000         
0.000         
15.515        
13.162        
0.000         
0.000         
0.000         
25.978        
0.000         
0.000         
4.876         
0.000         
0.000         
0.000         
0.000         
0.000         
0.000         
0.000         
0.000         
0.000         
0.000         
0.000         
0.000         
0.000         
0.000         
0.000         
0.000         
0.000         
5.351         
0.000         
0.000         
0.612         
0.000         
0.000         
0.000         
28.897        
2.933         
0.000         
0.000         
4.559         
0.000         
0.000         
0.000         
12.019        
1.695         
9.757         
0.000         
2.466         
5.191         
1.267         
0.000         
0.000         
0.000         
0.000         
0.000         
0.000         
0.000         
0.000         
0.000         
0.000         
0.000         
0.000         
0.000         
0.000         
0.267         
0.000         
15.474        
4.625         
10.335        
0.000         
0.000         
36.605        
0.000         
0.000         
1.513         
0.000         
3.187         
0.000         
0.000         
0.013         
45.140        
20.106        
0.000         
0.000         
0.000         
0.000         
0.000         
0.000         
0.000         
0.000         
0.000         
0.000         
0.000         
0.000         
0.000         
0.223         
11.880        
0.000         
1.435         
7.737         
30.203        
39.597        
0.000         
0.000         
2.064         
0.000         
10.390        
2.406         
0.000         
17.835        
2.429         
0.000         
0.000         
0.004         
0.000         
0.000         
0.000         
0.000         
0.000         
5.680         
0.000         
0.000         
0.000         
0.000         
0.000         
0.000         
127.049       
0.000         
0.000         
0.362         
0.000         
0.000         
11.199        
0.000         
0.000         
12.975        
0.000         
22.922        
0.000         
0.000         
0.000         
0.000         
0.000         
0.000         
0.000         
0.000         
0.000         
0.000         
0.000         
0.000         
0.000         
0.000         
0.000         
0.000         
0.000         
0.000         
0.000         
0.000         
0.000         
0.000         
0.000         
0.000         
0.000         
0.000         
0.000         
0.320         
0.000         
0.000         
0.000         
0.000         
0.000         
0.000         
0.000         
0.000         
0.000         
0.000         
0.000         
0.000         
0.000         
0.000         
0.000         
0.000         
0.000         
0.000         
0.000         
0.000         
0.000         
0.000         
0.000         
0.000         
0.000         
0.000         
0.000         
0.000         
0.000         
0.000         
0.000         
0.000         
0.000         
0.000         
0.000         
0.000         
0.000         
0.000         
0.000         
0.000         
0.000         
0.000         
0.000         
0.000         
0.000         
0.000         
0.000         
0.000         
0.000         
0.000         
0.000         
0.000         
0.000         
0.000         
0.000         
0.000         
0.000         
0.000         
12.767        
0.000         
0.000         
0.000         
0.000         
0.000         
0.000         
2.394         
0.000         
0.000         
0.000         
0.000         
0.000         
0.000         
0.000         
0.000         
0.000         
0.000         
0.000         
0.000         
0.000         
0.000         
0.000         
0.000         
0.000         
0.000         
0.000         
0.000         
0.000         
0.000         
0.000         
0.000         
0.000         
0.000         
0.000         
0.000         
0.000         
0.000         
0.000         
0.000         
0.000         
0.000         
0.000         
0.000         
0.000         
0.000         
0.000         
0.000         
0.240         
0.000         
8.501         
0.000         
20.475        
0.000         
0.000         
0.000         
0.000         
0.000         
0.000         
0.000         
0.000         
0.000         
2.615         
57.515        
0.000         
8.876         
5.453         
0.000         
0.000         
0.000         
3.065         
0.000         
0.000         
0.000         
0.000         
0.000         
0.000         
0.000         
0.000         
0.000         
0.000         
0.141         
2.559         
0.481         
0.000         
0.000         
0.000         
0.000         
0.000         
0.000         
1.241         
0.000         
0.000         
0.000         
0.000         
0.000         
0.000         
4.802         
0.000         
0.000         
0.000         
0.000         
0.000         
0.000         
0.000         
0.000         
0.000         
0.000         
1.673         
0.000         
0.000         
0.000         
0.000         
0.046         
0.000         
0.000         
8.675         
0.000         
0.000         
0.000         
0.000         
0.000         
0.000         
0.000         
0.000         
0.000         
0.000         
0.000         
0.000         
0.000         
0.000         
0.000         
0.000         
0.000         
0.000         
0.000         
0.000         
0.000         
0.000         
0.000         
0.000         
0.000         
0.000         
0.000         
0.000         
0.000         
25.225        
0.000         
0.000         
0.000         
0.000         
0.000         
0.000         
0.000         
0.000         
0.000         
0.000         
0.000         
0.000         
0.000         
0.000         
0.000         
0.000         
0.000         
4.272         
0.000         
0.000         
0.000         
0.000         
0.000         
0.000         
0.000         
0.000         
0.000         
0.000         
0.000         
0.000         
0.000         
0.000         
0.000         
0.000         
0.000         
0.000         
0.000         
0.000         
0.000         
0.000         
8.158         
0.000         
0.000         
8.314         
10.250        
26.186        
0.000         
25.689        
0.000         
0.000         
2.409         
4.488         
0.000         
18.458        
0.540         
0.000         
0.000         
0.211         
0.000         
0.000         
0.000         
0.000         
0.000         
0.000         
3.269         
2.439         
0.000         
3.145         
0.000         
1.505         
3.837         
62.798        
0.000         
19.752        
0.000         
0.577         
6.309         
0.000         
0.000         
0.000         
26.481        
0.000         
6.294         
16.684        
86.654        
0.000         
7.027         
0.000         
0.000         
0.000         
0.000         
0.000         
0.000         
0.000         
0.000         
0.000         
0.000         
0.000         
9.702         
0.000         
0.000         
0.000         
0.000         
0.000         
0.000         
0.000         
0.000         
33.821        
0.000         
3.324         
0.000         
68.011        
0.000         
0.000         
1.058         
0.000         
0.000         
0.000         
0.000         
0.000         
2.953         
0.000         
2.176         
0.571         
0.000         
0.714         
0.000         
0.000         
0.000         
0.000         
37.325        
0.000         
0.000         
0.000         
0.000         
0.000         
0.000         
0.000         
0.000         
0.000         
0.000         
0.000         
0.000         
0.000         
0.000         
0.000         
0.000         
0.000         
0.000         
0.000         
0.000         
0.000         
0.000         
0.000         
0.000         
0.000         
0.000         
0.000         
0.000         
0.000         
0.000         
0.000         
0.000         
0.000         
0.000         
0.000         
0.000         
0.000         
0.000         
0.000         
34.150        
1.822         
0.000         
0.000         
0.000         
0.000         
0.000         
0.000         
0.000         
0.000         
0.000         
0.000         
0.000         
0.000         
0.000         
0.000         
0.000         
0.000         
0.000         
0.000         
0.000         
0.000         
3.606         
0.000         
0.000         
0.000         
0.000         
0.000         
0.000         
0.000         
0.000         
0.000         
0.000         
0.000         
0.000         
0.000         
0.000         
0.000         
0.000         
0.000         
0.000         
0.000         
0.000         
0.000         
0.000         
0.000         
0.000         
2.139         
0.000         
4.122         
0.000         
0.000         
0.000         
0.000         
0.000         
0.000         
0.000         
0.000         
0.000         
0.000         
0.000         
0.000         
0.000         
0.000         
0.000         
0.000         
0.000         
0.000         
0.000         
0.000         
0.000         
0.000         
0.000         
0.000         
0.000         
0.000         
0.000         
0.000         
0.000         
0.000         
0.000         
0.000         
0.000         
0.000         
0.000         
0.000         
0.000         
0.000         
0.000         
0.000         
0.000         
0.000         
0.000         
0.000         
0.000         
0.000         
0.000         
7.726         
0.000         
0.000         
0.000         
0.000         
0.000         
0.000         
0.000         
0.000         
0.000         
0.000         
0.000         
0.000         
0.000         
0.000         
20.720        
0.000         
0.000         
0.000         
0.000         
30.046        
0.000         
0.000         
9.067         
0.000         
0.000         
0.000         
0.000         
0.000         
0.000         
0.000         
0.000         
0.000         
0.000         
1.996         
0.000         
0.000         
0.000         
0.000         
0.000         
0.000         
0.000         
0.000         
0.000         
0.000         
0.000         
0.000         
0.000         
0.000         
0.000         
0.000         
0.000         
0.000         
30.423        
0.000         
0.000         
4.513         
0.000         
3.607         
0.000         
0.000         
0.000         
0.000         
0.000         
0.000         
0.000         
0.000         
0.000         
0.000         
0.000         
0.000         
0.000         
7.092         
0.000         
0.000         
6.683         
0.000         
0.000         
0.000         
0.000         
0.000         
0.000         
0.000         
0.000         
0.000         
0.000         
0.000         
0.000         
0.000         
0.000         
0.000         
3.301         
0.000         
0.000         
0.000         
0.000         
0.000         
0.000         
0.000         
0.000         
0.000         
0.000         
0.000         
2.959         
0.000         
0.000         
0.000         
0.000         
0.000         
0.000         
0.000         
0.000         
0.000         
0.000         
0.000         
0.000         
0.000         
0.000         
0.000         
0.000         
0.000         
0.000         
0.000         
0.000         
0.000         
0.000         
0.000         
0.000         
0.776         
0.000         
0.000         
0.000         
0.000         
0.000         
0.000         
0.000         
0.000         
0.000         
0.000         
0.000         
21.602        
0.000         
0.000         
0.000         
0.007         
5.072         
0.000         
32.602        
0.000         
0.000         
0.000         
0.290         
4.527         
25.476        
7.812         
0.000         
0.000         
0.000         
17.714        
0.000         
1.588         
0.000         
0.000         
0.000         
0.000         
13.183        
0.000         
0.000         
26.214        
0.000         
0.000         
0.000         
1.664         
2.596         
0.000         
16.636        
0.000         
0.000         
34.342        
0.000         
0.000         
46.077        
0.000         
0.000         
0.000         
0.000         
4.742         
0.000         
0.000         
0.000         
0.000         
43.194        
0.000         
0.000         
0.000         
0.156         
0.000         
0.000         
0.000         
37.066        
0.262         
0.000         
7.593         
0.000         
0.000         
0.000         
0.035         
4.428         
0.000         
0.000         
0.000         
0.000         
0.000         
0.000         
0.000         
0.000         
0.000         
0.000         
0.000         
2.080         
0.000         
33.134        
0.000         
0.000         
0.000         
0.000         
0.000         
0.000         
0.000         
0.000         
306.323       
0.000         
0.000         
0.000         
0.000         
0.000         
0.000         
107.181       
0.000         
2.051         
0.000         
0.000         
0.000         
0.000         
0.000         
0.000         
1.733         
0.000         
0.000         
0.000         
0.000         
0.000         
0.000         
0.000         
0.000         
0.000         
0.000         
0.000         
0.000         
0.000         
0.000         
0.000         
0.000         
0.000         
0.000         
0.452         
0.000         
0.000         
0.000         
0.000         
0.000         
0.000         
0.000         
0.000         
0.000         
0.000         
0.000         
0.000         
0.000         
0.000         
0.000         
0.000         
0.000         
0.000         
0.000         
0.000         
0.000         
0.000         
0.000         
0.108         
0.000         
0.000         
0.000         
0.000         
0.000         
0.000         
0.000         
0.000         
0.000         
0.000         
0.000         
0.000         
0.000         
0.000         
0.000         
0.000         
0.000         
0.000         
0.000         
0.000         
0.000         
0.000         
0.000         
0.000         
0.000         
0.000         
0.000         
0.000         
0.000         
0.000         
0.000         
0.000         
0.000         
0.000         
0.000         
0.000         
0.000         
0.000         
0.000         
0.000         
0.000         
0.000         
0.000         
0.000         
0.044         
0.000         
0.000         
0.000         
0.000         
0.000         
0.000         
0.000         
0.000         
5.121         
0.000         
0.000         
0.000         
0.000         
0.000         
0.000         
0.000         
0.000         
0.000         
0.000         
0.000         
0.000         
0.000         
0.000         
0.209         
0.000         
0.000         
0.000         
0.000         
0.000         
0.000         
48.648        
3.879         
31.933        
0.000         
0.000         
0.000         
9.751         
13.800        
15.957        
0.000         
25.012        
3.142         
0.000         
0.000         
0.000         
0.000         
0.000         
0.000         
0.000         
0.000         
0.000         
12.403        
0.000         
0.000         
59.607        
0.000         
37.876        
0.000         
4.754         
0.000         
0.000         
0.000         
3.240         
0.000         
0.000         
4.270         
1.803         
0.524         
0.000         
0.000         
0.000         
0.000         
0.000         
0.000         
0.000         
0.000         
0.000         
0.000         
0.000         
0.008         
0.000         
0.000         
0.000         
0.000         
1.060         
0.000         
0.000         
0.000         
0.000         
3.788         
0.000         
0.000         
0.000         
0.000         
0.000         
12.211        
0.000         
1.365         
0.000         
0.000         
0.000         
0.000         
0.000         
0.000         
0.000         
0.000         
0.000         
0.000         
0.000         
0.000         
0.000         
0.000         
0.000         
0.000         
0.000         
0.000         
0.000         
0.000         
0.000         
0.000         
0.000         
0.000         
0.000         
0.000         
0.000         
0.000         
0.000         
0.000         
0.000         
0.000         
0.000         
0.000         
0.000         
0.000         
0.000         
0.000         
0.000         
0.000         
9.463         
0.000         
1.819         
0.000         
0.000         
0.397         
0.000         
0.000         
0.000         
0.000         
0.000         
0.000         
0.000         
0.000         
0.000         
0.000         
0.000         
1.742         
0.000         
0.000         
0.000         
0.000         
0.000         
0.000         
0.000         
0.942         
0.000         
0.000         
0.000         
0.000         
0.000         
7.188         
9.898         
0.000         
0.000         
0.000         
0.000         
9.857         
0.000         
0.000         
0.000         
0.000         
0.012         
0.000         
0.000         
20.690        
0.000         
0.000         
60.347        
13.379        
0.000         
4.827         
38.094        
0.000         
0.000         
0.000         
0.000         
0.000         
3.025         
0.000         
0.000         
3.996         
10.691        
0.000         
0.000         
0.000         
2.110         
0.000         
0.000         
0.000         
10.851        
20.644        
7.160         
43.595        
2.332         
35.673        
0.000         
36.239        
0.000         
0.097         
34.113        
35.836        
12.738        
0.000         
0.000         
0.000         
3.619         
2.279         
0.000         
0.000         
0.203         
0.216         
0.000         
0.000         
0.000         
0.000         
0.000         
0.000         
14.927        
60.063        
0.000         
0.094         
0.000         
0.000         
0.000         
0.000         
0.000         
0.000         
0.449         
0.000         
0.000         
39.770        
0.000         
0.002         
1.418         
0.000         
0.000         
81.820        
0.000         
0.000         
0.000         
0.000         
0.000         
0.000         
0.050         
0.000         
0.000         
0.000         
0.000         
0.000         
0.000         
191.085       
0.000         
6.658         
0.000         
0.000         
0.000         
0.000         
0.000         
0.000         
0.000         
0.000         
0.000         
0.000         
0.000         
0.000         
0.000         
0.000         
0.000         
0.000         
0.000         
0.000         
0.000         
0.000         
0.000         
0.000         
0.000         
0.000         
0.000         
0.000         
0.000         
0.000         
0.000         
0.000         
0.000         
0.000         
0.000         
0.000         
0.000         
0.000         
0.000         
0.000         
0.000         
0.000         
0.210         
0.000         
0.000         
0.000         
0.000         
0.000         
0.000         
0.000         
0.000         
0.000         
0.000         
0.000         
0.000         
0.000         
0.000         
0.000         
0.000         
0.000         
49.678        
0.000         
0.000         
0.000         
0.000         
0.000         
75.335        
0.000         
0.000         
0.000         
0.000         
0.000         
0.000         
0.000         
0.000         
0.000         
0.000         
0.000         
0.000         
0.000         
0.000         
0.000         
0.000         
0.000         
0.000         
0.000         
0.000         
0.000         
0.000         
0.000         
0.000         
0.000         
0.000         
0.000         
0.000         
0.000         
0.000         
0.000         
5.857         
3.085         
0.000         
0.000         
0.000         
0.000         
7.274         
0.045         
8.597         
2.074         
0.000         
0.000         
0.000         
0.000         
3.688         
6.096         
0.000         
0.000         
0.000         
1.161         
0.000         
0.000         
0.000         
0.000         
0.000         
0.000         
0.000         
0.000         
0.000         
3.636         
0.533         
0.000         
0.000         
0.000         
3.226         
0.000         
0.000         
0.000         
0.000         
0.000         
0.000         
2.884         
0.000         
0.000         
0.000         
0.000         
0.000         
2.499         
5.849         
0.000         
0.000         
0.000         
0.000         
0.000         
0.000         
0.000         
0.000         
0.000         
0.000         
0.000         
0.000         
0.000         
0.000         
0.000         
0.000         
0.000         
0.000         
0.000         
0.000         
0.000         
0.000         
0.000         
0.000         
0.000         
0.000         
0.000         
2.459         
0.000         
0.000         
0.000         
0.000         
0.000         
1.225         
0.000         
0.000         
10.317        
0.000         
0.000         
34.982        
0.000         
20.006        
0.000         
0.000         
4.295         
0.000         
0.559         
0.178         
0.000         
0.000         
0.000         
0.000         
0.000         
0.000         
0.000         
0.000         
0.000         
0.000         
0.000         
0.000         
0.000         
0.000         
0.000         
0.000         
0.000         
0.000         
0.000         
0.000         
0.546         
0.000         
0.000         
0.000         
0.000         
0.000         
0.000         
0.000         
0.000         
0.000         
0.000         
2.142         
0.000         
0.000         
17.599        
0.000         
0.000         
0.000         
0.000         
0.000         
29.316        
0.000         
0.000         
2.462         
0.000         
0.000         
0.000         
0.000         
0.000         
0.000         
0.000         
9.004         
0.000         
0.000         
0.000         
4.378         
0.000         
0.000         
0.000         
0.000         
0.000         
0.000         
0.000         
0.000         
0.271         
0.000         
0.000         
2.184         
0.000         
4.460         
0.000         
0.000         
0.000         
10.929        
0.000         
3.338         
9.875         
8.411         
0.000         
0.000         
0.000         
0.000         
0.000         
0.000         
0.000         
0.000         
0.000         
3.641         
0.301         
0.000         
0.000         
28.771        
28.333        
0.000         
0.000         
23.502        
0.000         
0.000         
15.812        
41.928        
19.738        
16.045        
7.049         
22.159        
0.084         
0.000         
0.000         
0.000         
2.894         
0.000         
0.000         
13.054        
9.981         
3.960         
0.000         
1.781         
60.309        
10.288        
0.000         
51.144        
7.753         
0.713         
1.284         
0.000         
0.000         
0.000         
0.000         
0.000         
0.000         
0.000         
0.000         
0.000         
0.000         
0.000         
0.000         
0.000         
0.000         
0.000         
0.000         
0.217         
0.000         
0.000         
0.000         
0.000         
0.000         
0.000         
0.000         
0.000         
0.000         
0.000         
0.000         
0.000         
0.000         
0.000         
0.000         
0.000         
0.000         
0.000         
0.000         
25.216        
0.000         
0.000         
0.000         
0.000         
3.251         
0.000         
0.000         
0.000         
0.000         
0.000         
0.000         
0.000         
0.000         
0.000         
21.650        
0.000         
0.000         
0.000         
0.000         
0.000         
0.000         
0.000         
0.000         
0.000         
0.000         
0.000         
0.000         
0.000         
0.000         
0.000         
0.000         
0.000         
0.000         
0.000         
0.000         
0.000         
0.000         
0.000         
0.000         
0.000         
0.000         
0.000         
0.000         
0.000         
0.000         
0.000         
19.587        
0.000         
0.000         
0.000         
0.000         
0.000         
0.000         
0.000         
0.000         
0.000         
0.000         
0.000         
0.000         
0.000         
0.000         
0.000         
0.000         
0.000         
0.000         
0.000         
0.000         
0.000         
0.000         
0.000         
0.000         
0.000         
0.000         
0.000         
0.000         
0.000         
3.086         
0.000         
0.000         
0.000         
0.000         
0.000         
0.000         
0.000         
16.584        
0.000         
0.000         
0.000         
0.000         
0.000         
0.000         
0.000         
0.000         
0.000         
0.000         
0.000         
0.000         
0.000         
0.000         
0.000         
0.000         
2.922         
0.000         
0.000         
0.000         
0.000         
0.000         
0.000         
0.000         
0.000         
0.000         
0.000         
0.000         
0.000         
0.000         
0.000         
0.000         
0.000         
0.000         
0.000         
0.000         
0.000         
0.000         
0.395         
0.000         
0.007         
0.000         
0.000         
0.000         
0.000         
0.000         
0.000         
0.000         
0.000         
0.000         
0.530         
0.000         
0.000         
0.000         
0.000         
0.000         
2.501         
6.899         
0.000         
0.000         
0.000         
0.000         
0.000         
0.000         
0.000         
0.000         
1.503         
0.000         
0.000         
11.025        
5.972         
0.000         
0.000         
0.000         
0.000         
0.000         
0.000         
0.000         
11.269        
16.827        
0.000         
0.000         
0.000         
0.000         
0.000         
0.207         
0.000         
0.000         
0.000         
0.000         
0.000         
0.000         
0.000         
0.000         
0.000         
0.000         
0.000         
0.000         
0.000         
1.674         
0.000         
0.000         
0.000         
0.000         
0.000         
0.000         
0.684         
0.000         
2.630         
0.000         
1.559         
1.454         
14.270        
0.000         
0.000         
0.000         
3.260         
0.000         
0.000         
0.000         
7.931         
0.951         
0.000         
0.000         
0.000         
0.000         
0.000         
0.000         
0.000         
0.000         
0.000         
0.000         
0.000         
0.000         
0.000         
0.000         
0.000         
0.000         
0.000         
0.063         
0.000         
0.000         
0.000         
0.000         
0.000         
4.263         
0.000         
0.000         
0.000         
0.616         
0.000         
0.000         
0.000         
0.000         
0.000         
0.000         
0.000         
0.000         
0.000         
0.000         
0.000         
0.000         
0.000         
0.000         
0.000         
0.000         
0.000         
0.000         
0.000         
0.000         
0.000         
0.000         
0.000         
0.000         
0.000         
0.000         
1.220         
0.000         
0.000         
0.000         
0.985         
0.000         
0.591         
0.000         
0.000         
0.000         
0.000         
0.000         
0.000         
0.000         
0.000         
0.000         
0.000         
0.000         
0.000         
0.941         
24.373        
0.000         
0.000         
0.000         
0.000         
5.792         
0.000         
0.000         
0.000         
0.000         
0.000         
6.750         
0.000         
0.000         
0.000         
0.000         
0.000         
2.740         
0.000         
4.405         
8.161         
0.000         
10.358        
0.342         
12.372        
0.000         
0.000         
0.000         
0.000         
12.551        
0.000         
11.710        
0.000         
0.000         
0.000         
0.000         
0.000         
23.743        
0.000         
0.000         
28.733        
0.000         
23.430        
0.000         
0.000         
0.000         
0.000         
0.000         
0.000         
0.000         
0.000         
0.000         
24.446        
0.000         
0.000         
0.000         
0.000         
0.000         
0.000         
0.000         
0.000         
0.000         
0.000         
12.087        
0.000         
0.000         
8.285         
0.000         
0.000         
0.000         
0.000         
0.000         
0.000         
0.000         
0.000         
0.000         
0.000         
0.000         
0.000         
0.000         
0.000         
0.000         
0.000         
0.000         
0.000         
0.000         
0.000         
0.000         
0.000         
0.000         
0.000         
0.000         
0.000         
0.000         
0.000         
21.620        
0.000         
0.000         
0.000         
0.000         
0.000         
0.000         
0.000         
0.000         
0.000         
0.000         
0.000         
0.000         
0.000         
0.000         
0.000         
0.000         
0.000         
0.000         
0.000         
3.412         
0.000         
0.000         
0.000         
0.000         
0.000         
0.000         
0.000         
0.000         
0.000         
0.000         
0.000         
0.000         
0.000         
0.000         
0.000         
0.000         
0.000         
0.000         
0.000         
0.000         
0.000         
0.000         
0.000         
0.000         
0.000         
36.617        
0.000         
0.000         
0.000         
0.000         
0.000         
0.000         
0.000         
0.000         
0.000         
0.000         
0.000         
0.000         
0.000         
0.000         
0.000         
0.000         
0.000         
0.000         
0.000         
0.000         
0.000         
0.000         
0.000         
0.000         
0.000         
0.000         
0.000         
0.000         
0.000         
0.000         
36.196        
0.000         
0.000         
0.000         
0.000         
0.000         
0.000         
0.000         
0.000         
0.000         
0.000         
0.000         
0.000         
0.000         
0.000         
0.000         
0.272         
0.000         
0.000         
0.000         
0.000         
0.000         
0.000         
0.000         
0.000         
0.000         
0.000         
0.000         
0.000         
0.000         
0.000         
0.000         
0.000         
0.000         
0.000         
0.000         
0.000         
0.000         
0.000         
0.000         
0.000         
0.000         
0.000         
0.000         
0.000         
2.607         
0.000         
0.000         
0.000         
0.000         
66.704        
0.000         
0.000         
0.000         
0.000         
0.000         
1.521         
0.000         
0.000         
0.000         
0.000         
24.285        
0.000         
30.516        
0.000         
0.000         
0.000         
0.000         
0.000         
0.000         
0.000         
0.000         
0.000         
0.000         
0.000         
0.000         
0.000         
0.000         
0.000         
0.000         
0.000         
0.000         
1.406         
0.000         
0.000         
0.000         
0.000         
0.000         
0.000         
0.000         
0.000         
0.000         
7.815         
0.000         
5.082         
0.000         
0.000         
0.000         
0.000         
0.000         
0.000         
0.000         
0.000         
0.000         
0.000         
0.000         
0.000         
0.000         
0.000         
0.000         
0.000         
0.000         
0.000         
0.000         
3.243         
0.000         
0.000         
0.000         
0.000         
0.000         
0.000         
0.000         
0.000         
0.000         
2.377         
2.196         
0.000         
0.000         
0.000         
0.000         
0.000         
0.000         
0.000         
0.000         
0.000         
0.000         
19.207        
0.000         
0.000         
0.000         
0.000         
0.000         
0.000         
0.000         
0.000         
7.706         
0.000         
0.000         
0.000         
0.000         
0.000         
0.000         
0.000         
0.000         
0.075         
0.000         
0.000         
0.000         
0.000         
0.000         
5.490         
0.000         
0.000         
1.090         
0.000         
0.000         
0.000         
0.000         
0.000         
0.000         
0.000         
0.000         
0.000         
2.109         
0.000         
26.232        
0.000         
0.000         
0.000         
0.000         
11.030        
0.000         
2.192         
0.000         
0.000         
0.000         
0.000         
0.000         
0.000         
1.265         
0.000         
0.000         
0.000         
0.000         
17.608        
6.224         
34.445        
0.000         
2.188         
67.623        
0.000         
0.000         
0.000         
0.000         
6.710         
0.000         
0.002         
0.000         
0.000         
0.258         
0.000         
0.080         
0.000         
16.301        
3.678         
4.787         
0.000         
0.000         
0.000         
0.000         
0.000         
0.000         
0.000         
0.000         
0.869         
0.000         
0.000         
0.000         
1.751         
0.000         
0.000         
0.000         
26.088        
0.000         
0.000         
0.000         
0.000         
0.000         
0.000         
0.000         
0.000         
0.000         
0.000         
0.000         
0.000         
2.882         
0.000         
9.259         
0.000         
0.000         
0.000         
0.000         
0.000         
0.000         
0.000         
0.000         
0.000         
0.000         
0.000         
0.000         
0.000         
0.000         
0.000         
0.000         
0.000         
0.000         
0.000         
0.000         
0.000         
0.000         
53.914        
0.000         
0.000         
0.000         
0.000         
0.000         
0.000         
0.000         
0.000         
8.937         
3.771         
1.410         
28.397        
43.319        
0.000         
29.160        
0.000         
0.000         
9.992         
5.714         
0.000         
0.000         
0.000         
0.000         
0.000         
0.000         
0.000         
0.000         
0.000         
0.000         
0.000         
0.000         
0.000         
0.000         
0.000         
0.000         
0.000         
0.000         
0.000         
0.000         
0.000         
0.000         
0.000         
0.000         
0.000         
0.000         
0.000         
0.000         
0.000         
0.922         
0.000         
0.000         
0.000         
0.000         
0.000         
0.000         
0.000         
0.000         
0.000         
1.519         
0.000         
0.000         
0.000         
0.000         
0.000         
0.000         
0.000         
0.000         
0.000         
0.000         
0.000         
0.000         
0.000         
0.000         
0.000         
0.000         
0.000         
0.000         
0.000         
0.000         
0.000         
0.000         
0.000         
0.000         
0.000         
0.000         
0.000         
0.000         
0.000         
0.000         
0.000         
0.000         
0.000         
0.000         
0.000         
0.000         
0.000         
0.000         
0.000         
0.000         
0.000         
0.000         
0.000         
0.000         
7.177         
0.000         
0.000         
0.000         
13.910        
0.000         
0.000         
0.000         
0.000         
0.000         
0.000         
0.000         
0.000         
0.000         
0.000         
0.000         
0.000         
0.000         
0.000         
0.000         
0.000         
0.000         
0.000         
0.000         
0.000         
0.000         
0.121         
0.000         
0.000         
0.000         
0.000         
0.000         
0.000         
0.001         
0.000         
0.000         
0.000         
0.000         
0.000         
0.000         
1.436         
0.000         
4.942         
7.783         
0.000         
13.462        
0.000         
0.000         
0.000         
2.556         
0.000         
67.341        
0.000         
0.000         
0.000         
0.000         
14.234        
0.000         
0.000         
0.000         
0.569         
0.000         
0.000         
7.705         
0.000         
0.000         
0.000         
10.318        
3.321         
3.898         
0.000         
1.063         
0.000         
0.000         
0.000         
0.000         
0.000         
0.000         
0.000         
0.000         
0.000         
0.000         
9.063         
0.000         
0.000         
0.000         
0.000         
0.000         
0.000         
0.000         
45.664        
0.000         
0.000         
0.000         
0.000         
0.000         
0.000         
0.000         
0.000         
0.000         
0.000         
0.000         
0.000         
0.000         
0.000         
0.000         
0.000         
0.000         
0.000         
0.005         
0.000         
0.000         
0.000         
0.000         
0.000         
3.647         
0.000         
0.000         
0.000         
2.703         
0.000         
0.000         
0.000         
0.000         
0.000         
0.000         
0.000         
0.000         
0.000         
0.000         
0.000         
0.000         
0.000         
0.000         
0.000         
0.000         
0.733         
0.000         
0.000         
0.000         
0.000         
7.276         
0.000         
20.577        
0.000         
0.000         
0.000         
0.000         
0.000         
0.000         
0.000         
0.000         
3.400         
0.000         
0.000         
0.000         
0.000         
5.323         
0.000         
0.000         
0.000         
5.001         
0.000         
5.011         
0.000         
0.000         
0.000         
0.000         
0.000         
0.000         
0.000         
4.577         
0.000         
0.000         
1.331         
0.000         
10.938        
0.000         
9.620         
1.762         
0.000         
0.000         
6.321         
1.845         
0.000         
7.070         
6.194         
0.000         
0.000         
0.564         
0.000         
2.352         
0.000         
0.000         
79.804        
4.414         
11.482        
30.307        
1.148         
7.192         
37.743        
0.000         
28.795        
5.237         
18.109        
0.000         
16.423        
2.009         
9.485         
51.400        
3.414         
14.453        
0.000         
0.000         
0.000         
53.058        
0.000         
0.000         
17.385        
1.053         
0.000         
0.000         
4.830         
0.236         
0.000         
3.712         
0.000         
0.000         
0.000         
0.000         
7.004         
0.000         
11.454        
106.554       
2.633         
0.000         
0.000         
13.770        
21.634        
6.619         
0.000         
31.697        
12.216        
10.440        
7.666         
0.443         
10.522        
0.000         
0.000         
0.000         
0.000         
0.000         
1.087         
29.211        
3.855         
0.000         
0.000         
0.000         
0.092         
2.520         
0.000         
39.420        
0.000         
0.000         
0.002         
7.133         
3.599         
0.000         
0.000         
0.000         
0.000         
62.842        
0.000         
0.000         
129.797       
0.000         
0.000         
0.000         
0.000         
0.000         
0.000         
0.000         
2.462         
0.000         
0.000         
0.000         
0.000         
0.000         
0.000         
0.000         
0.000         
0.000         
0.000         
0.000         
0.000         
0.000         
0.000         
0.000         
0.000         
0.000         
16.846        
10.436        
0.000         
0.000         
0.000         
0.000         
0.000         
0.000         
0.000         
0.000         
0.000         
0.000         
0.000         
0.000         
0.847         
0.000         
0.000         
0.000         
0.000         
0.000         
0.000         
0.000         
0.000         
0.000         
0.000         
0.000         
0.000         
0.000         
0.000         
0.000         
0.000         
1.645         
0.000         
0.000         
0.000         
0.000         
0.000         
0.000         
0.000         
0.000         
0.000         
0.000         
0.000         
0.000         
0.000         
0.000         
6.818         
0.000         
0.000         
0.000         
0.000         
0.000         
0.000         
0.000         
0.000         
0.000         
0.000         
9.358         
15.709        
0.000         
0.000         
12.025        
0.000         
0.000         
0.000         
0.000         
0.000         
0.000         
0.000         
0.000         
51.152        
0.000         
0.000         
0.000         
0.000         
0.000         
0.000         
0.000         
0.000         
0.000         
0.000         
0.000         
0.000         
0.000         
0.000         
0.000         
0.000         
0.000         
0.000         
0.000         
0.000         
0.000         
0.000         
0.000         
0.000         
0.000         
0.000         
0.000         
0.000         
0.000         
0.000         
0.000         
0.000         
0.000         
0.000         
0.000         
24.199        
0.000         
0.000         
0.723         
46.540        
0.000         
0.000         
0.000         
22.404        
0.000         
0.000         
49.382        
0.000         
0.000         
0.000         
0.000         
7.539         
0.000         
0.225         
0.000         
0.000         
0.000         
0.000         
0.000         
0.000         
0.000         
0.000         
0.000         
0.000         
3.121         
0.000         
0.000         
0.000         
0.724         
0.000         
0.000         
0.000         
0.000         
6.344         
4.936         
0.000         
7.041         
0.000         
0.000         
0.000         
0.000         
2.060         
0.000         
0.000         
0.000         
0.000         
0.000         
0.000         
0.000         
0.000         
20.761        
0.000         
0.000         
0.000         
0.000         
0.000         
0.000         
17.889        
1.284         
0.000         
0.000         
1.306         
15.537        
0.000         
0.000         
0.000         
0.000         
0.000         
4.850         
0.000         
0.000         
1.387         
0.000         
0.000         
0.000         
0.000         
0.000         
10.747        
0.000         
0.000         
0.000         
0.000         
0.000         
0.000         
0.000         
0.000         
4.611         
0.000         
0.000         
0.000         
0.000         
0.000         
8.325         
0.000         
0.000         
0.000         
30.083        
0.000         
0.000         
0.000         
0.000         
0.000         
0.000         
0.000         
0.000         
0.000         
0.000         
0.000         
0.000         
0.000         
0.000         
0.000         
0.000         
0.000         
0.000         
0.000         
0.000         
0.000         
0.000         
0.000         
0.000         
5.070         
0.000         
0.000         
0.000         
0.000         
0.000         
0.000         
0.000         
9.631         
0.000         
0.000         
2.111         
0.000         
0.000         
6.778         
0.000         
0.000         
0.000         
0.000         
0.000         
0.000         
24.595        
55.485        
0.000         
0.000         
0.000         
0.000         
0.000         
0.000         
0.000         
3.781         
1.482         
25.021        
2.052         
0.000         
3.580         
0.000         
7.529         
0.000         
38.797        
0.000         
0.000         
0.000         
6.208         
7.502         
0.000         
0.000         
0.000         
0.000         
0.000         
0.000         
0.000         
0.202         
0.000         
0.000         
0.000         
0.000         
0.000         
0.000         
0.000         
81.499        
0.000         
0.000         
0.400         
0.000         
0.000         
56.140        
2.247         
0.000         
0.000         
53.087        
0.000         
10.205        
0.000         
0.000         
0.000         
0.000         
0.000         
0.000         
0.000         
0.000         
0.000         
0.000         
0.000         
0.000         
0.000         
0.000         
6.314         
0.000         
0.000         
0.000         
0.000         
0.000         
18.010        
0.000         
0.000         
0.000         
0.000         
0.547         
0.000         
0.000         
0.000         
0.000         
0.000         
0.000         
0.000         
0.000         
0.000         
0.000         
0.000         
0.000         
0.000         
0.000         
0.000         
0.000         
0.000         
0.000         
0.000         
0.000         
0.000         
0.000         
0.000         
0.000         
0.000         
0.000         
0.000         
0.000         
0.000         
0.000         
0.000         
0.000         
0.000         
0.000         
0.000         
0.000         
0.000         
0.000         
0.000         
0.000         
0.000         
0.000         
0.000         
0.000         
0.000         
0.000         
0.000         
0.000         
0.000         
0.000         
0.000         
0.000         
0.000         
0.000         
0.000         
0.000         
0.000         
0.000         
0.000         
0.000         
0.000         
0.000         
0.000         
0.000         
0.000         
0.000         
0.000         
0.000         
0.000         
0.000         
0.000         
0.000         
0.968         
0.000         
0.000         
0.000         
0.000         
0.000         
8.465         
0.000         
0.000         
0.000         
0.000         
0.000         
0.000         
0.000         
0.000         
1.724         
0.000         
0.000         
0.000         
15.955        
0.000         
0.000         
0.000         
0.000         
0.000         
0.000         
0.000         
0.000         
0.000         
0.000         
0.000         
0.000         
0.000         
0.000         
0.000         
0.000         
0.000         
0.000         
0.000         
0.000         
0.000         
0.000         
0.000         
0.000         
0.000         
0.000         
0.000         
0.000         
0.000         
0.000         
0.000         
0.000         
0.376         
0.000         
0.000         
0.000         
0.000         
0.305         
1.260         
0.000         
0.000         
0.000         
0.000         
0.000         
0.000         
0.000         
0.000         
3.458         
0.000         
0.000         
0.000         
0.000         
0.000         
0.000         
0.000         
0.000         
20.378        
0.000         
0.000         
0.000         
34.791        
0.000         
0.000         
2.256         
0.000         
0.000         
0.000         
2.623         
0.000         
0.000         
0.000         
0.000         
0.000         
0.000         
0.000         
0.000         
0.490         
0.000         
5.144         
0.000         
0.000         
1.343         
0.000         
1.971         
5.670         
0.000         
12.099        
0.000         
0.000         
0.000         
0.000         
0.000         
0.000         
0.000         
0.000         
0.000         
0.000         
0.000         
0.000         
0.000         
0.000         
0.000         
0.000         
5.035         
2.192         
0.000         
0.000         
0.000         
0.000         
0.000         
0.000         
0.000         
2.247         
0.000         
0.000         
0.000         
0.000         
0.482         
0.000         
0.000         
5.017         
0.000         
0.000         
0.000         
0.000         
0.000         
0.000         
2.661         
0.000         
0.000         
0.000         
0.000         
0.000         
0.000         
0.000         
0.000         
0.000         
0.000         
0.000         
0.000         
0.000         
0.736         
0.000         
0.000         
0.000         
0.000         
0.000         
0.000         
0.000         
37.678        
0.000         
0.000         
0.000         
0.000         
0.000         
1.242         
0.000         
5.044         
0.000         
41.527        
0.000         
0.309         
0.000         
0.000         
0.000         
0.000         
0.000         
0.000         
0.000         
0.000         
0.000         
0.000         
0.000         
0.000         
0.000         
0.000         
0.000         
0.000         
0.000         
0.000         
0.000         
0.000         
0.000         
0.000         
0.000         
0.000         
0.000         
5.475         
0.000         
0.000         
0.676         
0.000         
0.000         
0.000         
1.242         
35.462        
0.000         
9.723         
0.000         
6.862         
0.000         
1.719         
0.000         
3.613         
0.000         
0.000         
0.000         
0.000         
0.000         
15.729        
0.000         
0.000         
8.667         
0.000         
0.000         
0.000         
0.000         
0.000         
42.021        
0.000         
45.739        
1.233         
0.000         
0.000         
33.457        
34.478        
0.000         
31.328        
68.964        
3.339         
26.639        
8.313         
3.778         
0.000         
3.823         
0.000         
22.728        
14.145        
0.000         
0.730         
0.000         
9.715         
2.997         
7.912         
0.000         
0.000         
0.000         
0.000         
0.000         
0.000         
0.000         
15.743        
0.000         
1.567         
50.853        
0.000         
0.000         
0.000         
0.000         
0.000         
0.000         
0.000         
0.000         
0.000         
0.000         
0.000         
0.000         
0.000         
0.000         
0.000         
5.597         
18.528        
61.538        
0.000         
0.000         
0.000         
0.000         
0.000         
0.000         
0.000         
0.000         
5.952         
0.000         
0.006         
0.000         
24.661        
77.265        
0.000         
0.000         
0.000         
0.000         
0.000         
0.000         
0.000         
0.000         
0.000         
0.000         
0.468         
0.000         
0.339         
0.000         
5.651         
0.000         
0.000         
0.000         
0.000         
0.000         
0.000         
0.000         
0.000         
0.000         
0.000         
0.000         
1.800         
0.000         
0.000         
0.000         
0.000         
0.000         
0.000         
0.000         
0.000         
0.000         
0.000         
0.000         
0.000         
0.000         
0.000         
0.000         
0.000         
0.000         
0.000         
0.000         
1.998         
0.000         
0.000         
0.000         
0.000         
0.000         
0.000         
0.000         
0.000         
0.000         
0.000         
0.000         
0.000         
0.000         
0.000         
0.000         
0.000         
0.000         
0.000         
0.000         
0.000         
0.000         
0.000         
0.000         
0.000         
0.000         
0.000         
0.000         
0.000         
0.000         
0.000         
0.000         
0.000         
0.000         
0.000         
0.000         
0.000         
0.000         
0.000         
0.000         
0.000         
0.000         
0.000         
4.156         
0.000         
0.000         
0.000         
0.000         
0.000         
0.000         
0.000         
0.000         
0.000         
0.000         
0.000         
0.000         
0.000         
0.000         
0.000         
0.000         
0.000         
0.000         
0.000         
0.000         
0.000         
0.000         
0.000         
0.000         
0.000         
0.000         
0.000         
0.000         
0.000         
0.000         
0.000         
0.000         
0.000         
22.207        
20.763        
0.000         
25.028        
0.000         
4.154         
0.000         
0.000         
0.000         
0.000         
0.000         
0.000         
0.000         
0.000         
0.000         
0.000         
0.000         
0.000         
0.000         
0.000         
0.000         
7.672         
0.769         
0.000         
7.911         
0.000         
0.000         
0.000         
0.000         
0.000         
0.000         
0.000         
0.000         
0.189         
0.000         
0.000         
0.000         
0.000         
0.000         
0.000         
0.000         
0.000         
0.000         
0.000         
0.000         
0.000         
0.000         
0.000         
0.000         
0.000         
0.000         
0.000         
0.000         
0.000         
0.000         
0.000         
0.000         
0.000         
0.000         
0.000         
0.000         
0.000         
0.000         
0.000         
0.000         
0.000         
0.000         
0.000         
0.000         
0.000         
0.000         
0.000         
0.000         
0.583         
0.000         
0.000         
0.000         
0.000         
0.000         
0.000         
0.000         
0.000         
0.000         
0.000         
0.000         
0.000         
0.000         
0.000         
4.650         
0.000         
0.000         
0.000         
0.000         
8.620         
0.000         
0.111         
0.000         
0.000         
0.000         
0.000         
0.000         
5.984         
0.000         
0.000         
0.000         
0.000         
0.000         
0.000         
0.000         
0.000         
0.000         
0.000         
0.000         
0.000         
0.000         
0.000         
0.000         
0.000         
0.000         
0.000         
0.000         
0.000         
0.000         
0.000         
0.000         
0.000         
0.000         
0.000         
0.000         
1.355         
0.000         
2.737         
0.000         
0.000         
0.000         
6.691         
2.978         
0.000         
0.000         
0.000         
0.000         
0.000         
0.000         
0.000         
0.000         
0.000         
0.000         
0.000         
8.500         
16.475        
0.000         
21.166        
0.000         
7.047         
0.000         
0.000         
0.000         
0.000         
0.000         
0.000         
0.000         
0.069         
0.000         
0.000         
0.000         
0.000         
0.000         
0.000         
0.000         
3.789         
0.000         
0.000         
0.000         
0.000         
21.426        
2.361         
0.000         
0.001         
0.122         
40.801        
14.560        
0.000         
13.176        
37.056        
18.911        
0.000         
0.000         
0.000         
35.610        
0.000         
0.000         
5.421         
0.000         
0.568         
0.000         
0.000         
0.000         
0.000         
0.000         
0.000         
0.000         
0.000         
0.000         
11.225        
5.624         
0.000         
0.000         
0.000         
37.353        
0.000         
1.324         
0.000         
0.000         
9.331         
0.000         
0.000         
0.000         
0.000         
0.000         
0.000         
0.000         
0.000         
0.000         
0.000         
0.000         
0.000         
0.000         
0.000         
96.123        
2.680         
0.000         
0.000         
12.106        
0.000         
0.000         
0.000         
0.000         
0.000         
0.000         
0.000         
0.496         
0.000         
0.000         
0.000         
0.000         
0.000         
0.000         
0.000         
0.000         
0.000         
0.000         
0.000         
0.000         
0.000         
0.000         
0.000         
0.000         
0.000         
0.000         
0.000         
0.000         
0.000         
0.000         
0.000         
0.000         
0.000         
0.000         
0.000         
0.000         
0.000         
0.000         
0.000         
0.000         
0.000         
0.000         
0.000         
0.000         
0.000         
0.000         
0.000         
0.000         
0.000         
0.000         
0.000         
0.000         
0.000         
0.000         
0.000         
0.000         
0.000         
0.000         
0.000         
0.000         
0.135         
0.000         
0.000         
0.000         
0.000         
0.000         
0.000         
0.000         
0.000         
0.000         
0.000         
0.000         
0.000         
0.000         
0.000         
0.000         
0.000         
27.227        
0.000         
0.000         
0.000         
0.000         
1.356         
0.000         
4.128         
0.000         
0.000         
0.000         
0.000         
0.000         
0.000         
10.922        
0.000         
0.000         
0.000         
0.000         
0.000         
0.000         
0.000         
0.000         
0.000         
0.000         
0.000         
0.000         
0.000         
0.000         
0.000         
0.000         
0.000         
0.000         
0.000         
0.000         
0.000         
0.000         
0.000         
0.000         
0.000         
0.000         
0.000         
0.000         
0.000         
0.000         
0.000         
0.046         
0.000         
0.000         
0.000         
0.000         
0.000         
0.000         
0.000         
0.000         
0.000         
0.000         
3.601         
0.000         
0.000         
12.509        
0.000         
0.000         
0.000         
0.000         
2.264         
0.000         
0.000         
0.000         
0.000         
0.000         
0.000         
0.000         
0.000         
0.000         
0.000         
42.276        
0.000         
0.000         
0.000         
0.000         
0.000         
0.000         
9.211         
3.003         
0.000         
0.000         
0.000         
0.000         
0.000         
0.000         
0.000         
0.000         
0.000         
0.000         
0.000         
0.000         
0.000         
36.186        
0.000         
0.000         
0.000         
0.000         
0.000         
1.940         
0.000         
0.198         
0.000         
0.000         
0.000         
0.000         
5.447         
0.000         
0.000         
0.000         
0.000         
0.000         
0.000         
0.033         
0.000         
0.000         
0.000         
0.997         
0.000         
0.000         
0.000         
0.000         
0.000         
0.000         
0.000         
0.000         
3.102         
0.000         
0.000         
0.000         
0.000         
0.000         
0.000         
0.000         
0.242         
0.000         
0.000         
0.000         
0.000         
0.000         
0.000         
0.000         
0.000         
0.000         
0.000         
0.000         
0.000         
0.000         
0.000         
0.000         
0.000         
11.139        
0.000         
0.000         
0.000         
0.000         
0.000         
0.000         
0.000         
0.000         
0.000         
0.000         
0.000         
4.248         
20.747        
0.000         
0.000         
0.000         
0.000         
0.000         
0.000         
0.000         
0.000         
3.683         
0.000         
13.392        
0.000         
0.000         
0.000         
0.000         
0.000         
0.000         
0.000         
0.000         
0.000         
0.000         
0.000         
0.000         
0.000         
0.000         
25.233        
2.169         
0.000         
0.000         
0.016         
0.000         
0.000         
5.062         
0.000         
8.944         
0.000         
0.000         
73.301        
0.116         
0.000         
0.000         
64.341        
0.000         
26.781        
8.470         
1.125         
0.000         
14.749        
0.000         
0.000         
0.004         
0.000         
0.750         
0.000         
0.000         
0.000         
0.000         
2.234         
0.000         
0.000         
0.000         
0.000         
0.000         
0.112         
0.000         
0.000         
1.134         
0.000         
0.000         
0.000         
0.000         
0.858         
0.000         
0.000         
0.000         
0.000         
0.000         
0.000         
0.000         
0.000         
0.000         
0.000         
12.102        
56.988        
0.000         
0.000         
0.000         
0.000         
0.000         
0.000         
2.018         
0.000         
0.000         
0.000         
0.000         
0.000         
0.000         
0.000         
0.000         
43.157        
0.000         
0.000         
0.000         
0.806         
0.723         
0.000         
0.000         
7.286         
0.000         
37.833        
0.000         
0.000         
0.000         
8.258         
0.000         
0.069         
2.083         
0.033         
0.000         
6.831         
1.089         
0.000         
6.255         
5.132         
58.318        
10.128        
37.074        
0.000         
0.000         
56.244        
0.000         
0.000         
0.000         
0.000         
0.000         
0.000         
0.000         
0.000         
0.000         
0.000         
0.000         
0.000         
0.000         
0.000         
0.000         
0.000         
0.021         
0.000         
0.000         
0.000         
0.000         
0.000         
0.000         
0.000         
0.000         
0.000         
0.000         
0.000         
0.000         
0.000         
0.074         
0.000         
0.000         
1.403         
18.998        
0.000         
0.000         
0.000         
0.000         
0.000         
0.000         
0.000         
0.000         
0.000         
0.000         
0.000         
0.000         
0.000         
0.000         
0.000         
0.000         
0.000         
0.000         
0.000         
0.000         
0.000         
0.000         
0.000         
0.000         
0.000         
0.000         
58.647        
0.000         
0.000         
0.000         
0.000         
0.000         
0.000         
0.000         
0.000         
0.000         
0.000         
0.000         
0.000         
0.000         
0.000         
0.000         
0.000         
0.000         
0.000         
1.574         
0.000         
0.000         
0.000         
0.000         
0.000         
0.000         
0.000         
0.000         
0.000         
0.000         
0.000         
0.000         
0.000         
2.450         
0.000         
0.000         
0.000         
0.000         
0.000         
0.000         
0.000         
0.000         
0.000         
0.000         
0.000         
0.000         
0.000         
0.000         
0.000         
0.000         
0.000         
0.000         
0.000         
0.000         
0.000         
0.000         
0.000         
0.000         
0.000         
0.000         
0.000         
0.000         
0.000         
0.000         
0.000         
0.000         
0.000         
0.000         
0.000         
0.928         
0.000         
0.000         
0.000         
0.000         
0.000         
0.855         
4.312         
0.000         
14.277        
0.000         
5.022         
25.367        
15.309        
0.000         
0.000         
0.000         
0.000         
0.000         
0.000         
0.000         
0.000         
0.000         
0.002         
0.000         
0.000         
0.000         
0.000         
0.040         
0.000         
0.000         
1.096         
0.000         
0.000         
0.000         
0.000         
0.000         
0.872         
0.000         
0.000         
0.000         
0.000         
0.000         
0.000         
0.000         
0.000         
0.000         
0.000         
0.000         
0.000         
0.000         
1.325         
0.000         
10.007        
1.900         
0.000         
0.000         
0.000         
0.000         
0.582         
0.873         
0.000         
0.000         
0.000         
0.000         
0.000         
0.000         
0.000         
0.000         
0.000         
0.000         
0.000         
0.043         
0.000         
0.000         
0.000         
0.000         
0.000         
0.000         
0.000         
0.000         
0.000         
0.000         
0.000         
0.000         
0.000         
0.000         
0.176         
0.000         
0.000         
0.000         
0.000         
0.000         
0.000         
0.000         
0.000         
0.000         
0.000         
0.000         
0.000         
13.591        
0.000         
0.000         
0.000         
0.000         
0.000         
0.738         
0.000         
0.000         
0.000         
0.000         
0.000         
0.000         
0.000         
0.000         
0.000         
0.000         
0.000         
0.000         
0.000         
0.000         
0.000         
0.000         
0.000         
0.000         
0.000         
0.000         
0.000         
4.840         
0.604         
0.000         
0.000         
0.000         
0.000         
0.000         
0.000         
1.375         
6.335         
0.000         
0.000         
0.000         
0.000         
0.000         
0.000         
0.000         
0.000         
0.000         
0.000         
0.000         
28.168        
0.000         
0.000         
8.666         
7.306         
35.980        
34.257        
0.000         
0.000         
0.000         
26.966        
0.000         
0.000         
53.565        
0.000         
0.000         
0.000         
0.000         
0.000         
0.000         
0.000         
0.000         
0.000         
0.000         
0.799         
0.000         
0.000         
44.622        
87.487        
0.000         
3.966         
5.753         
0.000         
0.000         
0.189         
1.432         
0.636         
0.007         
3.184         
31.805        
0.352         
9.969         
19.250        
26.118        
2.747         
0.000         
0.000         
0.000         
0.000         
0.000         
0.000         
50.353        
0.000         
0.000         
0.000         
0.000         
0.000         
0.000         
4.691         
0.000         
0.000         
22.411        
0.141         
8.511         
0.000         
5.036         
0.000         
0.000         
0.000         
0.000         
0.078         
0.000         
0.000         
0.000         
8.098         
0.000         
13.003        
0.000         
24.262        
0.000         
4.892         
17.528        
4.961         
0.000         
0.000         
0.000         
0.000         
0.000         
0.000         
0.000         
0.000         
0.000         
0.000         
0.000         
0.000         
0.000         
0.000         
0.000         
0.000         
3.937         
0.000         
0.000         
0.000         
0.000         
0.000         
0.000         
0.000         
0.000         
0.000         
0.000         
0.000         
0.000         
0.000         
0.000         
0.000         
0.000         
0.000         
0.000         
0.000         
0.000         
0.000         
0.000         
0.000         
0.000         
0.000         
0.000         
0.000         
0.000         
0.000         
0.000         
0.000         
0.000         
0.000         
0.000         
0.000         
0.000         
0.000         
0.000         
0.000         
0.000         
0.000         
0.000         
0.000         
0.000         
0.000         
0.000         
0.000         
0.000         
0.000         
0.000         
0.000         
0.000         
0.000         
0.000         
0.000         
0.000         
0.000         
0.000         
2.307         
0.000         
0.000         
0.000         
0.000         
0.000         
0.000         
2.673         
0.000         
0.000         
0.000         
4.679         
0.000         
0.000         
0.000         
0.000         
0.000         
0.000         
0.000         
0.000         
0.000         
0.000         
0.000         
0.000         
0.119         
0.000         
0.000         
0.000         
0.000         
0.000         
0.000         
0.000         
0.000         
0.000         
0.000         
0.000         
0.000         
0.000         
0.000         
0.000         
0.000         
0.000         
0.000         
0.000         
0.000         
0.000         
0.000         
0.070         
0.000         
0.000         
0.000         
0.000         
0.000         
0.000         
0.000         
0.000         
5.727         
0.000         
0.000         
0.000         
0.000         
0.000         
0.000         
0.000         
9.593         
0.000         
0.000         
0.000         
0.000         
0.000         
7.764         
0.000         
0.000         
0.000         
0.000         
0.000         
0.000         
0.000         
0.000         
0.000         
0.000         
0.000         
0.000         
0.000         
0.000         
0.000         
0.000         
0.000         
0.000         
0.000         
0.000         
0.000         
0.000         
0.000         
0.000         
0.000         
0.000         
0.000         
0.000         
0.000         
0.000         
0.000         
0.000         
0.000         
0.000         
0.000         
0.000         
0.000         
0.000         
0.000         
0.000         
0.000         
0.000         
0.000         
0.000         
0.000         
0.000         
0.000         
0.000         
0.000         
0.000         
0.000         
0.000         
4.577         
0.000         
0.000         
0.000         
0.000         
0.000         
0.000         
0.000         
0.000         
0.000         
0.000         
0.000         
0.000         
0.000         
0.000         
0.000         
0.000         
0.000         
0.001         
0.000         
0.000         
2.070         
0.000         
0.000         
0.000         
0.000         
0.000         
0.000         
0.000         
0.000         
0.000         
0.000         
0.000         
3.937         
0.000         
6.931         
0.000         
0.000         
0.000         
0.000         
0.000         
0.000         
0.000         
0.000         
0.000         
7.253         
0.000         
0.000         
0.000         
0.203         
16.860        
0.000         
9.911         
0.000         
0.000         
0.000         
0.000         
0.000         
1.876         
0.920         
0.000         
0.000         
10.723        
6.728         
4.702         
0.000         
53.148        
10.938        
0.000         
0.000         
0.000         
0.000         
0.000         
0.000         
17.490        
0.000         
0.000         
4.533         
0.056         
0.000         
0.000         
0.000         
28.632        
0.021         
35.503        
0.000         
0.000         
0.000         
0.000         
2.965         
4.233         
8.138         
0.000         
0.000         
0.000         
0.000         
0.000         
0.000         
9.028         
0.000         
0.063         
6.302         
0.000         
0.000         
0.000         
0.000         
2.841         
5.593         
0.203         
30.067        
0.000         
0.000         
0.000         
0.000         
0.000         
0.000         
0.000         
0.000         
0.020         
0.000         
0.000         
0.000         
0.000         
0.000         
0.000         
0.000         
0.002         
0.000         
3.309         
0.000         
0.000         
0.000         
0.000         
0.000         
89.400        
5.714         
0.000         
0.000         
0.000         
0.000         
0.000         
0.000         
0.000         
0.000         
0.000         
0.000         
3.604         
0.000         
0.000         
0.000         
0.921         
0.000         
2.682         
22.627        
3.585         
0.000         
8.280         
0.000         
7.825         
0.000         
0.000         
0.000         
0.000         
0.000         
0.000         
0.000         
2.587         
0.000         
0.000         
0.000         
6.096         
0.000         
0.000         
69.108        
0.000         
0.000         
0.000         
0.000         
0.000         
0.000         
0.000         
0.000         
0.000         
0.000         
0.000         
0.000         
0.000         
0.000         
0.000         
0.000         
0.000         
0.000         
0.000         
0.000         
0.000         
0.000         
0.000         
0.000         
0.000         
0.000         
0.000         
0.000         
0.000         
0.000         
0.000         
0.000         
0.000         
0.000         
0.000         
0.000         
0.000         
0.000         
0.000         
0.000         
0.000         
0.000         
0.000         
0.000         
0.000         
0.000         
0.000         
0.000         
0.000         
0.000         
0.000         
0.000         
0.000         
0.000         
0.000         
0.000         
0.000         
0.000         
0.000         
0.000         
0.000         
0.000         
0.000         
0.000         
0.000         
0.000         
0.000         
0.000         
3.620         
0.000         
0.000         
0.000         
20.295        
0.000         
0.000         
0.000         
0.000         
0.000         
0.000         
0.000         
15.663        
0.000         
0.000         
0.000         
0.000         
0.000         
0.000         
0.000         
0.000         
1.563         
2.799         
0.000         
0.000         
0.000         
0.000         
0.000         
0.000         
0.000         
0.000         
0.000         
0.000         
0.378         
0.000         
0.000         
0.000         
0.000         
0.000         
0.000         
0.000         
0.000         
0.000         
0.000         
0.000         
0.000         
0.000         
0.000         
0.000         
0.000         
0.000         
0.000         
0.000         
0.000         
0.000         
0.000         
9.232         
0.000         
0.000         
0.000         
0.000         
0.000         
0.000         
3.980         
0.000         
0.000         
30.620        
0.000         
0.000         
0.000         
0.000         
0.000         
0.000         
0.000         
0.000         
0.000         
0.000         
3.184         
0.000         
0.000         
0.000         
0.000         
0.000         
0.000         
0.000         
0.000         
0.000         
0.000         
0.000         
0.000         
0.000         
0.000         
0.000         
0.000         
0.000         
0.000         
0.610         
0.000         
0.000         
0.941         
0.000         
0.000         
0.000         
0.000         
0.000         
0.000         
0.000         
0.000         
2.899         
2.419         
0.000         
0.000         
0.000         
15.592        
2.911         
0.000         
0.000         
0.000         
0.000         
0.000         
0.000         
1.539         
0.000         
0.000         
0.000         
0.000         
0.000         
0.000         
0.000         
1.869         
0.000         
0.000         
0.000         
0.000         
0.000         
0.000         
0.000         
0.000         
0.000         
0.000         
0.000         
0.832         
0.000         
0.000         
0.000         
0.000         
0.000         
0.000         
0.000         
0.000         
0.000         
5.758         
11.266        
0.000         
4.417         
0.000         
0.000         
0.000         
0.000         
0.000         
0.000         
0.000         
0.000         
0.000         
0.000         
0.382         
0.000         
0.000         
0.000         
0.000         
0.000         
0.000         
0.000         
0.000         
0.000         
0.000         
0.000         
0.000         
1.916         
0.000         
0.000         
0.000         
0.000         
0.000         
1.966         
7.370         
8.501         
10.534        
0.000         
0.000         
0.000         
4.777         
0.000         
0.216         
0.000         
0.000         
0.000         
0.000         
1.812         
0.000         
0.000         
7.422         
29.594        
0.000         
2.570         
13.012        
8.634         
0.000         
0.000         
0.000         
26.283        
0.000         
0.000         
0.000         
0.000         
0.000         
0.000         
140.863       
8.532         
24.459        
92.637        
1.767         
0.000         
0.000         
0.000         
0.000         
0.000         
0.000         
0.000         
0.000         
0.000         
0.805         
0.000         
3.312         
0.000         
0.000         
0.000         
0.686         
6.317         
7.245         
0.000         
72.035        
81.101        
0.000         
0.000         
9.257         
0.000         
7.991         
2.933         
0.000         
5.515         
14.040        
0.000         
0.000         
0.000         
0.000         
0.000         
0.000         
0.412         
0.000         
0.000         
0.000         
0.000         
0.000         
0.000         
0.000         
0.000         
31.874        
0.000         
0.000         
0.000         
0.000         
0.000         
0.000         
0.000         
0.000         
0.000         
0.000         
0.000         
0.000         
0.000         
0.000         
0.000         
0.000         
0.000         
0.000         
0.000         
0.000         
0.000         
0.000         
0.000         
0.000         
0.000         
0.000         
0.000         
0.000         
0.000         
0.000         
0.000         
0.000         
0.000         
0.000         
0.000         
0.000         
0.000         
0.000         
0.000         
0.000         
0.000         
0.000         
0.000         
0.000         
0.000         
0.000         
0.000         
0.000         
0.000         
0.000         
0.000         
0.000         
0.000         
0.000         
0.000         
0.000         
0.000         
0.000         
0.000         
0.000         
0.439         
0.000         
0.000         
0.000         
0.000         
0.000         
0.000         
0.000         
0.000         
0.000         
0.327         
0.000         
0.000         
12.974        
0.000         
0.000         
0.000         
0.000         
0.000         
0.000         
0.000         
0.000         
0.000         
0.000         
0.000         
0.000         
0.000         
0.000         
19.310        
0.000         
0.000         
0.000         
0.000         
0.000         
0.000         
0.000         
0.000         
0.000         
0.000         
33.564        
0.000         
0.000         
3.602         
0.000         
0.000         
0.000         
0.000         
0.000         
0.000         
0.000         
0.000         
0.000         
0.000         
0.000         
0.000         
0.000         
0.000         
0.978         
2.157         
0.000         
9.700         
1.116         
0.000         
0.000         
0.000         
0.000         
0.000         
0.000         
0.000         
0.000         
0.000         
0.000         
0.000         
0.000         
0.000         
0.000         
0.000         
0.000         
0.000         
0.000         
0.000         
0.000         
6.669         
0.000         
0.000         
0.000         
0.000         
5.391         
0.000         
0.000         
0.000         
0.000         
0.000         
0.000         
0.000         
0.000         
0.000         
0.000         
0.000         
0.000         
0.000         
0.000         
0.000         
0.000         
0.000         
0.000         
0.000         
0.000         
0.000         
0.000         
0.000         
0.000         
101.509       
0.000         
0.000         
0.000         
0.007         
0.073         
0.370         
4.736         
0.000         
2.718         
0.000         
0.000         
0.000         
0.000         
0.000         
0.000         
0.000         
0.000         
0.000         
1.207         
0.000         
9.421         
0.000         
0.000         
0.000         
8.557         
1.427         
2.325         
0.000         
0.000         
0.000         
27.962        
0.000         
7.207         
0.000         
0.000         
0.000         
0.000         
0.000         
0.000         
0.000         
0.000         
0.000         
0.000         
0.000         
3.739         
0.522         
0.000         
0.000         
0.000         
0.000         
0.000         
0.000         
0.692         
0.000         
0.000         
0.000         
0.000         
0.000         
0.000         
8.026         
7.247         
0.000         
0.000         
0.000         
3.777         
0.000         
0.000         
0.000         
28.190        
0.000         
0.000         
0.000         
0.000         
0.000         
0.000         
0.000         
0.000         
0.000         
0.000         
0.000         
0.000         
0.000         
3.518         
0.000         
0.000         
0.000         
0.000         
9.065         
0.064         
0.000         
0.000         
0.000         
0.000         
46.112        
0.000         
0.000         
0.000         
0.000         
0.000         
0.000         
0.000         
0.000         
0.000         
0.000         
0.000         
0.000         
0.000         
0.000         
0.000         
0.000         
0.000         
0.000         
0.000         
0.000         
0.000         
0.000         
0.000         
0.000         
0.000         
0.000         
0.000         
0.000         
0.000         
36.734        
6.785         
0.511         
0.277         
0.000         
0.000         
0.000         
0.251         
0.000         
0.000         
2.003         
20.807        
18.145        
0.000         
0.000         
54.909        
12.566        
0.000         
0.000         
0.000         
9.836         
0.000         
11.983        
0.000         
0.000         
0.000         
0.000         
0.000         
0.000         
0.000         
0.000         
0.000         
0.000         
0.000         
0.000         
0.000         
30.366        
0.000         
0.000         
105.838       
0.000         
1.374         
0.000         
0.000         
0.000         
0.000         
0.000         
0.000         
0.000         
0.000         
0.000         
0.000         
0.000         
0.000         
0.000         
0.000         
0.000         
0.000         
0.000         
0.000         
0.000         
0.000         
0.000         
0.000         
0.000         
0.000         
0.000         
1.569         
0.000         
0.000         
0.000         
0.000         
39.659        
0.327         
2.200         
0.000         
0.000         
0.000         
0.000         
0.000         
0.000         
0.000         
0.212         
0.000         
0.000         
0.000         
0.000         
0.000         
0.000         
0.000         
0.000         
0.000         
0.000         
0.000         
0.000         
0.000         
0.000         
0.000         
0.000         
0.000         
0.000         
0.000         
0.000         
0.000         
0.000         
0.000         
0.000         
0.000         
0.000         
0.000         
0.000         
0.000         
0.000         
0.000         
0.000         
0.000         
0.000         
0.000         
0.000         
0.000         
0.000         
0.000         
0.000         
0.000         
0.000         
0.000         
0.000         
0.000         
0.000         
0.000         
0.000         
0.000         
6.484         
0.000         
0.000         
0.000         
0.000         
0.000         
0.000         
0.000         
0.000         
0.000         
0.000         
0.000         
0.000         
0.000         
0.000         
0.000         
0.000         
0.000         
0.000         
0.000         
0.000         
0.000         
9.501         
0.000         
0.000         
0.000         
0.000         
0.000         
0.000         
0.000         
0.000         
0.000         
0.000         
0.000         
0.000         
0.000         
0.000         
0.000         
0.000         
0.000         
0.000         
13.909        
0.000         
0.000         
0.000         
0.000         
0.000         
0.000         
0.000         
0.000         
0.000         
0.000         
0.000         
0.000         
0.000         
0.000         
0.000         
0.000         
0.000         
0.000         
0.000         
0.000         
0.000         
0.000         
0.000         
0.000         
0.000         
0.000         
0.000         
0.000         
0.000         
0.000         
4.237         
0.000         
0.000         
0.000         
0.000         
0.000         
0.000         
0.000         
0.000         
0.000         
0.000         
0.000         
0.000         
0.000         
0.887         
0.000         
0.000         
0.000         
15.272        
0.000         
0.000         
0.000         
0.000         
0.000         
6.246         
0.000         
0.000         
15.862        
0.000         
0.000         
0.000         
0.000         
0.000         
0.000         
0.000         
0.000         
0.000         
0.000         
0.000         
0.000         
16.988        
0.000         
1.364         
0.000         
0.000         
0.000         
0.000         
0.000         
0.000         
0.000         
0.000         
0.000         
0.000         
3.349         
0.000         
0.000         
0.000         
0.000         
0.000         
4.170         
0.000         
0.000         
0.000         
0.000         
0.000         
0.000         
0.000         
0.000         
0.000         
0.000         
0.000         
0.000         
0.000         
0.000         
0.000         
3.600         
0.000         
0.000         
0.000         
0.000         
0.000         
0.000         
0.000         
0.000         
1.553         
0.000         
0.000         
0.000         
0.000         
0.000         
0.000         
0.000         
0.000         
0.000         
1.002         
0.000         
0.000         
0.000         
0.000         
0.000         
0.000         
0.000         
0.000         
3.286         
0.000         
0.000         
0.000         
8.245         
0.000         
0.000         
0.000         
0.000         
0.000         
0.000         
0.000         
0.000         
0.000         
0.000         
0.000         
0.000         
0.000         
0.000         
0.000         
0.000         
0.000         
0.000         
0.000         
0.000         
0.000         
0.000         
0.000         
0.000         
0.000         
0.000         
1.930         
4.405         
0.000         
0.520         
16.568        
0.434         
0.000         
0.061         
0.000         
0.000         
0.000         
0.610         
0.000         
15.656        
0.000         
0.484         
6.247         
0.000         
30.344        
8.766         
0.000         
5.518         
0.604         
0.000         
0.000         
3.307         
0.000         
0.000         
0.000         
52.208        
0.000         
17.564        
0.000         
0.000         
5.509         
0.000         
3.236         
0.000         
0.000         
9.005         
28.014        
0.094         
17.640        
5.254         
0.000         
0.000         
0.000         
0.000         
0.000         
0.000         
0.000         
0.000         
0.000         
0.000         
0.001         
0.000         
5.705         
10.971        
6.777         
0.000         
0.000         
0.714         
0.000         
0.000         
0.000         
0.000         
0.000         
0.000         
0.000         
0.000         
0.000         
0.000         
0.000         
0.000         
0.000         
0.000         
5.860         
0.000         
17.422        
15.439        
0.000         
0.000         
0.064         
0.000         
0.000         
0.000         
0.000         
0.000         
0.000         
0.000         
0.000         
0.000         
0.000         
0.000         
0.000         
0.000         
0.000         
0.000         
27.324        
20.983        
2.132         
5.806         
0.000         
0.000         
0.000         
0.000         
8.684         
0.000         
0.000         
0.738         
20.954        
25.914        
13.841        
15.708        
0.000         
0.000         
0.000         
0.000         
8.083         
2.811         
0.000         
0.000         
0.000         
0.000         
0.000         
0.000         
0.000         
0.000         
0.000         
0.000         
0.000         
0.000         
0.000         
0.000         
0.000         
107.979       
0.000         
0.000         
0.000         
0.000         
0.000         
0.000         
0.000         
0.000         
0.000         
0.000         
0.000         
0.000         
0.000         
0.000         
0.000         
0.000         
0.000         
0.000         
0.000         
0.000         
0.000         
0.000         
0.000         
0.000         
0.000         
0.000         
0.000         
0.000         
0.000         
0.000         
0.000         
0.000         
0.000         
0.000         
0.000         
0.000         
0.000         
0.000         
0.000         
0.000         
0.000         
0.000         
0.000         
0.000         
0.000         
0.000         
0.000         
0.000         
0.000         
0.000         
0.000         
0.000         
0.000         
25.734        
0.000         
0.000         
0.000         
0.000         
0.000         
0.000         
0.000         
0.000         
0.000         
0.000         
0.000         
0.000         
0.000         
0.000         
4.785         
0.000         
0.000         
0.000         
0.000         
0.000         
0.000         
0.000         
0.000         
0.000         
0.000         
0.000         
0.000         
0.000         
0.000         
0.000         
0.000         
0.000         
0.000         
0.000         
0.000         
0.000         
0.000         
0.000         
0.000         
0.000         
0.000         
0.000         
0.000         
0.000         
0.000         
0.000         
0.000         
0.000         
0.000         
0.000         
0.000         
0.000         
75.120        
0.000         
0.000         
0.000         
0.000         
0.000         
0.000         
0.000         
0.000         
0.000         
0.000         
1.434         
21.717        
0.000         
1.700         
0.000         
36.199        
0.000         
0.000         
0.000         
0.000         
0.000         
0.000         
0.000         
0.000         
0.000         
0.000         
0.000         
0.000         
0.000         
21.497        
0.000         
0.000         
0.000         
12.229        
1.106         
0.000         
0.000         
0.000         
0.000         
0.000         
0.000         
0.000         
0.000         
0.161         
0.000         
0.000         
0.000         
0.000         
0.000         
0.000         
0.000         
0.000         
0.000         
0.000         
0.006         
1.632         
0.000         
0.000         
0.000         
0.283         
0.000         
1.053         
0.000         
0.000         
0.000         
0.000         
0.000         
0.000         
0.000         
0.000         
0.000         
0.000         
0.000         
0.000         
7.567         
0.000         
0.000         
0.000         
0.000         
0.000         
0.000         
0.000         
0.000         
0.000         
0.000         
0.000         
0.000         
0.000         
0.000         
0.000         
0.000         
0.000         
0.000         
0.000         
0.000         
0.000         
0.000         
4.265         
0.000         
0.000         
0.000         
0.000         
0.000         
0.000         
0.000         
0.000         
0.000         
0.000         
0.000         
0.000         
0.000         
4.030         
0.000         
0.000         
0.000         
0.000         
0.000         
0.000         
0.000         
22.745        
0.000         
5.971         
0.000         
0.000         
0.000         
0.000         
0.000         
0.000         
0.000         
0.000         
0.711         
0.000         
0.000         
0.000         
0.000         
0.000         
3.643         
0.000         
6.989         
0.000         
0.000         
0.000         
0.000         
0.000         
0.000         
0.000         
1.108         
1.147         
0.000         
0.485         
8.333         
11.023        
0.000         
0.000         
0.000         
0.000         
0.000         
0.000         
0.000         
0.000         
8.783         
0.000         
1.745         
0.305         
15.548        
0.720         
2.414         
14.367        
0.000         
0.000         
0.000         
0.000         
5.605         
0.000         
0.000         
0.000         
0.000         
0.000         
0.058         
0.000         
0.000         
0.000         
0.000         
0.000         
0.000         
12.679        
0.193         
0.797         
1.733         
0.000         
6.178         
0.000         
0.000         
0.000         
0.000         
0.000         
0.000         
3.150         
14.515        
11.936        
0.000         
43.222        
12.270        
21.330        
0.000         
58.125        
7.503         
0.000         
0.000         
0.000         
0.000         
0.000         
0.000         
0.000         
0.555         
0.000         
0.000         
0.000         
0.000         
0.000         
15.107        
0.000         
0.000         
48.905        
0.000         
0.000         
0.000         
0.000         
0.000         
0.000         
0.000         
0.000         
0.000         
0.000         
0.000         
48.195        
0.000         
0.000         
0.000         
0.000         
0.000         
0.000         
0.000         
0.000         
0.000         
8.366         
0.000         
52.359        
2.740         
0.000         
0.000         
0.000         
0.000         
0.000         
0.000         
0.000         
0.000         
0.000         
0.000         
0.000         
0.000         
0.000         
0.000         
0.000         
0.000         
0.000         
0.000         
0.000         
0.000         
0.000         
0.000         
0.000         
0.000         
0.000         
0.000         
0.000         
0.000         
0.000         
20.593        
0.000         
0.000         
0.000         
0.000         
0.000         
0.000         
0.000         
0.000         
0.000         
0.000         
0.000         
0.000         
0.000         
0.000         
0.000         
0.000         
0.000         
0.000         
0.000         
0.000         
0.000         
0.000         
0.000         
0.000         
0.000         
0.000         
17.871        
0.000         
0.000         
0.000         
0.000         
50.948        
0.000         
0.000         
0.000         
0.000         
0.000         
0.000         
0.000         
0.000         
0.000         
0.000         
0.000         
0.000         
0.642         
0.000         
0.000         
0.000         
0.000         
0.000         
0.000         
0.000         
0.000         
0.000         
0.000         
0.000         
0.000         
0.000         
0.000         
0.000         
0.004         
4.952         
0.000         
0.000         
0.000         
0.000         
0.000         
0.000         
0.000         
0.000         
0.000         
0.000         
0.000         
0.000         
0.000         
0.000         
0.000         
0.000         
0.000         
0.000         
0.000         
0.000         
0.000         
0.000         
0.000         
0.000         
0.000         
0.000         
0.000         
0.000         
0.000         
0.000         
0.000         
49.663        
0.000         
0.000         
0.000         
0.000         
17.690        
0.000         
0.000         
2.370         
0.000         
0.532         
12.037        
0.000         
0.000         
0.000         
0.000         
0.000         
2.269         
0.000         
0.000         
0.000         
0.000         
0.000         
0.000         
0.000         
0.000         
0.000         
0.000         
0.000         
0.000         
6.571         
0.000         
0.000         
0.000         
2.278         
0.000         
0.000         
0.000         
0.000         
0.000         
0.000         
1.396         
0.000         
0.000         
0.000         
0.000         
0.000         
0.000         
0.000         
0.000         
0.000         
0.000         
0.000         
0.000         
0.000         
2.701         
0.000         
0.000         
0.000         
0.000         
0.000         
0.000         
0.000         
0.000         
0.000         
0.000         
0.000         
0.000         
0.000         
0.000         
0.000         
0.000         
0.000         
0.000         
0.000         
0.000         
0.000         
0.000         
0.000         
0.000         
0.000         
0.000         
0.000         
0.000         
0.000         
0.000         
0.000         
0.000         
0.000         
0.000         
0.000         
0.000         
0.000         
0.000         
0.897         
0.000         
0.000         
0.000         
0.011         
0.000         
0.000         
0.000         
0.000         
0.000         
0.000         
0.000         
0.000         
0.000         
0.000         
0.000         
0.000         
0.000         
0.000         
0.000         
0.000         
0.000         
0.000         
0.000         
3.269         
14.264        
0.000         
0.000         
0.000         
0.000         
0.000         
0.805         
0.000         
0.000         
0.000         
30.992        
1.165         
0.000         
0.000         
0.000         
22.475        
0.000         
0.215         
9.547         
0.000         
0.000         
0.000         
3.770         
0.000         
0.000         
0.000         
0.000         
0.000         
0.000         
0.000         
0.000         
0.000         
0.000         
0.000         
0.000         
0.000         
84.236        
1.868         
0.000         
1.315         
0.000         
0.000         
27.688        
0.000         
0.000         
0.000         
0.000         
0.000         
0.000         
25.426        
0.000         
0.000         
0.000         
0.000         
0.000         
0.000         
4.448         
0.000         
0.000         
0.000         
0.000         
0.218         
0.000         
0.000         
0.000         
23.861        
0.000         
0.000         
0.000         
0.000         
0.000         
0.000         
0.000         
0.000         
0.000         
0.000         
0.000         
0.000         
15.557        
8.420         
0.000         
0.000         
20.154        
3.343         
0.000         
0.000         
0.000         
2.522         
0.000         
0.000         
0.000         
0.000         
0.000         
0.000         
0.000         
0.000         
31.151        
72.118        
0.000         
0.000         
0.000         
0.000         
0.000         
0.000         
0.000         
41.464        
0.000         
0.000         
23.829        
0.000         
61.815        
0.000         
0.000         
45.445        
0.000         
0.000         
0.000         
0.000         
0.000         
0.000         
0.025         
0.000         
0.000         
0.000         
0.000         
0.000         
0.000         
0.000         
0.000         
0.000         
0.000         
0.000         
0.000         
0.000         
0.000         
0.000         
0.000         
0.000         
0.000         
0.000         
0.000         
0.000         
0.000         
0.000         
0.000         
0.000         
0.000         
0.000         
0.000         
0.000         
0.000         
0.000         
0.000         
0.000         
0.000         
0.000         
0.000         
0.000         
0.000         
0.000         
0.000         
0.000         
0.000         
0.000         
0.000         
0.000         
0.000         
12.425        
2.415         
0.000         
0.000         
2.281         
0.000         
0.000         
0.000         
0.000         
0.000         
0.000         
0.000         
0.000         
0.000         
0.000         
0.000         
0.000         
0.000         
0.000         
0.000         
0.000         
0.000         
11.185        
0.000         
0.000         
0.000         
0.000         
132.761       
0.000         
0.000         
0.000         
0.000         
0.000         
0.000         
0.000         
0.000         
0.000         
0.000         
0.000         
0.000         
0.000         
0.000         
0.000         
0.000         
0.000         
0.000         
0.000         
0.000         
0.000         
0.000         
0.000         
0.000         
0.000         
0.000         
0.000         
0.000         
0.000         
0.000         
0.000         
0.000         
0.000         
0.000         
0.000         
0.000         
0.000         
0.000         
0.000         
0.000         
0.000         
0.000         
0.000         
0.000         
0.000         
0.000         
0.000         
0.000         
0.000         
0.000         
0.000         
0.000         
0.000         
0.000         
7.210         
0.000         
0.000         
0.000         
0.000         
0.000         
0.000         
0.000         
21.130        
0.000         
9.982         
4.633         
0.000         
0.635         
0.000         
0.000         
0.874         
0.000         
0.000         
0.000         
0.000         
0.000         
0.000         
0.000         
5.173         
0.000         
0.000         
0.000         
0.000         
0.000         
0.000         
0.000         
0.000         
0.000         
0.000         
0.000         
0.000         
0.000         
0.000         
0.000         
0.000         
0.000         
0.000         
0.000         
0.000         
0.000         
14.401        
0.000         
0.000         
0.000         
0.000         
0.000         
0.000         
0.000         
0.000         
0.000         
0.000         
0.000         
0.000         
0.000         
0.000         
0.000         
0.000         
0.000         
0.000         
0.000         
0.000         
0.000         
0.000         
0.000         
0.000         
0.000         
0.000         
0.000         
0.000         
0.000         
0.000         
0.000         
0.000         
0.000         
0.000         
0.000         
0.000         
1.287         
0.209         
0.000         
0.000         
12.604        
0.000         
0.000         
0.000         
0.000         
0.000         
0.000         
0.000         
0.000         
0.000         
0.000         
0.000         
0.000         
0.000         
0.000         
0.000         
0.000         
0.000         
0.000         
0.000         
0.000         
0.000         
0.000         
0.000         
0.000         
0.000         
0.000         
0.000         
0.000         
0.000         
0.000         
0.000         
0.000         
0.000         
0.000         
0.000         
0.000         
0.000         
0.000         
0.000         
0.000         
14.733        
42.133        
0.000         
0.000         
18.979        
0.000         
0.000         
0.000         
0.000         
0.002         
32.340        
0.000         
23.251        
0.179         
4.536         
3.330         
11.332        
37.231        
20.939        
6.319         
0.000         
0.000         
10.705        
0.000         
3.839         
0.000         
5.457         
0.000         
0.000         
0.000         
0.587         
10.373        
0.000         
11.442        
0.000         
1.515         
50.097        
1.217         
2.138         
0.000         
5.326         
0.000         
0.000         
0.000         
31.209        
6.787         
13.010        
1.123         
0.000         
0.000         
0.000         
0.000         
0.000         
0.000         
0.000         
0.000         
0.000         
0.000         
1.712         
0.317         
0.000         
0.000         
0.000         
24.522        
0.000         
2.710         
0.000         
0.000         
0.000         
0.000         
0.000         
0.000         
0.000         
0.000         
0.000         
0.000         
0.000         
0.000         
0.000         
0.000         
32.894        
0.000         
0.000         
13.284        
0.004         
4.766         
5.048         
0.000         
2.715         
1.071         
0.000         
0.307         
1.046         
27.866        
0.000         
0.000         
0.000         
0.000         
0.000         
0.000         
5.836         
0.000         
0.000         
0.000         
0.000         
0.000         
0.000         
0.000         
26.179        
0.000         
0.000         
0.000         
0.000         
0.000         
0.000         
0.000         
0.000         
0.000         
0.000         
0.000         
0.000         
0.000         
0.000         
0.000         
0.000         
0.000         
0.000         
0.000         
0.000         
0.000         
0.000         
0.000         
0.000         
0.000         
0.000         
0.000         
0.000         
0.000         
0.000         
0.000         
0.000         
0.000         
0.000         
0.000         
0.000         
0.000         
0.000         
0.000         
0.000         
0.000         
21.916        
0.000         
0.000         
0.000         
0.000         
0.000         
0.000         
0.000         
0.000         
0.000         
0.000         
0.000         
0.000         
0.000         
0.000         
0.000         
0.000         
0.000         
0.000         
0.000         
0.000         
0.000         
6.000         
0.000         
0.000         
0.000         
0.000         
0.000         
0.000         
0.000         
0.000         
0.000         
0.000         
0.000         
0.000         
0.000         
0.000         
0.000         
0.000         
0.000         
0.000         
0.000         
0.000         
0.000         
0.000         
0.000         
0.000         
0.000         
0.000         
0.000         
0.000         
0.000         
0.000         
0.000         
0.000         
0.000         
0.000         
0.000         
0.000         
0.000         
0.000         
0.000         
0.000         
0.000         
0.000         
0.000         
0.007         
0.000         
0.000         
0.000         
0.000         
0.000         
0.458         
0.000         
0.000         
0.000         
10.989        
0.000         
0.000         
0.000         
0.000         
0.000         
0.000         
0.000         
0.000         
0.000         
0.000         
0.000         
0.000         
20.421        
33.335        
0.000         
4.937         
0.000         
0.000         
0.000         
0.000         
0.000         
0.000         
0.000         
21.594        
0.000         
5.756         
0.000         
0.000         
0.000         
0.000         
0.000         
0.000         
0.084         
0.241         
0.000         
0.000         
0.000         
0.000         
0.000         
0.000         
0.000         
0.000         
0.000         
0.000         
0.000         
0.000         
0.285         
0.000         
24.340        
1.663         
0.000         
0.000         
0.000         
0.000         
0.000         
0.000         
0.000         
9.829         
16.944        
0.327         
12.144        
0.000         
0.000         
0.000         
1.136         
0.000         
0.000         
0.000         
0.000         
0.510         
0.000         
0.000         
0.000         
0.000         
0.000         
2.365         
0.000         
0.000         
0.794         
0.000         
1.331         
0.000         
0.000         
0.000         
2.234         
4.255         
0.000         
0.613         
0.000         
0.000         
0.000         
0.000         
0.000         
0.000         
0.000         
0.000         
0.000         
0.000         
0.000         
0.000         
0.000         
0.000         
0.000         
0.000         
0.000         
6.658         
0.000         
0.000         
0.000         
0.000         
0.000         
0.000         
0.000         
0.000         
0.000         
0.000         
0.000         
0.000         
0.000         
2.873         
0.000         
0.000         
0.000         
0.000         
0.000         
0.000         
0.917         
0.000         
4.550         
0.000         
0.000         
0.000         
0.000         
0.000         
0.000         
0.000         
0.000         
0.000         
0.212         
15.923        
0.000         
22.977        
0.000         
0.455         
0.000         
1.310         
0.000         
0.000         
0.000         
0.000         
0.000         
0.000         
0.000         
0.000         
0.000         
0.000         
0.000         
0.000         
0.000         
0.000         
5.976         
0.000         
0.000         
0.000         
0.000         
0.000         
0.000         
0.000         
9.117         
0.000         
1.860         
0.024         
37.903        
0.000         
0.000         
0.000         
0.000         
0.000         
0.000         
0.000         
0.000         
0.000         
0.000         
0.000         
3.331         
23.528        
12.550        
0.000         
0.000         
0.024         
0.000         
0.000         
0.000         
0.000         
0.000         
0.000         
19.626        
0.000         
0.083         
0.021         
0.000         
0.015         
0.000         
0.000         
0.000         
7.406         
0.000         
0.000         
0.444         
4.511         
0.000         
0.000         
12.142        
0.000         
0.000         
0.000         
0.000         
0.000         
0.000         
17.316        
0.000         
0.000         
0.000         
0.000         
68.520        
17.560        
0.000         
0.000         
0.000         
0.000         
4.737         
5.574         
0.000         
0.000         
0.000         
0.000         
0.000         
0.000         
0.375         
0.000         
0.000         
0.000         
0.000         
0.000         
0.000         
0.000         
0.000         
0.000         
3.161         
0.000         
0.000         
0.000         
0.000         
0.000         
0.000         
0.000         
0.000         
0.000         
0.000         
0.000         
0.000         
0.000         
0.000         
0.000         
0.000         
0.000         
0.000         
0.000         
0.000         
0.000         
0.000         
0.000         
0.000         
0.000         
0.000         
0.000         
0.000         
0.000         
0.000         
0.000         
0.000         
0.000         
0.000         
0.000         
0.000         
0.000         
0.000         
0.000         
0.000         
0.000         
0.000         
0.000         
0.000         
0.000         
0.000         
0.000         
0.000         
0.000         
0.000         
0.000         
0.000         
0.000         
0.000         
0.000         
0.000         
0.000         
0.000         
0.000         
0.000         
0.000         
0.000         
0.000         
22.026        
0.000         
0.000         
0.000         
0.000         
0.000         
0.000         
0.000         
0.000         
0.000         
0.000         
0.000         
0.000         
0.000         
0.000         
0.000         
0.000         
0.000         
0.000         
0.000         
0.000         
0.000         
0.000         
0.000         
0.000         
0.000         
0.000         
0.000         
0.000         
0.000         
0.000         
0.000         
0.000         
0.000         
0.000         
0.000         
0.000         
0.000         
0.000         
0.000         
0.000         
0.000         
0.000         
0.000         
0.000         
0.000         
0.000         
0.000         
0.000         
0.000         
0.000         
0.000         
18.998        
3.315         
0.000         
0.000         
0.000         
0.000         
0.000         
0.000         
0.000         
0.000         
0.000         
0.000         
17.860        
0.655         
0.000         
15.646        
0.000         
0.000         
0.000         
0.000         
0.000         
0.000         
0.000         
0.000         
0.000         
0.000         
0.000         
0.000         
0.000         
0.000         
0.000         
0.000         
0.000         
0.000         
0.000         
0.000         
0.000         
0.000         
0.000         
0.000         
0.000         
0.540         
0.000         
0.000         
0.000         
0.000         
0.000         
0.000         
0.000         
0.000         
0.000         
0.000         
0.000         
0.000         
16.203        
0.000         
0.000         
0.000         
3.296         
0.000         
0.000         
0.000         
0.000         
0.000         
0.000         
0.000         
0.000         
0.000         
0.000         
4.427         
0.000         
0.000         
0.000         
0.000         
0.000         
0.000         
0.000         
0.000         
0.000         
0.000         
0.000         
0.000         
0.000         
0.000         
0.000         
0.379         
5.010         
0.000         
0.000         
0.000         
0.000         
0.000         
0.362         
0.000         
7.460         
0.000         
0.000         
0.000         
0.000         
0.000         
0.000         
0.000         
0.000         
0.000         
0.000         
0.000         
0.000         
0.000         
0.000         
0.000         
0.000         
0.000         
0.000         
0.000         
0.000         
0.000         
0.000         
0.000         
10.114        
0.000         
0.000         
0.000         
0.000         
0.000         
0.000         
0.000         
7.269         
0.000         
0.000         
0.000         
0.595         
0.000         
0.000         
0.000         
0.000         
0.000         
0.000         
0.000         
36.825        
0.000         
0.000         
0.946         
0.000         
0.008         
0.000         
0.000         
0.011         
0.000         
0.000         
0.000         
0.000         
0.000         
0.000         
0.000         
0.000         
0.000         
10.808        
1.372         
5.467         
1.456         
9.231         
101.705       
0.000         
0.000         
0.000         
0.000         
1.631         
58.447        
0.000         
20.016        
0.000         
8.733         
22.132        
0.000         
34.741        
9.457         
14.531        
2.702         
0.000         
1.661         
8.538         
0.000         
0.000         
0.000         
0.000         
0.000         
0.000         
0.003         
0.000         
0.000         
0.000         
29.500        
0.088         
9.905         
7.883         
5.226         
0.027         
0.000         
0.000         
0.004         
0.000         
0.000         
2.541         
10.370        
1.774         
0.000         
0.019         
0.000         
0.000         
0.000         
2.373         
0.000         
0.000         
0.000         
0.000         
0.000         
0.000         
17.447        
0.000         
0.000         
58.871        
0.000         
0.000         
0.000         
0.000         
0.000         
0.000         
16.896        
0.000         
0.000         
0.000         
0.000         
2.447         
0.000         
15.909        
8.807         
14.218        
0.000         
0.000         
0.000         
1.295         
0.000         
0.000         
0.000         
0.000         
0.000         
0.000         
0.000         
0.000         
0.000         
0.000         
0.000         
0.000         
0.000         
0.000         
0.000         
0.000         
0.000         
0.000         
0.000         
0.541         
0.000         
0.000         
0.000         
0.000         
0.000         
0.000         
0.000         
0.000         
0.000         
0.000         
0.000         
0.000         
0.000         
0.000         
0.000         
0.000         
0.000         
0.000         
0.000         
5.516         
0.000         
0.000         
0.000         
0.000         
2.351         
0.000         
0.000         
0.000         
0.000         
0.000         
0.000         
0.000         
0.000         
0.000         
0.000         
0.000         
0.000         
0.000         
0.000         
0.000         
16.845        
0.000         
0.000         
0.000         
0.000         
0.000         
0.000         
0.000         
0.000         
0.000         
0.000         
63.538        
0.000         
0.000         
0.000         
0.000         
0.000         
0.000         
0.000         
0.000         
0.000         
0.000         
0.000         
0.000         
0.000         
0.000         
0.000         
0.000         
0.000         
0.000         
0.000         
0.000         
0.000         
0.000         
0.000         
0.000         
0.000         
0.000         
0.000         
0.000         
0.000         
0.000         
0.000         
0.000         
0.000         
0.000         
0.000         
0.000         
0.000         
0.000         
0.000         
0.000         
0.000         
0.000         
0.000         
0.000         
0.000         
0.000         
0.000         
0.000         
0.000         
0.000         
0.000         
0.000         
0.000         
0.000         
0.000         
0.000         
0.000         
0.000         
0.000         
9.366         
1.607         
0.000         
0.000         
14.205        
2.258         
0.000         
0.000         
0.000         
0.000         
0.000         
25.699        
0.000         
0.000         
0.000         
8.220         
0.000         
0.000         
0.000         
0.000         
0.000         
0.859         
8.921         
0.000         
0.000         
0.000         
6.193         
0.414         
0.000         
0.000         
0.050         
0.000         
0.000         
0.000         
0.000         
0.000         
0.000         
0.000         
0.000         
0.000         
0.000         
0.000         
0.000         
0.000         
0.000         
0.000         
0.000         
0.000         
0.000         
0.000         
0.000         
6.933         
0.000         
0.000         
0.000         
1.954         
0.000         
1.285         
0.000         
0.678         
0.000         
0.000         
0.000         
0.000         
0.000         
4.949         
0.000         
0.000         
0.000         
0.000         
0.000         
0.000         
0.000         
0.000         
0.000         
2.850         
0.000         
0.000         
0.000         
8.276         
0.000         
0.000         
0.000         
0.000         
12.136        
0.000         
0.744         
0.000         
0.000         
0.000         
0.000         
3.334         
0.000         
0.000         
10.383        
9.038         
22.775        
0.000         
19.680        
0.000         
0.000         
0.000         
0.000         
0.000         
0.000         
0.000         
0.000         
0.000         
0.000         
0.000         
0.000         
0.000         
0.286         
12.568        
0.000         
0.000         
0.000         
0.000         
0.000         
0.000         
0.000         
0.000         
0.000         
12.305        
0.000         
0.000         
0.000         
0.000         
0.000         
28.006        
0.001         
0.478         
0.000         
6.512         
11.570        
0.067         
6.492         
1.674         
0.000         
0.000         
0.000         
0.000         
0.000         
0.000         
0.000         
0.000         
0.000         
0.000         
0.000         
0.000         
0.000         
0.000         
0.000         
0.000         
0.000         
0.000         
0.434         
1.543         
0.000         
0.000         
0.000         
0.000         
0.000         
0.000         
0.000         
0.000         
0.000         
12.139        
14.356        
0.000         
7.468         
0.000         
14.914        
0.000         
0.000         
0.000         
0.000         
37.631        
17.320        
3.894         
54.330        
0.000         
24.683        
10.146        
0.000         
0.000         
0.000         
0.000         
14.938        
4.140         
37.649        
13.026        
0.000         
0.000         
0.000         
0.000         
0.000         
0.000         
0.000         
0.283         
0.000         
0.000         
0.000         
0.000         
0.000         
0.000         
0.000         
0.000         
0.000         
0.000         
0.000         
30.900        
0.000         
0.000         
0.000         
0.000         
0.000         
4.913         
25.667        
0.000         
0.000         
0.000         
24.118        
1.343         
0.000         
0.000         
147.056       
37.501        
0.000         
0.000         
0.000         
0.000         
0.000         
0.000         
0.000         
17.593        
12.301        
0.000         
0.000         
0.000         
0.000         
0.000         
0.000         
0.000         
0.000         
0.000         
0.000         
0.000         
0.000         
0.000         
0.000         
0.000         
0.000         
0.000         
0.000         
0.000         
0.000         
0.000         
0.000         
0.000         
0.000         
0.000         
0.000         
0.000         
0.000         
0.000         
0.000         
0.000         
0.000         
0.000         
0.000         
0.000         
0.000         
0.000         
0.000         
0.000         
0.000         
0.000         
0.000         
0.000         
0.000         
0.000         
0.000         
0.000         
0.000         
0.000         
0.000         
0.000         
0.000         
0.000         
0.000         
0.000         
0.000         
0.000         
0.000         
0.000         
0.000         
0.000         
0.000         
0.000         
0.000         
0.000         
0.000         
0.000         
35.708        
0.000         
0.000         
0.000         
0.000         
0.000         
0.000         
0.000         
0.000         
0.000         
8.789         
0.000         
1.758         
0.000         
0.000         
0.000         
0.000         
0.000         
0.000         
0.000         
16.376        
0.000         
0.000         
4.068         
0.000         
0.000         
0.000         
0.000         
0.000         
0.000         
0.000         
0.000         
0.000         
0.000         
0.000         
0.000         
0.000         
0.000         
0.000         
0.000         
0.000         
0.000         
0.000         
0.000         
0.000         
0.000         
0.000         
0.000         
0.000         
1.023         
0.000         
3.478         
0.000         
0.000         
25.395        
0.000         
23.934        
0.000         
7.460         
0.000         
10.290        
34.878        
0.000         
12.210        
0.000         
16.563        
0.000         
0.000         
7.333         
0.000         
0.938         
0.000         
0.000         
0.000         
1.036         
0.000         
8.801         
0.000         
7.006         
0.000         
0.000         
0.000         
0.000         
0.000         
0.000         
3.598         
0.000         
0.000         
0.000         
32.281        
2.954         
0.000         
0.000         
0.000         
0.000         
0.000         
0.000         
0.000         
0.000         
0.000         
0.000         
0.000         
0.000         
0.000         
0.000         
0.000         
0.000         
0.000         
0.000         
0.000         
0.000         
11.183        
0.000         
0.000         
4.581         
0.000         
0.000         
0.000         
0.000         
0.000         
0.000         
1.360         
0.000         
0.000         
0.000         
0.000         
0.000         
0.000         
0.126         
4.302         
0.000         
0.000         
0.000         
0.000         
0.000         
0.000         
0.000         
0.000         
0.000         
0.000         
0.000         
0.000         
0.000         
0.000         
0.000         
0.000         
0.000         
0.000         
0.000         
0.000         
0.000         
0.000         
0.000         
0.000         
0.000         
0.000         
0.000         
0.000         
0.000         
0.000         
0.000         
0.000         
0.000         
0.000         
0.000         
0.000         
1.628         
0.000         
0.000         
0.000         
0.000         
0.000         
0.000         
0.000         
5.950         
0.000         
0.000         
0.000         
0.000         
0.000         
0.000         
0.000         
0.000         
0.000         
0.000         
0.000         
0.000         
4.633         
0.000         
0.000         
0.000         
0.000         
0.000         
0.000         
2.038         
0.000         
0.000         
0.000         
10.105        
7.579         
0.000         
0.000         
0.000         
43.627        
1.826         
0.418         
0.141         
0.000         
60.099        
0.000         
0.000         
0.000         
0.000         
107.342       
0.000         
0.859         
5.675         
18.493        
0.000         
0.000         
3.058         
0.000         
61.050        
2.714         
0.000         
0.000         
9.666         
5.992         
4.379         
14.714        
0.000         
0.000         
0.000         
0.000         
0.000         
4.223         
0.000         
11.857        
10.455        
21.201        
0.000         
9.511         
0.000         
0.000         
0.000         
0.000         
0.000         
17.496        
8.631         
0.000         
0.000         
0.000         
2.087         
60.880        
19.355        
0.000         
2.084         
12.470        
14.191        
0.000         
3.152         
0.005         
6.712         
0.000         
0.000         
0.000         
0.828         
0.000         
0.377         
0.035         
4.427         
5.512         
0.000         
0.606         
0.000         
29.957        
28.659        
0.000         
0.000         
0.000         
10.632        
0.000         
0.000         
0.476         
0.000         
0.000         
0.000         
0.000         
0.000         
0.000         
0.000         
5.820         
0.000         
0.000         
0.000         
0.000         
0.000         
0.000         
0.000         
0.000         
0.000         
0.000         
0.000         
0.000         
0.000         
0.000         
0.000         
0.000         
0.000         
0.000         
0.000         
0.000         
0.000         
0.000         
3.900         
0.000         
0.000         
0.000         
0.000         
0.000         
0.000         
0.000         
0.000         
0.000         
0.000         
0.000         
0.000         
0.000         
0.000         
0.000         
0.000         
0.000         
0.000         
0.000         
0.000         
0.001         
0.000         
0.000         
0.000         
0.000         
0.000         
0.000         
0.000         
0.000         
0.000         
0.000         
0.000         
0.000         
0.000         
0.000         
0.000         
0.000         
0.000         
0.000         
0.000         
0.000         
0.000         
0.000         
0.000         
0.000         
0.000         
0.000         
0.000         
0.000         
0.000         
0.000         
17.019        
0.000         
0.000         
0.000         
0.000         
0.000         
0.000         
0.000         
0.000         
0.000         
0.000         
0.000         
0.000         
0.000         
0.000         
0.000         
0.000         
0.000         
0.000         
0.000         
0.000         
0.000         
0.000         
0.000         
0.000         
0.000         
0.000         
0.000         
0.000         
0.000         
0.000         
6.229         
0.000         
0.000         
0.000         
0.000         
0.000         
0.000         
0.000         
0.000         
0.000         
0.000         
0.000         
0.000         
0.000         
0.000         
0.000         
0.000         
0.000         
0.000         
0.000         
0.000         
0.000         
0.000         
0.000         
0.000         
0.000         
0.000         
39.657        
0.000         
0.000         
0.000         
0.000         
0.000         
0.000         
29.403        
0.000         
26.132        
0.000         
0.000         
0.000         
0.000         
0.000         
0.000         
0.000         
0.000         
29.004        
0.000         
0.000         
0.000         
0.000         
0.000         
0.000         
0.000         
0.000         
0.000         
0.000         
0.000         
0.000         
0.000         
1.141         
0.000         
10.194        
0.000         
0.000         
0.000         
0.000         
0.000         
0.000         
0.000         
0.000         
0.000         
0.000         
0.000         
0.000         
0.000         
0.000         
0.000         
0.000         
0.000         
0.000         
0.000         
0.000         
0.000         
0.000         
0.000         
0.000         
0.000         
0.000         
0.000         
0.000         
0.000         
0.000         
0.000         
0.000         
0.257         
1.910         
3.614         
0.000         
0.000         
0.000         
0.000         
0.000         
0.000         
0.000         
0.000         
0.000         
0.000         
4.616         
0.000         
0.000         
0.000         
0.000         
0.000         
0.000         
0.000         
0.000         
0.000         
0.060         
0.000         
0.000         
0.004         
0.000         
0.000         
12.376        
4.627         
0.000         
0.000         
0.000         
0.000         
0.000         
0.000         
0.000         
0.000         
0.000         
0.000         
0.000         
0.000         
3.709         
0.000         
0.000         
7.072         
0.000         
0.000         
0.000         
12.794        
12.757        
0.000         
0.000         
0.000         
0.000         
0.000         
0.000         
0.000         
0.000         
4.135         
2.911         
0.000         
0.000         
0.000         
0.000         
0.000         
0.000         
0.000         
0.000         
0.000         
0.000         
0.041         
0.000         
0.000         
0.000         
0.411         
5.786         
3.972         
0.000         
0.000         
0.000         
0.000         
0.000         
0.000         
25.571        
0.000         
0.000         
22.047        
0.000         
0.000         
0.000         
0.000         
0.000         
1.381         
0.000         
0.000         
0.000         
0.000         
0.000         
7.438         
0.000         
0.000         
21.360        
1.089         
0.000         
0.000         
0.000         
0.000         
0.000         
0.000         
0.000         
0.000         
0.000         
0.000         
0.000         
21.840        
0.000         
0.000         
0.000         
0.000         
0.000         
92.805        
3.200         
0.000         
0.000         
0.000         
0.000         
0.000         
0.000         
0.000         
0.000         
0.000         
72.483        
0.000         
0.000         
0.000         
0.000         
0.000         
0.000         
0.000         
0.000         
0.000         
0.000         
0.000         
0.000         
0.000         
0.000         
0.000         
0.000         
79.207        
0.000         
0.000         
0.000         
0.000         
0.000         
0.000         
0.000         
0.000         
0.000         
0.000         
0.000         
0.000         
12.828        
0.000         
6.560         
0.000         
0.000         
0.000         
0.000         
0.000         
4.739         
0.000         
0.000         
0.000         
0.000         
0.000         
0.000         
0.000         
0.000         
0.000         
0.000         
0.000         
0.000         
0.000         
0.000         
0.000         
0.000         
0.000         
0.000         
0.000         
0.000         
0.000         
0.000         
0.000         
0.000         
0.000         
0.000         
0.000         
0.000         
0.000         
0.000         
0.000         
0.000         
0.000         
0.000         
0.000         
0.000         
0.000         
0.000         
0.000         
0.000         
0.000         
0.000         
4.135         
0.000         
0.000         
0.000         
0.000         
0.000         
0.000         
0.000         
0.000         
0.000         
0.000         
0.000         
0.000         
0.000         
0.000         
0.000         
0.000         
0.000         
0.000         
0.000         
0.000         
0.000         
0.000         
0.000         
0.000         
0.000         
0.000         
0.000         
0.000         
0.000         
0.000         
14.822        
0.000         
0.000         
0.000         
0.000         
0.000         
0.000         
0.000         
0.000         
0.000         
0.000         
0.000         
0.000         
0.000         
7.695         
3.280         
0.000         
0.000         
0.000         
0.000         
0.692         
0.000         
0.000         
0.000         
0.000         
0.000         
0.000         
0.000         
0.000         
0.000         
0.000         
0.000         
0.000         
0.000         
0.000         
0.000         
0.000         
0.000         
0.000         
0.000         
0.000         
0.000         
0.000         
0.000         
0.000         
0.000         
0.000         
5.058         
0.000         
0.000         
0.000         
11.213        
0.000         
0.000         
10.745        
6.226         
0.000         
0.000         
2.642         
0.000         
0.000         
0.000         
26.787        
0.000         
0.000         
0.533         
0.000         
0.000         
0.000         
0.000         
10.654        
0.000         
0.000         
0.000         
0.000         
0.000         
0.000         
0.000         
0.000         
0.000         
0.000         
0.000         
0.000         
0.000         
0.000         
0.000         
0.000         
0.000         
0.000         
0.000         
0.000         
0.000         
0.000         
5.963         
0.011         
0.000         
0.000         
0.871         
0.000         
0.000         
0.000         
0.000         
0.000         
0.000         
0.000         
0.000         
0.000         
0.000         
5.106         
0.000         
0.000         
0.000         
0.000         
0.000         
0.000         
0.000         
0.000         
0.000         
0.000         
0.000         
0.000         
0.000         
0.000         
0.000         
0.000         
0.000         
0.000         
0.000         
0.000         
0.795         
0.000         
0.000         
0.000         
0.000         
0.000         
0.000         
0.000         
0.000         
0.000         
0.000         
0.000         
0.000         
0.000         
0.000         
0.000         
0.000         
12.738        
0.000         
0.000         
0.000         
0.000         
0.000         
0.000         
0.000         
0.000         
0.000         
0.000         
0.000         
0.000         
0.000         
0.000         
0.000         
0.000         
0.000         
0.119         
0.000         
0.000         
0.000         
0.000         
0.000         
0.000         
0.000         
0.000         
6.102         
0.000         
0.000         
0.000         
3.220         
0.000         
0.000         
0.000         
0.000         
0.000         
0.000         
0.000         
0.000         
0.000         
0.000         
0.000         
0.000         
0.000         
8.285         
11.541        
0.000         
14.685        
0.000         
0.000         
0.000         
0.000         
0.000         
0.000         
0.000         
0.000         
0.000         
126.483       
1.310         
57.714        
0.000         
0.495         
6.010         
0.000         
0.000         
0.197         
15.901        
7.158         
0.000         
0.000         
7.621         
49.969        
7.859         
0.000         
0.823         
5.763         
1.655         
0.000         
0.000         
0.000         
0.000         
0.303         
0.000         
85.117        
13.109        
0.000         
89.421        
24.691        
23.577        
23.740        
39.619        
33.387        
0.000         
53.647        
0.000         
0.000         
42.229        
1.021         
0.000         
0.000         
4.863         
0.412         
27.520        
0.000         
2.557         
30.489        
5.531         
0.000         
0.000         
1.566         
0.000         
0.000         
0.000         
0.000         
0.000         
0.000         
0.000         
0.000         
31.038        
0.000         
0.000         
0.000         
0.000         
0.000         
0.000         
0.000         
0.000         
0.000         
0.000         
0.000         
0.000         
19.903        
0.000         
0.000         
0.000         
0.000         
0.000         
0.000         
0.000         
0.000         
0.000         
0.000         
0.000         
0.000         
0.000         
0.000         
0.000         
0.000         
0.000         
40.050        
0.000         
0.000         
0.000         
0.000         
0.000         
0.000         
0.000         
1.183         
0.000         
0.000         
0.000         
0.000         
0.000         
0.000         
0.000         
0.000         
0.000         
0.000         
0.000         
0.024         
0.000         
0.000         
0.000         
0.000         
0.000         
0.000         
0.000         
0.000         
0.105         
0.000         
0.000         
0.000         
0.000         
0.000         
0.000         
0.000         
0.000         
0.000         
0.000         
0.000         
0.000         
0.000         
0.000         
0.000         
0.000         
3.369         
0.000         
0.000         
0.000         
0.000         
0.000         
0.000         
0.000         
37.424        
0.000         
0.000         
0.000         
0.000         
0.000         
0.000         
0.000         
0.000         
0.000         
0.000         
0.000         
0.000         
0.000         
0.000         
0.000         
0.000         
0.000         
0.000         
0.000         
0.000         
0.000         
0.000         
0.000         
0.000         
0.000         
0.000         
0.000         
0.000         
20.255        
0.000         
0.000         
0.000         
0.000         
0.000         
0.000         
0.000         
0.000         
0.000         
0.000         
0.000         
0.000         
0.000         
0.000         
0.000         
0.000         
0.000         
0.000         
0.000         
0.000         
0.000         
0.000         
0.000         
0.000         
0.000         
0.000         
0.000         
0.000         
0.000         
0.000         
0.000         
0.000         
0.000         
0.000         
5.797         
0.000         
68.810        
0.000         
0.000         
0.000         
0.000         
0.000         
0.152         
0.000         
0.000         
0.000         
0.000         
41.183        
0.000         
0.000         
0.000         
0.000         
0.000         
0.000         
0.000         
12.286        
10.031        
6.767         
4.784         
0.000         
0.000         
0.000         
0.000         
0.000         
3.997         
0.000         
0.000         
0.000         
0.000         
1.073         
0.000         
0.000         
0.000         
0.000         
0.000         
0.000         
0.000         
21.842        
1.605         
9.882         
0.000         
0.000         
0.000         
0.000         
0.000         
0.000         
0.000         
0.000         
0.000         
0.000         
0.000         
3.483         
12.598        
0.000         
0.000         
5.943         
0.000         
0.000         
0.000         
0.000         
2.227         
0.000         
2.395         
0.000         
0.889         
0.000         
0.000         
0.000         
0.000         
0.000         
1.010         
0.000         
0.000         
0.000         
0.000         
0.000         
0.000         
0.000         
0.000         
0.000         
0.000         
0.000         
0.000         
0.000         
0.425         
0.000         
0.000         
0.000         
0.000         
0.000         
0.000         
4.882         
0.000         
0.000         
0.000         
0.000         
0.000         
0.000         
0.000         
0.000         
0.000         
0.000         
0.000         
0.000         
0.000         
0.000         
0.000         
0.000         
0.000         
0.000         
0.000         
0.000         
0.000         
0.000         
0.000         
0.000         
0.000         
26.501        
0.000         
7.859         
44.558        
2.635         
0.000         
0.000         
0.000         
5.746         
0.000         
19.801        
0.000         
1.745         
1.738         
0.000         
0.000         
8.835         
0.000         
0.000         
0.000         
0.000         
0.000         
0.000         
0.000         
0.000         
18.092        
0.003         
0.635         
4.980         
2.772         
1.854         
0.000         
5.158         
0.000         
0.000         
0.000         
0.000         
0.039         
10.011        
0.000         
0.000         
0.000         
14.917        
1.253         
4.789         
13.088        
0.000         
0.000         
0.000         
0.000         
3.616         
6.969         
0.000         
0.000         
0.000         
22.578        
0.002         
0.000         
0.000         
1.385         
4.196         
4.720         
4.209         
8.992         
0.000         
0.000         
0.000         
0.000         
0.000         
0.000         
0.000         
0.000         
0.603         
0.000         
0.000         
39.350        
7.717         
13.095        
5.255         
0.000         
2.184         
17.786        
7.495         
0.000         
0.000         
0.000         
23.127        
0.000         
0.000         
0.000         
0.000         
0.000         
0.000         
0.000         
17.034        
13.994        
12.621        
0.000         
0.000         
0.000         
0.000         
14.824        
6.456         
1.097         
0.000         
0.000         
22.890        
0.000         
31.113        
0.000         
179.958       
14.987        
0.000         
0.000         
0.000         
0.000         
0.000         
0.000         
0.000         
0.000         
0.000         
0.000         
0.000         
0.000         
0.000         
0.000         
0.727         
0.000         
0.000         
0.000         
8.389         
0.000         
0.000         
0.000         
0.000         
0.000         
0.000         
0.000         
0.000         
0.000         
0.000         
0.000         
0.000         
0.000         
0.000         
0.000         
0.000         
0.000         
0.000         
0.000         
0.000         
0.000         
0.000         
0.000         
0.000         
0.000         
0.000         
0.000         
0.000         
3.656         
0.000         
0.000         
0.000         
0.000         
0.000         
0.000         
0.000         
0.000         
0.000         
0.000         
0.000         
0.000         
0.000         
0.000         
0.000         
0.000         
0.000         
0.000         
40.346        
0.000         
8.759         
0.000         
0.000         
0.000         
0.000         
0.000         
0.000         
0.000         
0.000         
0.000         
0.000         
0.000         
0.000         
0.000         
0.000         
0.000         
0.000         
0.000         
0.000         
0.000         
0.000         
0.000         
0.000         
0.000         
8.579         
0.000         
0.000         
0.000         
0.000         
0.000         
0.000         
0.000         
0.000         
0.000         
0.000         
0.000         
0.000         
0.000         
0.000         
0.000         
0.000         
0.000         
0.000         
0.000         
0.000         
0.000         
0.000         
0.000         
0.000         
0.000         
0.000         
0.000         
0.000         
0.000         
0.000         
0.000         
0.000         
0.000         
0.000         
0.000         
0.000         
0.000         
0.000         
0.000         
0.000         
0.000         
0.000         
0.000         
0.000         
0.000         
0.000         
0.000         
0.000         
0.000         
0.000         
0.000         
0.000         
7.233         
0.000         
0.038         
0.000         
0.000         
2.011         
0.000         
0.000         
0.000         
17.298        
0.000         
0.000         
7.694         
0.000         
0.000         
0.000         
0.000         
0.000         
0.000         
0.000         
0.000         
0.000         
0.000         
0.000         
0.000         
0.000         
0.000         
0.000         
0.000         
0.000         
0.000         
0.000         
0.000         
0.000         
0.000         
6.293         
5.866         
0.000         
0.000         
0.000         
0.000         
0.000         
0.000         
1.286         
3.149         
0.000         
0.000         
0.000         
0.000         
0.000         
0.000         
0.000         
0.000         
0.000         
0.000         
0.000         
0.000         
0.000         
0.000         
0.000         
2.102         
0.000         
0.000         
0.000         
0.000         
0.000         
0.000         
0.000         
0.000         
0.000         
0.000         
0.000         
0.000         
0.000         
0.000         
0.000         
0.000         
0.000         
0.000         
0.000         
0.000         
0.000         
0.000         
0.000         
0.000         
0.000         
0.000         
0.000         
0.000         
0.000         
0.000         
0.000         
0.232         
0.000         
0.000         
0.000         
7.625         
0.000         
0.000         
0.000         
0.000         
0.000         
0.000         
0.000         
0.000         
0.000         
0.000         
0.000         
0.000         
0.000         
0.000         
0.000         
0.000         
13.830        
0.000         
9.860         
1.442         
0.000         
0.000         
0.000         
0.000         
22.346        
0.000         
0.000         
0.475         
0.000         
0.000         
0.000         
0.000         
0.000         
0.000         
0.000         
0.000         
0.000         
0.023         
4.988         
13.433        
0.000         
0.000         
0.000         
0.000         
0.000         
0.000         
0.000         
0.000         
1.255         
0.000         
0.181         
0.000         
0.000         
0.000         
0.000         
0.000         
0.000         
10.676        
0.000         
4.770         
0.000         
0.000         
0.000         
0.000         
0.000         
0.000         
0.000         
0.000         
0.000         
0.000         
0.000         
0.000         
0.000         
0.000         
0.000         
0.000         
0.000         
0.000         
0.000         
6.890         
0.000         
0.000         
0.000         
0.000         
0.000         
0.395         
0.000         
2.189         
3.808         
0.000         
53.951        
0.000         
1.929         
0.078         
0.000         
0.000         
1.228         
0.000         
0.000         
0.000         
0.000         
0.000         
11.231        
0.000         
0.000         
118.373       
0.000         
15.246        
0.000         
0.000         
44.174        
6.220         
0.000         
0.000         
0.000         
0.000         
0.000         
4.710         
0.000         
0.000         
0.000         
0.000         
0.000         
0.000         
64.638        
0.000         
22.474        
50.637        
0.000         
0.000         
0.000         
0.000         
0.000         
0.000         
0.000         
0.000         
0.000         
0.000         
0.000         
0.000         
0.000         
0.000         
0.000         
0.000         
0.000         
0.000         
0.000         
0.000         
0.000         
0.000         
0.000         
0.000         
0.000         
0.000         
0.000         
0.000         
0.000         
0.000         
0.000         
0.000         
0.000         
0.000         
0.000         
0.000         
6.044         
0.000         
0.000         
0.000         
0.000         
0.000         
0.000         
0.000         
0.000         
0.000         
0.000         
0.000         
0.000         
0.000         
0.000         
0.000         
0.000         
0.000         
0.000         
0.000         
0.000         
0.000         
0.000         
0.000         
0.000         
0.000         
0.000         
0.000         
0.000         
0.000         
0.000         
0.000         
0.000         
0.000         
1.527         
0.000         
0.000         
0.000         
0.000         
0.000         
0.000         
0.000         
0.000         
0.000         
0.000         
0.000         
0.000         
0.000         
0.000         
0.726         
0.000         
0.000         
0.000         
0.000         
0.000         
0.000         
0.000         
0.000         
0.000         
0.000         
9.706         
0.000         
0.000         
0.000         
0.000         
0.000         
0.000         
0.030         
0.000         
0.000         
0.000         
0.000         
0.000         
0.000         
0.000         
0.000         
0.027         
0.000         
0.000         
0.000         
0.000         
0.000         
0.000         
0.000         
0.000         
0.000         
0.000         
0.000         
0.000         
0.000         
0.000         
2.262         
0.000         
0.000         
5.081         
2.361         
0.000         
0.000         
0.000         
0.000         
0.000         
14.137        
0.949         
9.922         
0.000         
0.000         
50.601        
29.941        
0.000         
24.694        
11.601        
0.000         
0.000         
0.000         
24.891        
0.000         
0.000         
0.000         
0.000         
0.000         
0.000         
0.000         
0.000         
0.000         
0.008         
0.000         
0.000         
0.000         
0.000         
0.000         
0.000         
0.000         
21.325        
0.000         
0.000         
0.000         
0.000         
0.000         
0.000         
0.000         
0.000         
0.000         
9.974         
0.000         
0.000         
0.000         
0.000         
0.000         
0.000         
1.352         
0.000         
0.000         
0.000         
0.000         
0.000         
0.000         
0.000         
0.000         
0.000         
0.000         
0.000         
0.000         
0.000         
0.000         
0.000         
0.000         
0.000         
0.000         
0.000         
0.000         
0.000         
0.000         
0.000         
0.000         
0.000         
0.000         
0.000         
0.000         
0.000         
0.000         
15.032        
0.000         
0.000         
11.688        
0.000         
0.000         
0.000         
0.000         
0.000         
0.000         
0.000         
0.316         
0.000         
0.000         
0.000         
0.000         
0.000         
10.661        
0.000         
6.952         
1.232         
0.000         
0.000         
0.000         
0.000         
0.000         
5.492         
0.000         
0.000         
1.592         
19.499        
0.000         
0.000         
0.000         
0.000         
0.000         
0.000         
0.000         
8.568         
0.000         
0.000         
3.080         
0.350         
0.000         
0.000         
0.000         
0.000         
0.000         
0.000         
14.431        
0.000         
42.271        
0.000         
0.000         
0.000         
0.000         
0.000         
0.000         
0.000         
0.000         
0.000         
0.157         
0.000         
0.000         
0.002         
0.000         
0.000         
10.113        
8.160         
0.000         
0.000         
28.244        
0.000         
0.000         
0.000         
3.088         
0.001         
8.615         
10.794        
53.737        
12.392        
1.718         
0.000         
36.913        
2.884         
11.983        
39.458        
10.776        
0.000         
0.000         
22.932        
6.861         
17.284        
9.345         
9.485         
0.000         
12.876        
0.000         
0.000         
4.112         
10.446        
35.118        
0.000         
74.412        
0.000         
0.000         
20.869        
52.041        
19.177        
23.996        
10.670        
0.000         
23.996        
1.762         
3.852         
40.584        
1.172         
70.022        
0.000         
8.545         
0.000         
0.000         
0.000         
0.000         
0.000         
0.000         
0.000         
0.000         
0.000         
0.000         
48.216        
0.000         
0.000         
0.000         
5.886         
2.235         
0.000         
0.000         
4.194         
36.565        
0.000         
95.110        
0.000         
0.000         
0.000         
2.294         
20.602        
0.000         
5.084         
0.000         
0.000         
1.191         
0.000         
0.000         
0.000         
0.000         
0.000         
0.000         
0.000         
0.000         
0.000         
0.000         
0.000         
0.000         
0.000         
0.268         
0.000         
0.000         
0.000         
0.000         
0.000         
0.000         
0.000         
0.000         
0.000         
0.000         
0.000         
0.000         
0.000         
0.000         
0.000         
0.000         
0.000         
0.000         
0.000         
0.000         
0.000         
0.000         
0.000         
0.000         
0.000         
0.000         
35.362        
0.000         
0.000         
0.000         
0.000         
0.000         
0.000         
0.000         
0.000         
0.000         
0.000         
0.000         
0.000         
0.000         
0.000         
0.000         
0.000         
0.000         
0.000         
0.000         
0.000         
0.000         
0.000         
0.000         
0.000         
0.000         
0.000         
0.000         
0.000         
0.000         
0.000         
0.000         
0.000         
0.000         
0.000         
0.000         
0.000         
0.000         
0.000         
0.000         
0.000         
0.000         
0.000         
0.000         
0.000         
0.000         
0.000         
10.635        
0.000         
0.000         
0.000         
0.000         
0.000         
0.000         
0.000         
0.000         
0.000         
0.000         
0.000         
0.000         
0.000         
0.000         
0.000         
0.000         
0.000         
0.000         
0.000         
0.000         
0.000         
0.000         
0.000         
0.000         
5.175         
0.000         
0.000         
0.000         
0.000         
0.000         
0.000         
0.000         
0.000         
0.000         
0.000         
14.308        
0.000         
0.000         
0.000         
0.000         
0.000         
0.000         
0.000         
0.000         
0.000         
0.000         
0.000         
0.000         
0.000         
0.000         
0.000         
0.000         
0.000         
0.000         
0.000         
0.000         
6.641         
0.000         
0.000         
0.000         
0.000         
0.000         
0.000         
0.000         
0.000         
0.000         
0.000         
0.000         
0.000         
0.000         
0.000         
0.000         
0.000         
0.000         
2.275         
0.000         
0.000         
6.929         
0.000         
0.000         
0.000         
0.000         
0.000         
0.000         
0.000         
0.000         
0.000         
0.000         
0.000         
1.245         
0.000         
0.000         
0.000         
0.000         
0.000         
0.987         
0.000         
0.000         
0.000         
0.000         
0.000         
0.000         
2.724         
0.000         
0.000         
0.000         
0.000         
0.000         
0.000         
0.000         
0.000         
0.000         
0.000         
0.000         
0.000         
0.000         
0.000         
0.000         
0.000         
0.169         
0.000         
7.378         
0.000         
0.000         
0.000         
0.000         
0.000         
9.529         
0.000         
0.000         
1.264         
0.000         
0.000         
10.414        
1.296         
0.000         
0.000         
0.000         
0.000         
0.000         
0.000         
0.000         
0.000         
0.000         
0.000         
8.928         
0.000         
0.000         
22.392        
0.000         
0.000         
0.000         
3.911         
0.000         
9.658         
0.000         
6.148         
0.000         
0.000         
0.000         
0.000         
0.000         
0.000         
0.000         
0.000         
0.000         
6.933         
0.000         
0.000         
0.000         
0.000         
0.000         
0.000         
0.000         
0.000         
0.000         
0.000         
0.000         
27.962        
0.000         
0.000         
0.000         
0.340         
0.000         
0.000         
0.000         
0.000         
0.000         
0.000         
0.000         
0.000         
0.000         
1.890         
0.000         
0.000         
36.260        
0.000         
0.000         
0.000         
0.000         
22.651        
45.879        
6.417         
0.370         
0.000         
0.000         
0.000         
0.958         
0.000         
0.000         
0.000         
6.949         
3.790         
0.000         
17.346        
0.000         
0.000         
0.000         
0.000         
0.000         
0.000         
0.000         
0.000         
0.000         
0.000         
0.000         
0.000         
0.000         
0.000         
0.000         
0.000         
0.000         
0.000         
0.000         
0.000         
0.058         
4.304         
0.000         
0.042         
0.000         
3.344         
0.000         
5.016         
93.959        
0.000         
0.000         
0.000         
3.422         
0.000         
0.000         
0.000         
0.000         
0.000         
0.000         
0.000         
0.000         
0.000         
0.000         
0.000         
0.000         
3.712         
9.516         
0.000         
0.000         
32.865        
6.699         
0.020         
0.001         
6.801         
8.794         
0.000         
0.000         
0.000         
36.378        
0.000         
0.000         
0.000         
0.000         
0.000         
0.000         
0.000         
0.000         
0.000         
0.000         
0.000         
0.000         
0.000         
0.000         
0.000         
0.000         
1.951         
0.000         
0.000         
0.000         
0.000         
0.000         
0.000         
0.000         
0.000         
0.000         
0.000         
0.000         
0.000         
0.000         
0.000         
0.000         
0.000         
0.000         
0.000         
0.000         
0.000         
0.000         
0.000         
0.000         
0.000         
0.000         
0.000         
0.000         
0.000         
0.000         
0.000         
0.000         
0.000         
0.000         
0.000         
0.000         
0.000         
0.000         
0.000         
0.000         
0.000         
0.000         
0.000         
0.000         
0.000         
0.000         
0.000         
0.000         
0.000         
0.000         
0.000         
0.000         
0.000         
0.000         
0.000         
0.000         
0.000         
54.096        
0.000         
0.000         
0.000         
0.000         
0.000         
0.000         
0.000         
0.000         
0.000         
0.000         
0.000         
0.000         
0.000         
0.000         
0.000         
0.000         
0.000         
0.000         
0.000         
0.000         
0.000         
0.000         
0.000         
0.000         
0.000         
0.000         
0.000         
0.000         
0.000         
0.000         
0.000         
0.000         
0.000         
0.000         
0.000         
0.000         
0.000         
0.000         
0.000         
0.000         
0.000         
0.000         
0.000         
0.000         
0.000         
0.000         
0.000         
0.000         
0.000         
0.000         
0.000         
0.000         
0.000         
1.588         
24.146        
0.000         
0.000         
0.000         
30.661        
0.000         
0.000         
0.000         
0.000         
0.000         
0.000         
0.000         
1.064         
0.000         
0.000         
1.939         
27.394        
0.000         
0.000         
0.000         
0.000         
0.000         
0.000         
0.000         
0.000         
0.000         
0.000         
0.000         
0.000         
0.000         
0.000         
0.000         
0.000         
0.000         
0.000         
0.000         
0.000         
0.000         
0.000         
0.000         
0.000         
0.000         
0.000         
0.000         
0.000         
0.000         
0.000         
0.000         
0.000         
0.000         
0.000         
0.000         
0.000         
0.000         
0.000         
0.000         
1.076         
0.000         
0.000         
0.000         
1.308         
0.705         
0.000         
0.000         
0.000         
0.000         
0.002         
0.000         
0.000         
0.000         
0.000         
0.000         
0.000         
0.000         
0.000         
0.000         
5.213         
0.000         
0.000         
0.000         
0.000         
0.000         
0.000         
0.000         
0.000         
0.000         
0.000         
0.000         
0.000         
0.000         
0.000         
1.484         
0.000         
0.000         
0.000         
0.000         
0.000         
0.000         
0.000         
0.000         
0.000         
0.000         
0.000         
0.000         
0.000         
0.000         
0.000         
0.000         
0.000         
0.000         
7.516         
0.000         
0.000         
2.339         
0.000         
0.000         
0.000         
1.231         
0.000         
0.000         
0.000         
0.000         
0.000         
12.353        
0.000         
0.000         
0.000         
0.000         
0.000         
0.000         
0.000         
0.000         
0.000         
0.000         
0.000         
0.000         
0.000         
10.813        
0.000         
0.000         
0.000         
0.000         
19.455        
1.366         
0.000         
0.000         
0.175         
0.000         
0.000         
0.000         
27.942        
0.000         
0.000         
0.080         
0.000         
0.000         
0.000         
0.000         
0.000         
0.000         
0.000         
0.000         
0.000         
0.000         
37.401        
0.000         
0.000         
1.301         
0.000         
0.000         
0.000         
0.000         
4.661         
0.000         
0.070         
0.000         
0.000         
0.000         
0.000         
0.000         
0.000         
0.000         
0.000         
1.967         
0.000         
0.000         
7.538         
0.078         
0.000         
0.000         
0.000         
0.000         
0.000         
8.926         
0.000         
0.000         
20.599        
7.547         
2.015         
11.242        
0.009         
24.286        
3.942         
1.079         
13.993        
0.000         
0.000         
0.000         
0.000         
0.000         
0.000         
0.000         
0.000         
0.000         
0.000         
0.000         
0.000         
5.193         
0.000         
0.000         
0.000         
1.952         
0.866         
4.674         
0.000         
0.000         
0.000         
90.086        
0.000         
0.000         
0.000         
0.000         
0.364         
0.000         
0.000         
10.526        
0.000         
0.000         
0.000         
1.533         
0.000         
0.000         
0.000         
0.000         
0.000         
0.000         
0.000         
0.000         
0.000         
0.000         
0.000         
0.000         
0.000         
0.000         
0.000         
0.000         
0.000         
0.000         
0.000         
0.000         
0.000         
0.000         
0.000         
0.000         
0.000         
0.000         
0.000         
0.000         
0.000         
0.000         
0.000         
0.000         
0.000         
0.000         
0.000         
0.000         
0.000         
0.000         
0.052         
0.000         
0.000         
0.000         
0.000         
0.000         
0.000         
0.000         
0.000         
0.000         
0.000         
0.000         
0.000         
0.000         
0.000         
0.000         
0.000         
0.000         
0.000         
0.000         
0.000         
0.000         
0.000         
0.000         
0.000         
0.000         
0.000         
0.000         
0.000         
0.000         
0.000         
0.000         
0.000         
0.000         
0.000         
0.000         
0.000         
0.000         
0.000         
0.000         
0.000         
0.000         
0.000         
0.000         
0.000         
0.000         
0.000         
0.000         
0.000         
4.671         
0.000         
0.000         
0.000         
0.000         
0.000         
0.000         
0.000         
0.000         
0.000         
0.000         
0.000         
0.000         
0.000         
0.000         
0.000         
0.503         
1.201         
0.000         
0.000         
2.018         
0.000         
2.382         
0.000         
0.000         
0.000         
0.000         
0.000         
0.000         
0.392         
0.000         
0.000         
0.000         
0.000         
0.000         
9.673         
4.487         
0.000         
11.746        
0.000         
0.000         
0.000         
0.000         
0.000         
0.000         
0.085         
10.439        
2.833         
34.994        
0.842         
0.000         
0.000         
0.000         
1.643         
0.584         
3.979         
0.000         
0.000         
0.000         
0.000         
0.442         
0.000         
0.000         
10.092        
0.000         
0.000         
0.000         
0.000         
0.000         
0.000         
0.000         
0.000         
0.000         
0.000         
0.000         
0.000         
0.000         
0.000         
0.000         
0.000         
0.000         
19.736        
7.369         
0.000         
0.000         
0.000         
0.000         
0.812         
0.000         
0.000         
0.000         
0.000         
0.000         
0.000         
0.000         
0.000         
0.000         
0.000         
0.000         
0.000         
0.000         
0.000         
0.000         
0.000         
0.000         
8.204         
0.000         
0.000         
0.000         
0.000         
0.000         
0.000         
1.795         
0.000         
0.000         
0.000         
0.000         
0.000         
0.000         
0.000         
0.000         
0.000         
0.000         
0.000         
0.000         
0.000         
2.366         
8.912         
0.000         
0.000         
0.000         
10.030        
0.000         
0.422         
0.000         
0.000         
0.000         
0.000         
0.000         
0.000         
0.000         
0.000         
0.000         
0.000         
0.000         
0.000         
0.000         
0.000         
0.000         
0.000         
18.141        
0.000         
0.000         
0.000         
0.000         
0.000         
9.583         
0.000         
0.000         
4.516         
0.000         
0.000         
0.000         
0.000         
0.000         
0.000         
0.000         
0.000         
0.000         
0.000         
0.000         
0.000         
0.000         
0.000         
0.000         
0.000         
5.866         
0.000         
0.000         
0.000         
0.000         
9.644         
5.368         
0.404         
0.344         
16.180        
0.000         
17.537        
6.562         
0.000         
0.000         
0.000         
7.276         
0.000         
0.000         
14.287        
0.000         
0.000         
0.000         
4.319         
49.067        
23.291        
0.988         
0.000         
31.819        
5.278         
2.617         
0.000         
0.000         
0.000         
0.000         
0.000         
0.000         
0.000         
11.991        
0.000         
0.000         
0.000         
0.000         
0.000         
23.441        
25.282        
0.000         
0.000         
0.000         
0.000         
0.000         
0.000         
0.037         
0.398         
0.000         
0.000         
0.000         
0.000         
0.000         
0.000         
0.000         
0.000         
0.000         
0.000         
0.000         
0.000         
0.000         
0.000         
0.000         
0.000         
0.000         
0.000         
0.000         
0.000         
0.000         
0.000         
0.000         
0.000         
0.000         
0.000         
0.000         
4.434         
0.000         
0.000         
0.000         
0.000         
0.000         
28.936        
0.000         
0.000         
135.717       
0.000         
0.000         
0.000         
0.000         
0.000         
0.000         
0.000         
0.000         
0.000         
0.000         
0.065         
0.000         
0.000         
0.000         
0.000         
0.000         
0.000         
0.000         
0.000         
0.000         
0.000         
0.000         
0.000         
0.000         
0.000         
0.000         
0.000         
0.000         
0.000         
0.000         
0.000         
0.000         
0.000         
0.000         
0.000         
0.000         
0.000         
38.879        
0.000         
0.000         
0.000         
0.000         
0.000         
0.000         
0.000         
0.000         
0.000         
0.000         
0.000         
0.000         
0.000         
0.000         
1.669         
0.000         
0.000         
0.000         
0.000         
0.000         
0.000         
0.000         
0.000         
0.000         
5.985         
0.000         
0.000         
50.154        
0.000         
1.439         
0.000         
0.000         
0.000         
0.000         
0.000         
0.000         
0.000         
0.000         
0.000         
0.000         
0.000         
0.000         
1.791         
0.000         
0.000         
52.306        
0.000         
0.000         
0.000         
0.000         
0.000         
0.000         
0.000         
0.000         
0.000         
0.000         
0.000         
0.000         
0.000         
0.000         
0.000         
0.000         
0.000         
0.789         
6.913         
1.567         
0.000         
0.000         
0.000         
0.000         
0.000         
0.000         
0.000         
0.000         
0.000         
0.000         
0.000         
0.000         
0.000         
0.000         
0.000         
0.000         
0.000         
0.000         
0.000         
0.000         
0.000         
0.000         
0.000         
0.000         
0.000         
1.315         
0.000         
0.000         
0.000         
0.000         
0.000         
5.793         
0.000         
0.000         
7.425         
0.000         
0.000         
0.000         
0.000         
0.000         
29.323        
0.000         
0.000         
18.965        
0.000         
14.885        
21.413        
0.000         
0.000         
9.932         
0.000         
0.000         
0.000         
0.000         
0.000         
0.000         
3.165         
0.000         
0.000         
0.000         
0.000         
0.000         
0.000         
0.000         
0.000         
0.000         
0.316         
0.000         
0.000         
0.000         
0.000         
0.000         
0.000         
0.000         
0.000         
0.000         
0.000         
0.000         
0.000         
0.000         
0.000         
0.000         
0.000         
0.000         
0.000         
0.000         
1.215         
0.000         
0.000         
0.000         
11.493        
0.594         
0.000         
0.000         
0.000         
0.000         
0.000         
0.000         
0.000         
0.000         
0.000         
0.000         
0.430         
0.308         
0.000         
0.000         
0.000         
0.000         
0.000         
0.000         
0.000         
0.000         
0.000         
0.000         
0.000         
0.000         
0.000         
0.000         
0.948         
3.906         
0.000         
5.084         
0.000         
0.000         
0.000         
0.000         
0.000         
0.000         
0.000         
0.000         
0.000         
0.000         
0.000         
0.000         
0.000         
0.000         
0.000         
0.000         
0.000         
2.225         
0.000         
14.157        
0.000         
0.000         
0.000         
8.329         
0.000         
0.000         
0.000         
0.000         
0.000         
0.000         
0.000         
0.048         
0.000         
0.000         
27.520        
0.000         
0.000         
0.000         
0.000         
0.000         
0.000         
0.000         
0.000         
0.000         
0.000         
0.000         
0.000         
0.000         
20.960        
1.451         
0.000         
0.000         
0.000         
0.000         
0.000         
0.007         
25.889        
18.999        
2.079         
0.000         
15.130        
0.000         
0.000         
0.000         
6.630         
13.803        
4.736         
0.000         
0.000         
0.000         
0.000         
0.000         
8.394         
0.000         
0.000         
0.000         
0.000         
3.490         
0.000         
42.462        
0.000         
14.973        
0.000         
0.000         
3.838         
0.000         
0.000         
0.165         
0.000         
0.000         
5.204         
0.000         
0.000         
1.896         
2.805         
0.000         
1.079         
34.943        
0.000         
0.000         
0.000         
0.000         
0.000         
0.000         
0.000         
0.000         
0.000         
0.000         
0.000         
0.000         
2.887         
2.693         
0.000         
8.811         
0.017         
0.000         
0.000         
0.000         
0.000         
0.000         
0.000         
0.000         
0.000         
0.000         
0.000         
0.000         
0.000         
0.000         
0.000         
0.000         
0.000         
0.000         
0.000         
0.000         
0.000         
0.000         
0.000         
0.000         
0.000         
0.000         
0.000         
0.000         
0.000         
0.000         
0.000         
0.000         
4.030         
0.000         
0.000         
0.000         
0.000         
0.000         
0.000         
0.000         
0.000         
0.000         
0.000         
0.000         
0.000         
0.000         
0.000         
0.000         
0.000         
0.000         
0.000         
0.000         
0.000         
0.000         
0.000         
0.000         
0.000         
0.000         
0.000         
0.000         
0.000         
0.000         
0.000         
0.000         
0.000         
0.000         
0.000         
0.000         
0.000         
0.000         
0.000         
0.000         
0.000         
0.000         
0.000         
0.000         
0.000         
0.000         
0.000         
0.000         
0.000         
0.000         
0.000         
0.000         
0.000         
25.572        
0.000         
16.257        
0.000         
0.000         
0.000         
0.000         
0.000         
0.000         
0.000         
0.000         
91.704        
0.000         
0.000         
0.000         
0.000         
0.000         
0.000         
23.947        
0.000         
0.000         
0.000         
0.000         
56.366        
0.000         
0.000         
0.000         
0.000         
0.000         
0.000         
0.000         
0.000         
0.000         
0.000         
0.000         
0.000         
0.000         
0.000         
0.000         
0.000         
0.000         
0.000         
0.000         
0.000         
0.000         
0.000         
42.740        
0.000         
0.000         
0.000         
0.000         
0.000         
0.000         
0.000         
0.000         
0.000         
0.000         
0.000         
0.000         
0.000         
0.000         
0.000         
0.000         
0.000         
0.000         
0.000         
0.963         
0.000         
0.000         
0.000         
0.000         
0.000         
0.000         
1.908         
0.000         
0.000         
0.000         
1.263         
0.000         
0.000         
0.000         
0.000         
0.000         
0.000         
0.000         
0.927         
6.282         
0.000         
0.000         
0.000         
6.258         
0.000         
0.000         
0.100         
0.000         
6.566         
2.770         
29.978        
0.000         
0.856         
0.000         
0.000         
0.000         
0.000         
0.000         
0.000         
0.000         
0.000         
0.000         
0.000         
0.000         
0.000         
0.000         
0.000         
0.000         
21.408        
0.000         
0.000         
0.000         
0.000         
0.000         
0.000         
0.000         
0.000         
0.000         
0.000         
15.086        
0.000         
0.000         
0.000         
0.000         
0.000         
0.000         
0.226         
21.717        
0.000         
0.000         
0.000         
0.000         
0.000         
0.000         
0.000         
1.858         
0.000         
0.000         
0.000         
0.736         
0.000         
0.014         
0.000         
0.000         
0.000         
0.000         
0.000         
0.000         
0.000         
0.000         
0.000         
0.000         
0.000         
0.000         
0.916         
0.000         
18.846        
0.000         
0.000         
0.000         
0.000         
0.000         
0.000         
0.000         
0.000         
0.000         
0.000         
0.000         
0.000         
0.000         
0.000         
0.000         
7.166         
7.530         
0.000         
0.000         
4.087         
0.000         
0.000         
0.000         
0.000         
0.000         
0.000         
0.000         
0.000         
0.000         
0.000         
0.000         
0.000         
0.681         
0.000         
0.000         
0.000         
1.240         
0.153         
0.000         
0.000         
0.000         
0.255         
20.983        
0.000         
0.575         
1.839         
0.000         
8.436         
0.000         
0.000         
0.000         
3.598         
0.000         
0.000         
0.000         
2.756         
9.934         
0.000         
0.000         
0.000         
0.000         
0.000         
0.000         
0.000         
0.000         
16.971        
0.000         
0.000         
0.000         
255.641       
5.655         
7.027         
36.488        
0.000         
0.000         
0.000         
0.000         
8.287         
5.312         
0.000         
0.000         
56.961        
33.365        
24.473        
29.536        
0.000         
0.000         
0.000         
0.156         
5.920         
0.000         
0.000         
0.000         
0.000         
0.000         
0.000         
13.198        
3.080         
2.715         
0.000         
0.000         
0.000         
0.000         
0.000         
0.000         
0.000         
0.000         
0.000         
0.000         
0.000         
5.148         
0.000         
0.000         
0.000         
0.000         
0.000         
0.000         
0.000         
0.000         
34.709        
0.000         
0.000         
0.000         
0.000         
0.000         
0.000         
0.000         
0.000         
0.000         
0.000         
0.000         
0.000         
0.000         
0.000         
0.432         
0.000         
0.061         
0.000         
0.000         
0.000         
8.584         
0.000         
14.005        
0.000         
0.000         
0.000         
0.007         
4.620         
0.000         
0.000         
0.000         
0.000         
0.000         
0.000         
0.000         
0.000         
0.000         
0.000         
0.000         
0.000         
0.000         
0.000         
0.000         
0.000         
0.000         
0.000         
0.000         
0.000         
0.000         
0.000         
0.000         
0.000         
0.000         
0.000         
0.000         
0.000         
0.000         
0.000         
0.116         
0.000         
0.000         
0.000         
0.000         
0.000         
0.000         
0.000         
0.000         
0.000         
0.000         
0.707         
0.000         
0.000         
0.000         
0.000         
0.000         
0.000         
0.000         
0.000         
0.000         
0.000         
4.683         
0.000         
0.000         
0.000         
0.000         
0.000         
0.000         
0.000         
0.000         
0.000         
0.000         
0.000         
0.000         
0.000         
0.000         
11.336        
0.000         
0.000         
0.000         
36.235        
0.000         
0.000         
0.000         
0.000         
0.000         
0.000         
0.000         
0.000         
0.000         
0.000         
7.818         
0.000         
0.000         
0.000         
0.000         
0.000         
0.000         
0.000         
0.000         
0.000         
0.000         
0.000         
0.000         
0.219         
0.000         
0.000         
0.000         
0.000         
0.000         
0.000         
0.000         
0.000         
0.000         
0.000         
0.000         
0.000         
0.000         
0.000         
0.000         
0.000         
0.000         
0.000         
0.000         
0.000         
0.000         
0.000         
0.000         
0.000         
0.000         
0.000         
0.000         
0.000         
0.000         
0.000         
0.000         
1.726         
0.000         
0.000         
0.000         
0.000         
0.000         
27.365        
7.715         
0.000         
0.000         
0.000         
0.000         
0.000         
0.000         
0.000         
0.000         
0.000         
0.000         
0.000         
0.000         
0.000         
0.000         
32.863        
0.000         
0.000         
0.000         
0.000         
0.000         
0.000         
0.000         
0.000         
0.000         
0.000         
0.000         
0.000         
0.000         
0.000         
0.000         
0.000         
0.000         
0.000         
0.000         
0.000         
0.000         
0.000         
0.000         
0.000         
0.954         
0.000         
11.292        
0.000         
0.000         
16.464        
0.000         
0.000         
0.000         
0.000         
0.000         
0.000         
0.000         
0.198         
0.000         
0.000         
0.000         
0.000         
0.000         
0.000         
0.000         
0.000         
0.000         
0.000         
0.000         
0.000         
0.000         
0.000         
0.877         
0.000         
0.000         
0.000         
0.000         
0.000         
0.000         
0.000         
0.000         
0.000         
0.000         
0.000         
0.000         
0.000         
0.000         
0.000         
0.000         
0.000         
0.000         
0.000         
13.670        
0.000         
6.500         
0.000         
0.000         
0.000         
0.000         
6.400         
0.000         
0.000         
0.000         
0.000         
0.000         
0.000         
0.000         
0.000         
0.000         
0.000         
0.000         
0.000         
2.108         
0.000         
0.000         
0.000         
0.000         
0.000         
1.502         
0.315         
7.484         
0.000         
0.000         
0.000         
0.000         
0.000         
0.000         
0.000         
0.000         
0.000         
0.000         
0.000         
0.000         
0.000         
0.000         
0.000         
0.000         
11.304        
0.000         
12.324        
2.171         
2.213         
3.566         
0.000         
0.000         
0.000         
0.000         
0.000         
0.000         
0.000         
0.000         
0.000         
0.000         
0.000         
27.607        
15.412        
46.113        
0.000         
0.000         
0.000         
15.053        
14.591        
28.637        
8.059         
0.000         
0.000         
0.000         
0.000         
0.000         
4.788         
0.000         
0.000         
0.000         
5.585         
0.000         
0.401         
0.000         
0.000         
0.000         
0.000         
0.000         
0.000         
0.000         
0.342         
0.000         
0.000         
68.471        
0.000         
0.000         
0.000         
0.051         
0.000         
9.355         
0.000         
0.000         
46.362        
8.646         
0.000         
5.379         
1.838         
0.000         
1.948         
3.672         
0.000         
3.555         
0.065         
3.922         
0.000         
0.000         
3.462         
0.099         
0.000         
17.711        
0.000         
0.000         
0.000         
0.000         
0.000         
0.000         
0.000         
0.000         
0.000         
100.600       
0.000         
0.000         
0.000         
1.392         
0.000         
0.000         
4.748         
13.932        
22.865        
1.920         
12.579        
0.000         
6.030         
0.000         
0.000         
0.000         
0.000         
0.000         
0.000         
0.000         
0.000         
0.000         
0.000         
0.000         
0.000         
0.000         
0.000         
0.000         
0.000         
0.000         
0.000         
0.000         
0.000         
0.000         
0.000         
0.000         
0.000         
0.000         
0.000         
0.000         
0.000         
0.000         
0.000         
0.000         
0.000         
0.000         
0.000         
0.000         
0.000         
0.000         
0.000         
0.000         
0.000         
0.000         
0.000         
0.000         
0.000         
0.000         
0.000         
0.000         
0.000         
0.000         
0.000         
0.000         
0.000         
0.000         
0.000         
0.000         
0.000         
0.000         
0.000         
0.000         
0.000         
0.000         
0.000         
0.000         
0.000         
8.115         
0.000         
0.000         
0.000         
26.742        
45.951        
0.000         
19.306        
0.000         
0.000         
0.000         
0.000         
0.000         
0.000         
0.000         
0.000         
0.000         
31.860        
0.000         
0.000         
0.000         
0.000         
0.000         
10.514        
14.501        
0.000         
0.000         
0.000         
0.000         
0.000         
0.000         
0.000         
0.000         
0.000         
0.000         
0.000         
0.000         
0.000         
0.000         
0.000         
0.000         
0.000         
0.000         
0.174         
0.000         
0.000         
0.000         
0.000         
0.000         
0.000         
0.000         
0.000         
0.000         
0.000         
0.000         
0.000         
6.467         
0.000         
1.777         
0.000         
88.162        
0.000         
0.000         
13.965        
0.000         
0.000         
0.000         
0.000         
0.000         
2.208         
0.000         
0.000         
0.000         
0.000         
0.000         
81.065        
0.241         
0.000         
0.000         
0.000         
0.000         
0.000         
0.000         
0.000         
0.000         
0.000         
0.626         
0.000         
0.000         
0.000         
0.390         
0.000         
0.000         
0.000         
0.000         
0.000         
0.000         
0.000         
0.000         
0.000         
0.000         
13.158        
0.000         
0.000         
0.000         
0.000         
0.000         
0.000         
0.000         
0.000         
0.000         
0.000         
0.000         
0.000         
46.347        
0.000         
0.000         
0.000         
0.000         
16.012        
0.000         
0.000         
0.000         
0.000         
0.000         
0.000         
0.000         
0.000         
0.000         
0.000         
0.000         
0.000         
0.000         
0.000         
7.302         
0.000         
0.000         
0.000         
0.000         
0.000         
0.000         
0.000         
0.000         
0.000         
0.000         
11.047        
2.681         
0.000         
0.000         
4.547         
0.000         
0.000         
0.000         
3.694         
0.000         
5.598         
0.000         
0.000         
0.000         
0.000         
0.000         
0.000         
0.000         
1.047         
0.000         
0.000         
0.000         
0.000         
0.000         
0.000         
0.000         
0.000         
0.000         
0.000         
0.000         
0.000         
0.000         
0.000         
0.000         
18.853        
5.487         
0.000         
0.000         
12.197        
0.000         
0.000         
0.000         
0.000         
0.000         
0.000         
0.000         
0.000         
8.820         
0.000         
1.911         
1.326         
0.000         
0.000         
0.000         
0.000         
0.000         
0.000         
0.000         
0.000         
0.000         
0.853         
0.180         
0.000         
0.000         
0.000         
0.000         
0.000         
0.000         
20.596        
0.000         
4.117         
6.037         
13.927        
0.213         
0.000         
2.800         
0.000         
1.431         
14.152        
18.003        
21.175        
0.000         
0.000         
4.138         
4.962         
5.733         
71.924        
37.755        
29.478        
12.108        
5.857         
0.000         
0.000         
0.000         
0.000         
5.597         
26.598        
0.000         
122.332       
0.000         
4.715         
64.191        
5.442         
57.691        
105.499       
0.000         
15.428        
0.000         
0.000         
0.019         
0.011         
0.000         
0.000         
0.000         
0.000         
11.399        
0.000         
0.000         
0.000         
0.000         
0.000         
0.000         
0.000         
0.000         
0.000         
0.000         
0.000         
0.000         
3.562         
0.000         
150.609       
8.080         
0.000         
0.000         
0.000         
0.000         
9.752         
0.082         
22.405        
0.000         
5.456         
0.000         
0.210         
0.000         
0.000         
0.000         
0.013         
144.170       
0.000         
0.000         
0.000         
0.000         
13.159        
0.000         
0.000         
0.000         
0.000         
0.000         
0.000         
0.000         
0.000         
0.305         
0.000         
0.000         
0.099         
0.000         
0.000         
0.000         
0.000         
0.000         
0.000         
9.103         
0.000         
0.000         
0.000         
0.000         
0.000         
0.000         
0.000         
0.000         
0.000         
0.000         
0.000         
0.000         
0.000         
0.000         
0.000         
0.000         
0.000         
0.000         
0.000         
0.000         
0.000         
0.000         
0.000         
1.679         
0.000         
0.000         
0.000         
0.000         
0.000         
0.000         
0.000         
0.000         
0.000         
0.000         
0.000         
0.000         
0.000         
0.000         
0.000         
0.000         
0.000         
0.000         
0.000         
0.000         
0.000         
0.000         
0.000         
0.000         
0.000         
0.000         
0.000         
0.000         
0.000         
29.329        
0.000         
0.000         
0.000         
0.000         
0.000         
0.000         
0.000         
0.000         
0.000         
0.000         
0.000         
0.000         
0.000         
0.000         
0.000         
0.000         
15.553        
10.371        
0.000         
0.000         
0.000         
0.000         
0.000         
0.580         
0.000         
0.000         
0.000         
0.000         
0.000         
0.000         
0.000         
0.000         
0.000         
0.000         
0.000         
0.000         
0.000         
0.000         
0.000         
0.000         
0.000         
0.000         
0.000         
0.000         
0.000         
0.000         
0.000         
0.000         
0.000         
0.000         
0.000         
0.000         
0.000         
0.000         
0.000         
0.000         
33.799        
0.000         
0.000         
14.281        
0.000         
0.000         
0.000         
0.000         
0.000         
0.000         
0.000         
0.000         
60.879        
0.000         
0.000         
0.000         
0.000         
0.000         
0.000         
0.000         
2.427         
0.000         
0.000         
0.000         
0.000         
0.000         
0.000         
0.000         
4.056         
0.000         
0.000         
0.000         
0.000         
0.000         
0.000         
2.134         
0.000         
0.000         
0.000         
0.000         
0.000         
4.925         
0.000         
0.000         
0.000         
0.000         
0.000         
0.000         
0.000         
0.000         
0.000         
4.149         
0.000         
0.000         
2.259         
0.000         
0.000         
0.000         
7.084         
1.256         
1.306         
0.000         
0.000         
0.000         
0.000         
0.000         
0.000         
0.000         
0.000         
2.802         
0.000         
0.000         
0.000         
0.000         
0.000         
0.000         
0.000         
0.000         
0.000         
0.000         
0.559         
0.000         
0.000         
0.000         
0.000         
0.000         
0.000         
0.000         
0.000         
2.101         
0.000         
0.000         
0.000         
0.000         
0.000         
8.497         
0.000         
0.000         
5.807         
0.000         
11.316        
0.000         
0.000         
0.000         
0.000         
0.000         
0.000         
0.000         
0.000         
0.000         
0.000         
0.000         
0.000         
0.000         
0.000         
0.000         
0.000         
0.000         
0.000         
0.000         
0.000         
0.000         
0.000         
0.000         
0.000         
0.000         
0.000         
0.000         
0.000         
5.206         
0.000         
0.000         
0.000         
0.000         
1.715         
0.000         
0.000         
0.000         
0.000         
0.000         
0.000         
0.000         
0.679         
0.000         
0.475         
6.235         
8.975         
57.668        
27.512        
0.360         
0.000         
0.000         
0.000         
0.000         
0.000         
0.000         
15.727        
0.000         
52.288        
10.589        
0.000         
0.332         
0.000         
0.000         
0.000         
13.935        
7.663         
3.463         
58.444        
0.192         
0.000         
0.000         
25.771        
0.000         
0.677         
10.979        
0.000         
0.000         
0.000         
0.000         
0.000         
0.025         
38.844        
1.425         
28.228        
0.000         
59.761        
2.920         
0.325         
5.151         
0.000         
41.701        
10.352        
3.963         
0.676         
78.411        
0.000         
0.000         
0.000         
0.000         
0.000         
0.000         
0.000         
0.000         
0.000         
0.000         
0.000         
0.000         
2.213         
0.000         
0.000         
0.000         
5.759         
0.000         
0.000         
0.000         
0.000         
0.000         
0.000         
0.000         
17.840        
16.448        
0.019         
0.000         
16.454        
0.000         
0.000         
75.581        
0.000         
0.000         
0.000         
139.911       
0.000         
0.000         
44.920        
0.000         
0.000         
0.000         
18.444        
0.000         
0.000         
0.000         
0.000         
1.122         
0.000         
0.000         
0.000         
0.000         
0.000         
0.000         
2.443         
0.000         
0.000         
0.000         
0.000         
0.000         
0.000         
0.000         
0.000         
0.000         
0.000         
0.000         
0.000         
0.000         
0.000         
0.000         
0.000         
0.000         
0.000         
0.000         
0.000         
0.000         
0.000         
0.000         
0.000         
0.013         
0.000         
0.916         
0.000         
0.000         
0.000         
0.000         
0.000         
0.000         
0.000         
0.000         
0.000         
0.000         
0.000         
0.000         
0.000         
0.000         
0.000         
0.000         
0.000         
0.000         
0.000         
0.000         
0.000         
0.000         
0.000         
0.000         
0.000         
0.000         
0.000         
0.000         
0.000         
0.000         
0.000         
0.000         
0.000         
0.000         
0.000         
0.000         
0.000         
0.000         
0.000         
0.000         
0.000         
0.000         
0.000         
0.000         
0.000         
0.000         
0.000         
0.000         
0.000         
0.000         
0.000         
0.000         
0.000         
0.000         
0.000         
0.000         
0.000         
0.000         
0.000         
0.000         
0.000         
0.000         
0.000         
0.000         
0.000         
0.000         
0.000         
0.000         
0.000         
0.000         
0.000         
0.799         
0.000         
0.000         
0.000         
0.000         
0.000         
0.000         
0.000         
0.000         
0.000         
0.000         
0.000         
0.000         
9.611         
0.000         
0.000         
0.000         
0.000         
0.000         
0.893         
0.000         
0.000         
0.000         
5.033         
11.573        
0.000         
0.000         
0.000         
0.000         
0.000         
0.000         
0.000         
0.000         
0.000         
3.241         
0.000         
0.000         
0.000         
1.428         
0.000         
0.000         
3.883         
0.000         
0.000         
0.000         
0.000         
0.000         
0.000         
0.000         
0.000         
0.000         
0.000         
0.000         
0.000         
1.398         
0.000         
0.000         
0.000         
0.000         
0.000         
0.000         
0.000         
0.000         
0.000         
0.000         
0.000         
1.866         
0.000         
0.000         
0.000         
0.000         
0.000         
2.431         
5.645         
0.000         
0.000         
0.015         
0.000         
3.615         
0.000         
0.000         
0.000         
15.632        
0.000         
0.000         
0.000         
0.000         
0.000         
0.000         
0.000         
0.000         
0.000         
0.000         
0.000         
0.000         
0.000         
0.000         
0.000         
0.000         
0.000         
0.000         
0.000         
0.000         
0.000         
0.000         
0.000         
0.000         
0.000         
0.000         
0.000         
0.000         
0.000         
0.000         
0.172         
0.000         
0.000         
0.000         
0.000         
0.000         
0.000         
0.000         
0.000         
0.000         
0.000         
4.361         
0.000         
0.541         
0.000         
0.000         
0.000         
0.000         
0.000         
0.000         
0.000         
0.000         
0.000         
4.077         
0.000         
5.980         
0.000         
0.000         
0.000         
0.000         
0.000         
0.000         
0.000         
0.000         
0.000         
0.000         
0.000         
0.000         
4.727         
0.000         
0.000         
0.000         
0.000         
0.000         
0.000         
0.000         
8.289         
0.000         
0.000         
0.000         
0.000         
1.820         
0.000         
0.000         
0.415         
3.542         
29.038        
20.284        
14.014        
0.662         
0.341         
0.000         
0.000         
0.000         
0.000         
0.000         
0.407         
0.000         
0.000         
0.000         
12.785        
1.519         
3.911         
3.568         
34.469        
0.000         
0.000         
0.000         
2.558         
0.308         
0.000         
0.000         
0.000         
15.227        
0.000         
0.000         
0.000         
0.000         
0.000         
0.000         
0.000         
19.708        
5.248         
0.000         
0.295         
14.198        
0.000         
1.890         
0.000         
0.000         
0.000         
0.000         
6.577         
6.605         
0.000         
34.602        
0.000         
0.000         
0.000         
0.000         
0.000         
9.438         
0.000         
0.000         
0.000         
0.000         
0.000         
0.000         
0.000         
0.000         
0.000         
0.000         
0.000         
0.000         
0.000         
0.000         
0.000         
0.000         
0.000         
0.000         
0.000         
0.000         
0.000         
0.000         
0.000         
0.000         
0.000         
0.000         
0.000         
0.000         
0.000         
0.000         
0.000         
0.000         
7.545         
0.000         
0.000         
6.085         
0.000         
0.000         
0.000         
0.000         
0.000         
0.000         
0.000         
0.000         
0.000         
0.000         
0.000         
20.753        
0.000         
0.000         
0.000         
0.000         
0.000         
0.000         
0.000         
0.000         
0.000         
0.000         
0.000         
0.000         
0.000         
0.000         
0.000         
0.000         
0.000         
0.000         
0.000         
0.000         
0.000         
0.000         
0.000         
0.000         
0.000         
0.000         
0.000         
0.000         
4.473         
0.000         
0.000         
0.000         
0.000         
0.000         
0.000         
0.000         
0.000         
0.000         
0.000         
0.000         
0.000         
0.000         
0.000         
0.000         
0.000         
0.000         
0.000         
0.000         
0.000         
0.000         
0.000         
0.000         
0.000         
0.000         
0.000         
0.000         
0.000         
0.000         
0.000         
0.000         
0.000         
0.000         
0.000         
0.000         
0.000         
0.000         
0.000         
0.000         
0.000         
0.000         
0.000         
0.000         
0.000         
0.000         
0.000         
0.000         
0.000         
0.000         
0.000         
0.000         
0.000         
0.000         
0.000         
0.000         
0.000         
0.000         
0.000         
0.000         
0.000         
0.000         
0.000         
0.000         
0.000         
0.000         
0.000         
0.000         
0.000         
0.000         
0.000         
0.000         
0.000         
0.000         
0.000         
0.000         
0.000         
0.000         
0.000         
0.000         
0.000         
0.000         
0.000         
2.619         
0.782         
0.000         
0.000         
63.121        
0.000         
0.112         
0.000         
0.000         
0.000         
0.000         
34.268        
0.000         
0.000         
0.000         
18.681        
0.000         
0.000         
0.000         
4.252         
0.000         
5.915         
0.000         
0.000         
0.000         
0.000         
0.000         
0.000         
0.000         
0.000         
4.571         
0.000         
0.000         
0.000         
0.000         
0.000         
0.000         
0.000         
0.000         
0.000         
0.000         
0.000         
0.000         
0.000         
0.000         
0.000         
0.000         
0.000         
0.000         
0.000         
0.000         
0.000         
0.000         
0.000         
0.000         
0.000         
0.000         
2.155         
0.000         
0.000         
0.000         
1.274         
0.000         
0.000         
0.000         
0.000         
0.000         
0.000         
0.000         
0.000         
2.408         
0.000         
0.000         
0.000         
0.000         
0.000         
0.000         
0.000         
0.000         
0.000         
0.315         
0.000         
0.000         
0.000         
0.000         
0.000         
0.000         
0.000         
0.000         
0.000         
0.000         
0.000         
43.380        
0.000         
0.000         
0.000         
0.000         
0.000         
0.000         
0.000         
0.000         
0.000         
0.000         
0.000         
0.000         
0.000         
0.000         
1.337         
5.611         
0.000         
2.243         
0.000         
8.703         
0.000         
6.121         
0.000         
0.000         
0.000         
0.000         
0.000         
0.000         
0.000         
0.000         
0.000         
0.000         
0.000         
0.000         
0.000         
0.000         
0.000         
0.000         
0.000         
0.000         
0.000         
0.000         
0.000         
11.561        
26.520        
2.682         
0.000         
23.495        
0.494         
8.885         
28.509        
0.000         
0.000         
0.000         
34.542        
0.000         
0.000         
0.000         
7.557         
0.000         
0.000         
0.000         
7.983         
0.000         
0.000         
3.131         
54.265        
34.401        
17.395        
27.131        
6.904         
10.834        
0.000         
8.526         
91.123        
0.000         
10.769        
0.000         
0.000         
0.000         
13.693        
0.000         
0.000         
0.000         
0.000         
0.000         
0.000         
0.000         
0.000         
0.000         
0.000         
0.000         
0.000         
0.000         
0.000         
0.000         
0.000         
0.000         
0.000         
0.000         
0.000         
0.000         
0.000         
0.000         
0.000         
8.568         
0.000         
0.000         
0.013         
0.296         
0.000         
55.661        
23.466        
96.710        
0.000         
0.000         
0.000         
0.000         
0.000         
0.000         
0.000         
0.000         
55.672        
0.000         
0.000         
0.000         
0.000         
0.000         
0.000         
5.244         
0.000         
8.414         
0.000         
0.000         
0.000         
0.000         
0.528         
0.000         
0.000         
0.000         
0.028         
0.000         
0.000         
0.000         
0.000         
0.000         
0.000         
0.000         
0.000         
43.449        
0.000         
0.000         
0.000         
0.000         
0.000         
0.000         
0.000         
0.000         
0.000         
0.000         
0.000         
0.000         
1.998         
0.000         
0.291         
0.000         
0.000         
0.000         
0.000         
0.000         
0.000         
2.223         
0.000         
0.000         
0.000         
0.000         
0.000         
0.000         
0.000         
0.000         
0.000         
0.000         
0.000         
0.000         
0.000         
0.000         
0.000         
0.000         
0.000         
0.000         
0.000         
0.000         
0.000         
0.000         
0.000         
0.000         
0.000         
0.000         
0.000         
0.000         
0.000         
0.000         
0.000         
0.000         
0.000         
10.529        
0.000         
0.000         
0.000         
0.000         
0.000         
0.000         
0.000         
0.000         
0.000         
0.000         
0.000         
0.000         
0.000         
0.000         
0.000         
0.000         
0.000         
0.000         
0.000         
0.000         
0.000         
0.000         
0.000         
0.000         
0.000         
2.446         
0.000         
0.000         
2.349         
0.000         
0.000         
0.000         
0.000         
0.000         
0.000         
0.000         
0.000         
0.000         
0.000         
0.000         
0.000         
0.000         
0.000         
0.000         
0.000         
0.000         
2.896         
0.000         
0.000         
0.000         
0.000         
0.000         
0.000         
0.000         
0.000         
0.000         
0.000         
0.000         
0.000         
0.000         
0.000         
0.000         
20.022        
0.000         
0.000         
0.000         
0.000         
0.000         
0.000         
0.000         
0.000         
0.000         
0.000         
0.000         
0.000         
0.000         
0.000         
0.000         
0.000         
0.000         
0.000         
5.639         
0.000         
0.000         
0.000         
0.000         
0.000         
0.000         
1.275         
0.000         
0.000         
0.000         
0.006         
0.000         
0.000         
0.000         
0.000         
0.000         
1.520         
0.000         
4.646         
0.000         
0.000         
0.000         
0.000         
0.000         
0.000         
0.000         
0.000         
0.000         
0.000         
0.000         
0.001         
0.000         
0.000         
0.000         
0.000         
0.000         
0.000         
0.000         
0.000         
7.464         
1.918         
0.000         
0.000         
0.000         
0.000         
0.000         
0.000         
0.000         
0.000         
0.000         
0.000         
0.000         
0.000         
5.456         
0.000         
0.000         
0.000         
0.000         
0.000         
0.000         
0.000         
0.000         
0.000         
0.000         
0.000         
0.000         
0.000         
0.000         
0.000         
0.000         
0.000         
0.000         
0.000         
0.000         
0.000         
0.000         
0.000         
0.000         
0.000         
0.000         
0.000         
0.000         
0.000         
0.000         
0.000         
0.000         
0.000         
0.000         
0.000         
0.000         
0.000         
0.000         
0.000         
0.000         
0.000         
0.000         
0.000         
0.000         
0.000         
0.000         
0.000         
0.000         
0.000         
0.000         
0.000         
6.613         
0.000         
0.000         
0.000         
0.000         
0.000         
0.000         
0.000         
0.000         
0.000         
0.000         
0.000         
0.000         
3.021         
12.340        
1.804         
0.000         
0.000         
0.000         
0.000         
0.000         
23.662        
2.852         
0.000         
0.000         
0.000         
0.000         
41.277        
0.000         
20.150        
4.047         
0.000         
96.196        
0.000         
0.000         
0.000         
0.015         
17.305        
0.000         
0.000         
0.000         
0.000         
0.000         
0.005         
0.000         
19.508        
13.743        
67.939        
0.000         
0.000         
0.000         
0.000         
0.000         
0.000         
0.000         
0.000         
4.177         
21.196        
1.465         
0.000         
0.000         
0.000         
0.000         
0.000         
0.000         
0.000         
0.344         
0.000         
0.000         
0.000         
0.001         
0.601         
0.000         
0.000         
0.000         
0.000         
0.000         
0.000         
3.750         
22.520        
22.003        
31.413        
14.181        
0.000         
0.000         
0.000         
0.000         
0.000         
0.000         
0.000         
0.000         
0.000         
38.741        
0.001         
0.000         
0.000         
0.000         
0.000         
0.000         
0.000         
0.000         
0.000         
42.558        
0.000         
2.247         
19.564        
34.621        
33.536        
9.818         
0.000         
2.766         
14.161        
0.000         
2.022         
7.334         
0.000         
85.349        
0.000         
0.000         
15.889        
0.000         
0.000         
6.203         
0.015         
0.000         
0.000         
0.000         
0.000         
0.000         
15.681        
0.000         
0.000         
0.000         
0.000         
0.000         
0.000         
0.000         
0.000         
0.000         
0.000         
0.000         
0.000         
0.000         
0.000         
0.000         
0.000         
0.000         
0.000         
0.000         
0.000         
0.000         
0.000         
0.000         
0.000         
0.000         
0.000         
0.000         
0.000         
0.000         
0.000         
0.000         
0.000         
0.000         
0.000         
0.000         
0.000         
0.000         
0.000         
0.000         
0.000         
1.317         
0.000         
2.841         
0.000         
0.000         
0.000         
0.000         
0.000         
0.000         
0.000         
0.000         
0.000         
3.834         
0.000         
0.000         
0.000         
0.000         
0.000         
0.000         
0.000         
0.000         
0.000         
0.000         
0.000         
0.000         
0.000         
0.000         
0.000         
0.000         
0.000         
0.000         
0.000         
0.000         
0.000         
0.000         
0.000         
0.000         
17.421        
0.000         
0.000         
0.000         
0.000         
0.000         
0.000         
0.000         
0.000         
0.000         
0.000         
0.000         
0.000         
0.000         
0.000         
0.000         
0.000         
0.000         
0.000         
0.000         
0.000         
0.000         
0.000         
0.000         
0.000         
0.000         
0.000         
0.000         
0.000         
0.000         
0.000         
0.000         
0.000         
0.000         
13.106        
0.000         
0.000         
0.000         
0.000         
3.397         
19.463        
0.000         
2.585         
0.000         
0.000         
0.000         
12.594        
0.000         
4.927         
0.000         
0.000         
0.000         
8.124         
0.000         
0.750         
0.000         
0.000         
5.367         
0.000         
0.000         
0.000         
1.401         
0.000         
0.000         
0.000         
0.000         
0.000         
0.000         
0.000         
0.000         
0.000         
0.000         
0.000         
0.008         
0.000         
0.000         
0.000         
0.000         
0.000         
0.000         
0.000         
0.000         
0.000         
0.000         
0.000         
0.000         
0.000         
0.000         
0.000         
0.000         
0.000         
0.000         
0.000         
6.698         
0.000         
2.202         
0.000         
0.000         
0.000         
1.385         
0.000         
0.000         
0.493         
0.000         
0.000         
0.000         
0.000         
0.000         
0.000         
0.000         
0.000         
0.000         
0.000         
0.000         
0.000         
0.000         
0.000         
0.000         
0.000         
0.000         
6.706         
14.124        
0.000         
0.000         
0.000         
0.000         
0.000         
8.006         
0.000         
0.000         
0.000         
0.000         
0.000         
4.229         
0.000         
0.000         
0.000         
0.000         
27.281        
0.000         
0.000         
0.000         
0.000         
0.000         
0.000         
0.000         
0.000         
0.000         
0.000         
0.000         
0.000         
0.000         
0.000         
0.000         
0.000         
0.000         
0.000         
0.000         
0.000         
0.000         
0.000         
0.522         
0.000         
0.000         
0.000         
8.427         
0.000         
0.000         
2.822         
0.000         
2.980         
0.000         
0.000         
0.000         
0.000         
7.419         
0.000         
1.373         
0.000         
0.045         
0.000         
11.275        
0.000         
1.396         
7.367         
0.000         
0.000         
0.000         
12.423        
0.000         
0.000         
0.000         
0.000         
0.000         
0.000         
21.700        
7.288         
2.802         
11.169        
18.018        
3.081         
0.000         
0.000         
0.000         
0.000         
0.000         
0.000         
0.000         
0.000         
0.000         
0.000         
0.000         
0.000         
0.000         
0.000         
2.969         
1.083         
0.000         
0.000         
0.000         
1.394         
0.000         
21.772        
0.000         
0.000         
0.000         
0.000         
0.000         
6.175         
0.000         
0.000         
0.000         
0.000         
0.000         
0.000         
0.000         
0.000         
1.828         
0.000         
0.000         
0.000         
10.645        
0.000         
0.000         
0.000         
0.000         
0.000         
0.000         
0.000         
0.000         
0.000         
0.000         
0.000         
0.000         
0.000         
0.000         
0.000         
18.386        
0.000         
0.000         
0.000         
0.000         
0.000         
0.000         
0.000         
0.000         
0.000         
0.000         
0.000         
0.000         
0.225         
7.780         
0.000         
0.000         
0.000         
0.058         
0.000         
0.000         
0.000         
0.000         
0.000         
0.000         
0.000         
0.000         
0.000         
0.000         
0.000         
0.000         
0.000         
0.000         
0.000         
0.000         
16.060        
0.000         
0.000         
0.000         
0.000         
0.000         
0.000         
0.000         
0.000         
0.000         
0.000         
0.000         
0.000         
0.000         
0.000         
0.000         
0.000         
0.000         
0.000         
0.000         
0.000         
0.000         
0.000         
0.000         
0.000         
0.000         
0.522         
0.000         
0.000         
0.000         
0.000         
0.000         
0.000         
0.000         
0.000         
0.000         
0.000         
0.000         
0.000         
0.000         
0.000         
0.000         
0.000         
0.000         
0.000         
0.000         
0.000         
0.000         
0.000         
0.000         
0.000         
0.000         
0.000         
0.000         
0.000         
0.000         
0.000         
0.000         
24.904        
0.000         
0.000         
0.000         
0.000         
0.000         
134.350       
0.000         
0.000         
0.000         
0.000         
0.000         
0.000         
0.000         
2.125         
0.000         
0.000         
0.000         
0.000         
0.000         
0.000         
0.000         
0.000         
0.000         
0.000         
0.000         
0.000         
0.000         
0.000         
0.000         
0.000         
0.000         
0.000         
0.000         
0.000         
0.000         
0.000         
0.000         
0.000         
0.000         
0.000         
0.000         
0.000         
0.000         
0.000         
0.000         
0.000         
0.000         
0.000         
0.000         
0.000         
16.475        
0.000         
0.000         
0.000         
0.000         
20.759        
0.000         
22.325        
0.000         
3.123         
35.909        
3.682         
0.000         
0.000         
0.000         
0.000         
0.000         
0.000         
0.000         
0.000         
29.020        
0.000         
0.000         
0.391         
2.278         
1.704         
4.433         
2.120         
1.437         
0.000         
0.000         
0.000         
6.428         
0.000         
0.000         
0.000         
0.000         
0.000         
0.000         
0.000         
7.096         
0.000         
0.000         
0.000         
0.000         
0.000         
0.000         
0.000         
0.000         
0.000         
0.000         
0.000         
0.000         
0.000         
0.000         
0.000         
0.000         
0.000         
0.000         
7.566         
0.000         
0.000         
0.000         
0.000         
0.000         
0.000         
0.000         
0.000         
2.388         
0.000         
0.000         
0.000         
0.000         
0.000         
0.000         
0.000         
0.000         
0.000         
0.000         
0.000         
10.128        
0.000         
0.000         
0.000         
0.000         
0.000         
0.000         
0.000         
0.000         
0.000         
0.000         
0.000         
0.000         
0.000         
0.000         
0.000         
0.000         
0.000         
0.000         
0.000         
0.412         
0.000         
0.674         
0.000         
0.000         
0.000         
0.000         
0.000         
0.000         
0.000         
0.000         
0.000         
0.000         
0.000         
0.000         
0.000         
0.000         
0.000         
0.000         
0.000         
0.000         
0.000         
0.000         
0.000         
0.000         
23.122        
3.304         
0.000         
0.000         
8.002         
3.141         
9.886         
0.000         
0.000         
0.000         
0.101         
0.000         
0.000         
5.131         
0.000         
0.529         
0.000         
0.000         
0.000         
11.171        
1.895         
0.000         
0.000         
33.357        
13.045        
15.129        
0.343         
1.172         
0.000         
26.165        
0.000         
0.000         
0.000         
0.000         
0.000         
0.000         
0.000         
1.916         
0.000         
0.000         
0.000         
0.000         
0.000         
0.000         
0.000         
0.000         
0.000         
0.000         
0.000         
0.000         
0.000         
4.169         
0.000         
0.000         
0.000         
0.000         
0.000         
0.000         
0.606         
0.000         
0.000         
0.000         
0.000         
0.000         
4.397         
0.000         
48.939        
0.000         
0.000         
0.000         
0.000         
0.000         
0.000         
0.000         
0.000         
0.000         
0.000         
0.000         
0.000         
0.000         
0.000         
0.000         
0.000         
0.000         
0.000         
0.000         
0.000         
0.000         
0.000         
0.000         
0.000         
0.000         
0.000         
0.000         
0.000         
0.000         
0.000         
0.000         
0.000         
15.163        
26.045        
14.149        
0.000         
28.708        
0.000         
0.000         
0.000         
3.323         
0.000         
0.000         
0.000         
0.000         
0.000         
0.000         
0.000         
0.000         
0.000         
0.000         
0.000         
0.000         
0.070         
0.000         
0.000         
1.635         
0.000         
0.000         
0.000         
0.000         
0.000         
2.357         
0.000         
0.000         
0.000         
0.000         
0.000         
0.000         
0.000         
0.000         
0.000         
0.000         
0.000         
0.000         
0.000         
0.000         
0.000         
0.000         
0.000         
0.000         
0.000         
0.000         
0.000         
0.000         
0.000         
0.000         
0.000         
0.000         
0.000         
0.000         
0.000         
0.000         
0.000         
0.000         
0.000         
0.000         
0.000         
0.000         
0.000         
0.000         
0.000         
0.000         
0.000         
0.000         
0.000         
0.000         
0.000         
0.000         
0.000         
0.000         
0.000         
0.000         
0.000         
0.000         
0.000         
0.000         
7.888         
0.000         
0.000         
18.013        
0.000         
0.000         
0.000         
0.000         
0.000         
0.000         
0.000         
0.000         
15.072        
0.000         
0.000         
0.000         
0.000         
0.000         
0.000         
0.000         
0.000         
0.000         
0.000         
0.000         
0.000         
0.000         
0.000         
0.000         
0.000         
0.000         
0.000         
0.000         
1.108         
0.000         
9.640         
0.000         
0.000         
0.000         
0.000         
0.000         
0.000         
0.000         
0.000         
0.000         
0.000         
0.000         
0.000         
0.000         
0.000         
0.000         
0.000         
0.000         
2.340         
0.000         
0.382         
0.000         
0.000         
0.000         
22.668        
0.000         
0.000         
0.000         
0.000         
0.000         
0.000         
0.000         
0.000         
0.000         
0.000         
0.000         
0.000         
0.000         
0.000         
0.000         
0.000         
0.000         
0.308         
7.594         
19.032        
0.000         
0.000         
0.000         
0.000         
0.000         
0.000         
0.000         
0.000         
0.000         
0.000         
0.000         
0.000         
0.000         
0.000         
0.000         
0.000         
0.000         
0.000         
0.000         
0.000         
0.000         
0.000         
0.000         
0.000         
0.000         
14.407        
0.000         
1.773         
0.000         
0.000         
0.000         
0.798         
0.143         
0.000         
0.000         
0.000         
0.000         
0.000         
0.000         
0.000         
0.000         
0.000         
0.000         
0.000         
0.000         
0.000         
0.000         
0.000         
0.000         
0.000         
0.000         
0.000         
0.000         
0.000         
0.000         
0.000         
0.000         
0.000         
0.000         
4.108         
0.000         
0.000         
0.000         
0.000         
0.000         
0.000         
0.000         
0.104         
2.654         
0.000         
0.000         
0.000         
7.039         
0.000         
0.000         
0.000         
0.000         
0.000         
0.000         
0.000         
0.000         
0.000         
0.000         
0.000         
2.759         
0.000         
0.000         
0.000         
18.180        
13.834        
4.299         
0.000         
0.000         
0.000         
0.000         
0.000         
0.000         
0.000         
0.000         
0.000         
0.000         
0.000         
0.000         
33.374        
0.000         
0.000         
0.000         
0.000         
0.000         
0.000         
0.000         
0.000         
0.000         
0.000         
0.000         
0.000         
0.000         
10.409        
3.203         
0.000         
5.763         
0.000         
10.256        
36.633        
29.948        
21.143        
54.863        
4.910         
61.507        
0.000         
7.797         
0.000         
0.000         
0.000         
0.000         
0.814         
0.000         
0.000         
0.000         
0.000         
0.000         
0.000         
11.976        
9.996         
16.264        
7.722         
0.000         
0.000         
6.401         
1.093         
0.000         
0.000         
0.000         
92.860        
169.350       
0.000         
0.000         
0.000         
0.000         
8.900         
2.857         
0.000         
0.000         
8.998         
0.000         
0.000         
3.796         
1.551         
24.970        
0.000         
0.000         
4.743         
0.000         
0.000         
0.000         
0.000         
0.000         
0.000         
0.000         
2.739         
10.015        
11.292        
4.374         
0.000         
0.000         
0.000         
0.000         
1.904         
0.000         
12.024        
1.481         
0.000         
0.000         
0.654         
0.000         
0.000         
0.000         
2.043         
179.991       
0.000         
0.000         
0.000         
0.000         
0.801         
0.000         
0.000         
0.000         
3.647         
0.000         
19.996        
35.482        
0.000         
24.990        
0.000         
5.362         
40.548        
0.000         
0.000         
0.000         
0.000         
0.000         
0.000         
0.000         
0.000         
0.000         
0.000         
0.000         
0.000         
0.000         
0.000         
0.000         
29.185        
0.000         
0.000         
41.187        
40.251        
46.381        
0.000         
0.000         
0.000         
0.000         
0.000         
0.000         
0.000         
0.000         
0.000         
0.000         
0.000         
0.000         
0.000         
0.000         
0.000         
0.000         
0.000         
0.000         
0.000         
0.000         
0.000         
0.000         
0.000         
0.000         
0.000         
0.000         
0.000         
0.000         
0.000         
0.000         
0.000         
0.000         
0.000         
0.000         
0.000         
0.000         
0.000         
0.000         
0.000         
0.000         
0.000         
0.000         
0.000         
9.061         
0.000         
0.000         
0.000         
0.000         
0.000         
0.000         
0.000         
0.000         
0.000         
0.000         
0.000         
0.000         
0.000         
0.000         
0.000         
0.000         
0.000         
0.000         
16.825        
0.000         
0.000         
0.000         
0.000         
0.000         
0.000         
0.000         
0.000         
0.000         
0.000         
0.000         
0.000         
0.000         
0.000         
0.000         
0.000         
0.000         
0.000         
0.000         
0.000         
0.000         
0.000         
0.000         
0.000         
0.000         
0.000         
0.000         
0.000         
0.000         
0.000         
0.000         
0.000         
0.002         
0.000         
0.000         
0.000         
0.000         
0.000         
0.000         
0.000         
0.000         
2.276         
0.000         
0.000         
0.000         
32.927        
0.000         
0.000         
0.000         
0.000         
0.186         
0.000         
0.000         
9.381         
0.000         
0.630         
35.079        
0.010         
0.000         
0.000         
0.000         
0.000         
0.000         
16.049        
10.261        
0.000         
0.000         
0.000         
0.000         
0.000         
0.000         
0.000         
0.000         
3.598         
0.000         
0.000         
0.000         
9.143         
0.000         
0.000         
0.000         
0.000         
0.000         
0.000         
0.000         
0.000         
1.174         
0.000         
5.500         
5.779         
0.000         
0.000         
0.000         
0.000         
0.000         
0.000         
0.000         
0.000         
0.000         
0.000         
0.000         
0.000         
0.000         
0.000         
0.000         
9.009         
0.000         
0.000         
0.000         
0.000         
4.560         
0.000         
0.000         
4.325         
6.166         
0.000         
0.000         
0.000         
0.000         
0.000         
0.000         
0.000         
0.000         
0.000         
0.000         
0.000         
2.303         
41.003        
0.000         
0.000         
0.000         
0.000         
6.112         
4.491         
15.790        
0.000         
0.000         
0.000         
0.000         
0.309         
0.000         
0.000         
0.000         
0.000         
0.000         
0.000         
0.000         
0.000         
0.000         
3.370         
0.000         
0.000         
0.000         
0.000         
0.000         
0.000         
0.000         
0.000         
0.000         
0.000         
0.000         
0.000         
0.000         
0.000         
0.000         
0.000         
0.000         
0.000         
0.000         
0.000         
0.000         
0.000         
0.000         
0.000         
0.000         
1.102         
0.000         
23.007        
3.950         
0.000         
0.000         
0.000         
0.000         
0.000         
0.000         
0.000         
0.000         
0.000         
16.562        
4.320         
0.000         
0.000         
0.000         
2.184         
0.000         
0.000         
0.000         
0.000         
3.156         
2.612         
13.759        
16.052        
0.000         
0.000         
14.630        
8.615         
0.000         
35.348        
0.566         
0.993         
0.000         
0.000         
1.474         
2.343         
0.000         
0.000         
0.000         
42.391        
0.000         
0.000         
0.000         
0.000         
0.000         
0.002         
0.000         
0.000         
0.000         
0.000         
0.000         
0.000         
0.000         
0.000         
0.000         
0.000         
0.000         
0.000         
0.000         
0.418         
1.043         
0.000         
0.000         
0.000         
3.536         
32.933        
0.000         
1.643         
15.383        
0.002         
0.000         
0.000         
0.000         
0.000         
0.000         
0.000         
0.000         
0.000         
0.000         
0.000         
0.000         
0.000         
0.000         
0.000         
0.000         
0.000         
77.826        
0.000         
0.000         
0.000         
0.000         
11.127        
0.000         
0.000         
0.000         
0.000         
0.000         
0.000         
7.867         
0.286         
0.000         
0.000         
0.000         
0.000         
0.000         
0.000         
0.000         
0.000         
0.000         
0.000         
0.000         
0.000         
0.000         
0.000         
0.000         
0.000         
0.000         
0.000         
0.000         
0.000         
0.000         
0.000         
0.000         
0.000         
0.000         
0.000         
0.000         
0.000         
0.000         
0.000         
0.000         
0.000         
0.000         
0.000         
0.000         
0.000         
0.000         
0.000         
0.000         
0.000         
0.000         
4.067         
3.472         
0.000         
0.000         
0.000         
0.000         
0.000         
0.000         
0.000         
0.000         
0.000         
0.000         
0.000         
0.000         
0.000         
0.000         
0.000         
0.000         
0.000         
0.000         
0.000         
0.000         
0.000         
0.000         
0.000         
0.000         
0.000         
0.000         
0.000         
0.000         
0.000         
0.000         
0.000         
0.000         
0.000         
0.000         
0.000         
2.865         
0.000         
0.000         
0.000         
18.192        
0.000         
0.000         
0.000         
0.000         
0.000         
0.000         
0.000         
0.000         
0.000         
0.000         
0.000         
0.000         
0.000         
0.000         
0.000         
0.000         
0.000         
0.000         
0.000         
0.000         
0.000         
0.000         
0.000         
0.000         
0.000         
0.000         
0.943         
0.000         
0.000         
0.000         
0.000         
0.000         
0.000         
0.000         
0.000         
0.000         
0.000         
0.000         
0.000         
0.000         
0.000         
0.000         
0.000         
6.107         
0.000         
0.000         
0.000         
0.000         
0.000         
24.012        
21.434        
0.000         
0.000         
0.000         
0.000         
0.890         
0.000         
0.000         
0.000         
0.000         
0.000         
5.339         
0.000         
0.000         
1.816         
0.000         
0.725         
0.000         
0.459         
0.000         
0.000         
0.000         
0.252         
0.087         
0.000         
0.000         
0.000         
0.000         
0.000         
0.000         
0.000         
0.000         
0.000         
0.000         
0.000         
0.000         
0.000         
0.000         
0.000         
0.000         
0.000         
0.000         
0.000         
1.635         
0.000         
0.000         
0.000         
0.000         
20.941        
0.000         
0.000         
0.000         
0.000         
0.000         
0.000         
0.000         
0.000         
0.000         
0.000         
0.000         
0.000         
0.000         
0.000         
2.257         
0.000         
0.000         
0.000         
4.701         
0.000         
0.000         
0.000         
0.000         
0.000         
0.000         
0.000         
0.000         
0.000         
0.000         
0.000         
0.000         
0.000         
1.541         
0.000         
0.000         
0.000         
0.000         
0.348         
0.000         
0.000         
0.000         
0.000         
0.000         
0.000         
5.349         
0.000         
0.000         
0.000         
0.000         
21.061        
0.000         
0.000         
0.000         
0.000         
0.000         
0.000         
0.000         
0.000         
0.000         
0.000         
0.000         
0.000         
0.000         
0.000         
0.000         
0.881         
0.000         
0.025         
0.000         
0.000         
1.834         
0.000         
51.319        
0.000         
0.000         
0.000         
0.000         
0.000         
0.000         
0.000         
0.000         
0.000         
0.000         
0.000         
24.241        
33.732        
0.109         
0.000         
0.000         
0.000         
0.000         
2.727         
11.110        
0.000         
19.773        
0.000         
0.000         
29.520        
0.000         
0.000         
0.000         
0.000         
3.329         
3.858         
0.000         
0.000         
0.000         
0.000         
5.732         
15.194        
0.215         
1.464         
13.665        
5.767         
23.540        
0.000         
5.305         
0.000         
0.000         
0.000         
0.000         
0.000         
0.000         
0.000         
0.000         
8.019         
0.496         
0.000         
0.372         
0.000         
0.000         
0.000         
0.000         
0.277         
0.339         
0.000         
0.001         
0.000         
0.000         
0.000         
34.925        
0.000         
2.944         
35.899        
0.000         
0.000         
0.000         
0.000         
0.000         
0.024         
0.000         
0.000         
0.000         
0.000         
0.000         
126.264       
0.000         
4.194         
0.000         
0.000         
0.000         
0.000         
0.000         
2.626         
13.205        
0.688         
0.887         
2.675         
0.000         
17.171        
0.000         
0.000         
0.000         
0.000         
0.000         
53.421        
0.000         
64.671        
0.000         
0.000         
0.000         
0.000         
0.000         
0.000         
0.000         
0.000         
0.000         
0.000         
0.000         
0.000         
0.000         
0.000         
0.000         
4.706         
0.000         
0.000         
0.000         
0.000         
0.000         
0.000         
0.000         
0.000         
0.000         
0.000         
0.000         
0.000         
0.000         
0.000         
0.000         
0.000         
0.000         
0.000         
0.000         
0.000         
0.000         
0.000         
0.000         
0.000         
0.000         
0.000         
10.821        
0.000         
0.000         
0.000         
0.000         
0.000         
0.000         
0.000         
0.000         
0.000         
5.864         
0.000         
6.271         
0.000         
0.000         
0.000         
0.000         
0.000         
0.000         
0.000         
0.000         
0.000         
0.000         
0.000         
0.000         
0.000         
0.000         
0.000         
0.000         
0.000         
0.000         
0.000         
0.000         
0.000         
0.000         
0.000         
0.000         
0.000         
0.000         
0.000         
0.000         
0.000         
0.000         
0.000         
0.000         
0.000         
0.000         
0.000         
0.000         
0.000         
0.000         
2.116         
0.000         
0.000         
0.000         
0.000         
0.000         
0.000         
0.000         
0.000         
0.000         
0.000         
0.000         
0.000         
0.000         
0.000         
0.000         
0.710         
0.000         
0.000         
0.000         
0.000         
0.000         
0.000         
0.000         
0.000         
0.000         
0.000         
0.000         
0.000         
0.000         
0.000         
0.000         
0.000         
0.000         
0.000         
0.000         
3.000         
0.000         
0.000         
0.000         
0.000         
1.870         
21.950        
0.000         
0.000         
0.000         
0.000         
0.000         
0.000         
0.000         
0.000         
0.000         
0.000         
0.000         
0.000         
0.000         
0.000         
0.000         
0.683         
10.052        
7.139         
0.000         
0.000         
1.150         
0.000         
4.775         
0.000         
0.000         
0.000         
0.000         
0.000         
0.000         
0.000         
0.000         
0.000         
0.000         
0.000         
0.000         
0.955         
0.000         
0.000         
0.000         
0.000         
0.000         
0.000         
0.000         
0.000         
0.000         
0.000         
0.000         
0.000         
0.000         
0.000         
0.000         
0.000         
0.000         
0.000         
0.000         
6.207         
0.000         
0.000         
0.000         
0.000         
9.701         
0.000         
0.676         
0.801         
0.000         
0.000         
0.000         
0.000         
2.951         
0.445         
0.000         
0.000         
0.000         
0.000         
0.000         
0.000         
0.000         
0.000         
0.000         
0.000         
0.000         
0.000         
0.000         
1.011         
0.000         
0.000         
0.000         
0.000         
0.000         
0.000         
0.000         
0.000         
14.260        
0.000         
0.000         
0.000         
0.684         
0.855         
0.000         
0.000         
0.000         
0.000         
0.000         
0.000         
0.000         
0.000         
0.000         
3.365         
0.000         
0.000         
1.554         
4.658         
0.000         
0.000         
15.576        
0.000         
1.819         
0.000         
0.000         
0.000         
0.000         
0.000         
0.000         
0.000         
0.000         
0.000         
0.000         
0.000         
0.000         
0.000         
29.644        
0.680         
0.000         
0.000         
0.000         
0.000         
0.000         
0.000         
0.000         
0.000         
0.000         
11.155        
0.000         
26.337        
15.406        
11.622        
38.039        
1.229         
0.000         
5.910         
0.000         
9.167         
58.827        
5.970         
2.784         
0.000         
124.837       
0.000         
0.000         
0.000         
25.041        
7.251         
12.183        
49.621        
0.000         
40.250        
0.000         
0.000         
0.000         
0.000         
0.000         
0.000         
0.000         
0.000         
0.000         
0.000         
0.000         
3.261         
16.003        
8.519         
0.000         
0.000         
0.000         
0.203         
0.000         
0.000         
0.000         
0.000         
0.000         
0.000         
0.000         
0.000         
0.000         
0.419         
0.486         
4.904         
0.000         
0.000         
3.866         
0.304         
0.000         
0.000         
0.000         
0.000         
0.000         
0.000         
0.000         
0.000         
0.000         
0.000         
0.000         
0.000         
0.000         
0.000         
0.000         
0.000         
0.000         
0.000         
0.000         
0.000         
0.000         
8.017         
0.000         
6.344         
6.262         
0.000         
0.000         
0.000         
0.579         
5.165         
0.000         
0.000         
0.000         
0.000         
0.000         
0.000         
0.000         
0.000         
0.000         
0.000         
0.000         
0.000         
0.000         
0.000         
0.000         
0.000         
0.000         
0.000         
0.000         
0.000         
0.000         
0.000         
0.000         
0.000         
1.264         
0.000         
0.000         
0.000         
0.000         
0.000         
0.000         
0.000         
0.695         
0.000         
0.000         
0.000         
0.000         
0.000         
0.000         
0.000         
0.000         
0.000         
0.000         
0.000         
0.000         
0.000         
0.000         
0.000         
0.000         
0.000         
0.000         
0.000         
0.000         
24.470        
0.000         
0.000         
0.000         
0.000         
0.000         
0.000         
0.000         
0.000         
0.000         
0.000         
0.000         
0.000         
0.000         
0.000         
0.000         
0.000         
0.000         
0.000         
0.000         
0.000         
6.504         
0.000         
0.000         
0.000         
0.000         
0.000         
0.000         
0.000         
0.000         
0.000         
0.000         
0.000         
0.000         
0.000         
0.000         
32.037        
0.000         
0.000         
54.821        
0.000         
0.000         
0.000         
0.000         
0.000         
0.000         
0.000         
0.006         
0.000         
0.000         
0.000         
0.000         
0.000         
0.648         
0.000         
2.008         
0.000         
4.151         
0.005         
0.000         
0.000         
0.000         
0.000         
0.000         
0.000         
0.000         
0.000         
0.000         
0.000         
0.000         
0.000         
0.000         
0.000         
0.000         
0.000         
0.000         
6.081         
0.000         
0.000         
0.000         
0.000         
0.000         
2.429         
24.786        
0.000         
0.000         
2.159         
38.631        
0.000         
0.000         
0.000         
16.575        
0.000         
0.000         
0.000         
0.000         
0.000         
0.000         
0.000         
0.000         
0.000         
26.341        
0.000         
0.000         
0.000         
0.000         
0.000         
0.000         
0.000         
0.000         
0.000         
0.000         
0.091         
0.493         
0.000         
0.000         
0.000         
0.000         
0.000         
0.000         
0.000         
0.000         
2.231         
4.658         
0.000         
0.000         
0.000         
0.000         
0.000         
0.000         
0.000         
0.000         
0.000         
0.000         
0.000         
0.000         
0.000         
0.000         
0.000         
5.003         
0.000         
0.000         
0.000         
5.123         
0.000         
0.000         
0.000         
0.000         
0.000         
0.000         
0.000         
0.000         
0.000         
0.000         
0.000         
0.000         
11.254        
0.000         
0.000         
0.000         
0.000         
1.002         
0.000         
0.000         
0.000         
0.000         
0.000         
0.000         
0.000         
0.000         
0.000         
0.000         
0.000         
0.000         
0.000         
5.371         
0.000         
0.000         
5.898         
0.000         
0.000         
1.702         
0.000         
0.000         
0.000         
0.000         
0.000         
0.000         
0.000         
0.000         
0.000         
0.115         
0.000         
0.266         
0.000         
0.000         
0.000         
12.645        
8.654         
0.000         
14.423        
0.000         
0.000         
11.045        
65.558        
0.000         
0.000         
0.000         
0.000         
0.000         
0.000         
40.149        
0.000         
0.118         
3.040         
0.000         
14.678        
5.032         
0.000         
19.130        
3.867         
0.000         
1.920         
36.818        
30.485        
9.324         
4.514         
0.000         
0.000         
0.193         
0.000         
0.840         
9.382         
0.000         
65.182        
0.000         
66.054        
8.640         
0.000         
0.000         
0.000         
0.824         
3.841         
73.555        
69.521        
0.000         
6.197         
5.266         
0.000         
0.000         
16.556        
2.987         
0.000         
0.000         
0.000         
0.000         
0.000         
0.000         
0.000         
0.000         
0.000         
0.000         
0.000         
0.000         
0.000         
7.987         
14.467        
0.000         
0.000         
0.000         
0.000         
0.018         
0.000         
0.000         
0.000         
0.561         
41.386        
0.000         
0.172         
0.000         
0.000         
13.408        
0.000         
0.000         
0.059         
0.000         
0.000         
0.000         
0.000         
0.000         
0.000         
0.000         
0.000         
0.000         
0.000         
0.000         
0.000         
0.000         
0.000         
0.000         
0.000         
0.000         
0.000         
5.827         
0.000         
0.000         
0.000         
1.299         
0.000         
5.705         
0.000         
32.858        
0.000         
0.000         
0.000         
0.000         
0.000         
0.000         
0.000         
0.000         
0.000         
0.000         
0.000         
0.000         
0.000         
0.000         
0.000         
0.000         
0.000         
0.000         
0.469         
0.000         
0.000         
0.000         
0.000         
0.000         
0.000         
0.000         
0.000         
0.000         
0.000         
0.000         
0.000         
0.000         
0.000         
0.000         
0.000         
0.000         
0.000         
0.000         
0.000         
0.000         
0.000         
0.000         
0.000         
0.000         
0.000         
0.104         
0.000         
0.000         
0.000         
0.000         
0.000         
0.000         
0.000         
0.000         
0.000         
0.000         
0.000         
0.000         
0.000         
0.000         
0.000         
0.000         
0.000         
0.000         
0.000         
0.000         
0.000         
0.000         
0.000         
2.612         
0.000         
0.000         
0.000         
0.000         
8.116         
0.000         
0.000         
0.000         
0.000         
0.000         
0.000         
0.000         
0.000         
0.000         
0.703         
0.000         
0.000         
0.000         
0.000         
0.000         
0.000         
0.000         
0.000         
0.000         
0.000         
0.000         
0.000         
0.000         
0.000         
0.000         
0.000         
0.000         
0.000         
0.000         
0.000         
0.000         
0.000         
0.000         
0.000         
0.000         
0.000         
0.000         
0.000         
0.000         
0.000         
0.000         
0.000         
0.000         
0.000         
0.000         
0.000         
0.000         
0.000         
0.000         
0.000         
0.000         
0.000         
0.000         
33.165        
32.319        
0.000         
0.000         
0.000         
0.000         
0.000         
0.000         
0.000         
0.000         
0.000         
0.000         
36.439        
0.000         
9.922         
9.459         
0.000         
0.000         
0.000         
0.000         
5.377         
0.000         
0.000         
0.000         
62.417        
7.810         
0.000         
23.857        
0.000         
1.414         
0.000         
0.000         
0.000         
0.000         
0.000         
6.270         
0.000         
0.000         
0.000         
0.000         
0.000         
0.000         
0.000         
0.000         
0.000         
0.000         
0.000         
0.000         
0.000         
0.000         
4.132         
0.000         
0.000         
0.000         
0.000         
0.000         
0.000         
0.000         
0.000         
0.000         
0.000         
0.000         
0.000         
0.000         
0.000         
0.000         
0.000         
0.000         
0.000         
0.000         
0.000         
0.000         
0.000         
0.000         
1.540         
0.000         
0.000         
0.000         
0.000         
0.000         
0.000         
0.000         
0.000         
1.167         
0.000         
0.000         
0.000         
0.000         
0.000         
0.000         
5.430         
0.000         
0.000         
0.000         
0.000         
0.000         
0.000         
0.000         
11.894        
0.000         
1.739         
0.000         
0.000         
0.000         
0.000         
0.000         
0.000         
0.000         
0.000         
0.000         
5.900         
0.000         
37.146        
0.000         
17.821        
0.000         
0.000         
0.000         
0.000         
0.000         
0.000         
0.000         
27.311        
0.000         
0.000         
10.861        
0.000         
0.000         
0.000         
0.000         
5.977         
0.000         
12.718        
0.000         
0.000         
0.000         
0.000         
14.181        
0.881         
22.799        
0.000         
0.000         
0.000         
11.620        
0.000         
0.000         
0.000         
0.000         
7.794         
0.000         
0.042         
0.000         
0.000         
0.000         
21.429        
0.000         
0.000         
0.000         
0.000         
0.000         
0.000         
0.000         
11.393        
0.000         
0.000         
0.000         
0.000         
18.354        
79.059        
10.001        
10.055        
0.000         
12.723        
90.525        
0.000         
30.709        
0.000         
0.000         
0.010         
0.000         
0.000         
0.000         
3.000         
0.000         
16.052        
0.000         
3.507         
2.703         
0.000         
0.000         
0.000         
7.655         
7.387         
0.000         
0.000         
0.000         
0.000         
0.000         
0.000         
0.000         
10.146        
0.000         
0.000         
0.000         
0.000         
4.650         
0.000         
0.000         
0.000         
0.000         
0.000         
0.000         
0.000         
0.000         
0.000         
0.000         
0.000         
0.000         
0.000         
0.000         
0.000         
0.000         
0.000         
0.000         
0.000         
0.000         
0.000         
0.000         
0.000         
0.000         
0.000         
0.000         
0.000         
0.000         
0.000         
0.000         
0.000         
0.000         
0.000         
5.732         
0.000         
15.603        
7.772         
0.000         
0.000         
0.000         
0.000         
0.000         
0.000         
0.000         
0.000         
0.000         
0.000         
0.000         
0.000         
0.000         
0.000         
0.000         
0.000         
0.000         
0.000         
0.000         
0.000         
0.000         
0.000         
0.000         
0.000         
0.000         
0.000         
0.000         
0.000         
0.000         
0.000         
0.000         
0.000         
0.000         
0.000         
0.000         
2.609         
0.000         
0.000         
0.000         
0.000         
0.000         
0.000         
0.000         
0.000         
0.000         
0.000         
0.000         
0.000         
0.000         
0.000         
0.000         
0.000         
0.000         
0.000         
14.941        
0.000         
0.000         
0.000         
0.000         
0.000         
0.000         
0.000         
0.000         
0.000         
0.000         
0.000         
0.000         
0.000         
0.000         
0.000         
0.000         
0.000         
0.000         
0.000         
0.000         
40.396        
0.000         
0.000         
0.000         
0.000         
0.000         
0.000         
0.000         
0.000         
7.986         
0.000         
0.000         
0.000         
0.000         
0.000         
0.000         
0.000         
0.000         
0.000         
0.000         
0.000         
0.000         
0.790         
0.000         
0.000         
0.000         
0.000         
0.000         
2.008         
0.000         
0.000         
0.000         
0.000         
0.000         
0.000         
0.000         
0.000         
10.326        
0.000         
0.000         
0.000         
0.000         
0.167         
0.000         
0.000         
0.000         
0.000         
0.000         
0.000         
10.681        
0.000         
0.000         
15.546        
0.000         
0.000         
0.000         
0.000         
0.000         
0.000         
0.000         
0.000         
1.680         
0.000         
0.000         
0.000         
0.000         
0.000         
5.050         
0.774         
0.000         
0.000         
0.000         
0.000         
0.000         
0.000         
0.000         
0.309         
0.000         
0.000         
0.000         
0.000         
0.000         
0.000         
0.000         
0.000         
0.000         
0.000         
0.000         
0.000         
0.000         
0.000         
0.000         
0.000         
0.000         
0.000         
0.000         
0.000         
0.000         
0.000         
0.000         
0.000         
0.000         
0.000         
0.000         
0.000         
0.000         
0.000         
0.000         
2.890         
0.000         
0.000         
0.000         
2.364         
0.000         
0.000         
0.000         
1.835         
0.000         
0.000         
0.000         
0.000         
0.000         
0.000         
0.000         
0.000         
0.000         
0.000         
0.000         
0.000         
0.000         
0.000         
0.000         
0.000         
0.000         
0.000         
0.000         
0.000         
0.000         
0.000         
0.000         
0.000         
0.000         
0.000         
0.000         
0.000         
0.000         
0.000         
0.000         
0.000         
4.488         
0.000         
0.000         
0.000         
0.000         
0.000         
0.000         
0.000         
1.664         
0.000         
29.338        
0.000         
9.847         
0.000         
0.000         
0.000         
0.000         
0.000         
0.000         
0.000         
0.000         
0.000         
19.230        
11.382        
0.000         
0.000         
0.000         
0.000         
0.000         
0.000         
0.000         
0.000         
17.659        
0.000         
0.000         
0.000         
0.000         
0.000         
0.000         
0.000         
28.138        
0.000         
0.000         
0.000         
0.000         
0.000         
0.000         
0.000         
41.351        
2.035         
0.000         
0.000         
0.000         
0.000         
0.000         
6.234         
5.347         
0.000         
0.000         
0.000         
0.000         
0.000         
0.000         
4.615         
21.319        
3.233         
0.000         
18.578        
64.712        
9.904         
0.000         
8.395         
20.858        
73.032        
0.000         
0.000         
39.287        
0.000         
9.146         
11.757        
0.000         
0.000         
74.396        
0.000         
0.000         
4.917         
49.326        
0.000         
0.000         
0.000         
0.000         
0.000         
1.541         
0.000         
0.000         
0.000         
0.000         
0.000         
0.000         
0.000         
0.000         
4.467         
3.063         
0.000         
0.000         
0.000         
0.000         
0.000         
0.000         
0.000         
0.000         
0.000         
0.000         
0.000         
0.000         
0.000         
15.332        
0.000         
1.819         
0.000         
0.000         
0.000         
11.638        
0.000         
0.000         
0.000         
0.000         
0.000         
0.000         
0.000         
0.000         
0.000         
32.358        
0.000         
0.000         
0.000         
0.000         
0.000         
136.054       
0.000         
0.000         
0.000         
0.179         
0.000         
0.187         
0.000         
0.000         
0.000         
0.000         
0.000         
0.000         
0.000         
0.000         
0.000         
0.000         
0.000         
0.000         
0.000         
0.000         
0.000         
0.000         
0.000         
0.000         
0.000         
1.151         
0.000         
0.000         
0.000         
0.000         
0.000         
0.000         
0.000         
0.977         
0.000         
0.000         
11.743        
0.000         
0.000         
0.000         
0.000         
0.000         
0.000         
0.000         
0.000         
0.000         
0.409         
0.000         
0.000         
0.000         
0.000         
0.000         
0.000         
0.000         
0.000         
0.000         
0.000         
0.000         
12.418        
0.000         
0.000         
0.000         
0.000         
0.000         
0.000         
0.000         
0.000         
10.993        
0.000         
0.000         
0.000         
0.000         
0.000         
0.000         
0.000         
0.000         
12.972        
0.000         
0.000         
0.000         
0.000         
0.000         
0.000         
0.000         
0.000         
0.000         
2.424         
0.000         
0.000         
1.166         
49.005        
0.000         
0.000         
0.000         
0.000         
0.000         
0.000         
0.000         
0.000         
0.000         
0.000         
0.000         
0.000         
0.000         
0.000         
0.000         
0.000         
0.000         
0.000         
0.000         
0.000         
0.000         
0.000         
0.000         
0.000         
0.000         
0.000         
0.000         
0.000         
0.000         
0.000         
0.000         
0.000         
0.000         
0.000         
0.000         
9.532         
0.000         
0.000         
0.000         
0.000         
0.000         
0.000         
2.457         
0.000         
28.085        
0.000         
0.000         
0.000         
4.317         
15.439        
0.000         
0.962         
4.617         
0.000         
0.000         
11.709        
0.000         
0.000         
0.000         
0.000         
1.179         
0.000         
0.000         
0.000         
0.000         
0.000         
0.042         
6.331         
0.150         
0.000         
0.000         
0.000         
0.000         
0.000         
0.000         
0.000         
0.000         
0.000         
0.000         
0.000         
0.000         
0.000         
0.000         
0.000         
0.000         
0.000         
0.000         
0.000         
0.000         
0.000         
0.000         
0.000         
0.000         
0.000         
0.000         
0.000         
0.000         
0.000         
0.000         
0.000         
0.006         
0.968         
0.000         
0.000         
0.000         
0.000         
0.000         
0.000         
0.000         
0.000         
0.000         
1.037         
0.000         
0.000         
0.000         
0.000         
0.000         
0.216         
0.000         
0.000         
0.000         
0.000         
0.000         
0.000         
0.000         
0.001         
0.000         
0.000         
7.861         
0.000         
0.000         
0.714         
0.000         
0.000         
0.000         
0.000         
0.000         
1.341         
0.000         
0.000         
0.000         
0.000         
0.000         
0.000         
0.000         
0.000         
12.262        
0.000         
0.000         
0.000         
0.000         
0.000         
0.000         
0.000         
0.000         
0.000         
4.219         
0.139         
15.828        
0.000         
0.000         
0.000         
0.000         
0.000         
0.000         
0.000         
0.000         
0.000         
0.000         
0.000         
1.796         
8.139         
0.000         
6.782         
0.000         
0.000         
0.000         
31.776        
0.000         
1.104         
8.304         
11.790        
10.074        
0.000         
0.000         
28.754        
0.000         
0.000         
0.000         
0.000         
25.977        
0.000         
1.608         
0.436         
0.000         
0.000         
0.000         
0.000         
0.000         
0.205         
0.000         
0.000         
0.000         
34.856        
18.172        
4.748         
16.573        
74.439        
35.353        
0.000         
4.144         
7.509         
32.021        
38.970        
28.001        
0.000         
0.000         
11.471        
16.863        
0.800         
83.383        
14.634        
0.423         
0.000         
0.000         
33.032        
58.999        
0.000         
0.000         
0.722         
0.000         
0.000         
0.000         
0.000         
0.000         
0.000         
1.292         
0.000         
103.842       
0.000         
0.000         
0.000         
2.431         
0.000         
57.120        
0.000         
0.000         
0.000         
0.000         
0.000         
0.000         
0.000         
0.000         
0.000         
0.000         
0.000         
73.381        
0.000         
0.000         
0.000         
0.000         
0.000         
0.000         
0.000         
0.000         
0.000         
0.000         
0.000         
0.000         
0.000         
0.000         
0.000         
0.000         
0.000         
0.000         
0.000         
0.000         
0.000         
0.000         
0.000         
0.000         
0.000         
0.000         
0.000         
0.000         
0.000         
0.000         
0.000         
0.000         
0.000         
0.000         
0.000         
0.000         
0.000         
0.000         
0.000         
0.000         
0.000         
0.000         
0.000         
0.000         
45.696        
0.000         
0.000         
0.000         
0.000         
0.000         
0.000         
0.000         
0.000         
5.473         
0.000         
0.000         
0.000         
8.279         
0.000         
0.000         
0.000         
0.000         
0.000         
0.000         
0.000         
0.000         
0.000         
0.000         
0.000         
0.000         
0.000         
0.000         
0.000         
0.000         
0.000         
0.000         
0.000         
0.000         
0.000         
0.000         
0.000         
0.000         
7.991         
0.000         
0.000         
0.000         
91.481        
0.000         
0.000         
0.000         
0.000         
0.000         
0.000         
0.000         
0.000         
13.940        
0.000         
0.000         
0.000         
0.000         
0.000         
0.000         
0.000         
0.000         
0.000         
0.000         
0.000         
0.000         
0.000         
0.000         
0.000         
0.000         
0.000         
0.000         
0.000         
0.000         
0.000         
0.000         
0.000         
2.424         
0.000         
0.000         
0.000         
3.098         
0.000         
0.000         
6.773         
0.000         
0.000         
0.000         
0.000         
0.000         
0.000         
0.000         
0.000         
0.000         
0.000         
0.000         
0.000         
0.000         
0.000         
0.000         
7.214         
0.000         
0.000         
0.000         
18.860        
0.000         
0.000         
0.000         
0.000         
0.000         
0.000         
0.000         
24.681        
7.662         
7.677         
0.000         
6.862         
68.103        
66.987        
0.000         
0.000         
16.223        
0.000         
0.000         
0.000         
0.000         
0.000         
0.000         
0.000         
0.000         
0.000         
0.000         
0.000         
0.000         
0.000         
0.000         
0.000         
0.000         
0.000         
0.000         
0.000         
0.000         
0.000         
0.000         
44.560        
0.000         
0.000         
0.000         
0.000         
0.000         
0.000         
16.288        
21.743        
0.000         
0.000         
0.000         
0.000         
0.000         
0.000         
0.000         
0.000         
0.000         
1.309         
0.000         
0.000         
0.000         
0.000         
0.000         
0.000         
6.674         
0.000         
0.000         
0.000         
0.016         
3.224         
0.304         
0.000         
0.000         
0.000         
0.000         
0.000         
0.000         
0.000         
0.000         
0.000         
0.000         
0.000         
0.000         
0.000         
0.000         
0.000         
0.000         
4.787         
0.000         
0.000         
2.931         
0.000         
0.000         
0.000         
0.000         
7.139         
0.000         
0.000         
0.000         
1.522         
0.332         
0.321         
0.000         
16.319        
5.555         
0.000         
5.232         
0.000         
0.000         
0.000         
0.000         
0.000         
0.000         
0.000         
0.000         
0.000         
0.000         
0.000         
0.000         
0.000         
0.000         
0.000         
0.000         
0.000         
0.000         
0.000         
0.595         
0.000         
1.674         
0.000         
0.000         
0.000         
14.986        
3.105         
0.293         
0.000         
0.000         
4.340         
0.000         
0.000         
3.524         
8.662         
0.000         
0.000         
0.000         
0.000         
10.117        
0.000         
0.000         
6.859         
0.443         
0.000         
32.872        
96.672        
0.000         
1.054         
10.896        
0.000         
0.000         
0.000         
0.000         
0.000         
0.000         
0.000         
42.339        
3.322         
0.000         
0.000         
17.053        
66.893        
1.813         
0.000         
0.637         
0.000         
0.000         
0.000         
3.020         
0.000         
0.000         
0.000         
0.000         
0.000         
0.000         
0.000         
0.000         
0.000         
0.000         
0.000         
0.000         
0.000         
0.000         
0.000         
0.000         
0.000         
0.000         
0.000         
0.000         
11.816        
0.000         
53.312        
0.000         
21.303        
29.165        
0.026         
0.000         
0.000         
0.000         
0.000         
0.000         
0.000         
0.000         
0.000         
0.000         
0.000         
0.000         
0.000         
0.000         
0.000         
0.000         
0.000         
47.347        
0.000         
0.000         
0.000         
0.000         
0.000         
0.000         
0.000         
61.754        
0.000         
0.000         
0.000         
0.000         
0.000         
0.000         
0.000         
0.000         
0.000         
0.951         
0.000         
0.000         
0.000         
0.000         
0.000         
0.000         
0.000         
0.000         
0.000         
0.000         
0.000         
0.000         
0.000         
0.000         
0.000         
0.000         
0.000         
0.000         
0.000         
0.000         
0.000         
0.000         
0.000         
0.000         
0.000         
0.000         
9.319         
0.000         
0.000         
0.000         
0.000         
0.000         
0.000         
0.000         
0.000         
0.000         
0.000         
0.000         
0.000         
0.000         
0.000         
0.042         
0.000         
0.000         
0.000         
0.000         
0.000         
0.000         
0.000         
0.000         
0.000         
0.000         
0.000         
0.000         
0.000         
0.000         
0.000         
0.000         
0.000         
0.000         
0.000         
17.204        
0.000         
0.000         
0.000         
0.000         
0.000         
1.239         
0.000         
0.000         
3.950         
0.000         
0.000         
22.446        
0.000         
0.000         
0.000         
0.000         
0.000         
0.000         
0.000         
0.000         
0.000         
13.678        
0.000         
0.000         
0.000         
0.000         
0.000         
0.000         
0.000         
0.000         
0.000         
0.000         
0.000         
0.000         
0.000         
0.000         
0.000         
0.000         
0.000         
0.000         
0.000         
0.000         
0.000         
0.000         
0.000         
0.000         
0.000         
0.000         
0.000         
0.000         
0.000         
0.000         
0.000         
0.000         
0.000         
0.000         
0.000         
0.000         
0.000         
0.000         
0.000         
0.000         
0.000         
0.000         
0.000         
0.000         
0.000         
0.000         
0.000         
0.000         
1.357         
0.000         
25.016        
0.000         
0.000         
0.000         
0.000         
4.023         
21.847        
6.007         
15.601        
0.000         
0.000         
0.262         
0.000         
0.000         
0.000         
0.000         
0.000         
0.000         
0.000         
0.000         
0.000         
0.000         
0.000         
0.000         
0.000         
0.000         
0.000         
0.000         
0.000         
0.000         
0.000         
0.000         
0.000         
0.000         
0.000         
0.000         
1.778         
0.000         
0.000         
0.000         
0.000         
0.000         
0.000         
0.000         
0.000         
0.000         
0.000         
0.000         
3.177         
0.000         
0.000         
3.624         
1.155         
2.372         
0.000         
0.000         
0.000         
0.000         
0.000         
0.000         
0.000         
0.000         
0.000         
0.000         
0.000         
0.000         
0.000         
0.000         
0.000         
0.000         
0.000         
0.000         
1.160         
6.431         
0.000         
0.000         
0.000         
0.000         
0.000         
0.000         
0.000         
0.000         
0.000         
0.120         
0.000         
0.000         
0.000         
0.000         
0.000         
0.000         
0.000         
0.000         
0.000         
0.000         
0.000         
0.000         
0.000         
0.000         
0.000         
0.000         
0.000         
0.000         
0.000         
0.000         
0.000         
0.000         
0.000         
17.423        
0.000         
0.000         
0.000         
0.435         
0.000         
0.000         
0.000         
26.931        
0.000         
0.000         
0.000         
0.000         
0.000         
0.000         
0.000         
22.225        
0.000         
0.000         
0.000         
6.276         
5.991         
0.000         
0.000         
0.000         
0.000         
0.000         
0.000         
0.645         
3.622         
0.000         
0.000         
86.736        
4.770         
4.475         
0.000         
0.000         
0.000         
45.053        
2.145         
0.000         
14.963        
0.012         
45.985        
27.975        
0.000         
2.393         
100.078       
0.000         
0.000         
17.451        
0.000         
0.000         
0.000         
0.000         
0.000         
0.000         
0.000         
0.000         
0.000         
47.855        
7.956         
1.294         
2.557         
0.000         
0.000         
0.000         
8.592         
7.963         
0.000         
0.000         
0.717         
0.975         
0.000         
0.000         
23.284        
0.000         
0.000         
0.000         
0.000         
0.000         
4.001         
121.310       
0.660         
0.000         
15.478        
0.000         
30.829        
2.038         
25.763        
91.443        
0.000         
0.000         
26.199        
0.000         
0.851         
0.618         
0.000         
27.193        
0.000         
0.030         
0.000         
0.000         
0.000         
20.937        
0.000         
0.000         
0.000         
0.000         
0.000         
0.000         
0.000         
0.000         
0.000         
37.623        
1.769         
0.000         
0.000         
0.000         
0.000         
4.104         
0.000         
0.000         
0.000         
0.000         
0.000         
0.000         
0.000         
0.000         
0.000         
0.000         
1.571         
97.967        
0.000         
0.000         
0.000         
0.000         
7.018         
0.000         
0.000         
0.000         
0.000         
0.000         
0.000         
3.382         
0.000         
0.000         
0.000         
0.000         
0.000         
0.000         
0.000         
0.000         
0.000         
0.000         
0.000         
0.000         
0.000         
0.000         
0.000         
0.000         
0.000         
0.000         
0.000         
0.000         
0.000         
0.000         
0.000         
0.000         
0.000         
0.000         
0.000         
0.000         
0.000         
0.000         
0.000         
0.000         
0.000         
0.000         
0.000         
0.000         
0.000         
0.000         
0.000         
0.000         
0.000         
0.000         
0.000         
0.000         
0.000         
0.000         
0.000         
0.000         
0.000         
0.000         
0.000         
0.000         
0.000         
0.000         
0.000         
0.000         
0.000         
0.000         
0.000         
0.000         
0.000         
12.323        
0.000         
0.000         
0.000         
0.000         
0.000         
0.000         
0.000         
0.000         
0.000         
0.000         
0.000         
0.000         
0.000         
0.000         
0.000         
0.000         
0.000         
0.000         
0.000         
0.000         
0.000         
0.000         
0.000         
0.000         
0.000         
0.000         
0.000         
0.000         
0.000         
0.000         
0.000         
0.000         
0.022         
0.000         
0.000         
10.710        
0.000         
11.438        
8.579         
0.000         
0.000         
0.000         
0.000         
19.084        
29.737        
0.000         
0.000         
0.000         
0.000         
7.598         
0.000         
0.000         
0.000         
0.000         
0.000         
0.000         
0.000         
0.000         
0.000         
0.000         
0.000         
0.000         
0.000         
0.000         
0.000         
0.000         
0.000         
0.000         
0.000         
0.000         
0.000         
0.000         
0.000         
0.000         
10.557        
0.000         
0.000         
0.000         
0.000         
0.000         
4.244         
0.000         
0.000         
0.974         
0.000         
5.277         
0.000         
0.000         
0.000         
0.000         
0.000         
0.000         
0.000         
0.000         
0.000         
0.000         
0.000         
30.970        
0.000         
0.000         
0.000         
0.000         
0.000         
0.000         
7.921         
0.000         
0.000         
0.000         
0.022         
0.000         
0.000         
0.000         
0.000         
0.000         
0.000         
1.758         
0.000         
0.000         
0.000         
0.000         
0.000         
0.000         
0.000         
0.000         
0.000         
0.000         
13.630        
0.000         
0.000         
0.000         
2.535         
0.000         
0.000         
0.000         
0.000         
0.000         
0.000         
0.000         
17.675        
4.980         
0.000         
0.000         
0.000         
0.000         
0.000         
0.000         
0.000         
0.000         
0.000         
0.000         
0.000         
1.287         
0.000         
8.882         
0.000         
0.000         
0.000         
0.000         
0.000         
0.000         
0.000         
0.000         
0.000         
0.000         
0.000         
0.000         
0.000         
0.535         
0.000         
0.000         
0.000         
0.000         
0.000         
0.000         
0.000         
0.000         
0.000         
0.000         
0.000         
17.763        
9.382         
0.000         
0.871         
0.000         
0.000         
0.000         
0.000         
5.143         
0.000         
14.016        
0.000         
0.000         
0.000         
0.000         
0.000         
0.000         
0.000         
0.000         
0.000         
0.000         
92.004        
0.000         
0.000         
0.000         
0.995         
2.894         
19.710        
0.000         
26.133        
0.000         
0.000         
0.000         
0.000         
0.000         
28.389        
1.261         
1.959         
0.000         
0.229         
7.112         
0.000         
0.000         
55.429        
0.000         
0.000         
0.000         
0.000         
0.000         
0.000         
2.566         
0.000         
0.000         
0.000         
9.511         
0.000         
8.404         
0.000         
0.000         
0.000         
0.000         
0.000         
0.000         
0.000         
0.000         
0.019         
0.000         
0.000         
26.412        
0.000         
0.000         
0.000         
0.000         
0.000         
0.000         
0.000         
0.000         
0.000         
0.000         
0.000         
0.200         
0.000         
0.000         
0.000         
0.000         
0.000         
0.000         
0.000         
0.000         
0.000         
0.000         
0.000         
0.000         
0.000         
0.000         
0.000         
0.000         
0.000         
0.000         
0.000         
0.000         
0.000         
0.000         
0.000         
0.000         
0.000         
0.000         
0.000         
0.000         
0.000         
0.000         
0.000         
0.000         
0.000         
0.000         
0.000         
0.000         
0.000         
0.000         
0.000         
0.000         
0.000         
0.000         
0.000         
0.000         
0.000         
0.000         
0.000         
31.295        
0.000         
0.000         
0.000         
0.000         
0.000         
0.000         
0.000         
0.000         
0.000         
0.000         
0.000         
0.000         
0.000         
0.000         
0.000         
0.000         
0.000         
0.000         
0.000         
0.000         
0.000         
0.000         
0.000         
0.000         
0.000         
0.000         
0.000         
0.000         
0.000         
0.000         
0.000         
0.000         
0.000         
33.720        
0.000         
0.000         
0.000         
0.000         
0.000         
0.000         
0.000         
0.000         
0.000         
0.000         
0.000         
0.000         
0.000         
0.000         
0.000         
0.000         
0.000         
0.000         
0.000         
0.000         
0.000         
0.000         
0.000         
0.000         
0.000         
0.000         
0.000         
0.000         
0.000         
0.000         
2.270         
0.000         
0.000         
0.000         
0.000         
0.000         
0.017         
0.000         
0.000         
0.000         
0.000         
0.000         
0.000         
0.000         
0.000         
0.000         
0.000         
0.000         
0.000         
0.000         
0.805         
0.000         
0.000         
0.000         
0.000         
0.000         
0.000         
0.000         
0.000         
0.000         
0.000         
0.000         
82.819        
0.000         
0.000         
11.270        
0.000         
0.000         
2.834         
27.705        
0.000         
0.000         
0.000         
0.000         
0.000         
0.000         
0.000         
0.000         
0.000         
11.615        
0.000         
0.000         
0.000         
19.029        
0.000         
0.000         
6.737         
0.161         
0.000         
0.000         
0.000         
0.000         
0.000         
0.000         
0.932         
0.000         
0.000         
0.000         
0.000         
0.000         
0.000         
0.000         
0.000         
0.000         
0.000         
0.000         
0.000         
0.000         
0.000         
1.509         
0.000         
0.000         
7.642         
0.000         
0.000         
0.000         
0.000         
0.000         
0.000         
0.903         
0.000         
0.000         
0.000         
0.000         
0.000         
0.000         
0.000         
0.000         
0.000         
0.000         
0.000         
0.000         
0.000         
0.000         
0.000         
0.000         
0.000         
0.000         
31.954        
0.000         
13.116        
0.000         
1.844         
0.000         
0.000         
0.000         
0.000         
0.000         
0.000         
0.000         
0.000         
0.000         
0.000         
0.000         
0.000         
0.000         
0.000         
0.000         
0.000         
0.000         
0.000         
0.000         
0.000         
0.000         
0.000         
0.000         
0.000         
0.000         
0.000         
0.000         
0.000         
0.000         
0.000         
0.000         
0.000         
0.000         
6.297         
0.000         
29.648        
0.000         
0.000         
0.000         
0.000         
0.000         
0.000         
0.000         
0.000         
0.000         
0.164         
0.000         
18.896        
0.000         
0.000         
0.000         
0.000         
5.400         
0.000         
0.000         
17.634        
0.000         
0.000         
0.000         
32.132        
2.763         
0.000         
0.187         
0.268         
0.000         
0.000         
0.000         
0.000         
0.000         
0.000         
0.000         
0.000         
0.488         
73.468        
11.104        
0.000         
0.000         
0.000         
8.483         
0.000         
0.000         
35.866        
50.061        
0.000         
0.000         
3.643         
0.000         
0.000         
0.000         
0.000         
0.000         
0.000         
0.000         
2.842         
0.000         
0.000         
0.000         
0.000         
0.000         
0.000         
0.000         
0.000         
0.000         
0.000         
0.000         
0.000         
0.000         
0.000         
0.000         
0.000         
0.000         
31.070        
0.000         
0.000         
0.000         
3.246         
0.000         
4.303         
0.000         
0.000         
0.000         
0.000         
0.278         
0.029         
0.000         
79.241        
0.023         
22.867        
0.000         
0.000         
0.000         
0.000         
0.000         
0.000         
0.000         
0.000         
0.000         
0.000         
0.000         
0.000         
0.000         
0.000         
43.565        
0.000         
0.000         
0.000         
0.000         
0.000         
0.000         
0.000         
68.708        
40.477        
0.000         
0.000         
0.000         
54.319        
0.000         
64.396        
0.000         
60.139        
0.000         
0.000         
0.000         
14.796        
0.000         
0.000         
0.000         
0.000         
0.000         
0.000         
0.000         
0.000         
0.000         
0.000         
0.000         
0.000         
0.000         
0.000         
0.000         
0.000         
0.000         
0.000         
0.385         
0.000         
0.000         
0.000         
0.000         
0.000         
0.000         
0.000         
0.000         
0.000         
0.000         
0.000         
0.000         
0.000         
0.000         
0.000         
0.100         
0.000         
0.000         
0.000         
0.000         
0.000         
0.000         
0.000         
0.000         
0.000         
0.000         
0.000         
0.000         
0.000         
0.000         
0.000         
0.000         
0.000         
0.000         
0.000         
0.000         
0.000         
0.000         
0.000         
0.000         
14.934        
0.000         
0.000         
0.000         
7.827         
0.000         
0.000         
0.000         
0.000         
0.000         
0.000         
0.000         
0.000         
0.000         
0.000         
0.000         
0.000         
0.967         
0.000         
0.000         
0.000         
0.000         
14.406        
0.000         
0.000         
0.000         
0.000         
0.000         
0.000         
0.000         
0.000         
0.000         
0.000         
0.000         
0.094         
0.000         
0.000         
0.000         
0.000         
0.000         
0.000         
0.000         
0.000         
0.000         
0.000         
0.000         
0.000         
0.000         
0.000         
0.000         
0.000         
0.000         
0.000         
0.000         
0.000         
0.000         
0.000         
0.000         
0.000         
0.000         
0.000         
41.392        
33.465        
0.000         
0.000         
0.000         
0.000         
0.000         
0.597         
0.000         
0.000         
40.648        
0.000         
0.000         
0.000         
0.000         
0.000         
16.559        
0.000         
0.000         
5.691         
13.048        
0.000         
0.000         
0.000         
0.000         
5.996         
0.000         
0.000         
0.000         
0.000         
0.000         
0.000         
0.000         
47.828        
0.000         
26.040        
8.177         
22.772        
6.892         
0.000         
0.000         
0.000         
0.000         
0.000         
0.000         
0.000         
0.000         
0.000         
0.000         
0.000         
0.000         
0.000         
10.481        
0.000         
0.000         
0.000         
0.000         
0.000         
0.000         
0.000         
0.000         
0.000         
0.000         
0.000         
0.000         
0.000         
0.000         
0.000         
5.617         
0.000         
0.000         
0.000         
0.000         
0.000         
0.000         
0.000         
0.000         
0.000         
4.997         
0.000         
0.000         
0.000         
0.000         
0.000         
0.000         
0.000         
0.000         
0.000         
0.000         
0.000         
0.000         
0.000         
0.000         
0.000         
21.360        
0.000         
0.000         
0.000         
3.780         
0.000         
0.000         
0.000         
0.000         
0.000         
0.000         
0.000         
0.000         
5.191         
0.000         
0.000         
0.000         
0.000         
0.000         
0.000         
0.000         
0.000         
0.000         
0.000         
0.000         
0.000         
0.000         
0.000         
0.000         
0.000         
0.000         
0.000         
0.000         
6.969         
0.000         
0.000         
0.000         
8.983         
0.000         
0.000         
0.000         
0.000         
5.661         
0.000         
0.000         
0.000         
0.000         
25.404        
0.000         
0.899         
13.155        
11.140        
0.000         
0.000         
0.000         
0.000         
0.003         
0.000         
4.297         
0.000         
0.000         
0.000         
0.000         
0.000         
0.000         
0.000         
0.000         
10.600        
0.000         
39.311        
9.734         
6.089         
7.004         
0.000         
0.000         
25.256        
0.000         
2.372         
1.665         
0.345         
21.085        
0.000         
0.000         
0.000         
0.000         
0.000         
0.392         
0.000         
3.134         
45.903        
54.257        
13.016        
3.087         
7.660         
0.000         
2.151         
0.000         
0.000         
13.752        
0.000         
0.000         
0.000         
0.000         
0.000         
0.000         
0.000         
9.537         
0.000         
0.000         
0.000         
8.356         
0.000         
0.000         
1.459         
0.000         
0.000         
0.000         
0.000         
0.000         
0.000         
0.000         
0.000         
0.000         
24.103        
34.812        
2.698         
91.246        
1.581         
47.821        
0.000         
0.000         
0.000         
0.000         
0.000         
0.000         
0.000         
113.524       
0.000         
0.000         
0.000         
0.000         
0.000         
0.000         
0.000         
0.000         
0.000         
0.000         
0.000         
0.000         
0.000         
0.000         
0.000         
0.000         
76.618        
0.000         
0.000         
43.811        
0.000         
0.000         
0.000         
0.000         
0.000         
0.000         
0.000         
0.000         
0.000         
0.000         
0.000         
0.000         
0.000         
0.000         
0.000         
0.000         
0.000         
0.000         
0.000         
0.000         
0.000         
0.000         
0.000         
0.000         
0.000         
0.000         
9.569         
0.000         
0.000         
17.913        
0.000         
0.000         
0.000         
0.000         
0.000         
0.000         
0.000         
0.000         
0.000         
0.000         
0.000         
0.000         
0.000         
0.000         
0.000         
0.000         
0.000         
0.000         
0.000         
0.000         
0.000         
0.000         
0.000         
0.000         
0.000         
0.000         
0.000         
0.000         
0.000         
0.000         
0.000         
0.000         
0.000         
0.000         
0.000         
0.000         
0.000         
0.000         
0.000         
0.000         
0.000         
0.000         
0.000         
0.000         
0.000         
0.000         
0.000         
0.000         
0.000         
0.000         
0.000         
0.000         
0.000         
0.000         
0.000         
0.000         
0.000         
0.000         
0.000         
0.000         
0.000         
0.000         
0.000         
0.003         
0.000         
0.000         
1.026         
0.000         
0.000         
0.000         
1.487         
0.000         
0.000         
0.000         
0.000         
0.000         
0.000         
0.000         
0.000         
0.000         
0.000         
0.000         
0.000         
0.000         
0.000         
60.439        
14.383        
0.000         
0.000         
0.000         
0.000         
0.000         
8.717         
0.000         
0.000         
47.234        
0.000         
0.000         
0.000         
34.739        
8.251         
25.069        
0.000         
0.000         
0.000         
4.516         
19.652        
47.225        
0.000         
0.000         
0.000         
0.000         
15.648        
0.000         
0.000         
0.000         
0.000         
0.000         
0.000         
0.000         
0.000         
0.000         
0.000         
0.000         
0.000         
0.000         
0.000         
0.000         
0.000         
0.000         
0.000         
0.000         
0.000         
0.000         
0.000         
0.000         
0.000         
0.000         
0.000         
0.000         
0.000         
0.000         
0.000         
7.815         
0.000         
0.000         
0.000         
0.000         
0.000         
0.000         
0.000         
0.691         
0.000         
0.000         
2.223         
0.000         
1.809         
0.000         
0.000         
2.640         
0.000         
0.000         
0.000         
0.000         
0.000         
0.000         
0.000         
0.000         
0.000         
0.000         
0.000         
0.000         
0.000         
6.133         
6.307         
0.000         
0.000         
0.000         
0.000         
0.000         
0.000         
0.000         
12.849        
0.000         
0.000         
0.000         
0.000         
0.000         
0.000         
0.000         
0.000         
0.000         
0.000         
0.008         
0.000         
0.000         
0.000         
0.000         
0.000         
0.000         
0.000         
0.000         
0.000         
7.216         
0.000         
0.000         
0.000         
8.987         
0.877         
0.000         
0.000         
0.000         
0.000         
0.000         
7.427         
0.000         
0.000         
0.000         
0.000         
0.000         
0.000         
0.000         
0.000         
0.000         
0.000         
0.000         
0.000         
0.000         
0.000         
4.774         
4.588         
0.752         
0.000         
0.000         
0.000         
0.000         
0.000         
0.000         
7.446         
0.000         
0.000         
0.000         
9.624         
10.099        
0.000         
0.159         
0.000         
0.000         
0.000         
19.603        
4.472         
0.000         
0.000         
0.000         
0.000         
0.791         
1.997         
6.981         
0.000         
0.000         
0.000         
0.399         
0.000         
0.000         
0.219         
0.000         
16.456        
0.000         
0.000         
0.000         
20.232        
0.038         
2.284         
0.540         
23.318        
53.209        
13.052        
4.880         
17.059        
18.682        
0.000         
17.963        
0.000         
0.000         
10.554        
0.000         
0.151         
0.000         
2.855         
0.000         
0.000         
0.000         
1.743         
0.000         
27.579        
0.000         
0.000         
0.000         
0.000         
0.000         
0.000         
0.000         
0.000         
0.000         
7.318         
0.000         
0.000         
0.000         
0.000         
0.000         
0.000         
0.000         
0.000         
0.000         
0.000         
0.000         
0.000         
0.000         
0.000         
16.383        
0.000         
24.204        
0.000         
0.000         
0.000         
0.000         
0.000         
0.000         
0.000         
0.000         
0.000         
5.890         
0.000         
0.000         
0.000         
0.000         
0.000         
0.000         
0.000         
0.030         
0.000         
0.000         
0.000         
0.000         
38.942        
0.000         
0.000         
0.000         
0.000         
0.000         
0.000         
0.000         
0.000         
0.000         
0.000         
0.000         
0.000         
0.000         
0.000         
0.000         
0.496         
0.000         
0.000         
0.000         
0.000         
0.000         
0.000         
0.000         
0.000         
0.000         
0.000         
0.000         
0.000         
0.000         
0.000         
0.000         
0.000         
0.000         
0.000         
0.000         
0.000         
0.000         
0.000         
0.000         
0.000         
0.000         
0.000         
0.000         
0.000         
0.000         
0.000         
0.000         
25.684        
0.000         
0.000         
0.000         
0.000         
0.000         
0.000         
0.000         
0.000         
0.000         
0.000         
58.004        
0.000         
0.000         
0.000         
0.000         
0.000         
0.000         
0.000         
0.000         
0.000         
0.000         
0.000         
0.000         
0.000         
0.000         
0.000         
0.000         
0.000         
0.028         
0.000         
0.000         
0.000         
0.000         
0.000         
0.000         
0.000         
0.000         
0.000         
0.000         
0.000         
0.000         
0.000         
0.000         
0.000         
0.000         
0.000         
0.000         
0.000         
0.000         
0.000         
0.000         
0.000         
0.000         
0.000         
0.000         
8.769         
0.000         
0.000         
0.000         
0.000         
1.248         
0.000         
0.000         
0.000         
0.000         
0.000         
0.000         
0.000         
8.605         
0.000         
0.000         
1.625         
13.114        
0.000         
0.000         
5.174         
0.000         
5.270         
0.000         
0.000         
0.000         
0.000         
0.000         
0.000         
0.000         
0.000         
0.000         
0.000         
0.000         
0.000         
0.000         
0.000         
0.000         
0.000         
1.529         
0.318         
0.000         
4.478         
0.625         
0.000         
0.000         
0.000         
0.000         
0.000         
0.000         
0.000         
0.000         
0.000         
0.000         
0.000         
0.000         
0.000         
0.000         
0.044         
0.000         
0.000         
6.094         
0.000         
0.000         
0.000         
0.000         
0.000         
0.000         
4.002         
1.817         
0.000         
0.254         
0.000         
0.000         
0.000         
6.119         
0.000         
0.000         
0.000         
0.000         
0.000         
0.000         
0.000         
0.000         
0.000         
0.000         
0.000         
0.000         
0.000         
0.000         
0.000         
0.000         
0.000         
0.000         
0.000         
0.000         
0.000         
0.000         
0.000         
12.701        
0.000         
0.000         
0.000         
0.000         
0.000         
0.000         
0.000         
0.000         
0.000         
0.000         
0.000         
0.000         
15.409        
9.142         
0.000         
0.000         
0.000         
0.000         
0.000         
0.000         
0.000         
0.000         
0.000         
0.000         
0.000         
4.435         
0.000         
0.000         
0.000         
0.000         
0.000         
0.000         
5.402         
0.000         
0.000         
0.000         
0.000         
14.738        
0.000         
1.466         
0.000         
0.000         
0.000         
0.000         
0.000         
5.077         
0.000         
0.000         
0.000         
6.351         
1.167         
0.000         
37.758        
1.943         
0.000         
2.005         
17.730        
0.000         
111.311       
0.000         
1.072         
0.000         
0.000         
0.000         
0.000         
0.000         
0.000         
0.438         
0.000         
0.000         
0.000         
10.748        
23.321        
0.000         
0.000         
0.000         
14.497        
94.997        
1.121         
0.000         
32.172        
17.716        
20.648        
113.828       
71.419        
16.047        
0.000         
1.873         
0.000         
0.000         
0.034         
0.000         
0.051         
0.044         
0.000         
0.000         
0.000         
0.000         
0.000         
0.000         
6.217         
0.000         
42.959        
0.000         
0.000         
0.000         
34.804        
0.000         
0.000         
0.000         
0.000         
0.000         
0.000         
0.000         
0.000         
0.000         
0.000         
1.576         
0.000         
0.000         
0.000         
38.711        
0.000         
0.000         
24.641        
0.000         
0.000         
0.000         
0.000         
26.903        
0.000         
0.000         
0.000         
0.000         
0.000         
0.000         
0.000         
0.000         
0.000         
31.782        
0.000         
0.000         
0.000         
0.000         
0.000         
0.000         
0.000         
0.000         
0.000         
0.000         
0.000         
0.000         
0.000         
0.000         
0.000         
0.000         
0.000         
0.000         
0.000         
0.000         
0.000         
0.000         
0.000         
0.000         
0.000         
0.000         
0.000         
0.000         
0.000         
0.000         
0.000         
0.000         
0.000         
0.903         
0.000         
0.000         
0.000         
0.000         
0.000         
0.000         
0.000         
0.074         
0.000         
1.936         
0.000         
0.000         
0.000         
0.000         
0.000         
0.000         
0.000         
0.000         
0.000         
0.000         
0.000         
0.000         
0.000         
0.000         
0.000         
0.000         
0.000         
0.000         
0.000         
0.000         
0.000         
0.000         
0.000         
0.000         
0.000         
0.000         
0.000         
0.000         
0.000         
0.000         
0.000         
0.000         
0.000         
0.000         
0.000         
0.000         
0.000         
0.000         
0.000         
0.000         
0.000         
0.000         
0.000         
0.000         
0.000         
0.000         
0.000         
0.000         
0.000         
0.000         
0.000         
0.000         
0.000         
0.000         
0.000         
0.000         
0.000         
0.000         
0.000         
0.000         
0.000         
0.000         
0.000         
0.000         
0.000         
0.000         
0.000         
1.007         
0.000         
0.000         
0.000         
0.000         
0.000         
0.000         
0.000         
0.000         
0.000         
0.000         
0.000         
0.000         
0.000         
0.000         
0.000         
0.000         
9.343         
0.000         
0.000         
0.000         
0.000         
2.276         
6.372         
0.000         
0.000         
22.687        
4.720         
2.640         
24.039        
55.119        
0.000         
0.000         
0.000         
0.000         
0.000         
0.000         
0.491         
0.017         
0.000         
52.141        
0.000         
0.000         
0.000         
0.000         
0.000         
0.000         
38.679        
0.000         
0.000         
0.000         
0.000         
5.974         
10.818        
51.390        
0.000         
0.000         
0.000         
0.000         
5.534         
0.000         
0.000         
0.000         
0.000         
0.000         
0.000         
0.000         
0.000         
0.000         
0.000         
0.000         
0.000         
0.000         
0.000         
0.000         
9.222         
0.000         
0.000         
0.000         
0.000         
0.000         
0.000         
0.000         
0.000         
0.000         
0.000         
0.000         
2.774         
0.000         
0.000         
0.000         
0.000         
0.000         
0.016         
0.000         
0.000         
0.000         
0.000         
11.620        
0.000         
0.000         
0.000         
0.000         
0.000         
0.000         
0.000         
0.000         
0.000         
5.425         
2.811         
14.944        
0.000         
0.000         
0.000         
0.000         
0.000         
0.000         
0.000         
0.000         
2.749         
0.000         
0.000         
0.000         
0.000         
0.000         
0.000         
0.000         
0.000         
0.000         
3.284         
0.000         
0.000         
0.000         
0.000         
0.000         
3.790         
0.000         
2.419         
0.000         
0.000         
0.000         
0.000         
0.000         
0.000         
0.000         
2.347         
0.000         
12.549        
0.000         
0.000         
0.000         
0.000         
0.000         
26.852        
0.000         
3.690         
0.000         
0.857         
0.000         
6.442         
0.000         
4.032         
0.000         
0.000         
0.000         
3.576         
0.000         
0.000         
1.808         
0.000         
0.000         
0.000         
0.317         
0.000         
36.483        
0.000         
3.792         
16.407        
0.000         
7.637         
3.427         
0.000         
0.000         
0.000         
0.000         
0.000         
0.000         
0.000         
0.000         
27.011        
0.000         
0.352         
10.495        
26.578        
0.000         
10.824        
0.000         
9.333         
9.246         
97.838        
0.000         
9.216         
31.205        
16.896        
0.000         
0.000         
0.000         
0.000         
0.000         
0.000         
9.795         
0.032         
0.000         
0.173         
0.000         
0.000         
0.000         
0.000         
0.000         
0.000         
0.000         
0.000         
0.000         
0.000         
0.000         
0.000         
0.000         
0.000         
0.000         
0.000         
0.000         
0.000         
0.000         
0.000         
0.000         
0.000         
0.000         
0.000         
0.000         
0.000         
0.000         
0.000         
0.000         
0.000         
0.000         
0.000         
0.000         
0.000         
0.000         
0.000         
0.000         
0.000         
0.000         
0.000         
0.000         
0.000         
0.000         
0.000         
0.000         
0.000         
0.000         
0.000         
0.000         
0.000         
0.000         
0.000         
0.000         
0.000         
0.000         
0.000         
0.000         
0.000         
0.000         
0.000         
0.000         
0.000         
0.000         
0.000         
0.000         
0.000         
0.000         
0.000         
0.000         
0.000         
0.000         
0.000         
0.000         
0.000         
0.000         
0.000         
0.000         
0.000         
0.000         
0.000         
0.000         
0.000         
0.000         
0.000         
0.000         
0.000         
0.000         
0.000         
2.111         
0.000         
0.000         
0.000         
0.000         
0.000         
0.000         
0.000         
0.000         
0.000         
0.000         
0.000         
0.000         
0.000         
0.000         
0.000         
0.000         
0.000         
40.664        
0.000         
29.369        
0.000         
0.000         
0.000         
0.000         
0.000         
0.000         
0.000         
0.000         
0.000         
0.000         
0.000         
0.000         
5.757         
0.000         
0.000         
0.000         
0.000         
9.452         
0.000         
0.000         
0.000         
0.000         
0.000         
0.000         
2.042         
0.000         
0.000         
0.000         
0.000         
0.000         
0.000         
0.000         
0.000         
0.000         
0.000         
0.000         
0.000         
0.000         
0.000         
0.000         
0.000         
0.000         
0.000         
0.000         
0.000         
0.000         
0.000         
0.000         
0.000         
0.000         
0.000         
0.000         
1.712         
0.000         
0.000         
16.714        
0.000         
0.000         
22.667        
0.000         
3.061         
10.015        
0.000         
0.000         
0.000         
0.000         
0.000         
0.000         
0.000         
0.000         
55.235        
0.000         
0.000         
0.000         
0.000         
0.000         
0.000         
0.000         
0.000         
10.792        
5.216         
0.000         
25.498        
0.000         
0.000         
0.000         
0.000         
0.000         
0.000         
0.000         
0.000         
0.000         
0.000         
0.000         
0.541         
0.000         
5.254         
0.000         
0.000         
0.000         
0.000         
0.000         
0.000         
0.000         
0.000         
0.000         
0.000         
0.000         
6.142         
5.960         
0.000         
0.000         
0.000         
0.000         
1.156         
0.000         
0.000         
0.000         
3.031         
0.000         
0.000         
0.000         
0.000         
6.047         
0.000         
0.000         
0.020         
1.671         
0.000         
0.000         
0.000         
0.000         
0.000         
0.000         
0.000         
0.000         
1.605         
0.000         
0.000         
0.000         
0.000         
0.000         
0.000         
0.000         
0.000         
0.000         
0.943         
0.000         
0.000         
0.000         
0.000         
0.000         
0.000         
0.000         
0.000         
0.000         
0.000         
0.000         
0.000         
0.000         
0.000         
1.733         
0.000         
0.000         
39.170        
0.000         
0.000         
0.000         
3.474         
0.000         
0.000         
0.000         
0.000         
0.000         
0.000         
0.000         
0.000         
0.000         
0.000         
13.623        
0.000         
0.000         
0.000         
0.000         
0.000         
0.000         
0.000         
0.000         
0.000         
0.000         
6.281         
32.398        
0.000         
0.000         
0.000         
0.376         
0.053         
0.000         
4.227         
0.000         
0.000         
0.000         
13.181        
0.000         
0.000         
0.000         
30.171        
28.768        
24.832        
0.000         
0.000         
0.000         
0.000         
0.000         
1.540         
0.000         
0.000         
0.000         
0.000         
276.295       
0.000         
0.000         
0.000         
0.000         
0.000         
62.521        
0.000         
0.000         
5.465         
0.000         
7.335         
0.000         
0.000         
0.000         
0.000         
5.618         
3.815         
2.963         
38.376        
0.000         
0.000         
0.000         
0.000         
7.393         
0.000         
0.000         
0.000         
0.000         
0.000         
0.000         
0.000         
0.074         
0.000         
0.080         
3.864         
0.000         
0.000         
0.000         
0.000         
21.349        
0.000         
0.000         
0.000         
0.000         
0.000         
0.629         
18.866        
0.000         
0.000         
0.000         
0.000         
0.000         
0.000         
0.000         
0.000         
0.000         
2.364         
0.000         
0.000         
0.000         
0.000         
0.000         
0.000         
0.000         
0.000         
0.000         
0.000         
0.000         
0.000         
0.000         
0.000         
0.000         
0.000         
0.000         
0.000         
115.825       
0.000         
0.000         
0.000         
0.000         
35.413        
0.000         
0.000         
0.000         
0.000         
0.000         
0.000         
0.000         
0.000         
0.000         
0.000         
0.000         
0.000         
0.000         
0.000         
0.000         
0.000         
0.000         
0.000         
0.000         
0.000         
0.000         
0.000         
0.000         
0.000         
0.000         
0.000         
0.000         
0.000         
0.000         
0.000         
0.000         
0.000         
0.000         
0.000         
0.000         
0.000         
0.000         
0.000         
0.000         
0.000         
0.000         
0.000         
0.000         
0.000         
0.000         
0.000         
0.000         
0.000         
0.000         
0.000         
0.000         
0.000         
0.000         
0.000         
0.000         
0.000         
0.000         
0.000         
0.000         
0.000         
0.000         
0.000         
0.000         
0.000         
0.000         
0.000         
0.000         
0.000         
0.000         
0.000         
0.000         
0.000         
0.000         
0.000         
0.000         
0.000         
0.000         
0.000         
0.000         
0.000         
0.000         
0.000         
0.000         
0.000         
0.000         
0.000         
0.000         
0.000         
0.000         
0.000         
0.000         
0.000         
0.000         
0.000         
0.000         
0.000         
0.000         
0.000         
0.000         
0.000         
0.000         
0.000         
0.000         
0.000         
0.000         
0.000         
0.000         
0.000         
0.000         
0.000         
0.000         
0.000         
0.000         
0.000         
0.000         
0.000         
0.000         
0.000         
0.000         
0.527         
0.000         
0.000         
0.000         
0.000         
0.000         
0.000         
1.711         
0.000         
6.524         
0.000         
0.000         
0.000         
0.000         
0.000         
0.000         
0.000         
0.129         
0.000         
0.000         
0.000         
0.000         
0.000         
0.000         
0.000         
4.117         
0.000         
0.000         
18.723        
0.000         
0.000         
0.000         
0.000         
0.000         
0.000         
0.000         
0.000         
0.000         
0.000         
0.000         
0.000         
1.166         
0.000         
0.000         
0.000         
0.000         
8.615         
0.000         
0.000         
0.000         
0.000         
0.000         
1.710         
0.000         
0.000         
0.000         
0.000         
0.000         
20.901        
0.000         
0.000         
3.165         
0.000         
2.161         
0.000         
5.115         
0.000         
0.000         
0.000         
0.000         
0.000         
0.000         
0.000         
0.000         
0.000         
0.000         
0.000         
1.447         
0.000         
3.064         
0.000         
0.000         
0.000         
0.000         
0.000         
0.000         
0.000         
0.000         
0.000         
0.000         
0.000         
0.000         
0.000         
0.000         
0.000         
0.000         
0.000         
8.159         
0.000         
0.000         
0.000         
0.000         
0.000         
0.000         
0.000         
5.198         
0.000         
1.363         
0.000         
0.000         
0.000         
8.534         
0.000         
0.000         
0.000         
0.000         
0.000         
0.000         
0.000         
0.000         
0.000         
0.000         
0.000         
0.000         
0.000         
0.000         
0.000         
4.406         
0.000         
0.000         
11.706        
0.000         
0.000         
0.000         
0.000         
0.000         
0.000         
0.000         
0.000         
25.417        
7.161         
0.000         
0.000         
0.000         
30.908        
0.000         
0.000         
0.000         
0.000         
0.000         
0.000         
0.000         
0.000         
1.004         
0.000         
33.976        
16.223        
0.000         
0.000         
0.000         
0.000         
0.764         
0.000         
0.000         
0.000         
0.000         
0.000         
0.000         
20.128        
0.440         
54.845        
3.317         
0.182         
3.220         
0.000         
0.000         
35.155        
0.000         
4.214         
0.073         
0.000         
0.000         
0.000         
8.942         
18.643        
0.000         
0.000         
0.000         
0.000         
3.160         
0.072         
0.000         
0.000         
0.000         
0.000         
0.000         
0.669         
21.201        
0.000         
0.000         
0.000         
0.000         
0.000         
0.000         
0.000         
0.000         
0.000         
3.293         
0.000         
0.000         
7.234         
0.000         
0.000         
0.000         
0.000         
0.000         
0.000         
0.000         
0.000         
29.402        
29.686        
0.000         
0.000         
0.000         
0.000         
0.000         
0.000         
0.000         
0.000         
0.000         
0.000         
0.000         
0.000         
0.000         
0.000         
0.000         
0.000         
0.000         
0.000         
0.000         
0.000         
0.000         
0.000         
0.000         
0.000         
0.000         
0.000         
0.000         
0.000         
0.000         
0.000         
0.000         
0.000         
0.000         
0.000         
0.000         
0.000         
0.000         
0.000         
0.000         
0.000         
0.000         
0.000         
0.000         
0.000         
0.000         
0.000         
0.000         
0.000         
0.000         
0.000         
0.000         
0.000         
0.000         
0.000         
0.000         
0.000         
0.000         
0.000         
0.000         
0.000         
0.000         
0.000         
0.000         
0.000         
0.000         
0.000         
0.000         
0.000         
0.000         
0.000         
0.000         
0.000         
0.000         
0.000         
0.000         
0.000         
0.000         
0.000         
0.000         
0.000         
0.000         
0.000         
0.000         
0.000         
0.000         
0.000         
5.108         
0.000         
0.317         
0.000         
0.000         
0.000         
0.000         
0.000         
0.000         
0.000         
0.000         
0.000         
0.000         
0.000         
0.000         
0.000         
0.000         
0.000         
0.000         
0.000         
0.000         
0.000         
0.000         
0.000         
0.000         
0.000         
0.000         
0.000         
0.000         
0.000         
0.000         
0.000         
0.000         
0.000         
15.493        
0.000         
0.000         
0.000         
0.000         
0.000         
0.000         
0.000         
0.000         
0.000         
0.000         
0.000         
0.000         
0.000         
0.000         
0.000         
0.000         
0.000         
0.000         
0.000         
0.000         
0.000         
0.000         
0.000         
0.000         
0.000         
0.000         
2.428         
0.000         
0.000         
10.887        
1.423         
0.000         
0.000         
14.077        
0.000         
0.000         
0.000         
0.000         
0.000         
0.000         
0.000         
0.000         
0.000         
1.442         
0.000         
0.000         
0.000         
0.000         
0.000         
0.000         
0.000         
0.000         
0.000         
8.577         
0.000         
0.000         
0.000         
0.000         
0.000         
0.000         
2.091         
0.000         
0.000         
0.000         
0.000         
0.000         
0.000         
0.000         
0.000         
0.000         
0.000         
0.000         
0.000         
0.000         
0.000         
0.000         
0.000         
0.000         
0.000         
0.000         
0.000         
0.160         
0.000         
0.000         
0.000         
0.000         
0.000         
21.596        
0.000         
0.000         
1.255         
0.000         
0.000         
0.000         
0.000         
0.000         
0.000         
0.000         
0.000         
0.000         
0.000         
0.000         
0.000         
0.000         
0.000         
0.000         
0.000         
0.000         
0.000         
0.000         
0.000         
0.000         
0.000         
0.000         
0.000         
0.000         
0.000         
0.000         
0.000         
0.000         
0.000         
0.000         
0.000         
0.000         
0.000         
0.000         
0.000         
0.000         
0.000         
0.000         
22.981        
9.621         
0.000         
0.000         
0.000         
0.000         
0.000         
0.000         
9.845         
0.000         
0.804         
0.000         
30.376        
0.000         
2.314         
0.663         
0.000         
0.000         
0.000         
0.000         
7.859         
0.000         
1.819         
0.000         
0.000         
0.000         
0.000         
2.514         
0.000         
11.099        
0.000         
1.395         
7.326         
14.051        
0.000         
0.000         
0.000         
0.000         
0.000         
0.000         
0.000         
0.000         
0.000         
0.000         
1.553         
0.531         
0.000         
11.660        
0.000         
0.000         
0.000         
0.000         
0.000         
0.000         
0.000         
0.000         
10.250        
1.230         
0.000         
9.073         
0.000         
0.000         
0.000         
13.916        
0.000         
0.000         
0.000         
0.000         
0.000         
17.026        
19.140        
50.535        
1.164         
0.061         
0.000         
0.000         
0.000         
7.699         
50.858        
0.000         
0.000         
2.343         
0.000         
0.000         
5.055         
0.000         
9.779         
6.908         
0.000         
0.000         
0.021         
0.000         
18.352        
14.518        
0.000         
3.838         
0.000         
0.000         
0.000         
0.000         
1.082         
5.089         
0.000         
0.000         
0.000         
0.000         
0.000         
0.000         
0.000         
0.000         
0.000         
0.000         
0.000         
1.975         
41.109        
2.956         
0.000         
67.410        
0.000         
0.000         
0.000         
0.000         
0.000         
15.925        
63.026        
0.000         
0.000         
0.000         
0.000         
0.000         
0.000         
0.000         
19.149        
0.000         
0.000         
0.000         
0.000         
0.000         
0.000         
0.000         
0.000         
0.000         
0.000         
0.000         
0.000         
0.000         
0.000         
0.000         
0.000         
0.000         
0.000         
0.000         
0.000         
0.000         
0.000         
0.000         
0.000         
0.000         
0.000         
0.000         
0.000         
19.902        
163.195       
0.000         
0.000         
0.000         
0.000         
25.616        
0.000         
0.000         
0.000         
0.000         
0.000         
0.000         
0.000         
0.000         
0.000         
0.000         
0.000         
0.000         
0.000         
0.000         
0.000         
0.000         
0.000         
0.000         
0.000         
0.000         
0.000         
0.000         
53.975        
0.000         
0.000         
0.000         
0.000         
0.000         
0.000         
0.000         
0.000         
0.000         
0.000         
0.000         
21.902        
0.000         
0.000         
0.000         
0.000         
0.000         
0.000         
0.000         
0.000         
0.000         
0.000         
0.000         
0.000         
0.000         
0.000         
4.172         
0.000         
0.000         
0.000         
0.000         
0.000         
0.000         
0.000         
0.000         
0.000         
4.678         
0.000         
0.000         
0.000         
0.000         
0.000         
0.000         
0.000         
0.000         
0.000         
0.000         
0.000         
0.000         
0.000         
0.000         
0.000         
0.000         
0.000         
0.000         
0.000         
0.000         
0.000         
0.000         
0.000         
0.000         
0.000         
0.000         
0.000         
0.000         
0.000         
0.000         
0.000         
0.000         
0.000         
0.000         
0.000         
0.000         
0.000         
38.039        
59.213        
0.000         
2.262         
0.000         
64.031        
0.000         
0.858         
0.000         
0.000         
0.000         
0.000         
13.589        
14.846        
0.000         
0.000         
18.204        
0.000         
4.670         
0.000         
0.000         
0.000         
0.000         
0.000         
0.000         
0.000         
0.000         
0.000         
0.000         
0.000         
45.069        
0.000         
0.000         
0.000         
0.000         
0.000         
0.000         
0.000         
0.000         
0.000         
0.000         
0.000         
0.000         
0.000         
0.000         
0.000         
0.000         
0.000         
0.000         
0.000         
0.000         
0.000         
0.000         
0.000         
0.000         
0.000         
0.000         
0.000         
0.000         
0.000         
0.000         
0.000         
0.000         
0.000         
0.000         
0.000         
0.000         
0.000         
0.000         
0.000         
0.000         
0.000         
0.000         
0.000         
0.000         
0.000         
0.000         
0.000         
0.000         
0.000         
0.000         
0.000         
0.000         
0.000         
0.000         
0.000         
0.000         
0.000         
0.000         
0.000         
1.261         
0.000         
0.000         
22.077        
0.000         
0.000         
0.000         
0.000         
0.764         
0.000         
0.000         
0.000         
0.000         
0.000         
0.000         
0.000         
0.000         
0.000         
0.000         
0.000         
0.000         
0.000         
0.000         
0.000         
0.000         
0.000         
0.000         
0.000         
0.000         
0.000         
0.000         
0.000         
0.000         
0.000         
0.000         
0.000         
0.000         
0.000         
0.000         
0.000         
0.000         
0.000         
1.058         
0.000         
6.031         
7.316         
0.350         
0.000         
5.740         
0.000         
0.000         
0.000         
0.000         
1.624         
0.000         
0.000         
0.000         
0.000         
0.000         
0.000         
6.477         
98.321        
0.000         
0.000         
0.000         
0.000         
4.030         
0.000         
0.000         
0.000         
0.000         
17.599        
40.912        
7.504         
0.000         
4.084         
0.000         
0.559         
0.000         
1.557         
0.000         
0.000         
0.000         
0.000         
0.000         
0.000         
0.000         
0.000         
0.000         
0.000         
0.000         
0.000         
0.000         
0.000         
0.000         
0.000         
0.000         
0.000         
0.000         
0.000         
0.000         
0.000         
0.000         
1.955         
0.000         
0.000         
0.000         
24.759        
4.389         
4.496         
22.687        
0.000         
0.000         
65.966        
0.000         
11.818        
0.000         
19.100        
0.000         
0.000         
0.000         
0.000         
0.000         
0.000         
0.000         
0.000         
0.000         
0.000         
0.000         
0.000         
0.000         
0.000         
0.000         
0.000         
0.000         
0.000         
0.000         
0.000         
0.000         
0.000         
0.000         
0.000         
0.000         
0.000         
0.003         
0.000         
0.000         
0.000         
0.000         
0.000         
0.000         
0.000         
0.000         
0.000         
0.000         
0.000         
1.047         
0.000         
0.000         
0.000         
0.000         
0.000         
0.273         
0.000         
0.000         
0.000         
0.000         
0.000         
0.000         
0.000         
0.000         
0.000         
0.000         
0.000         
0.000         
0.000         
0.000         
0.000         
0.000         
0.000         
0.000         
0.000         
35.657        
0.000         
0.000         
0.000         
0.000         
0.000         
0.000         
0.000         
0.000         
0.000         
0.000         
0.000         
0.000         
0.000         
0.000         
0.000         
0.000         
0.000         
0.000         
0.000         
0.000         
0.000         
0.000         
0.000         
0.000         
0.000         
0.000         
0.000         
0.000         
0.000         
0.000         
0.000         
0.000         
0.000         
0.000         
0.000         
0.000         
0.000         
0.000         
0.000         
0.000         
0.000         
22.231        
0.000         
0.000         
0.000         
0.000         
0.000         
0.000         
12.626        
0.000         
0.000         
0.000         
0.000         
0.000         
0.000         
0.000         
0.235         
0.000         
0.000         
0.000         
0.000         
0.000         
0.000         
0.000         
0.000         
0.000         
0.000         
0.000         
0.000         
0.000         
0.000         
0.000         
0.000         
0.000         
0.000         
0.000         
0.000         
0.215         
0.000         
0.000         
0.000         
0.000         
0.000         
0.000         
0.000         
19.080        
4.088         
0.000         
0.000         
0.000         
0.000         
0.000         
0.000         
0.300         
30.743        
0.000         
0.000         
0.000         
0.000         
0.000         
0.000         
0.000         
0.000         
0.000         
6.040         
0.000         
0.000         
0.000         
0.000         
0.000         
0.000         
0.000         
0.000         
0.000         
0.000         
0.000         
20.363        
5.563         
0.000         
7.437         
0.000         
0.000         
0.000         
0.000         
0.000         
0.000         
0.000         
0.000         
0.000         
0.000         
0.000         
0.000         
0.000         
0.000         
0.000         
0.000         
0.000         
0.000         
0.000         
6.849         
5.877         
0.000         
0.000         
0.000         
0.000         
0.300         
3.510         
0.000         
0.000         
0.000         
1.592         
0.404         
0.000         
0.000         
0.000         
0.000         
0.000         
0.000         
0.000         
0.000         
0.000         
0.000         
0.324         
0.000         
1.220         
1.353         
0.000         
0.000         
0.000         
0.000         
0.000         
0.000         
0.000         
0.000         
0.000         
0.000         
0.000         
0.000         
0.000         
0.000         
0.000         
0.000         
0.000         
0.000         
0.000         
0.000         
0.000         
0.483         
0.000         
3.827         
1.398         
0.000         
0.000         
0.000         
0.000         
0.000         
0.000         
0.000         
0.000         
0.000         
0.000         
0.000         
0.000         
5.172         
0.000         
0.000         
0.000         
0.000         
0.000         
0.000         
0.000         
0.000         
0.000         
0.000         
0.000         
0.000         
5.441         
0.000         
0.000         
0.000         
0.000         
0.000         
0.000         
3.391         
0.226         
2.401         
1.101         
0.000         
0.000         
1.088         
7.062         
0.094         
0.000         
0.000         
0.000         
0.000         
24.554        
32.988        
0.000         
11.044        
0.000         
8.777         
0.000         
12.304        
0.000         
0.000         
0.000         
2.092         
2.343         
0.000         
0.000         
0.000         
0.000         
0.038         
0.000         
24.517        
0.000         
0.000         
0.000         
0.896         
0.109         
0.000         
0.000         
0.000         
0.000         
0.000         
0.000         
0.000         
0.000         
0.000         
0.000         
0.000         
203.513       
0.000         
5.704         
0.000         
24.989        
0.000         
0.000         
0.000         
1.867         
0.001         
0.000         
0.000         
0.014         
0.000         
1.621         
14.109        
0.000         
1.458         
0.000         
0.000         
0.000         
0.000         
5.781         
0.000         
0.000         
0.000         
0.000         
0.000         
0.000         
0.000         
0.000         
7.562         
0.000         
0.000         
0.000         
0.000         
0.000         
0.000         
0.000         
0.000         
0.000         
0.000         
0.000         
0.000         
0.000         
0.000         
0.000         
0.000         
0.000         
0.000         
0.000         
0.000         
0.000         
0.000         
0.000         
0.000         
0.000         
0.000         
0.000         
0.000         
0.000         
0.000         
0.000         
0.000         
0.000         
0.000         
0.000         
0.000         
19.132        
0.000         
0.000         
0.000         
0.000         
0.000         
0.000         
0.000         
0.000         
0.000         
0.000         
0.000         
0.000         
0.000         
0.000         
0.000         
0.000         
0.000         
0.000         
2.058         
0.000         
0.000         
0.000         
0.000         
0.000         
0.000         
0.000         
0.000         
0.000         
0.000         
0.000         
0.000         
0.000         
0.000         
0.000         
0.000         
0.000         
52.563        
0.000         
0.000         
0.000         
0.000         
0.000         
0.000         
0.000         
0.000         
0.000         
0.000         
0.000         
0.000         
0.000         
0.000         
0.000         
27.049        
0.000         
0.000         
0.000         
0.000         
0.000         
0.000         
0.000         
0.000         
0.000         
0.000         
0.000         
0.000         
0.000         
0.000         
0.000         
0.000         
0.000         
0.000         
0.000         
6.287         
0.000         
0.000         
0.000         
0.000         
0.000         
0.000         
0.000         
0.000         
0.000         
0.000         
0.000         
0.000         
0.000         
0.000         
0.000         
0.000         
14.972        
0.000         
0.000         
0.000         
0.000         
0.000         
0.000         
0.000         
0.000         
0.000         
0.000         
0.000         
0.000         
0.000         
0.000         
0.000         
0.000         
0.000         
0.000         
0.000         
0.000         
0.000         
0.000         
0.000         
0.351         
7.532         
0.000         
0.000         
0.000         
35.494        
0.000         
0.000         
0.000         
0.000         
0.000         
0.000         
0.000         
0.000         
12.126        
0.000         
0.000         
0.000         
34.771        
0.000         
0.000         
0.000         
3.759         
0.000         
0.000         
0.000         
0.000         
0.000         
0.000         
0.000         
0.000         
0.000         
1.643         
0.000         
0.000         
0.000         
0.000         
0.000         
0.000         
0.000         
0.000         
0.000         
0.000         
0.000         
0.000         
0.000         
0.000         
0.000         
0.000         
0.000         
33.996        
0.000         
6.731         
0.928         
0.000         
0.000         
0.000         
0.000         
1.767         
0.678         
0.000         
0.000         
0.000         
0.000         
0.000         
0.680         
2.886         
9.352         
0.000         
9.835         
0.000         
0.000         
0.000         
2.484         
0.000         
0.000         
0.000         
0.000         
0.000         
0.000         
0.000         
0.000         
0.000         
0.000         
0.000         
0.000         
7.681         
4.052         
0.000         
0.000         
0.000         
0.000         
0.000         
0.000         
0.000         
0.290         
0.000         
0.000         
0.809         
5.036         
0.000         
0.000         
0.000         
0.000         
0.000         
0.000         
0.000         
0.000         
0.000         
0.000         
0.817         
0.000         
0.000         
0.000         
0.000         
0.000         
0.000         
0.000         
0.000         
0.000         
0.000         
0.000         
0.000         
11.067        
0.000         
0.000         
0.000         
0.000         
3.608         
2.251         
13.475        
4.096         
0.000         
1.966         
0.000         
7.355         
3.142         
0.000         
0.000         
0.000         
0.000         
0.000         
3.878         
0.000         
4.839         
0.000         
0.000         
6.076         
1.153         
62.581        
0.000         
0.000         
0.000         
0.000         
0.000         
0.000         
0.000         
0.000         
0.000         
0.000         
0.000         
0.000         
0.000         
0.000         
1.146         
26.022        
0.000         
0.000         
0.000         
0.000         
16.506        
0.014         
0.000         
15.140        
0.000         
4.046         
0.000         
0.000         
0.000         
0.000         
1.030         
0.000         
0.000         
0.000         
0.000         
0.000         
0.000         
0.000         
0.000         
0.000         
0.000         
0.000         
0.000         
0.000         
0.000         
3.939         
0.000         
0.000         
0.000         
0.000         
0.000         
0.000         
0.000         
0.000         
0.000         
0.000         
0.000         
0.000         
9.554         
1.498         
0.000         
0.692         
0.000         
8.504         
0.000         
0.000         
0.000         
0.000         
0.000         
0.000         
0.000         
0.000         
0.000         
0.000         
0.000         
0.000         
0.000         
0.000         
0.000         
0.000         
0.000         
0.000         
0.000         
0.000         
0.000         
0.000         
0.000         
0.000         
0.000         
0.000         
0.000         
0.000         
0.000         
0.000         
0.000         
0.000         
0.000         
0.000         
0.000         
0.000         
0.000         
0.000         
0.000         
0.000         
0.000         
17.804        
0.000         
0.000         
0.000         
0.000         
0.000         
0.000         
0.000         
0.000         
0.000         
0.000         
0.000         
0.000         
0.000         
0.822         
0.000         
0.000         
0.000         
0.000         
0.000         
0.000         
0.000         
0.000         
0.000         
0.000         
0.000         
0.000         
0.000         
0.000         
0.000         
0.000         
0.000         
0.000         
0.000         
0.000         
0.000         
0.000         
0.000         
0.000         
0.000         
0.000         
0.000         
0.000         
0.000         
3.735         
0.000         
0.000         
0.000         
0.000         
0.000         
0.000         
0.000         
0.000         
0.000         
0.000         
0.000         
0.000         
0.000         
0.000         
0.000         
0.000         
0.000         
0.000         
0.000         
0.000         
0.000         
0.000         
0.000         
0.000         
0.000         
0.000         
0.000         
0.000         
0.000         
0.000         
0.000         
0.000         
0.000         
0.000         
0.000         
0.000         
0.000         
0.000         
0.000         
0.000         
0.000         
0.000         
0.000         
0.000         
0.000         
0.000         
0.000         
0.000         
0.000         
0.000         
0.000         
0.000         
0.000         
0.000         
0.000         
0.000         
0.000         
0.000         
0.967         
0.000         
0.000         
0.032         
0.000         
0.033         
0.000         
0.000         
0.000         
0.000         
0.000         
0.000         
3.674         
0.000         
0.000         
0.000         
0.000         
0.000         
4.786         
0.000         
39.333        
25.141        
0.000         
0.000         
0.000         
0.000         
0.000         
0.000         
0.000         
0.000         
0.000         
0.000         
0.000         
0.000         
0.000         
0.000         
0.000         
0.000         
18.843        
0.000         
0.000         
1.169         
0.000         
1.121         
0.000         
0.000         
0.000         
0.000         
0.000         
0.000         
0.000         
0.000         
2.675         
0.000         
0.000         
0.000         
0.000         
0.000         
0.000         
0.000         
0.000         
0.000         
0.000         
2.082         
0.000         
0.000         
0.000         
0.997         
0.000         
0.000         
0.000         
0.000         
0.000         
0.615         
0.000         
0.000         
0.000         
0.285         
0.000         
3.523         
0.000         
0.000         
0.000         
0.000         
0.000         
1.040         
0.000         
0.000         
2.647         
0.000         
0.000         
0.000         
0.000         
0.000         
0.000         
0.000         
0.000         
0.000         
0.000         
0.000         
2.858         
0.000         
0.000         
0.000         
0.000         
0.000         
0.000         
0.000         
0.000         
0.000         
0.000         
0.000         
0.000         
0.000         
0.000         
0.000         
0.000         
0.000         
1.573         
0.000         
0.000         
0.000         
0.000         
8.155         
0.000         
0.000         
0.010         
0.000         
0.000         
3.723         
21.901        
0.000         
0.000         
0.779         
0.000         
0.000         
0.000         
2.053         
0.000         
0.184         
0.000         
0.000         
0.000         
0.000         
8.132         
0.000         
0.000         
0.000         
0.000         
0.000         
0.000         
0.000         
0.000         
0.000         
0.000         
0.000         
0.000         
0.000         
0.000         
0.000         
0.000         
0.000         
5.580         
0.000         
9.553         
19.481        
2.918         
2.414         
1.608         
0.159         
36.209        
1.158         
8.414         
0.000         
22.749        
0.306         
26.361        
19.854        
0.000         
0.000         
0.000         
0.000         
0.000         
0.000         
0.000         
10.678        
0.000         
0.000         
0.000         
22.894        
0.000         
0.000         
0.000         
0.000         
0.000         
0.000         
0.000         
0.000         
11.922        
0.000         
0.000         
0.000         
0.000         
0.000         
0.000         
0.000         
0.000         
0.000         
0.000         
6.963         
0.103         
0.000         
10.589        
0.000         
0.000         
0.000         
0.000         
0.000         
1.338         
0.000         
30.176        
130.522       
0.000         
0.004         
0.000         
0.000         
0.010         
0.000         
5.063         
0.000         
0.000         
0.000         
0.000         
0.000         
0.000         
0.000         
18.954        
0.000         
0.000         
0.000         
0.000         
11.724        
0.000         
0.000         
0.000         
0.000         
0.000         
26.243        
0.000         
5.015         
0.000         
0.000         
0.000         
0.000         
0.000         
0.000         
0.000         
0.000         
0.000         
0.000         
0.000         
0.000         
0.000         
0.000         
0.000         
0.000         
0.000         
0.000         
0.000         
0.000         
0.000         
0.000         
0.000         
0.000         
0.000         
0.000         
0.000         
0.000         
0.000         
0.000         
0.000         
0.000         
0.000         
23.382        
0.000         
0.000         
0.000         
0.000         
0.000         
0.080         
0.000         
0.000         
0.046         
0.000         
0.000         
0.000         
0.000         
0.000         
0.000         
0.000         
0.000         
0.000         
0.000         
0.000         
0.000         
0.000         
0.000         
0.000         
0.000         
0.000         
0.000         
0.000         
0.000         
13.832        
0.000         
0.000         
0.000         
28.822        
0.000         
0.000         
0.000         
0.000         
0.000         
0.000         
0.000         
0.000         
0.000         
0.000         
0.000         
0.000         
0.000         
0.000         
0.000         
0.000         
0.000         
0.000         
5.850         
0.000         
0.000         
0.000         
0.000         
0.000         
0.000         
0.000         
0.000         
0.000         
0.000         
0.000         
0.000         
0.000         
2.782         
0.000         
0.000         
0.000         
0.000         
0.000         
0.000         
0.000         
0.000         
0.000         
0.000         
0.000         
0.000         
0.000         
0.000         
0.000         
0.000         
0.000         
0.000         
0.000         
0.000         
0.000         
0.000         
0.000         
0.000         
0.000         
0.000         
17.933        
0.000         
0.000         
0.000         
0.000         
18.007        
0.000         
0.000         
7.472         
0.000         
0.000         
0.000         
0.000         
0.139         
3.197         
0.000         
0.000         
0.000         
0.000         
0.000         
0.000         
0.000         
0.000         
0.000         
0.000         
0.000         
0.000         
0.000         
3.061         
0.000         
0.000         
0.000         
0.000         
0.000         
0.000         
0.000         
0.000         
0.000         
0.000         
0.000         
0.000         
0.000         
0.000         
0.000         
0.000         
0.000         
0.000         
0.000         
0.000         
0.000         
0.000         
0.000         
0.000         
0.393         
0.000         
0.000         
0.000         
0.000         
0.000         
0.000         
0.000         
0.000         
0.000         
0.000         
0.000         
0.162         
2.074         
0.000         
0.000         
0.000         
0.000         
0.000         
0.000         
0.000         
0.000         
0.000         
0.000         
0.000         
0.000         
0.000         
0.000         
24.714        
0.000         
15.186        
0.000         
0.000         
0.000         
0.000         
8.473         
0.000         
2.590         
0.000         
0.000         
0.000         
0.000         
0.000         
1.995         
0.000         
0.000         
0.000         
0.000         
0.000         
0.000         
0.000         
0.000         
0.000         
0.000         
0.000         
0.000         
0.000         
0.000         
0.000         
0.000         
0.132         
0.000         
0.000         
8.803         
0.000         
0.000         
0.000         
9.753         
0.000         
0.000         
0.000         
0.000         
0.404         
0.000         
9.418         
0.000         
12.328        
12.082        
0.000         
0.000         
4.450         
0.000         
0.000         
8.680         
1.926         
0.000         
0.000         
0.000         
4.077         
0.000         
0.000         
0.000         
0.000         
4.488         
0.000         
0.000         
0.000         
0.000         
0.000         
10.019        
14.521        
0.000         
0.036         
0.000         
3.174         
0.000         
0.000         
0.000         
0.000         
0.000         
0.000         
0.000         
20.432        
8.421         
18.199        
4.258         
0.788         
0.000         
0.000         
0.000         
5.897         
0.000         
0.000         
0.000         
18.625        
0.000         
0.000         
24.182        
63.112        
0.000         
11.036        
0.000         
134.023       
4.567         
0.000         
2.003         
11.690        
0.737         
5.200         
0.000         
0.000         
85.381        
24.069        
5.260         
18.636        
10.811        
72.938        
19.054        
30.578        
3.001         
18.510        
102.068       
0.000         
0.000         
0.000         
0.000         
0.000         
0.000         
46.717        
0.000         
0.000         
112.666       
0.000         
2.519         
0.000         
1.814         
0.012         
35.216        
2.841         
0.000         
0.000         
0.000         
89.117        
33.968        
0.000         
0.000         
4.297         
0.000         
0.009         
0.000         
0.000         
0.000         
0.000         
0.000         
0.000         
0.000         
0.000         
0.000         
0.000         
0.000         
0.000         
0.000         
0.000         
0.000         
0.000         
1.989         
0.000         
0.000         
0.000         
0.000         
0.000         
0.000         
0.000         
34.098        
16.654        
0.000         
0.000         
0.000         
0.000         
0.000         
0.000         
0.000         
0.000         
0.000         
0.000         
0.000         
0.000         
0.000         
0.000         
0.000         
0.000         
0.000         
0.000         
0.000         
0.000         
0.000         
0.000         
0.000         
0.000         
0.000         
0.000         
0.000         
0.000         
0.000         
4.652         
0.000         
0.000         
0.000         
0.000         
0.000         
0.000         
0.000         
0.000         
0.000         
0.000         
0.000         
0.000         
0.000         
0.000         
0.000         
0.000         
16.210        
0.000         
0.000         
0.000         
0.000         
0.000         
0.000         
0.000         
0.000         
0.000         
0.000         
0.000         
0.000         
0.000         
0.000         
0.000         
0.000         
0.000         
0.000         
0.000         
0.000         
0.000         
0.000         
0.000         
0.000         
0.000         
0.000         
0.000         
0.000         
0.000         
0.000         
0.000         
0.000         
0.000         
0.000         
0.000         
0.000         
0.000         
0.000         
0.000         
0.000         
0.000         
0.000         
0.000         
0.000         
0.000         
0.000         
0.000         
0.000         
0.000         
0.760         
0.000         
0.318         
0.000         
0.000         
0.000         
0.000         
0.669         
0.000         
0.000         
0.000         
4.754         
0.000         
0.000         
3.396         
0.000         
0.000         
9.581         
0.000         
0.000         
0.000         
0.000         
57.116        
0.000         
0.156         
21.954        
0.000         
4.747         
0.000         
0.000         
0.000         
0.000         
0.000         
0.000         
0.000         
0.000         
1.185         
0.000         
0.000         
0.000         
0.000         
0.000         
5.594         
0.000         
0.000         
0.000         
0.000         
0.000         
0.000         
0.000         
0.000         
0.000         
0.000         
0.000         
0.000         
0.000         
0.000         
0.000         
0.000         
0.000         
0.000         
0.000         
0.000         
0.000         
0.000         
0.000         
0.000         
0.000         
0.000         
0.000         
0.000         
0.000         
0.000         
0.000         
0.000         
0.000         
0.000         
0.000         
0.000         
0.000         
0.000         
0.000         
0.000         
1.626         
0.000         
0.000         
14.829        
0.000         
0.000         
0.000         
0.000         
0.000         
0.000         
0.000         
0.000         
0.000         
0.000         
0.000         
0.000         
0.000         
0.000         
0.000         
8.899         
0.000         
0.000         
0.000         
0.000         
0.000         
0.000         
0.000         
0.000         
0.000         
0.000         
0.000         
0.000         
4.693         
0.000         
0.000         
0.000         
5.517         
0.000         
0.373         
0.918         
0.504         
0.000         
0.932         
3.793         
0.000         
1.966         
0.000         
4.656         
0.000         
15.069        
0.000         
0.000         
0.000         
0.000         
0.000         
0.000         
0.000         
0.000         
0.000         
0.000         
0.000         
0.000         
0.000         
0.000         
0.000         
0.000         
0.000         
0.000         
0.000         
0.000         
0.000         
0.000         
0.004         
0.000         
4.367         
2.868         
8.608         
2.387         
0.000         
0.000         
0.000         
0.000         
0.000         
0.000         
41.374        
42.929        
0.000         
0.000         
0.000         
0.000         
0.000         
23.332        
0.000         
0.000         
0.000         
0.000         
0.000         
0.000         
0.000         
3.572         
0.000         
8.229         
6.032         
23.425        
0.000         
0.000         
1.189         
0.000         
0.000         
2.266         
14.588        
0.000         
0.000         
0.000         
0.000         
0.000         
0.000         
0.000         
0.000         
0.000         
0.000         
0.000         
0.000         
0.000         
0.000         
0.159         
2.751         
0.556         
0.000         
4.033         
6.621         
84.133        
0.000         
0.000         
0.000         
0.000         
0.000         
0.000         
0.000         
0.000         
0.000         
0.000         
0.000         
0.000         
0.000         
27.553        
0.000         
0.000         
0.000         
12.338        
0.000         
6.384         
0.000         
0.000         
0.000         
10.248        
0.000         
0.000         
0.000         
13.050        
0.000         
0.000         
0.000         
0.000         
0.000         
0.000         
0.000         
4.798         
0.000         
0.000         
0.000         
0.000         
0.000         
0.000         
0.000         
0.000         
0.000         
0.000         
0.000         
0.000         
0.000         
0.000         
0.000         
0.000         
0.000         
0.000         
0.000         
0.000         
0.000         
0.000         
0.000         
0.000         
0.000         
0.000         
0.000         
0.000         
0.000         
0.000         
0.000         
0.000         
0.000         
0.000         
0.000         
0.000         
0.000         
0.000         
0.000         
0.000         
0.000         
0.000         
0.000         
0.000         
0.000         
0.000         
0.000         
0.000         
0.000         
0.000         
0.000         
0.000         
0.000         
0.000         
0.000         
0.000         
27.737        
0.000         
0.000         
2.704         
0.000         
0.000         
0.000         
0.000         
0.000         
0.000         
0.000         
4.859         
0.000         
0.000         
0.000         
0.000         
0.000         
0.000         
0.000         
30.979        
0.000         
0.000         
0.000         
0.000         
0.000         
0.000         
0.000         
0.000         
0.000         
1.723         
0.000         
0.000         
0.000         
0.000         
0.000         
0.008         
0.000         
0.000         
0.000         
0.000         
0.000         
0.000         
0.000         
0.000         
0.000         
0.280         
0.000         
0.000         
0.285         
0.000         
0.000         
0.000         
0.000         
0.000         
0.000         
0.000         
0.000         
0.000         
0.000         
0.000         
0.000         
0.000         
0.000         
7.075         
0.000         
0.000         
3.607         
4.222         
1.724         
0.000         
0.000         
0.000         
0.000         
0.977         
0.000         
0.000         
0.498         
5.489         
0.000         
0.000         
0.000         
0.000         
26.548        
0.000         
0.000         
0.000         
0.000         
0.000         
0.000         
0.000         
0.000         
0.000         
0.000         
0.000         
0.000         
0.000         
0.000         
0.000         
0.000         
0.000         
0.068         
0.000         
0.000         
0.000         
0.000         
0.000         
0.000         
0.000         
0.000         
0.627         
1.155         
0.000         
0.000         
0.000         
0.000         
0.000         
0.000         
0.000         
0.000         
0.000         
0.000         
0.000         
0.000         
0.000         
0.000         
0.000         
0.000         
3.668         
0.000         
0.000         
0.000         
0.000         
3.320         
1.727         
0.884         
0.000         
0.495         
1.178         
2.477         
3.166         
1.143         
0.000         
0.000         
0.000         
0.000         
0.000         
0.000         
0.000         
0.000         
0.000         
0.000         
0.000         
0.000         
0.000         
8.274         
0.000         
0.000         
0.000         
0.000         
0.000         
0.000         
0.000         
0.000         
0.000         
0.000         
0.000         
0.000         
0.000         
0.000         
0.000         
0.000         
0.000         
0.000         
0.000         
0.000         
0.000         
3.630         
0.000         
0.004         
0.000         
0.000         
0.000         
42.679        
0.000         
0.000         
0.000         
0.000         
0.000         
0.000         
4.865         
0.000         
0.000         
0.000         
0.000         
0.000         
0.000         
0.000         
0.000         
0.000         
0.000         
0.000         
0.000         
0.000         
0.000         
11.331        
0.000         
0.000         
0.000         
0.000         
0.000         
0.000         
0.000         
0.000         
0.000         
0.000         
0.000         
0.000         
0.000         
1.860         
0.000         
1.314         
0.000         
44.755        
0.156         
0.000         
0.000         
0.000         
0.000         
0.000         
36.514        
102.122       
4.860         
0.000         
0.000         
0.000         
0.000         
0.000         
20.609        
1.824         
7.353         
4.222         
5.220         
4.958         
0.000         
0.000         
0.000         
0.000         
29.372        
0.000         
46.117        
4.113         
11.604        
24.910        
31.313        
0.000         
0.437         
25.147        
62.508        
1.854         
0.000         
0.000         
0.000         
2.823         
0.000         
0.472         
0.000         
0.000         
0.000         
0.000         
0.000         
8.716         
0.000         
0.000         
0.000         
0.000         
0.000         
0.000         
0.000         
0.000         
0.000         
0.000         
0.000         
0.000         
0.000         
0.000         
0.000         
0.000         
0.000         
0.000         
0.000         
0.000         
0.000         
37.996        
32.105        
7.753         
81.613        
0.000         
0.000         
0.000         
0.000         
0.000         
0.000         
0.000         
0.000         
0.000         
0.000         
0.000         
0.000         
0.000         
0.000         
0.000         
0.000         
0.000         
0.000         
0.000         
0.000         
0.000         
0.000         
0.000         
0.000         
0.000         
0.000         
0.000         
0.000         
0.000         
0.000         
0.000         
0.000         
0.000         
0.000         
14.589        
0.000         
4.696         
0.000         
0.000         
0.000         
0.000         
0.000         
0.000         
0.000         
0.000         
0.000         
0.000         
0.000         
0.000         
0.000         
2.950         
0.000         
0.000         
0.000         
0.000         
0.000         
0.000         
0.000         
0.000         
0.000         
0.000         
0.000         
0.000         
0.000         
0.000         
0.000         
0.000         
0.000         
0.000         
0.000         
0.000         
0.000         
0.000         
0.000         
0.000         
118.473       
0.000         
0.000         
0.000         
0.000         
0.000         
0.000         
0.000         
0.000         
0.000         
0.000         
0.000         
0.000         
0.000         
0.000         
0.000         
0.000         
0.000         
0.000         
0.000         
0.000         
0.000         
0.000         
0.451         
0.000         
0.000         
0.000         
0.000         
0.000         
0.000         
0.000         
0.000         
0.000         
0.000         
0.000         
0.000         
0.000         
0.000         
0.000         
0.000         
0.000         
0.000         
0.000         
0.000         
0.000         
0.000         
0.000         
0.000         
0.000         
0.000         
0.000         
0.000         
0.000         
0.000         
0.000         
12.334        
0.000         
8.629         
0.000         
0.250         
0.000         
10.372        
0.000         
12.342        
0.000         
0.000         
0.000         
0.000         
0.000         
4.166         
2.397         
9.829         
8.564         
13.649        
0.000         
0.000         
1.284         
0.000         
0.000         
0.000         
6.298         
3.532         
13.407        
0.000         
0.000         
0.000         
0.000         
0.000         
0.000         
0.000         
0.000         
0.000         
8.680         
0.000         
0.000         
0.000         
0.000         
0.000         
0.000         
0.000         
0.000         
0.000         
0.000         
0.000         
0.000         
0.000         
0.000         
0.000         
0.000         
0.000         
0.000         
0.000         
0.000         
0.007         
0.000         
0.000         
0.000         
0.000         
0.478         
0.000         
0.000         
0.000         
9.971         
1.545         
0.000         
0.000         
0.000         
0.000         
0.000         
0.000         
0.000         
0.000         
0.000         
0.000         
0.000         
0.000         
0.000         
0.000         
0.000         
0.000         
0.000         
0.000         
0.000         
70.610        
0.000         
0.000         
0.000         
0.000         
0.000         
0.000         
0.000         
20.188        
0.000         
0.000         
0.000         
0.000         
0.000         
0.000         
0.000         
0.000         
0.000         
0.996         
0.000         
0.033         
0.000         
0.000         
0.000         
0.000         
0.000         
0.000         
0.000         
0.000         
0.000         
0.000         
0.000         
0.000         
13.325        
0.000         
0.000         
0.000         
0.000         
0.000         
1.876         
0.000         
0.000         
0.000         
0.000         
0.000         
0.000         
0.000         
0.000         
0.000         
0.000         
2.582         
0.000         
0.000         
0.000         
0.000         
0.000         
0.000         
0.000         
0.000         
0.000         
0.000         
57.061        
0.000         
3.859         
3.244         
0.206         
8.343         
0.000         
0.000         
5.063         
0.001         
1.071         
41.321        
0.000         
0.000         
9.122         
10.192        
48.172        
7.886         
29.566        
2.194         
0.001         
0.000         
0.000         
0.000         
0.000         
0.000         
0.000         
0.000         
0.000         
0.000         
27.273        
0.000         
0.000         
0.000         
0.570         
27.916        
0.000         
29.361        
0.000         
0.000         
0.000         
0.000         
6.566         
0.000         
0.000         
0.000         
23.767        
0.000         
0.000         
5.595         
28.732        
87.739        
55.989        
0.604         
2.552         
30.708        
0.000         
0.000         
0.000         
0.000         
0.000         
0.000         
0.000         
0.000         
0.000         
0.000         
0.045         
0.000         
11.394        
0.000         
0.000         
4.326         
14.358        
22.128        
0.000         
13.584        
0.000         
18.270        
0.000         
20.275        
0.000         
0.000         
0.628         
0.000         
0.000         
0.000         
1.832         
0.000         
0.000         
0.000         
0.000         
0.000         
0.000         
0.000         
0.000         
0.000         
0.000         
0.000         
0.000         
0.000         
0.000         
0.000         
0.000         
0.000         
0.000         
0.000         
0.000         
0.000         
0.000         
0.000         
0.000         
0.000         
0.000         
0.000         
0.000         
0.000         
0.000         
0.000         
0.000         
0.000         
0.000         
0.000         
0.000         
0.000         
0.000         
0.000         
0.000         
0.000         
0.000         
0.000         
0.000         
0.000         
7.362         
0.000         
0.000         
0.000         
0.000         
0.000         
0.000         
0.000         
0.000         
0.000         
0.000         
0.000         
0.000         
0.000         
0.000         
0.000         
0.000         
0.000         
0.000         
0.000         
0.000         
0.000         
0.000         
0.000         
0.000         
0.000         
0.000         
4.576         
0.000         
0.000         
0.000         
41.844        
0.000         
0.000         
0.000         
0.000         
19.437        
0.000         
0.000         
0.000         
0.000         
0.000         
0.000         
0.000         
0.000         
0.000         
0.000         
0.000         
0.855         
0.000         
0.000         
0.000         
0.000         
0.000         
0.000         
0.000         
0.000         
0.000         
0.000         
0.000         
0.000         
0.000         
0.000         
0.000         
0.000         
0.000         
0.000         
0.000         
0.000         
0.000         
0.000         
0.124         
0.000         
0.000         
0.000         
0.000         
0.000         
0.000         
0.000         
0.000         
0.000         
0.000         
0.000         
13.976        
0.000         
0.000         
0.000         
0.000         
5.188         
0.000         
0.000         
13.295        
0.000         
0.000         
0.000         
0.000         
0.000         
0.000         
0.000         
0.000         
0.000         
0.000         
0.000         
0.000         
0.000         
0.000         
0.000         
0.000         
0.194         
0.000         
0.000         
0.000         
0.000         
0.000         
0.000         
0.000         
0.000         
0.000         
0.000         
0.000         
0.000         
0.000         
1.694         
0.000         
0.000         
2.159         
0.000         
0.000         
0.000         
0.000         
0.000         
0.000         
0.000         
0.000         
0.000         
0.000         
0.000         
0.000         
0.000         
0.000         
0.000         
0.000         
0.000         
0.000         
0.101         
0.000         
0.000         
0.000         
0.000         
0.000         
0.000         
0.000         
0.000         
6.501         
0.000         
0.000         
0.000         
0.000         
0.000         
0.000         
0.000         
0.000         
0.000         
0.000         
0.000         
0.000         
0.000         
0.000         
0.000         
0.000         
0.000         
6.369         
0.000         
0.000         
0.000         
0.000         
0.000         
0.000         
0.416         
0.000         
0.000         
0.000         
1.768         
0.000         
0.000         
0.000         
0.000         
0.000         
0.000         
0.000         
0.000         
0.000         
0.503         
0.000         
0.000         
0.000         
0.000         
0.000         
52.335        
0.000         
0.000         
0.000         
0.000         
0.000         
0.000         
0.000         
0.000         
4.178         
0.000         
0.000         
0.000         
0.000         
0.000         
0.000         
0.000         
0.000         
0.000         
0.586         
0.000         
0.000         
0.000         
0.050         
0.146         
0.000         
0.856         
0.000         
0.000         
0.000         
3.773         
16.176        
0.000         
31.301        
0.000         
0.112         
0.000         
0.000         
0.000         
0.000         
31.282        
0.000         
0.082         
0.000         
11.425        
4.748         
4.438         
4.167         
20.352        
0.000         
0.000         
0.000         
0.000         
0.000         
0.000         
0.000         
4.859         
1.261         
0.000         
0.474         
0.000         
0.000         
0.000         
0.000         
0.000         
0.000         
0.000         
71.196        
9.851         
98.416        
28.206        
0.000         
20.253        
14.190        
10.771        
2.499         
22.569        
15.830        
16.350        
3.288         
0.000         
3.900         
0.000         
0.000         
0.000         
0.000         
0.000         
0.000         
1.130         
0.000         
0.000         
0.000         
0.000         
0.000         
0.000         
0.000         
0.000         
0.000         
0.000         
0.000         
0.000         
0.000         
0.000         
0.000         
0.000         
0.000         
0.000         
0.000         
0.000         
0.000         
0.000         
0.000         
0.000         
0.000         
0.000         
0.000         
49.563        
0.000         
0.000         
0.000         
0.000         
0.000         
20.276        
0.000         
0.000         
0.000         
0.000         
0.000         
0.000         
0.000         
0.000         
0.000         
0.000         
0.000         
0.000         
0.000         
0.000         
0.000         
0.000         
0.000         
0.000         
0.000         
0.000         
0.000         
0.000         
0.000         
0.000         
1.751         
44.846        
0.000         
0.000         
0.000         
0.000         
0.000         
0.000         
0.000         
0.000         
0.000         
0.000         
0.000         
0.000         
0.000         
0.000         
0.000         
0.000         
0.000         
45.416        
0.000         
0.381         
0.000         
0.000         
5.963         
0.000         
0.000         
0.000         
0.000         
0.000         
0.000         
0.000         
0.000         
0.000         
0.000         
3.001         
0.000         
0.000         
0.000         
0.000         
0.000         
0.000         
10.568        
0.000         
0.000         
0.000         
0.000         
0.000         
7.229         
0.000         
0.000         
0.000         
0.000         
0.000         
0.000         
0.000         
0.000         
0.000         
0.000         
0.000         
0.000         
0.000         
0.000         
0.000         
0.000         
0.000         
0.000         
0.000         
0.000         
0.000         
0.000         
0.000         
