0.000         
0.000         
0.000         
0.000         
0.000         
10.441        
0.000         
0.000         
0.000         
3.478         
0.000         
0.000         
0.000         
0.000         
0.000         
0.000         
0.000         
0.000         
0.000         
0.000         
0.000         
0.000         
0.000         
0.000         
0.000         
0.000         
0.000         
0.000         
0.000         
0.000         
0.000         
0.000         
10.907        
0.000         
0.000         
10.616        
0.000         
0.000         
0.000         
0.000         
0.000         
0.000         
0.000         
0.000         
0.000         
26.529        
0.000         
0.000         
0.000         
0.000         
0.000         
0.000         
22.985        
0.000         
0.000         
19.369        
0.000         
0.000         
0.000         
0.000         
0.000         
0.000         
0.000         
0.000         
0.000         
0.000         
0.000         
3.112         
0.000         
0.000         
0.000         
2.172         
0.000         
0.000         
0.000         
0.000         
1.224         
1.020         
0.000         
0.000         
0.000         
0.000         
0.000         
0.000         
0.000         
0.000         
0.000         
0.000         
0.000         
0.000         
0.000         
0.000         
0.000         
0.000         
0.000         
2.278         
0.000         
0.000         
0.000         
0.000         
0.000         
0.000         
0.000         
0.000         
0.000         
1.125         
0.076         
0.000         
0.000         
0.000         
0.000         
0.000         
0.000         
0.000         
0.407         
9.190         
0.000         
0.000         
2.240         
0.000         
0.000         
0.000         
7.904         
0.000         
7.325         
0.000         
0.000         
1.331         
0.417         
0.000         
0.000         
0.000         
0.000         
0.000         
0.000         
0.000         
0.981         
0.000         
0.000         
12.047        
2.230         
0.000         
0.000         
0.000         
0.000         
0.000         
0.000         
4.337         
0.000         
0.000         
0.000         
45.994        
0.000         
0.000         
0.000         
0.000         
0.000         
0.000         
10.896        
0.354         
0.000         
14.199        
0.000         
0.000         
0.000         
5.513         
0.308         
8.147         
0.000         
3.936         
13.715        
0.000         
0.000         
0.000         
0.000         
0.000         
1.118         
0.000         
0.000         
0.000         
0.000         
0.000         
0.000         
0.000         
0.000         
0.000         
0.000         
0.000         
0.000         
0.000         
0.000         
0.000         
0.000         
0.246         
2.292         
3.403         
0.000         
0.000         
0.000         
9.318         
2.025         
0.000         
26.418        
35.537        
0.000         
0.000         
0.000         
0.000         
0.000         
0.433         
5.123         
0.000         
0.000         
0.000         
0.000         
17.389        
0.000         
0.000         
0.000         
0.000         
0.000         
0.000         
0.000         
0.000         
4.996         
0.000         
0.000         
0.000         
0.000         
0.000         
18.972        
0.000         
0.000         
0.000         
0.000         
2.100         
0.000         
0.000         
0.000         
0.000         
0.000         
0.000         
0.000         
0.000         
0.000         
0.000         
0.000         
0.000         
0.000         
0.000         
0.000         
0.000         
0.000         
0.000         
0.000         
0.000         
0.000         
0.000         
0.000         
0.000         
0.000         
0.000         
0.000         
0.000         
0.000         
0.000         
0.000         
0.000         
0.000         
0.000         
0.000         
0.000         
0.000         
0.000         
0.000         
0.000         
0.000         
0.000         
0.000         
0.000         
35.441        
0.000         
0.000         
0.000         
0.000         
0.000         
0.000         
0.000         
0.000         
0.000         
0.000         
0.000         
22.769        
0.000         
0.000         
0.000         
0.000         
0.000         
0.000         
0.000         
0.000         
0.000         
0.000         
0.000         
0.000         
0.000         
0.000         
0.000         
0.000         
0.000         
0.000         
0.000         
0.000         
0.000         
0.000         
0.000         
0.000         
0.000         
0.000         
0.000         
0.000         
0.000         
0.000         
0.000         
0.000         
0.000         
0.000         
0.000         
0.000         
0.000         
0.000         
0.000         
0.000         
0.000         
0.000         
0.000         
0.000         
26.412        
0.000         
0.000         
0.000         
0.000         
0.000         
0.000         
0.000         
0.000         
0.000         
0.000         
20.077        
0.000         
0.000         
0.000         
0.000         
0.000         
0.000         
0.000         
0.000         
0.000         
0.000         
0.000         
0.000         
0.000         
0.000         
0.000         
0.000         
0.000         
0.000         
0.000         
0.000         
0.000         
0.000         
0.000         
0.000         
0.000         
0.000         
0.000         
0.000         
0.000         
0.000         
0.000         
0.000         
0.000         
0.000         
0.000         
0.000         
0.000         
0.000         
0.000         
0.000         
0.000         
0.000         
0.000         
0.000         
0.000         
0.000         
0.000         
0.000         
0.000         
0.000         
0.000         
10.592        
0.000         
5.000         
0.000         
0.000         
0.000         
0.000         
0.000         
0.000         
0.000         
16.380        
0.000         
0.000         
0.000         
0.000         
10.074        
0.000         
0.000         
0.000         
0.000         
0.000         
0.000         
0.000         
0.000         
0.000         
0.000         
0.000         
0.000         
0.000         
0.000         
0.276         
0.000         
0.000         
0.000         
31.515        
0.000         
9.231         
0.000         
0.000         
0.000         
0.000         
10.733        
0.000         
60.651        
0.000         
0.000         
0.000         
0.000         
0.000         
0.000         
1.330         
0.000         
12.790        
0.000         
0.000         
0.000         
0.000         
0.000         
0.000         
0.000         
0.000         
0.000         
5.689         
0.000         
0.000         
0.000         
0.000         
1.530         
0.000         
0.000         
0.000         
0.000         
0.000         
0.000         
0.000         
0.000         
0.000         
0.000         
0.000         
0.000         
0.000         
0.000         
0.000         
0.000         
0.000         
0.000         
0.000         
0.000         
0.000         
0.000         
0.000         
0.000         
0.000         
0.693         
0.000         
0.000         
0.000         
0.000         
0.000         
0.000         
0.000         
0.000         
0.000         
0.000         
49.376        
0.000         
0.000         
0.000         
0.000         
0.000         
0.000         
0.000         
0.000         
0.000         
0.000         
0.000         
0.000         
0.000         
0.000         
0.000         
0.000         
0.000         
0.000         
0.000         
0.000         
0.000         
0.000         
5.452         
0.000         
1.381         
0.000         
0.000         
0.000         
1.210         
14.809        
0.000         
0.000         
2.634         
0.000         
0.000         
0.000         
0.000         
0.000         
0.000         
0.000         
0.000         
156.957       
0.210         
0.000         
0.000         
23.549        
8.117         
2.041         
13.098        
0.437         
0.000         
0.000         
5.875         
71.005        
0.296         
55.211        
6.310         
48.741        
0.000         
0.000         
0.000         
0.000         
8.181         
32.033        
2.003         
0.000         
0.000         
29.913        
25.750        
2.978         
20.933        
0.000         
0.000         
2.209         
166.034       
144.896       
11.566        
7.860         
0.000         
0.000         
0.000         
0.000         
0.000         
0.000         
0.000         
0.000         
0.000         
0.000         
0.000         
0.000         
0.214         
0.000         
0.000         
1.561         
15.041        
0.000         
88.473        
33.490        
0.587         
46.444        
74.782        
2.539         
55.383        
0.000         
0.000         
0.000         
8.653         
0.000         
2.117         
0.009         
0.003         
13.495        
1.058         
0.000         
0.218         
1.236         
0.000         
4.427         
0.000         
8.563         
0.000         
11.411        
1.371         
3.481         
0.000         
0.000         
0.000         
0.000         
65.969        
4.279         
0.000         
31.063        
0.000         
0.000         
0.000         
0.000         
0.000         
0.000         
0.000         
0.000         
0.000         
0.000         
0.000         
0.000         
0.000         
0.000         
0.000         
0.000         
0.000         
0.000         
0.000         
0.000         
0.000         
0.000         
3.052         
0.000         
0.000         
0.000         
0.000         
0.000         
0.000         
0.000         
0.000         
0.000         
0.000         
0.000         
0.000         
0.000         
0.000         
1.406         
0.000         
0.000         
0.000         
0.000         
0.000         
0.000         
0.000         
0.000         
0.000         
0.000         
0.000         
0.000         
0.000         
0.000         
0.000         
0.000         
0.000         
0.000         
0.000         
0.000         
0.000         
0.000         
0.000         
0.000         
0.000         
0.000         
0.000         
7.498         
0.000         
0.000         
0.000         
0.000         
0.000         
0.000         
9.300         
0.000         
0.000         
0.000         
0.000         
0.000         
0.000         
0.000         
0.000         
0.000         
0.000         
0.000         
0.000         
0.000         
0.000         
0.000         
0.000         
0.000         
5.469         
0.000         
3.946         
0.000         
1.965         
0.000         
0.000         
0.000         
0.000         
0.000         
0.000         
0.000         
0.000         
0.183         
0.000         
0.000         
0.000         
0.000         
0.000         
0.000         
0.000         
0.000         
0.000         
0.000         
0.000         
0.000         
0.000         
0.000         
0.000         
0.000         
0.000         
0.000         
0.000         
0.000         
0.000         
0.000         
0.000         
48.492        
0.000         
0.000         
0.000         
0.000         
0.000         
0.000         
0.000         
0.000         
0.000         
0.000         
0.000         
0.000         
0.000         
0.000         
0.000         
0.000         
0.000         
0.000         
0.000         
0.000         
0.000         
0.000         
0.000         
0.000         
0.000         
0.000         
2.048         
0.000         
0.000         
0.000         
0.000         
0.000         
0.000         
0.000         
0.000         
0.000         
0.000         
0.000         
0.000         
0.112         
1.525         
0.000         
0.000         
2.099         
0.000         
0.000         
0.000         
0.000         
0.000         
0.000         
0.000         
0.000         
0.000         
0.000         
0.000         
0.000         
0.000         
0.000         
0.000         
0.000         
0.000         
0.000         
0.000         
0.000         
0.000         
0.000         
0.000         
0.000         
2.486         
0.000         
0.000         
0.000         
0.000         
0.000         
0.000         
0.000         
0.000         
0.000         
0.000         
0.000         
0.000         
0.000         
0.000         
0.000         
0.000         
0.000         
0.000         
0.000         
4.959         
0.000         
14.624        
0.000         
5.444         
0.000         
0.000         
0.000         
0.000         
0.046         
0.000         
0.613         
0.000         
4.227         
0.000         
0.000         
0.000         
2.117         
0.000         
0.000         
11.540        
0.000         
0.000         
0.000         
4.452         
7.302         
0.000         
0.000         
0.000         
0.000         
0.000         
0.000         
0.000         
0.000         
0.000         
0.000         
0.000         
0.000         
0.000         
0.241         
0.000         
0.000         
0.000         
0.000         
0.000         
0.000         
0.000         
0.000         
17.797        
0.000         
0.000         
0.000         
0.000         
0.000         
0.000         
15.465        
0.000         
0.000         
0.000         
0.626         
20.137        
0.914         
0.000         
6.234         
0.000         
3.682         
0.348         
3.731         
0.000         
2.059         
10.471        
0.091         
0.000         
0.000         
0.000         
0.000         
0.000         
0.000         
16.826        
0.000         
19.804        
0.000         
74.078        
0.000         
0.000         
0.000         
0.000         
0.000         
13.486        
5.594         
23.703        
0.000         
32.361        
0.000         
0.000         
22.136        
93.311        
42.051        
10.604        
253.027       
1.473         
11.089        
0.000         
2.326         
0.000         
19.237        
32.736        
0.000         
76.992        
36.326        
40.219        
25.364        
128.650       
1.385         
53.879        
1.242         
0.000         
15.823        
80.448        
0.000         
0.000         
5.219         
0.023         
4.036         
8.334         
0.000         
0.000         
0.000         
18.191        
0.000         
0.000         
0.000         
0.000         
0.000         
0.000         
0.000         
0.000         
86.063        
3.229         
0.000         
0.000         
0.000         
0.000         
0.000         
0.000         
0.000         
0.000         
65.207        
42.834        
0.000         
0.000         
0.000         
0.000         
0.000         
3.777         
0.000         
0.000         
0.000         
0.000         
0.000         
0.000         
0.000         
0.000         
0.000         
0.000         
0.000         
0.000         
0.000         
0.000         
0.000         
0.000         
0.000         
0.000         
0.000         
0.000         
0.000         
0.000         
0.000         
0.000         
0.000         
0.000         
0.000         
0.000         
0.000         
0.000         
0.000         
0.000         
0.000         
0.000         
0.000         
0.000         
0.000         
0.000         
0.000         
0.000         
0.000         
0.000         
0.000         
0.000         
0.000         
0.000         
0.000         
0.000         
0.000         
0.000         
0.000         
0.000         
0.000         
0.000         
0.000         
0.000         
0.000         
24.090        
0.000         
0.000         
0.000         
0.000         
0.000         
0.000         
0.000         
0.000         
0.000         
0.000         
0.000         
0.000         
0.000         
0.000         
0.000         
0.000         
0.000         
0.000         
0.000         
0.000         
0.000         
0.000         
0.000         
0.000         
0.000         
0.000         
0.000         
0.000         
0.000         
0.000         
0.000         
1.301         
0.000         
13.236        
12.178        
0.000         
0.000         
0.000         
0.000         
0.000         
0.000         
0.000         
0.000         
0.000         
0.000         
0.000         
0.000         
0.017         
0.000         
0.000         
8.173         
0.000         
0.482         
0.000         
0.000         
0.000         
0.000         
0.000         
0.000         
0.000         
0.000         
0.000         
0.000         
0.000         
0.000         
0.000         
0.000         
0.000         
5.106         
0.000         
0.000         
0.000         
0.000         
19.907        
0.000         
0.000         
0.000         
0.000         
18.494        
0.000         
0.000         
0.000         
0.000         
0.000         
0.000         
0.000         
0.000         
0.000         
0.000         
0.000         
0.000         
1.013         
0.000         
0.230         
0.000         
0.000         
0.080         
0.000         
0.000         
0.000         
0.001         
0.000         
0.000         
0.000         
0.000         
0.000         
0.000         
0.000         
0.000         
0.416         
0.000         
0.000         
0.000         
0.000         
6.211         
1.505         
0.000         
0.000         
1.545         
0.000         
0.000         
0.000         
0.000         
0.000         
0.000         
3.220         
0.000         
4.084         
0.000         
0.000         
3.077         
0.000         
0.000         
0.000         
2.441         
0.000         
0.000         
0.000         
0.787         
0.000         
0.000         
0.000         
0.000         
0.000         
0.000         
0.000         
0.000         
0.000         
0.000         
0.000         
0.000         
0.000         
0.010         
0.000         
0.000         
0.000         
0.000         
0.000         
0.000         
0.000         
0.000         
0.000         
0.000         
0.000         
0.000         
0.000         
24.641        
0.000         
0.000         
0.000         
0.000         
0.000         
0.000         
0.000         
0.000         
0.000         
0.000         
0.000         
0.000         
0.000         
0.000         
0.000         
0.000         
0.000         
0.000         
0.000         
0.000         
0.000         
0.000         
0.000         
0.000         
0.000         
0.000         
0.000         
0.000         
0.000         
0.000         
0.000         
1.297         
0.000         
43.571        
0.000         
0.000         
0.000         
0.000         
0.000         
0.000         
0.000         
0.000         
0.000         
0.000         
0.000         
26.945        
0.000         
10.629        
0.000         
0.000         
0.000         
0.000         
0.000         
0.000         
0.008         
4.580         
0.000         
1.656         
2.736         
10.422        
21.414        
0.000         
0.000         
0.000         
0.001         
0.773         
0.000         
0.000         
0.000         
0.000         
0.000         
0.000         
0.000         
1.131         
0.000         
7.808         
10.683        
7.031         
0.000         
0.000         
0.000         
0.000         
16.472        
5.473         
24.843        
5.319         
7.343         
19.745        
14.841        
0.000         
0.000         
0.000         
2.654         
0.000         
0.000         
0.000         
45.450        
0.000         
0.204         
13.279        
0.000         
0.000         
0.000         
0.000         
0.000         
0.000         
0.000         
0.000         
0.000         
0.000         
0.000         
0.000         
0.000         
0.000         
0.000         
0.000         
0.000         
0.000         
0.000         
0.000         
0.000         
0.000         
0.000         
0.000         
0.000         
10.195        
0.000         
0.000         
0.000         
0.000         
0.000         
0.000         
0.000         
0.180         
0.074         
0.000         
0.000         
0.000         
0.000         
0.000         
0.000         
0.000         
0.000         
0.000         
0.000         
0.000         
0.000         
0.000         
0.000         
0.000         
0.000         
0.000         
0.000         
0.000         
0.000         
0.000         
0.000         
0.000         
0.000         
0.000         
0.000         
0.000         
0.000         
0.000         
0.000         
0.000         
0.000         
0.000         
0.000         
0.000         
0.000         
0.000         
0.000         
0.000         
0.000         
0.000         
0.000         
0.000         
0.000         
0.000         
0.000         
0.000         
0.000         
0.000         
0.000         
0.000         
0.000         
0.000         
0.000         
0.000         
0.000         
0.000         
0.000         
0.000         
6.871         
0.000         
0.000         
0.000         
0.000         
0.000         
0.000         
0.000         
0.000         
0.000         
0.000         
0.000         
0.000         
0.000         
0.000         
0.000         
0.000         
0.000         
0.000         
0.000         
25.771        
0.000         
0.000         
17.157        
0.000         
9.468         
0.000         
0.000         
0.000         
0.000         
19.392        
0.000         
0.000         
0.000         
0.000         
0.000         
0.000         
0.000         
4.608         
0.000         
0.000         
0.000         
0.000         
0.000         
0.000         
0.000         
0.000         
0.000         
0.000         
0.000         
0.000         
0.000         
0.000         
0.000         
0.000         
0.000         
2.337         
0.000         
0.000         
0.000         
0.000         
0.000         
0.000         
0.000         
0.000         
0.000         
0.000         
7.521         
0.000         
0.000         
0.000         
0.000         
0.000         
0.000         
0.000         
1.919         
0.000         
0.000         
0.000         
0.000         
0.000         
0.000         
0.000         
1.867         
0.000         
0.000         
3.988         
0.000         
46.878        
7.847         
0.000         
0.000         
0.000         
0.000         
0.000         
0.000         
0.000         
0.000         
0.000         
0.000         
0.000         
0.000         
0.000         
39.698        
0.000         
0.000         
0.000         
0.000         
0.000         
11.812        
0.000         
0.000         
0.000         
0.000         
0.000         
0.000         
0.000         
33.924        
0.000         
0.000         
0.000         
3.167         
0.000         
0.000         
23.768        
0.000         
4.910         
4.463         
0.000         
0.000         
0.000         
0.000         
4.510         
0.000         
0.000         
0.000         
0.000         
0.000         
0.000         
25.002        
0.000         
1.254         
0.000         
0.000         
0.000         
0.000         
0.000         
0.000         
0.000         
1.667         
0.000         
0.000         
0.000         
0.000         
0.000         
7.243         
0.000         
0.000         
2.537         
20.119        
0.000         
0.000         
0.000         
0.000         
0.000         
0.000         
0.000         
0.000         
0.000         
0.000         
0.000         
0.000         
0.000         
0.000         
0.000         
0.000         
0.000         
0.000         
0.000         
0.000         
0.000         
0.000         
0.000         
0.000         
0.000         
0.000         
0.000         
0.000         
0.000         
0.968         
0.000         
0.000         
0.000         
0.000         
0.000         
0.000         
0.000         
0.000         
0.000         
0.000         
0.000         
0.000         
0.518         
0.000         
0.000         
0.000         
0.000         
0.000         
0.000         
0.000         
0.000         
0.000         
0.000         
0.000         
28.039        
65.665        
1.520         
0.000         
7.597         
0.000         
0.000         
0.000         
0.000         
0.000         
0.284         
28.809        
1.671         
0.000         
4.781         
0.000         
27.949        
0.000         
0.000         
0.000         
0.000         
2.958         
147.230       
7.474         
6.610         
0.000         
0.000         
0.000         
0.000         
0.000         
0.000         
0.000         
0.000         
0.000         
0.000         
0.000         
13.753        
0.000         
5.818         
4.513         
0.000         
0.000         
1.353         
6.959         
0.000         
2.685         
2.671         
0.000         
0.000         
0.000         
0.000         
0.000         
0.000         
0.000         
0.000         
0.000         
0.000         
0.000         
0.000         
0.000         
0.000         
0.000         
0.000         
0.000         
0.000         
0.000         
0.000         
0.000         
0.000         
0.000         
0.000         
0.000         
0.000         
0.000         
0.000         
0.000         
0.000         
0.000         
0.000         
0.000         
0.000         
0.000         
0.000         
0.000         
0.000         
0.000         
0.000         
0.000         
0.000         
0.000         
0.000         
0.322         
0.000         
0.000         
0.000         
0.000         
0.000         
0.000         
0.000         
0.000         
0.000         
0.000         
0.000         
15.510        
0.000         
0.000         
0.000         
0.000         
0.000         
0.000         
0.000         
0.000         
0.000         
0.000         
0.000         
0.000         
0.000         
9.982         
0.000         
0.000         
0.000         
0.000         
0.000         
7.020         
0.000         
0.000         
0.000         
0.000         
0.000         
0.000         
0.000         
0.000         
0.000         
0.000         
0.000         
0.000         
0.000         
0.000         
0.000         
0.000         
0.000         
0.000         
0.000         
0.000         
0.000         
0.000         
0.000         
0.000         
0.000         
0.000         
0.000         
0.000         
0.000         
0.000         
0.000         
0.000         
0.000         
0.000         
0.000         
0.000         
0.000         
0.000         
0.000         
0.000         
0.000         
0.000         
0.000         
86.660        
0.000         
0.000         
0.000         
0.000         
0.000         
0.000         
0.000         
0.000         
0.000         
0.000         
0.000         
0.000         
0.000         
0.000         
0.000         
0.000         
0.000         
0.000         
0.000         
0.319         
5.469         
4.720         
0.000         
0.000         
0.000         
0.000         
0.000         
0.000         
0.000         
0.000         
0.000         
0.000         
0.000         
0.001         
0.000         
0.000         
0.000         
0.000         
0.000         
0.000         
0.000         
0.000         
0.000         
0.000         
0.000         
0.000         
0.000         
0.000         
3.253         
0.000         
0.000         
0.000         
12.650        
0.000         
0.000         
0.000         
0.000         
0.000         
13.959        
0.000         
11.084        
6.996         
0.000         
0.000         
0.000         
0.000         
13.592        
0.000         
74.440        
0.000         
0.000         
0.000         
0.000         
8.779         
51.815        
0.000         
0.000         
0.000         
0.000         
0.000         
0.000         
0.000         
0.000         
0.000         
0.000         
0.000         
0.000         
0.108         
0.773         
9.062         
0.061         
0.000         
0.000         
0.769         
0.000         
0.000         
0.000         
1.457         
0.515         
0.000         
0.000         
0.000         
0.013         
0.000         
0.000         
0.079         
0.790         
2.698         
0.000         
0.912         
0.685         
0.000         
0.400         
0.000         
0.000         
0.000         
6.577         
0.000         
2.093         
0.000         
0.000         
0.000         
3.641         
0.000         
0.000         
1.391         
0.000         
3.765         
0.000         
0.000         
0.000         
0.000         
0.057         
0.000         
0.000         
0.000         
0.000         
14.698        
0.000         
0.000         
0.000         
0.000         
0.000         
0.000         
0.000         
0.000         
0.000         
11.752        
0.000         
0.000         
3.221         
0.000         
0.000         
4.908         
0.000         
14.089        
0.000         
0.000         
0.000         
0.000         
0.000         
0.000         
0.000         
0.000         
0.000         
0.000         
0.000         
0.000         
0.000         
0.000         
0.000         
0.000         
0.000         
0.000         
0.000         
0.000         
0.000         
0.000         
0.000         
0.000         
0.000         
0.000         
0.000         
0.000         
0.000         
0.000         
0.000         
0.000         
0.000         
0.000         
8.282         
0.961         
0.000         
0.000         
0.000         
0.000         
0.000         
0.000         
4.913         
0.000         
0.000         
16.601        
0.000         
70.307        
0.000         
0.000         
0.000         
4.231         
0.000         
1.563         
0.000         
2.774         
0.000         
0.035         
5.740         
0.157         
0.000         
6.834         
0.000         
0.000         
0.000         
0.000         
0.000         
0.000         
0.000         
18.491        
0.000         
14.109        
0.000         
0.000         
0.000         
0.000         
0.000         
16.971        
4.427         
0.000         
0.000         
3.101         
0.000         
7.643         
0.000         
8.928         
0.000         
0.000         
0.000         
36.131        
0.000         
0.621         
0.000         
0.000         
0.000         
0.000         
3.523         
0.000         
71.442        
28.046        
0.000         
0.000         
0.000         
0.000         
0.000         
0.000         
5.144         
0.000         
0.000         
0.000         
11.058        
0.000         
0.571         
0.000         
0.000         
0.197         
0.000         
0.000         
22.705        
2.294         
0.000         
0.000         
0.000         
0.000         
0.000         
0.000         
0.000         
0.000         
0.000         
0.000         
0.122         
0.019         
29.944        
0.000         
0.000         
0.000         
0.000         
0.000         
0.000         
0.000         
0.000         
0.000         
0.000         
0.000         
0.000         
0.000         
0.000         
0.000         
0.000         
0.000         
0.000         
0.000         
0.000         
0.000         
0.000         
0.000         
0.000         
0.000         
0.000         
0.000         
0.000         
0.000         
0.152         
0.000         
4.445         
0.000         
0.000         
0.000         
0.000         
0.000         
0.000         
0.000         
0.000         
0.000         
0.000         
0.000         
0.000         
0.000         
0.000         
0.000         
0.000         
0.000         
3.160         
0.000         
0.000         
0.000         
0.000         
0.000         
0.000         
0.000         
0.000         
0.000         
0.000         
0.000         
0.000         
0.000         
0.000         
0.576         
0.000         
0.000         
0.000         
0.000         
0.000         
0.000         
35.994        
0.000         
0.000         
0.000         
0.000         
0.000         
0.000         
0.000         
0.000         
0.000         
0.000         
0.000         
0.000         
0.000         
0.000         
0.000         
0.000         
0.000         
0.000         
0.000         
0.000         
0.000         
0.000         
0.000         
0.000         
0.000         
0.000         
0.000         
0.000         
0.000         
0.000         
0.000         
0.000         
0.000         
0.000         
0.000         
0.000         
0.000         
0.000         
0.000         
0.000         
0.000         
0.000         
0.000         
0.000         
0.000         
0.000         
0.000         
0.000         
0.000         
0.000         
0.862         
0.000         
13.145        
0.000         
9.302         
0.000         
0.000         
0.000         
2.869         
0.000         
0.000         
0.000         
0.000         
0.000         
0.000         
0.000         
0.000         
0.000         
0.000         
14.553        
0.000         
0.000         
0.000         
50.762        
0.000         
0.000         
0.000         
0.000         
0.000         
0.000         
0.000         
0.000         
0.000         
0.000         
0.000         
0.000         
0.000         
0.000         
0.000         
0.000         
0.000         
0.000         
0.000         
0.000         
0.000         
0.000         
0.000         
0.000         
0.000         
0.000         
0.000         
0.000         
0.000         
0.000         
0.000         
0.000         
0.000         
0.000         
0.649         
0.000         
4.220         
2.372         
0.000         
0.000         
0.000         
0.000         
0.000         
0.000         
0.000         
0.000         
0.000         
0.000         
0.000         
0.000         
0.000         
0.000         
0.000         
0.000         
0.000         
0.000         
0.000         
0.000         
0.000         
1.708         
0.000         
0.000         
0.000         
0.000         
0.000         
0.000         
0.000         
0.000         
0.000         
0.000         
0.000         
0.000         
0.000         
1.147         
0.000         
0.000         
0.000         
0.000         
0.000         
0.000         
0.000         
0.000         
0.000         
0.000         
0.000         
0.000         
0.000         
0.000         
0.000         
3.908         
0.048         
4.467         
0.000         
0.000         
0.000         
0.000         
0.000         
0.000         
0.000         
1.493         
7.185         
0.000         
0.000         
0.000         
0.000         
0.000         
0.000         
6.498         
0.000         
0.000         
6.752         
0.000         
0.129         
0.000         
0.000         
0.369         
0.000         
0.000         
0.000         
0.000         
23.970        
1.382         
0.000         
0.000         
1.683         
0.000         
0.000         
0.000         
0.000         
0.641         
1.442         
0.000         
3.414         
0.000         
7.095         
0.480         
0.000         
0.000         
27.722        
28.772        
0.000         
0.000         
0.000         
0.000         
2.229         
0.000         
9.561         
6.693         
56.025        
0.000         
0.700         
0.000         
0.000         
0.000         
0.000         
0.000         
0.001         
19.095        
0.000         
18.373        
32.230        
0.000         
0.000         
0.000         
0.000         
0.000         
0.000         
0.000         
3.085         
70.724        
30.406        
0.000         
5.932         
0.000         
0.000         
0.000         
0.000         
0.000         
0.000         
0.323         
0.000         
0.000         
1.628         
0.000         
0.000         
2.598         
2.893         
0.000         
0.000         
0.288         
0.000         
22.907        
0.000         
0.000         
0.000         
0.000         
0.000         
0.000         
31.053        
14.570        
0.000         
0.000         
0.000         
0.000         
0.000         
0.000         
0.000         
0.000         
0.000         
0.000         
0.000         
0.000         
0.000         
0.000         
3.961         
0.003         
12.412        
0.000         
0.000         
0.000         
0.000         
0.000         
0.000         
0.000         
0.000         
0.000         
0.000         
0.000         
0.000         
0.000         
0.000         
0.000         
0.000         
0.000         
0.000         
0.000         
0.000         
0.000         
0.000         
0.000         
0.000         
0.000         
0.000         
0.000         
0.000         
0.000         
0.000         
0.000         
18.396        
0.000         
0.000         
0.000         
0.000         
0.280         
0.000         
0.000         
0.000         
0.000         
0.000         
0.000         
0.000         
0.000         
0.000         
0.000         
0.000         
0.000         
0.000         
7.165         
0.000         
0.000         
0.000         
0.000         
0.000         
0.000         
0.000         
0.000         
51.146        
0.000         
0.000         
0.000         
0.000         
0.000         
33.256        
0.000         
0.000         
0.000         
0.000         
0.000         
0.000         
0.000         
0.000         
0.000         
0.000         
0.000         
0.000         
0.000         
0.000         
0.000         
0.000         
0.000         
0.000         
0.000         
0.000         
0.000         
0.000         
0.000         
0.000         
0.000         
0.000         
8.075         
0.000         
6.979         
0.000         
0.000         
0.000         
0.000         
0.000         
0.000         
0.000         
0.000         
0.000         
0.000         
0.000         
0.000         
0.000         
0.000         
0.214         
0.000         
0.000         
0.731         
0.000         
0.000         
0.000         
0.000         
0.000         
0.000         
0.000         
0.000         
0.000         
0.000         
0.000         
0.000         
0.000         
0.000         
0.000         
0.000         
0.000         
0.000         
1.225         
0.000         
0.000         
0.000         
0.000         
1.465         
0.000         
0.000         
0.000         
0.000         
37.579        
0.000         
0.000         
0.000         
8.475         
0.000         
6.546         
0.000         
0.000         
0.000         
0.000         
0.000         
0.000         
0.000         
0.000         
0.000         
0.000         
0.000         
0.000         
0.000         
0.000         
0.000         
0.000         
0.000         
0.000         
0.000         
0.000         
0.000         
0.000         
0.000         
0.000         
0.000         
0.000         
0.000         
0.000         
8.071         
0.000         
0.000         
3.391         
0.000         
0.000         
0.000         
0.000         
0.000         
0.000         
0.000         
0.000         
0.000         
0.000         
0.000         
0.000         
0.000         
0.000         
0.000         
0.445         
0.000         
0.000         
0.000         
0.000         
0.000         
0.000         
0.000         
0.000         
0.000         
0.000         
0.000         
0.000         
0.000         
11.755        
0.000         
0.000         
0.000         
0.000         
1.855         
0.000         
0.000         
0.000         
0.000         
0.000         
0.000         
0.000         
0.000         
0.000         
0.000         
0.000         
1.712         
0.000         
0.000         
0.000         
19.289        
0.000         
0.000         
0.000         
0.000         
0.000         
0.000         
0.000         
0.140         
0.000         
0.000         
0.000         
0.000         
0.000         
0.000         
0.000         
0.000         
0.000         
0.000         
0.000         
0.000         
0.000         
0.000         
0.000         
0.000         
0.000         
55.840        
0.000         
0.000         
0.000         
0.000         
0.000         
0.000         
18.372        
0.000         
0.000         
0.000         
0.000         
0.000         
0.000         
9.126         
0.000         
0.000         
0.000         
0.000         
4.455         
0.000         
0.000         
7.893         
9.950         
0.000         
0.000         
0.669         
1.269         
50.344        
1.840         
0.000         
0.000         
1.560         
0.000         
0.000         
0.000         
0.000         
0.008         
0.000         
10.227        
0.000         
0.000         
9.956         
0.000         
7.115         
5.302         
6.480         
13.813        
0.000         
0.000         
1.080         
22.425        
56.639        
15.035        
0.000         
0.000         
0.000         
0.000         
0.000         
1.257         
0.000         
0.000         
0.000         
0.061         
0.000         
1.930         
0.000         
0.000         
0.000         
0.000         
0.003         
5.327         
0.000         
0.000         
0.000         
0.000         
0.000         
13.679        
0.000         
40.326        
0.000         
0.000         
0.005         
0.000         
0.286         
37.310        
13.321        
8.591         
16.551        
5.732         
0.000         
0.000         
0.000         
5.845         
0.000         
14.101        
2.355         
0.000         
3.709         
1.374         
28.838        
2.465         
0.000         
0.000         
0.000         
0.000         
0.000         
0.000         
0.000         
0.000         
8.948         
0.000         
0.000         
0.000         
0.000         
0.000         
0.000         
0.000         
0.334         
0.000         
0.000         
0.000         
0.000         
0.000         
0.000         
0.000         
0.000         
0.000         
0.000         
0.000         
0.000         
0.000         
0.000         
0.000         
0.000         
0.000         
0.000         
0.000         
0.000         
0.000         
0.000         
0.000         
0.000         
0.000         
0.000         
0.000         
0.000         
0.000         
0.000         
0.000         
0.000         
0.000         
0.000         
0.000         
0.000         
0.000         
0.000         
0.000         
0.000         
0.000         
0.000         
0.000         
0.000         
0.000         
0.000         
0.000         
0.000         
0.000         
0.000         
0.000         
0.000         
0.000         
0.000         
0.000         
0.000         
0.000         
0.000         
0.000         
0.000         
0.000         
0.000         
0.000         
0.000         
0.000         
0.000         
0.000         
6.434         
0.000         
0.000         
0.000         
0.000         
0.000         
0.000         
0.000         
0.000         
0.000         
0.000         
0.000         
0.000         
0.000         
0.000         
0.000         
0.000         
0.000         
2.276         
2.311         
0.000         
0.000         
0.000         
0.000         
0.000         
0.000         
24.647        
0.352         
0.000         
0.000         
0.000         
0.000         
0.000         
0.000         
0.000         
0.000         
0.000         
0.000         
0.000         
0.000         
0.000         
0.000         
0.000         
0.000         
0.000         
0.000         
0.000         
0.000         
0.000         
0.000         
1.648         
0.000         
0.000         
0.000         
0.000         
0.000         
0.000         
0.000         
1.971         
5.347         
0.000         
0.000         
4.524         
0.000         
0.000         
0.000         
0.000         
0.000         
9.683         
27.210        
0.000         
0.000         
0.000         
0.000         
0.000         
0.000         
0.000         
0.000         
0.000         
0.033         
0.000         
0.000         
0.000         
0.000         
0.000         
0.000         
0.000         
0.000         
0.000         
0.000         
0.000         
0.000         
0.000         
0.000         
0.000         
0.000         
0.000         
0.000         
0.000         
0.000         
0.000         
0.000         
0.000         
0.000         
0.000         
0.000         
0.000         
0.000         
0.000         
0.000         
0.000         
0.000         
12.809        
0.000         
0.000         
0.000         
0.000         
0.000         
0.000         
0.000         
0.000         
0.000         
0.000         
0.000         
0.000         
0.000         
0.000         
0.000         
0.000         
0.000         
0.000         
0.000         
0.000         
0.000         
0.000         
4.619         
0.000         
0.000         
0.000         
0.000         
0.000         
0.000         
0.000         
0.000         
0.000         
0.000         
0.000         
0.000         
0.000         
0.000         
0.000         
0.000         
0.807         
0.000         
0.000         
0.000         
0.000         
0.000         
0.000         
0.000         
0.000         
0.000         
0.000         
0.000         
0.000         
0.577         
0.000         
0.237         
0.000         
0.000         
0.000         
0.000         
0.000         
0.000         
0.000         
0.000         
0.000         
0.000         
0.000         
0.000         
0.000         
19.779        
1.145         
0.000         
0.000         
0.000         
9.408         
0.000         
0.651         
0.000         
0.000         
0.000         
6.811         
0.000         
0.000         
0.000         
0.000         
0.000         
0.000         
0.000         
0.000         
0.000         
0.000         
8.638         
49.698        
28.736        
12.861        
0.000         
0.000         
0.000         
45.502        
0.000         
23.742        
5.344         
3.571         
2.017         
9.293         
0.000         
0.352         
94.597        
36.706        
2.254         
8.952         
0.308         
0.000         
0.000         
0.000         
0.000         
0.000         
0.000         
0.000         
0.000         
0.000         
0.000         
0.000         
8.437         
0.000         
0.000         
0.000         
2.146         
0.000         
14.718        
12.303        
0.000         
0.000         
0.000         
9.249         
0.000         
0.000         
0.990         
0.000         
0.000         
0.000         
12.073        
4.046         
48.131        
6.946         
0.000         
91.357        
3.933         
0.000         
0.000         
0.000         
0.000         
0.000         
0.000         
35.489        
0.000         
0.000         
0.000         
17.207        
0.000         
0.000         
27.966        
0.000         
0.000         
0.000         
0.000         
0.000         
0.000         
10.827        
0.000         
0.000         
0.000         
0.000         
0.000         
81.439        
18.010        
0.954         
0.000         
0.000         
0.000         
0.000         
0.720         
0.000         
0.000         
0.483         
0.000         
0.000         
0.000         
0.000         
0.000         
0.000         
0.000         
0.000         
0.000         
0.000         
0.000         
0.000         
0.000         
0.000         
0.000         
0.000         
0.000         
0.000         
0.000         
0.000         
13.561        
26.394        
0.000         
0.000         
0.000         
0.000         
0.000         
0.000         
0.000         
0.000         
0.000         
0.000         
0.000         
0.000         
0.000         
0.000         
0.000         
0.000         
0.000         
0.000         
0.000         
0.000         
0.000         
0.000         
0.000         
0.000         
0.000         
0.000         
0.000         
0.000         
0.000         
0.000         
0.000         
0.000         
0.000         
0.000         
0.000         
0.000         
0.000         
0.000         
0.000         
0.000         
0.740         
0.000         
0.000         
0.000         
0.000         
0.000         
0.000         
0.000         
0.000         
0.000         
17.533        
0.000         
4.255         
0.000         
0.000         
0.000         
0.000         
0.000         
0.000         
0.000         
0.000         
0.000         
0.000         
0.000         
0.000         
1.321         
0.000         
0.000         
0.000         
0.000         
0.000         
0.000         
0.000         
0.000         
0.000         
0.000         
0.000         
0.000         
0.000         
0.000         
0.000         
0.000         
0.000         
1.251         
0.000         
0.000         
0.000         
0.000         
0.000         
0.000         
0.000         
0.000         
0.000         
7.784         
0.000         
8.858         
0.000         
0.000         
0.000         
0.000         
0.000         
0.000         
0.000         
0.000         
0.000         
0.000         
13.700        
0.000         
2.594         
0.000         
0.000         
0.000         
13.805        
0.000         
11.286        
0.000         
0.000         
29.089        
0.000         
0.000         
0.000         
0.000         
0.000         
0.000         
2.289         
0.000         
0.000         
0.000         
0.000         
0.000         
0.000         
0.000         
0.000         
0.000         
0.000         
0.000         
8.496         
0.000         
0.000         
0.000         
0.000         
0.000         
0.000         
0.000         
6.149         
0.000         
0.000         
0.000         
0.000         
0.000         
0.000         
0.000         
0.000         
0.000         
0.000         
0.380         
0.000         
0.000         
0.000         
0.000         
0.000         
0.000         
0.000         
0.000         
0.000         
0.000         
0.000         
0.000         
0.000         
0.000         
0.000         
0.000         
0.000         
0.000         
0.000         
0.000         
0.340         
0.000         
0.000         
0.873         
0.000         
0.000         
0.000         
0.000         
0.000         
0.000         
0.000         
7.817         
0.000         
0.000         
0.000         
0.000         
0.000         
0.000         
0.000         
0.000         
0.000         
0.000         
0.000         
0.000         
0.000         
0.000         
0.000         
0.000         
0.000         
0.000         
0.000         
1.179         
0.000         
0.000         
0.000         
0.000         
0.000         
0.000         
0.000         
0.000         
0.000         
0.000         
0.000         
0.000         
0.000         
0.000         
0.000         
0.000         
0.000         
0.596         
0.000         
0.000         
0.000         
0.000         
0.000         
0.000         
0.000         
0.000         
1.343         
5.534         
4.200         
0.000         
0.494         
0.000         
5.405         
0.000         
0.000         
0.000         
0.000         
0.000         
0.000         
0.000         
0.000         
0.000         
0.000         
0.000         
0.000         
0.000         
0.000         
0.000         
0.000         
0.000         
0.000         
0.000         
0.000         
0.000         
0.000         
0.000         
0.000         
0.000         
0.000         
0.000         
0.000         
0.000         
0.000         
0.096         
0.000         
0.000         
0.000         
4.641         
0.000         
0.000         
0.000         
18.481        
0.000         
5.966         
5.832         
65.612        
58.350        
30.105        
13.708        
0.000         
0.000         
7.831         
0.004         
0.000         
0.000         
0.000         
0.000         
0.000         
0.000         
0.057         
2.814         
0.000         
7.552         
0.000         
50.779        
0.000         
6.527         
0.000         
0.000         
0.000         
0.000         
0.000         
0.000         
0.000         
0.000         
0.000         
0.000         
18.602        
0.000         
0.000         
0.000         
0.000         
0.000         
0.000         
0.000         
0.000         
0.000         
0.000         
3.560         
0.000         
119.347       
8.470         
0.000         
2.008         
15.088        
0.100         
0.000         
0.000         
0.000         
0.000         
0.000         
0.000         
0.000         
0.000         
0.000         
0.000         
0.000         
0.000         
0.000         
0.000         
0.000         
0.000         
0.000         
0.000         
0.000         
0.000         
0.000         
0.000         
0.000         
0.000         
0.000         
0.000         
0.000         
0.000         
0.000         
0.000         
0.000         
0.000         
0.000         
0.000         
0.000         
0.000         
0.000         
0.000         
8.982         
0.000         
0.000         
0.000         
0.000         
0.000         
0.000         
0.000         
0.000         
0.000         
0.000         
0.000         
0.000         
0.000         
0.000         
0.499         
0.000         
0.000         
0.000         
0.000         
0.000         
0.000         
0.000         
0.000         
0.000         
0.000         
0.000         
0.000         
0.000         
0.000         
0.000         
0.000         
0.000         
0.000         
0.000         
0.000         
0.000         
0.000         
0.000         
0.000         
0.000         
0.000         
0.000         
0.000         
0.000         
0.000         
0.000         
0.000         
0.000         
0.000         
0.000         
0.000         
0.000         
0.000         
0.000         
0.000         
0.000         
0.000         
0.000         
0.000         
0.000         
0.000         
0.000         
0.000         
0.000         
0.000         
0.000         
1.311         
0.000         
0.000         
0.000         
0.000         
3.728         
0.000         
0.000         
0.000         
0.000         
0.000         
0.000         
3.186         
0.000         
0.000         
0.000         
0.000         
0.000         
0.022         
0.000         
20.439        
0.000         
0.000         
0.000         
0.000         
0.000         
8.602         
0.000         
0.000         
0.000         
0.000         
0.000         
3.777         
0.000         
51.401        
0.000         
0.000         
0.000         
0.000         
0.000         
0.000         
0.000         
0.000         
0.000         
11.530        
0.000         
0.000         
24.458        
0.129         
0.000         
0.000         
0.000         
0.000         
0.000         
0.000         
0.000         
0.000         
0.000         
0.000         
0.000         
0.000         
0.000         
0.000         
0.000         
0.000         
5.117         
0.000         
0.000         
0.000         
0.000         
0.000         
0.000         
0.000         
0.000         
0.000         
0.000         
0.000         
0.000         
0.000         
0.000         
0.000         
0.000         
16.621        
0.000         
0.000         
0.000         
0.000         
0.000         
0.000         
0.000         
0.000         
0.000         
0.000         
0.260         
0.000         
0.000         
0.000         
0.000         
0.000         
4.186         
0.000         
11.778        
0.000         
0.000         
0.000         
0.000         
0.000         
0.000         
0.000         
0.000         
0.000         
0.000         
12.681        
0.000         
10.850        
0.000         
0.000         
0.000         
0.000         
0.000         
0.000         
0.000         
0.000         
0.000         
0.000         
0.000         
0.000         
0.000         
0.000         
19.792        
0.000         
0.000         
0.000         
0.000         
0.000         
0.000         
0.000         
0.000         
0.000         
0.000         
0.000         
0.000         
0.000         
0.000         
0.000         
0.000         
0.000         
14.924        
0.000         
0.000         
0.464         
15.225        
0.000         
0.000         
16.005        
0.000         
2.162         
0.000         
0.000         
33.102        
0.000         
0.000         
0.000         
0.000         
0.000         
0.000         
7.651         
0.000         
0.000         
0.000         
0.000         
0.000         
13.349        
0.000         
43.208        
7.592         
0.000         
45.596        
0.000         
0.000         
0.000         
1.958         
9.019         
0.000         
10.341        
0.000         
16.729        
10.661        
0.022         
12.847        
36.424        
0.000         
0.239         
8.686         
3.793         
14.792        
0.000         
0.000         
0.000         
0.181         
14.491        
5.442         
0.000         
0.000         
0.000         
0.000         
0.000         
0.000         
0.000         
0.000         
15.161        
0.000         
0.118         
2.529         
33.133        
14.541        
0.000         
0.000         
0.000         
3.465         
0.000         
0.000         
0.000         
0.000         
0.000         
0.065         
0.000         
0.000         
0.000         
7.665         
3.148         
17.836        
0.000         
0.000         
0.000         
0.000         
0.000         
0.000         
0.000         
0.000         
0.000         
0.000         
0.000         
0.000         
0.000         
0.000         
0.000         
0.000         
0.000         
0.000         
0.000         
0.000         
0.000         
312.613       
0.000         
0.000         
0.000         
0.000         
0.000         
0.000         
0.000         
0.000         
0.000         
0.000         
0.000         
0.000         
14.170        
0.000         
0.000         
0.000         
0.000         
0.000         
0.000         
0.875         
5.124         
0.000         
0.000         
0.000         
0.000         
0.000         
0.000         
0.000         
0.000         
0.000         
0.000         
0.000         
0.000         
8.777         
0.000         
0.000         
0.000         
0.000         
0.000         
0.000         
0.000         
0.000         
0.000         
0.000         
0.000         
0.000         
0.000         
0.000         
0.000         
0.000         
0.000         
0.000         
0.000         
0.000         
0.000         
0.000         
0.000         
0.000         
0.000         
0.000         
0.000         
0.000         
0.000         
0.000         
15.048        
0.000         
0.000         
0.000         
0.000         
2.986         
0.000         
0.000         
0.000         
0.000         
0.000         
0.000         
14.451        
0.000         
0.000         
0.000         
0.000         
0.000         
0.000         
0.000         
0.000         
2.857         
0.000         
0.000         
0.000         
0.000         
0.000         
0.000         
0.000         
0.000         
0.000         
0.000         
0.000         
0.000         
0.000         
0.000         
0.000         
0.000         
0.000         
0.000         
0.000         
0.000         
0.000         
0.000         
0.000         
0.000         
0.000         
0.000         
0.000         
0.000         
0.000         
0.000         
0.000         
0.000         
0.000         
0.000         
0.000         
0.064         
0.000         
0.000         
0.000         
0.000         
0.000         
0.000         
0.000         
0.000         
0.000         
0.000         
0.000         
0.000         
0.000         
10.431        
0.000         
0.000         
0.000         
10.738        
0.000         
12.792        
0.000         
17.419        
0.000         
0.000         
0.000         
26.663        
0.000         
54.786        
0.000         
0.000         
28.655        
0.000         
0.000         
0.000         
0.000         
0.000         
0.000         
0.000         
0.000         
0.000         
0.000         
0.690         
12.032        
0.000         
0.000         
0.000         
0.001         
0.142         
0.131         
0.000         
0.000         
0.000         
0.000         
0.000         
0.000         
0.000         
0.000         
8.836         
0.000         
0.000         
0.000         
0.000         
1.076         
0.000         
0.950         
0.000         
0.000         
9.043         
0.000         
0.000         
0.000         
0.000         
0.000         
0.000         
0.000         
0.000         
0.000         
0.000         
19.287        
0.000         
0.000         
0.000         
0.000         
0.000         
2.369         
0.000         
0.000         
0.000         
0.000         
0.000         
0.000         
0.000         
0.000         
0.000         
0.000         
0.000         
0.000         
0.000         
0.000         
0.000         
0.000         
0.000         
0.000         
0.000         
0.000         
0.000         
11.849        
7.390         
0.211         
0.000         
0.000         
0.000         
0.000         
0.000         
0.000         
0.000         
0.000         
0.025         
0.844         
0.000         
0.000         
0.000         
0.000         
0.000         
0.000         
0.000         
0.000         
0.000         
0.000         
0.000         
0.000         
0.000         
0.000         
0.000         
0.000         
0.000         
0.000         
0.000         
0.000         
2.317         
4.098         
0.000         
0.000         
4.158         
0.000         
0.000         
0.000         
0.000         
0.043         
0.000         
0.000         
0.000         
0.000         
6.622         
0.000         
0.000         
0.000         
0.712         
5.235         
0.000         
0.000         
11.457        
0.000         
15.946        
0.000         
1.140         
0.000         
14.234        
18.995        
0.000         
0.000         
0.000         
0.000         
21.952        
0.026         
0.000         
54.861        
0.000         
0.000         
0.000         
0.000         
0.000         
0.000         
18.818        
30.021        
0.000         
7.774         
0.000         
8.734         
10.963        
13.177        
0.000         
3.258         
0.000         
2.980         
4.344         
0.000         
0.000         
0.000         
0.000         
0.000         
0.000         
0.000         
7.502         
1.137         
21.984        
9.761         
19.918        
25.536        
83.656        
0.000         
8.993         
7.827         
0.000         
0.000         
0.000         
0.000         
0.000         
29.074        
0.000         
0.000         
0.000         
0.000         
54.301        
0.000         
0.000         
14.782        
0.841         
0.000         
7.915         
0.000         
0.000         
0.000         
4.466         
0.000         
3.980         
0.000         
0.000         
0.000         
0.000         
0.000         
0.000         
0.000         
0.000         
0.000         
0.000         
0.000         
0.000         
0.000         
0.000         
0.000         
0.000         
0.000         
0.000         
0.000         
0.000         
0.000         
0.000         
0.000         
0.000         
0.000         
0.000         
0.000         
0.000         
0.000         
0.000         
0.000         
0.000         
0.000         
0.000         
0.000         
0.000         
0.000         
0.000         
0.000         
0.000         
0.000         
0.000         
0.000         
0.000         
0.000         
0.000         
0.000         
0.000         
0.000         
0.000         
0.000         
0.000         
0.000         
0.000         
0.000         
0.000         
0.000         
0.000         
0.000         
0.000         
0.000         
0.000         
0.000         
0.000         
0.000         
0.000         
0.000         
0.000         
0.000         
0.000         
0.000         
0.000         
0.000         
0.000         
0.000         
0.000         
0.000         
0.000         
0.000         
0.000         
0.000         
0.000         
0.000         
4.815         
0.000         
0.000         
0.000         
0.000         
0.000         
0.000         
0.000         
0.000         
0.000         
0.000         
0.000         
0.000         
0.000         
0.000         
0.000         
0.000         
0.000         
0.000         
0.000         
0.000         
0.000         
0.000         
0.000         
0.000         
0.000         
0.000         
0.000         
0.000         
0.000         
0.000         
0.000         
8.614         
0.000         
0.000         
0.000         
0.000         
0.000         
0.000         
0.000         
0.000         
0.000         
0.000         
0.000         
0.000         
0.000         
0.000         
0.000         
0.000         
0.000         
0.000         
0.000         
0.000         
0.000         
0.000         
2.658         
0.000         
0.000         
0.000         
0.000         
0.000         
0.000         
0.000         
11.312        
0.000         
0.000         
0.000         
0.000         
0.000         
62.634        
20.706        
0.000         
0.000         
0.000         
0.000         
0.000         
0.000         
0.000         
0.000         
1.872         
0.000         
0.000         
0.000         
21.850        
0.000         
0.000         
0.000         
0.000         
0.000         
0.000         
0.000         
0.000         
0.000         
0.000         
0.000         
0.000         
0.000         
0.000         
0.000         
0.000         
0.000         
0.000         
0.000         
0.000         
0.000         
0.000         
0.000         
2.326         
0.690         
0.000         
0.000         
0.000         
0.000         
0.000         
0.000         
0.000         
0.000         
0.000         
0.000         
0.000         
1.528         
0.000         
0.835         
0.000         
0.341         
0.000         
0.000         
0.000         
0.000         
0.000         
0.000         
0.000         
0.000         
0.994         
0.000         
1.060         
0.000         
0.000         
0.000         
0.000         
0.000         
0.000         
0.000         
0.000         
0.000         
0.000         
0.000         
0.000         
0.000         
0.893         
0.000         
0.107         
0.045         
0.000         
0.000         
0.000         
0.000         
0.000         
0.000         
0.000         
4.617         
0.000         
0.000         
0.000         
0.000         
0.000         
0.000         
0.000         
0.000         
0.000         
0.728         
0.010         
0.000         
0.000         
0.000         
0.000         
0.000         
0.000         
0.000         
0.000         
0.000         
0.000         
0.000         
0.000         
20.017        
0.000         
0.000         
0.000         
0.000         
0.000         
0.000         
0.000         
0.000         
0.000         
0.000         
0.000         
0.000         
0.000         
2.937         
0.000         
0.000         
0.000         
2.739         
21.896        
0.000         
0.000         
0.000         
0.000         
0.000         
0.000         
0.000         
0.000         
0.000         
94.104        
0.000         
0.001         
40.896        
0.013         
0.000         
0.000         
0.000         
0.000         
0.000         
0.000         
0.000         
0.000         
0.000         
0.000         
0.000         
0.000         
0.000         
0.000         
0.000         
0.000         
0.000         
0.000         
3.783         
0.000         
0.000         
0.000         
0.000         
0.000         
0.000         
0.000         
0.000         
0.000         
0.000         
0.000         
0.000         
0.000         
0.000         
0.000         
0.000         
0.000         
0.000         
0.000         
0.000         
1.560         
0.004         
0.000         
0.000         
21.194        
0.000         
0.000         
0.000         
0.000         
0.000         
0.000         
2.851         
44.820        
5.841         
0.000         
9.378         
8.346         
67.038        
0.000         
0.000         
0.000         
31.636        
56.975        
0.000         
0.000         
0.000         
0.000         
0.000         
0.000         
0.000         
0.000         
0.000         
0.000         
0.000         
32.278        
0.000         
0.000         
0.000         
0.000         
0.000         
0.000         
0.000         
0.000         
0.000         
0.000         
0.000         
0.000         
0.000         
0.000         
0.000         
0.000         
0.000         
0.000         
0.000         
0.000         
0.000         
0.000         
0.000         
0.000         
0.000         
0.000         
0.000         
0.000         
0.000         
0.000         
0.000         
0.000         
0.000         
0.000         
0.000         
0.000         
0.000         
0.000         
17.407        
16.707        
0.000         
0.000         
0.000         
0.000         
0.000         
0.000         
0.000         
0.000         
0.000         
0.000         
0.000         
0.000         
0.000         
0.000         
0.000         
0.000         
0.000         
0.000         
0.000         
0.000         
0.000         
0.000         
0.000         
34.631        
0.000         
44.506        
0.000         
0.000         
0.000         
0.000         
0.000         
0.000         
0.000         
0.000         
0.000         
0.000         
0.000         
0.000         
0.000         
0.000         
0.000         
0.000         
0.000         
0.000         
0.000         
0.000         
0.000         
0.000         
0.000         
14.379        
0.000         
0.000         
0.000         
0.000         
0.000         
0.000         
0.000         
0.000         
0.000         
0.000         
0.000         
0.000         
0.000         
0.000         
0.000         
0.000         
0.000         
0.000         
1.591         
0.000         
0.000         
0.000         
0.000         
0.000         
0.000         
2.290         
0.000         
0.000         
0.000         
0.000         
0.000         
0.000         
0.000         
0.000         
0.000         
0.000         
0.000         
0.000         
0.000         
0.000         
0.000         
52.078        
14.333        
0.000         
17.471        
0.000         
0.000         
20.949        
0.000         
0.000         
0.000         
0.000         
0.000         
0.000         
22.726        
0.000         
0.000         
0.000         
0.000         
0.000         
0.000         
0.000         
0.000         
0.217         
0.000         
0.000         
0.000         
0.000         
0.098         
5.430         
6.479         
0.051         
0.000         
0.000         
0.000         
0.000         
0.000         
0.000         
0.000         
0.000         
0.000         
1.177         
0.000         
0.000         
0.000         
0.000         
0.000         
0.000         
0.000         
0.000         
0.000         
0.000         
0.000         
0.000         
0.000         
0.000         
0.000         
0.000         
0.000         
0.000         
0.000         
1.714         
0.000         
0.000         
0.000         
0.000         
6.418         
0.000         
9.754         
10.264        
1.566         
3.947         
0.000         
0.000         
0.000         
0.000         
0.000         
0.000         
0.000         
0.000         
0.000         
0.000         
0.000         
0.000         
0.000         
0.000         
0.000         
0.000         
0.000         
0.000         
0.000         
0.000         
0.000         
0.000         
0.000         
0.000         
0.000         
6.526         
0.000         
2.853         
0.000         
0.000         
0.000         
25.607        
0.000         
0.000         
0.000         
0.000         
0.000         
0.000         
2.277         
0.000         
0.000         
0.000         
0.000         
0.000         
0.000         
0.000         
24.012        
0.000         
0.000         
0.000         
0.000         
0.000         
0.000         
0.000         
0.000         
0.000         
27.140        
0.000         
0.000         
0.000         
0.000         
0.000         
22.938        
19.963        
0.000         
0.000         
0.000         
0.000         
0.000         
0.000         
38.115        
0.000         
0.000         
13.273        
0.000         
0.000         
0.000         
0.000         
2.223         
0.000         
0.000         
0.000         
0.000         
0.000         
0.000         
0.000         
21.235        
0.000         
0.716         
51.738        
0.000         
0.000         
0.000         
0.000         
9.951         
1.416         
0.000         
0.000         
1.085         
0.000         
0.000         
0.279         
0.000         
0.000         
0.000         
0.000         
12.044        
0.000         
0.000         
0.000         
0.000         
11.778        
0.000         
0.000         
0.000         
0.000         
0.000         
0.000         
0.000         
0.000         
0.000         
0.000         
0.168         
0.000         
5.088         
0.000         
0.000         
0.000         
0.000         
0.000         
0.000         
0.000         
0.000         
0.000         
0.000         
0.000         
0.000         
0.000         
0.000         
0.000         
0.000         
0.000         
0.000         
0.000         
0.000         
0.000         
0.000         
0.000         
11.479        
0.000         
0.000         
0.000         
0.000         
0.000         
0.000         
0.000         
0.000         
0.000         
0.000         
0.000         
0.000         
0.000         
0.000         
0.000         
0.000         
0.000         
0.000         
48.298        
0.000         
0.019         
0.000         
0.000         
0.000         
0.000         
0.224         
0.000         
0.000         
0.000         
0.000         
0.000         
0.000         
0.000         
0.000         
0.000         
0.000         
0.000         
0.000         
0.000         
0.000         
0.000         
0.000         
0.000         
0.000         
0.000         
0.000         
0.000         
0.000         
0.000         
0.000         
0.000         
0.000         
0.000         
0.098         
0.000         
0.000         
0.000         
0.000         
0.000         
0.000         
0.000         
0.000         
0.000         
0.000         
0.000         
0.000         
0.000         
0.000         
0.000         
0.000         
0.000         
0.000         
0.000         
0.000         
0.000         
0.000         
0.000         
0.000         
0.000         
0.000         
0.000         
0.000         
0.000         
0.000         
0.000         
4.657         
0.000         
0.000         
0.000         
0.000         
0.000         
0.000         
0.000         
0.000         
0.000         
0.000         
0.000         
0.000         
0.000         
0.000         
0.000         
0.000         
0.000         
0.000         
0.000         
0.000         
0.000         
0.000         
0.000         
0.000         
0.000         
0.000         
0.000         
0.000         
0.000         
0.000         
0.000         
0.000         
0.000         
0.000         
0.000         
0.000         
0.000         
0.000         
0.000         
0.000         
0.000         
0.000         
1.746         
0.000         
0.000         
0.000         
0.000         
0.000         
0.000         
41.730        
0.000         
0.000         
0.000         
0.000         
0.000         
0.482         
0.000         
0.000         
0.000         
0.000         
0.000         
13.815        
0.000         
18.795        
6.185         
0.000         
0.000         
0.000         
0.000         
0.000         
0.000         
0.000         
0.000         
0.000         
0.000         
11.423        
0.000         
0.000         
0.000         
0.000         
0.000         
0.000         
0.000         
0.000         
0.000         
0.000         
0.000         
0.000         
0.000         
0.000         
0.000         
0.000         
0.000         
0.000         
0.000         
0.000         
0.000         
0.000         
0.000         
0.000         
0.000         
0.000         
0.849         
0.000         
0.000         
0.000         
0.000         
0.000         
0.000         
0.000         
0.000         
0.000         
0.000         
0.000         
0.000         
0.000         
0.000         
0.000         
0.000         
0.000         
0.000         
0.000         
0.000         
0.000         
0.000         
0.000         
0.000         
0.000         
0.000         
0.000         
0.000         
0.000         
0.000         
0.000         
0.000         
0.272         
0.000         
1.043         
0.000         
0.000         
0.000         
0.000         
0.000         
0.000         
0.000         
0.000         
0.593         
0.000         
0.000         
0.000         
0.000         
0.000         
0.000         
0.000         
0.000         
0.000         
0.000         
0.000         
0.000         
0.000         
0.000         
0.000         
0.000         
0.000         
0.000         
0.000         
7.014         
0.000         
0.000         
0.000         
0.000         
0.000         
0.000         
0.000         
0.000         
0.000         
0.000         
0.000         
0.000         
0.000         
12.867        
0.000         
0.000         
0.000         
0.000         
0.000         
0.000         
0.000         
0.000         
0.000         
27.491        
0.000         
0.000         
0.000         
0.000         
0.000         
1.312         
0.000         
0.000         
9.072         
0.000         
0.000         
0.000         
0.000         
0.000         
0.000         
0.000         
9.499         
0.000         
0.000         
56.817        
0.000         
0.000         
0.000         
0.000         
0.000         
0.000         
0.000         
0.000         
0.000         
0.000         
0.000         
0.000         
0.000         
0.000         
0.000         
0.000         
0.000         
0.000         
0.000         
0.000         
10.403        
0.000         
4.912         
4.140         
15.230        
0.992         
0.000         
0.000         
0.000         
0.000         
0.017         
0.000         
0.000         
65.442        
0.000         
5.142         
0.000         
29.546        
6.088         
2.302         
33.653        
0.000         
3.363         
32.825        
0.000         
45.072        
10.258        
0.000         
18.672        
0.000         
113.621       
0.000         
0.000         
0.000         
6.253         
25.763        
141.211       
0.000         
0.521         
0.000         
0.000         
1.326         
45.696        
0.000         
0.000         
0.000         
0.000         
6.229         
0.000         
41.730        
1.155         
32.917        
18.957        
0.000         
0.000         
0.000         
0.000         
0.000         
0.000         
35.019        
0.000         
0.000         
0.000         
0.000         
0.000         
0.000         
0.000         
0.000         
0.000         
0.000         
0.000         
0.000         
0.000         
0.000         
0.000         
0.000         
0.000         
0.000         
0.000         
0.000         
0.000         
0.000         
0.000         
0.000         
0.000         
0.000         
0.000         
0.000         
0.000         
0.000         
0.000         
0.000         
0.000         
0.000         
0.848         
0.000         
0.000         
0.000         
0.000         
0.000         
0.000         
0.000         
0.000         
0.000         
0.000         
0.000         
0.000         
0.000         
0.000         
0.000         
0.000         
0.000         
0.000         
0.000         
0.000         
0.000         
0.000         
0.000         
0.000         
0.000         
0.000         
0.000         
0.000         
0.000         
0.000         
0.000         
0.000         
0.000         
0.000         
0.000         
0.000         
0.000         
0.000         
0.000         
0.000         
0.000         
0.000         
0.000         
0.000         
0.652         
0.000         
0.000         
0.000         
0.000         
0.000         
0.000         
0.000         
0.000         
0.000         
0.000         
0.000         
0.000         
0.000         
0.000         
0.000         
0.000         
0.000         
0.000         
0.000         
0.000         
0.000         
0.000         
8.508         
0.000         
0.000         
0.000         
0.000         
0.000         
0.000         
0.000         
0.000         
0.000         
0.000         
0.000         
0.000         
0.000         
0.000         
9.650         
0.000         
0.000         
0.000         
0.026         
0.000         
0.000         
0.000         
0.000         
0.000         
0.000         
0.000         
0.000         
0.000         
0.000         
0.000         
0.000         
12.281        
0.000         
0.000         
0.000         
0.000         
0.947         
0.000         
0.000         
0.000         
0.000         
0.000         
0.000         
0.000         
11.503        
0.000         
0.000         
4.755         
0.000         
0.000         
0.000         
0.000         
0.000         
0.000         
0.000         
0.000         
0.000         
0.000         
0.000         
0.000         
0.000         
0.000         
0.000         
0.000         
0.000         
0.000         
0.000         
0.000         
0.000         
0.000         
0.000         
7.991         
0.000         
0.000         
0.000         
0.000         
0.000         
0.000         
0.000         
0.000         
0.000         
19.954        
0.000         
0.000         
0.000         
0.000         
0.000         
0.000         
0.000         
0.000         
0.000         
0.000         
0.000         
0.000         
0.000         
0.000         
0.000         
0.000         
0.000         
0.000         
0.000         
0.000         
0.000         
0.000         
0.000         
2.862         
0.000         
3.651         
0.000         
0.000         
0.000         
0.000         
0.552         
0.000         
0.000         
0.000         
0.000         
0.000         
0.000         
0.000         
0.000         
0.000         
0.000         
2.143         
0.000         
0.000         
0.000         
0.000         
0.000         
0.000         
0.000         
0.000         
0.000         
0.000         
0.000         
0.000         
0.000         
0.000         
33.828        
0.000         
0.000         
0.000         
0.000         
0.000         
0.000         
0.000         
0.000         
0.000         
0.000         
0.000         
0.000         
0.000         
0.000         
0.000         
0.000         
0.000         
0.000         
0.000         
0.000         
0.000         
13.225        
0.000         
0.000         
0.000         
0.000         
0.000         
0.000         
0.000         
8.131         
0.000         
14.546        
0.000         
0.000         
0.000         
0.000         
4.146         
0.000         
0.522         
4.642         
0.000         
0.000         
0.000         
0.000         
0.000         
0.000         
0.000         
0.000         
0.000         
0.000         
0.000         
8.731         
31.338        
0.518         
2.911         
1.378         
0.000         
1.475         
0.402         
44.874        
0.000         
0.189         
0.000         
39.008        
6.512         
0.000         
0.000         
0.000         
0.000         
0.000         
0.000         
0.000         
0.000         
0.000         
0.000         
43.523        
7.733         
5.471         
0.000         
0.000         
13.712        
0.000         
0.000         
3.030         
0.000         
0.000         
12.623        
64.329        
9.348         
0.002         
1.625         
0.000         
0.000         
17.424        
0.000         
0.000         
0.000         
0.000         
0.000         
0.000         
0.000         
0.000         
0.000         
0.000         
0.000         
0.000         
0.000         
0.000         
0.000         
0.000         
0.000         
0.000         
0.000         
0.000         
0.000         
0.000         
0.000         
0.000         
0.000         
0.000         
0.000         
0.000         
0.000         
2.209         
0.372         
0.000         
0.000         
0.000         
3.504         
182.449       
0.000         
0.000         
0.000         
0.000         
0.085         
0.000         
0.000         
0.000         
0.000         
0.000         
53.958        
0.000         
0.000         
0.000         
0.000         
0.000         
0.000         
0.000         
0.000         
0.000         
0.000         
0.000         
0.000         
0.000         
0.000         
0.000         
0.000         
0.000         
0.000         
0.000         
0.000         
0.000         
0.000         
0.000         
0.000         
0.000         
0.000         
0.000         
4.502         
0.000         
0.000         
0.000         
0.000         
0.000         
1.108         
0.000         
0.000         
0.000         
0.000         
0.000         
0.000         
0.000         
0.000         
0.000         
0.000         
0.000         
0.000         
0.000         
0.000         
0.000         
0.000         
0.000         
0.000         
51.420        
0.000         
0.000         
0.000         
0.000         
0.000         
0.000         
0.000         
0.000         
0.000         
4.898         
0.000         
0.000         
0.000         
0.000         
0.000         
0.000         
0.000         
0.000         
0.000         
0.000         
0.000         
0.000         
0.000         
0.000         
0.000         
0.000         
0.000         
0.000         
0.000         
0.000         
0.000         
0.000         
0.000         
0.000         
13.067        
0.000         
0.000         
0.000         
0.000         
0.000         
0.000         
0.000         
0.000         
0.000         
0.000         
0.000         
0.000         
0.919         
0.000         
3.202         
0.000         
0.000         
0.000         
0.000         
0.000         
7.149         
0.000         
0.000         
8.499         
0.000         
0.000         
0.000         
0.000         
0.000         
22.762        
15.455        
0.000         
0.000         
0.000         
0.000         
0.000         
0.000         
0.000         
0.000         
26.772        
0.000         
0.000         
0.000         
98.304        
0.000         
0.000         
0.000         
0.000         
0.000         
0.000         
0.000         
0.000         
0.000         
0.000         
0.000         
0.000         
0.733         
0.000         
0.060         
0.000         
0.671         
0.000         
0.000         
0.000         
0.000         
0.000         
0.000         
0.000         
0.000         
0.000         
0.000         
0.000         
0.224         
0.517         
0.000         
0.000         
0.000         
0.000         
0.000         
0.000         
0.000         
0.000         
0.000         
0.000         
0.000         
0.000         
0.000         
0.000         
5.744         
0.000         
0.000         
0.000         
5.424         
0.000         
0.000         
0.000         
0.000         
0.000         
3.619         
0.000         
0.000         
0.000         
0.000         
0.000         
0.000         
0.000         
0.000         
0.000         
0.000         
0.000         
0.000         
0.000         
0.000         
0.000         
0.000         
0.000         
0.000         
0.000         
0.000         
0.000         
0.000         
0.000         
0.000         
0.502         
0.000         
0.000         
0.000         
0.000         
0.000         
0.000         
0.000         
0.000         
21.698        
0.000         
0.000         
0.000         
0.000         
0.000         
0.000         
0.000         
0.000         
0.000         
0.000         
0.000         
0.000         
0.000         
0.714         
11.411        
0.000         
0.000         
0.000         
8.426         
0.000         
0.000         
0.000         
0.000         
0.000         
0.000         
0.000         
0.000         
0.000         
1.687         
0.000         
0.000         
0.000         
0.000         
0.000         
0.000         
0.000         
0.000         
0.000         
0.000         
0.000         
0.000         
0.000         
0.000         
0.000         
0.000         
0.000         
0.000         
0.000         
0.000         
0.000         
0.000         
0.000         
0.000         
0.000         
0.000         
0.000         
0.000         
0.000         
0.038         
0.000         
0.000         
0.069         
19.628        
0.000         
0.000         
0.000         
6.005         
1.443         
0.000         
2.620         
38.565        
19.999        
0.000         
0.000         
2.549         
55.540        
26.806        
29.428        
0.000         
0.000         
0.000         
0.000         
0.000         
0.000         
0.000         
6.391         
0.000         
6.168         
2.674         
0.000         
19.197        
0.000         
0.000         
16.535        
0.000         
67.808        
50.390        
15.222        
16.659        
0.000         
0.000         
99.400        
0.000         
0.000         
0.343         
15.207        
2.420         
0.000         
0.000         
0.000         
0.000         
0.000         
0.000         
0.000         
0.000         
0.000         
0.000         
0.000         
28.943        
0.000         
0.000         
0.000         
0.000         
0.000         
0.000         
0.000         
0.000         
0.000         
0.000         
0.000         
0.000         
0.000         
73.407        
0.000         
0.000         
0.000         
0.000         
0.000         
0.000         
0.000         
0.000         
0.000         
0.000         
0.000         
0.000         
0.000         
8.125         
0.000         
0.000         
0.000         
0.000         
0.000         
0.000         
0.000         
0.000         
0.000         
0.000         
0.000         
0.000         
0.000         
0.000         
0.000         
0.000         
0.000         
0.000         
0.000         
0.000         
0.000         
0.000         
0.000         
0.000         
0.000         
0.000         
0.000         
1.715         
3.887         
0.000         
0.000         
0.000         
0.000         
18.609        
0.000         
0.000         
0.000         
0.000         
0.000         
0.000         
0.000         
0.000         
0.000         
0.000         
0.000         
0.000         
0.000         
0.000         
0.000         
0.000         
0.000         
0.000         
0.000         
0.000         
0.000         
0.000         
0.000         
0.000         
0.000         
0.000         
0.000         
0.000         
0.000         
0.000         
0.000         
0.000         
3.153         
0.000         
0.000         
0.000         
0.000         
0.000         
0.000         
0.000         
0.000         
0.000         
0.000         
0.000         
0.000         
0.000         
0.000         
0.000         
0.000         
0.000         
0.000         
0.000         
0.000         
0.000         
1.998         
0.000         
2.122         
0.000         
0.000         
0.000         
0.000         
0.000         
0.000         
0.000         
0.000         
0.000         
0.000         
0.000         
0.000         
0.000         
0.000         
0.000         
0.000         
0.000         
0.000         
0.000         
0.000         
0.000         
0.000         
0.000         
0.000         
0.000         
28.990        
3.871         
0.000         
0.000         
0.000         
17.712        
0.000         
16.133        
0.000         
0.000         
0.000         
0.000         
0.000         
0.000         
5.619         
0.000         
0.418         
12.980        
0.000         
0.000         
0.000         
0.000         
0.000         
0.000         
0.000         
9.407         
0.000         
0.000         
0.000         
0.000         
7.671         
0.000         
0.000         
0.000         
3.608         
0.000         
0.949         
0.000         
0.000         
0.000         
0.000         
0.000         
0.000         
0.000         
0.000         
0.000         
0.000         
0.000         
0.000         
0.000         
0.000         
0.000         
0.000         
0.000         
0.000         
7.041         
0.000         
0.000         
0.000         
8.675         
0.000         
0.447         
0.000         
0.000         
0.000         
0.000         
0.000         
0.000         
0.000         
0.000         
0.000         
0.000         
0.000         
0.000         
0.000         
0.013         
0.000         
0.000         
0.000         
0.000         
0.000         
0.000         
0.000         
6.014         
0.000         
0.000         
0.000         
0.000         
0.000         
0.000         
0.000         
0.000         
0.000         
2.223         
0.000         
0.000         
0.000         
3.193         
0.000         
0.000         
0.000         
0.000         
0.000         
0.000         
7.260         
0.000         
0.000         
0.000         
0.000         
0.000         
0.000         
0.000         
0.000         
2.237         
0.000         
0.000         
0.000         
0.000         
0.000         
0.000         
2.467         
0.000         
0.000         
0.000         
15.953        
0.000         
0.000         
1.346         
3.884         
0.000         
18.573        
0.000         
0.000         
22.463        
0.000         
0.000         
0.000         
0.000         
0.000         
21.513        
5.172         
16.544        
0.000         
7.910         
26.427        
0.000         
0.000         
1.163         
0.000         
0.000         
0.000         
0.000         
0.000         
0.000         
0.000         
0.000         
0.000         
0.000         
0.000         
0.000         
0.000         
0.000         
0.000         
56.281        
87.751        
76.008        
0.000         
0.000         
0.000         
0.000         
0.445         
0.000         
67.530        
0.000         
0.000         
0.503         
0.000         
0.000         
0.000         
0.000         
0.000         
0.000         
0.000         
0.012         
0.000         
0.000         
0.000         
0.000         
0.000         
3.654         
0.000         
1.444         
0.186         
1.534         
7.432         
0.000         
66.209        
72.391        
0.000         
0.000         
39.971        
0.999         
0.000         
44.352        
0.000         
0.000         
3.688         
0.000         
2.245         
31.184        
13.321        
0.000         
62.576        
0.000         
0.000         
0.000         
0.000         
0.000         
0.000         
0.000         
0.000         
0.000         
0.000         
0.000         
0.000         
0.000         
0.000         
0.000         
0.000         
0.000         
0.000         
0.000         
0.000         
0.000         
0.000         
0.000         
0.000         
0.000         
0.000         
0.000         
0.000         
0.000         
0.000         
0.000         
0.000         
18.298        
0.000         
0.000         
0.000         
0.000         
0.000         
0.000         
0.000         
0.000         
0.000         
0.000         
0.000         
0.000         
0.000         
0.000         
0.000         
0.000         
0.000         
0.000         
0.000         
0.000         
0.000         
0.000         
0.000         
0.000         
0.002         
0.000         
0.000         
0.000         
0.000         
0.000         
0.000         
7.310         
0.000         
0.000         
0.000         
0.000         
0.000         
0.000         
0.000         
0.000         
0.000         
0.000         
0.000         
0.000         
0.000         
0.000         
0.000         
0.000         
0.000         
0.000         
0.000         
0.000         
0.000         
0.000         
0.000         
0.000         
0.000         
0.000         
0.000         
0.000         
0.000         
0.000         
0.000         
0.000         
0.000         
0.000         
17.372        
0.000         
0.000         
0.000         
0.000         
6.253         
0.000         
0.000         
0.000         
0.000         
0.000         
0.000         
0.000         
0.000         
0.000         
5.457         
0.000         
0.904         
0.000         
0.000         
0.000         
0.000         
0.000         
0.000         
0.000         
2.092         
0.000         
0.000         
0.000         
0.000         
3.597         
0.815         
0.000         
0.000         
3.434         
0.000         
0.000         
2.876         
0.000         
0.000         
0.000         
0.000         
0.000         
0.000         
12.218        
0.000         
4.312         
0.000         
0.000         
31.734        
17.968        
0.000         
0.000         
0.000         
0.000         
0.000         
16.581        
0.000         
5.619         
0.000         
16.478        
0.000         
0.000         
0.000         
0.000         
0.000         
8.100         
0.000         
0.000         
0.000         
0.000         
0.000         
0.000         
0.000         
0.000         
0.000         
0.000         
0.000         
0.000         
0.018         
0.000         
0.000         
0.000         
0.000         
0.000         
0.000         
0.000         
1.473         
0.000         
0.000         
0.000         
0.000         
0.000         
0.000         
0.000         
0.000         
0.000         
0.000         
0.000         
0.000         
0.000         
0.000         
0.000         
0.000         
0.000         
0.000         
0.000         
0.000         
0.000         
0.000         
0.000         
0.000         
7.846         
0.000         
0.000         
0.000         
0.000         
0.000         
0.000         
0.000         
0.000         
0.000         
0.000         
0.000         
1.935         
0.000         
0.000         
0.000         
11.212        
0.000         
0.000         
0.000         
1.218         
0.000         
0.000         
0.000         
0.000         
0.000         
0.670         
0.000         
0.546         
0.000         
0.000         
0.000         
0.000         
0.000         
0.000         
0.000         
0.000         
0.000         
0.000         
0.000         
0.000         
0.000         
0.000         
0.000         
0.850         
16.164        
0.000         
0.000         
0.000         
0.000         
0.000         
0.000         
0.000         
3.610         
0.000         
0.000         
0.000         
0.000         
0.000         
0.000         
0.000         
0.489         
0.000         
12.849        
0.000         
0.000         
19.839        
0.000         
0.000         
0.000         
9.560         
13.187        
0.000         
0.000         
8.385         
0.000         
0.000         
1.869         
0.000         
4.934         
1.928         
1.521         
0.000         
0.000         
6.845         
25.929        
29.427        
0.000         
4.582         
0.000         
0.000         
0.000         
0.000         
0.000         
0.000         
0.000         
0.000         
0.000         
0.000         
0.000         
0.000         
22.499        
0.000         
0.000         
0.000         
0.000         
2.233         
0.000         
33.108        
5.033         
5.612         
2.339         
6.017         
0.000         
0.000         
0.000         
0.000         
0.000         
0.000         
0.000         
0.000         
0.000         
0.000         
0.000         
0.000         
0.337         
7.199         
10.746        
0.000         
27.575        
22.421        
44.063        
15.396        
0.000         
25.420        
17.136        
34.473        
73.663        
27.275        
29.893        
0.000         
0.000         
0.000         
0.000         
0.000         
0.000         
0.000         
0.000         
0.000         
0.000         
0.000         
2.913         
0.000         
0.000         
0.000         
0.000         
0.000         
114.187       
0.000         
0.000         
0.000         
31.890        
0.000         
0.000         
0.000         
2.325         
0.000         
0.701         
0.000         
0.000         
17.695        
0.000         
0.000         
51.467        
0.000         
0.000         
0.000         
0.000         
0.000         
0.000         
0.000         
0.000         
0.000         
0.000         
0.000         
0.000         
0.000         
0.000         
11.910        
0.000         
0.000         
0.000         
0.000         
0.000         
0.000         
0.000         
0.000         
0.000         
0.000         
0.000         
0.000         
0.000         
0.000         
0.000         
0.000         
0.000         
0.000         
0.000         
0.000         
0.000         
0.000         
0.000         
0.000         
0.000         
0.000         
0.000         
0.000         
0.000         
0.000         
0.000         
0.000         
0.000         
0.000         
0.000         
0.000         
0.000         
0.000         
0.000         
0.000         
0.000         
0.000         
0.000         
0.000         
0.000         
0.000         
0.000         
0.000         
0.000         
0.000         
0.000         
0.000         
0.000         
0.000         
0.000         
0.000         
0.000         
11.234        
0.000         
0.000         
0.000         
0.000         
0.000         
0.000         
0.000         
0.000         
0.000         
0.000         
0.000         
0.000         
0.000         
0.000         
0.000         
0.000         
11.001        
0.000         
0.000         
0.000         
15.877        
0.000         
0.000         
0.000         
0.000         
0.000         
0.000         
0.000         
0.000         
0.000         
0.000         
0.000         
0.000         
0.000         
0.000         
0.000         
0.000         
0.000         
0.000         
5.198         
0.000         
0.000         
0.000         
0.000         
0.000         
0.000         
0.000         
0.000         
0.000         
0.000         
0.000         
0.000         
0.000         
0.000         
0.000         
1.624         
0.000         
11.208        
0.000         
33.148        
0.000         
0.000         
5.339         
0.000         
0.000         
0.000         
6.970         
0.000         
0.000         
1.222         
10.502        
0.000         
3.120         
0.000         
0.000         
0.000         
0.000         
0.000         
0.000         
0.000         
0.000         
0.000         
0.000         
0.000         
0.000         
0.000         
0.000         
0.000         
0.000         
0.000         
0.000         
0.000         
0.000         
0.000         
0.003         
0.000         
0.000         
0.000         
35.880        
0.000         
0.000         
0.000         
0.000         
3.232         
0.000         
0.000         
0.000         
0.000         
0.000         
0.000         
0.000         
0.000         
0.000         
8.773         
0.000         
0.000         
0.000         
0.000         
0.000         
0.000         
0.000         
0.000         
3.723         
0.000         
0.962         
0.000         
0.000         
0.000         
0.000         
0.000         
0.000         
0.000         
0.000         
0.000         
0.000         
0.709         
0.000         
0.000         
0.000         
0.000         
0.000         
0.000         
0.000         
0.000         
0.000         
0.000         
0.000         
0.000         
0.000         
0.138         
0.000         
0.000         
0.000         
0.663         
0.000         
0.000         
0.000         
0.000         
0.000         
0.000         
0.000         
0.000         
0.000         
5.689         
0.083         
0.000         
0.000         
0.000         
0.000         
0.000         
0.000         
0.000         
0.000         
1.769         
0.000         
0.000         
0.000         
0.000         
0.000         
0.000         
0.000         
0.000         
0.000         
0.000         
0.000         
0.000         
3.588         
0.000         
0.000         
0.000         
0.000         
0.000         
0.200         
0.000         
0.000         
0.000         
0.000         
0.000         
0.000         
0.000         
5.334         
0.000         
0.000         
0.000         
0.000         
0.000         
0.000         
0.000         
0.378         
0.000         
0.000         
0.000         
0.254         
22.486        
17.537        
17.767        
4.549         
45.317        
11.749        
24.306        
0.827         
23.495        
3.236         
1.466         
111.778       
0.000         
24.812        
20.853        
2.340         
7.144         
0.000         
0.000         
0.000         
0.000         
0.373         
0.024         
1.025         
0.517         
0.000         
0.000         
0.000         
0.000         
0.000         
0.000         
12.478        
0.000         
12.413        
19.909        
11.604        
0.002         
0.000         
18.193        
0.161         
39.810        
0.000         
0.000         
0.000         
0.000         
0.000         
0.000         
0.000         
0.000         
0.000         
0.000         
0.000         
0.000         
0.000         
0.000         
0.057         
0.000         
15.484        
0.000         
0.000         
0.000         
0.000         
0.000         
0.000         
0.000         
0.913         
8.928         
0.000         
0.000         
0.248         
0.000         
0.000         
0.000         
0.000         
0.000         
0.000         
0.000         
49.195        
12.233        
0.000         
0.000         
0.000         
0.000         
0.000         
0.000         
0.000         
0.000         
0.000         
0.000         
0.013         
0.000         
0.000         
0.000         
0.000         
0.000         
0.000         
0.000         
0.000         
0.000         
0.000         
0.000         
0.000         
0.000         
0.000         
0.000         
0.000         
0.000         
0.000         
0.000         
0.000         
0.000         
0.000         
2.948         
0.000         
0.000         
0.000         
0.000         
0.000         
0.000         
0.000         
0.000         
0.000         
0.000         
0.000         
0.000         
0.049         
0.000         
0.000         
0.000         
0.000         
0.000         
0.000         
0.000         
0.000         
0.000         
0.000         
0.000         
0.000         
0.000         
0.000         
0.000         
0.000         
43.784        
9.403         
0.000         
0.000         
0.000         
0.000         
0.000         
0.000         
0.000         
0.000         
0.000         
0.000         
0.000         
0.000         
0.000         
0.000         
0.000         
0.000         
0.000         
0.000         
0.000         
0.000         
0.000         
0.000         
0.000         
0.000         
0.000         
0.000         
0.000         
1.679         
0.000         
0.000         
0.000         
2.041         
0.000         
0.000         
0.000         
0.000         
0.000         
0.000         
0.000         
0.000         
0.000         
0.000         
0.000         
0.000         
0.000         
0.000         
0.000         
0.000         
0.000         
0.000         
0.000         
0.000         
0.000         
0.000         
9.170         
0.000         
0.000         
0.000         
0.000         
0.000         
62.154        
0.000         
0.000         
0.000         
0.000         
0.000         
0.000         
5.784         
0.000         
0.000         
0.000         
0.000         
0.000         
0.000         
0.000         
4.091         
0.000         
0.000         
0.000         
0.000         
0.000         
0.000         
25.886        
0.000         
0.000         
11.469        
0.000         
0.000         
0.000         
0.000         
0.000         
0.000         
0.000         
0.000         
0.000         
0.000         
0.000         
0.000         
0.000         
0.000         
0.000         
0.000         
0.000         
8.948         
0.000         
0.000         
0.000         
0.000         
0.000         
0.000         
0.000         
0.000         
0.000         
3.351         
25.397        
0.000         
0.000         
0.000         
0.000         
0.000         
0.000         
0.000         
0.000         
0.000         
0.000         
0.000         
0.000         
0.000         
0.000         
2.774         
0.000         
0.000         
0.000         
3.258         
0.000         
6.517         
1.888         
0.000         
0.000         
1.557         
0.000         
0.000         
2.862         
0.000         
0.000         
0.976         
0.000         
2.870         
0.000         
0.000         
0.000         
0.000         
0.000         
32.970        
0.000         
0.000         
0.853         
0.000         
3.681         
0.000         
0.000         
0.000         
0.000         
0.000         
0.000         
0.000         
0.000         
0.000         
0.000         
0.000         
0.000         
0.000         
0.000         
0.000         
0.000         
0.000         
0.000         
0.000         
0.000         
0.000         
0.000         
0.000         
0.231         
0.000         
0.000         
20.622        
0.000         
1.166         
0.000         
0.000         
52.206        
0.000         
0.000         
0.000         
0.000         
0.000         
0.000         
0.000         
0.000         
2.168         
0.000         
1.432         
0.000         
0.000         
0.000         
1.750         
0.000         
0.000         
0.000         
0.000         
13.716        
2.704         
0.151         
0.000         
0.512         
12.848        
8.077         
4.066         
82.167        
0.554         
18.360        
0.000         
7.268         
169.299       
1.828         
0.000         
0.000         
0.000         
0.000         
0.244         
0.000         
0.000         
0.000         
0.000         
0.000         
0.000         
11.097        
0.000         
1.264         
10.837        
0.000         
0.000         
0.000         
0.000         
0.285         
1.893         
0.000         
0.000         
2.231         
0.000         
0.000         
11.851        
49.417        
0.000         
0.000         
0.000         
0.000         
0.000         
0.000         
0.000         
0.000         
0.009         
0.000         
0.000         
8.594         
1.002         
17.011        
0.000         
0.000         
0.000         
0.000         
0.000         
0.000         
0.000         
16.988        
0.000         
0.000         
0.000         
0.000         
0.000         
0.000         
0.000         
0.000         
0.000         
0.000         
0.000         
0.000         
0.000         
0.000         
0.000         
0.000         
0.000         
0.000         
0.000         
0.000         
0.000         
7.958         
0.000         
0.000         
0.000         
0.000         
0.000         
0.000         
0.000         
0.000         
0.000         
0.000         
0.000         
0.000         
0.000         
0.000         
0.000         
0.000         
0.000         
0.000         
0.684         
0.000         
0.000         
0.000         
0.000         
0.000         
0.000         
0.000         
0.000         
0.000         
0.000         
0.000         
0.000         
0.000         
0.000         
0.000         
0.000         
0.000         
0.000         
0.000         
0.000         
0.000         
0.000         
0.000         
0.000         
0.000         
0.000         
0.000         
0.000         
0.000         
0.000         
0.000         
0.000         
0.000         
7.887         
0.000         
0.000         
0.000         
0.000         
0.000         
0.000         
0.000         
0.000         
0.000         
0.000         
0.000         
0.000         
0.000         
0.000         
0.000         
0.000         
0.000         
0.000         
0.000         
0.000         
0.000         
0.000         
0.000         
0.000         
0.000         
0.000         
0.000         
0.000         
0.000         
0.000         
0.000         
0.000         
0.000         
0.000         
0.000         
0.000         
0.000         
0.000         
0.000         
0.000         
0.000         
0.000         
0.000         
0.000         
0.000         
0.000         
0.000         
0.000         
0.000         
0.000         
0.000         
0.000         
0.000         
0.000         
0.000         
0.000         
0.000         
0.000         
0.000         
0.000         
0.000         
0.000         
0.000         
0.000         
0.000         
0.000         
0.000         
0.000         
0.000         
0.000         
0.000         
0.000         
0.000         
0.000         
0.000         
0.000         
0.000         
0.000         
0.000         
0.000         
0.000         
0.000         
0.000         
17.672        
0.000         
0.000         
4.451         
0.000         
0.000         
0.000         
0.000         
3.202         
13.276        
0.000         
0.000         
7.948         
18.204        
0.000         
2.377         
2.957         
0.000         
3.255         
0.000         
0.000         
0.000         
0.000         
0.000         
0.000         
0.000         
0.000         
2.166         
5.219         
0.000         
0.000         
4.702         
0.000         
0.000         
0.000         
0.000         
0.000         
0.000         
0.000         
0.000         
0.000         
0.000         
0.000         
0.000         
0.000         
0.000         
0.000         
0.000         
0.000         
2.336         
0.000         
0.000         
0.436         
0.000         
0.000         
0.000         
0.000         
0.000         
0.000         
0.000         
0.000         
0.000         
0.000         
0.000         
0.517         
0.000         
0.000         
0.000         
0.000         
0.000         
0.000         
0.000         
0.000         
0.000         
0.000         
0.000         
0.000         
0.000         
0.000         
0.000         
0.000         
0.000         
0.000         
0.000         
0.000         
1.295         
0.000         
0.000         
0.000         
0.000         
0.000         
0.000         
5.760         
10.388        
0.000         
0.113         
0.000         
0.000         
0.000         
0.000         
0.000         
0.000         
0.000         
0.000         
0.000         
0.000         
0.000         
0.000         
0.000         
0.000         
0.000         
0.000         
0.000         
0.000         
0.042         
0.000         
0.000         
0.000         
0.000         
33.575        
0.000         
0.000         
0.000         
0.000         
0.000         
0.000         
0.000         
0.000         
0.000         
0.000         
0.000         
0.000         
0.000         
0.000         
0.000         
1.094         
0.000         
0.000         
0.000         
0.000         
0.059         
0.116         
0.000         
0.000         
0.000         
0.000         
0.000         
0.000         
0.000         
0.000         
0.000         
0.000         
0.000         
0.000         
0.000         
1.872         
0.000         
0.143         
0.000         
6.464         
0.000         
0.000         
0.000         
0.000         
0.016         
0.000         
0.000         
0.451         
0.000         
0.000         
0.000         
0.000         
0.000         
28.838        
37.428        
0.000         
8.686         
13.198        
0.000         
0.000         
0.000         
0.000         
0.000         
0.000         
0.000         
0.000         
0.000         
0.000         
0.000         
0.000         
0.000         
2.221         
0.005         
7.781         
0.000         
0.000         
0.000         
0.000         
21.944        
8.092         
88.063        
0.382         
0.000         
2.123         
0.000         
96.678        
0.000         
8.721         
43.274        
0.000         
0.000         
1.552         
22.802        
0.000         
7.940         
0.000         
0.000         
0.000         
0.000         
23.203        
0.000         
0.000         
43.738        
0.000         
0.000         
0.000         
0.000         
0.000         
0.000         
0.000         
0.000         
0.000         
0.000         
36.937        
0.000         
0.000         
0.000         
0.000         
43.694        
0.000         
0.000         
0.000         
0.000         
0.000         
0.000         
0.000         
20.089        
0.000         
0.000         
0.000         
0.000         
0.000         
0.000         
0.000         
0.000         
2.279         
0.000         
0.000         
0.000         
0.000         
0.000         
0.000         
0.000         
0.000         
0.000         
0.000         
0.000         
0.000         
0.000         
0.000         
0.000         
0.000         
0.000         
0.000         
0.000         
0.000         
0.000         
0.000         
0.000         
0.000         
0.000         
0.000         
0.000         
0.000         
0.000         
0.000         
0.000         
0.000         
0.000         
0.000         
0.000         
0.000         
0.000         
0.000         
0.000         
0.000         
0.000         
0.000         
0.000         
0.000         
0.000         
2.239         
0.000         
0.000         
0.000         
0.000         
0.000         
0.000         
0.000         
0.000         
0.000         
0.000         
0.000         
6.296         
0.000         
0.000         
0.000         
0.000         
0.000         
0.000         
0.000         
0.000         
0.000         
0.000         
10.928        
0.000         
0.000         
0.000         
0.000         
0.029         
0.000         
0.000         
0.000         
0.000         
0.000         
0.000         
0.000         
0.000         
0.000         
0.000         
0.000         
0.000         
0.000         
0.000         
0.000         
0.000         
0.000         
0.000         
0.000         
0.000         
0.000         
0.000         
0.000         
0.000         
5.647         
0.000         
0.000         
0.000         
0.000         
0.000         
0.000         
0.000         
0.000         
0.000         
0.000         
0.000         
0.000         
0.000         
0.000         
0.000         
0.000         
3.583         
0.000         
0.000         
0.000         
8.791         
0.000         
0.000         
0.000         
6.246         
0.000         
0.000         
0.000         
0.000         
14.199        
4.986         
0.000         
0.000         
0.000         
0.000         
0.000         
0.000         
0.000         
0.000         
0.000         
0.000         
0.000         
0.000         
4.280         
0.000         
0.182         
0.000         
0.000         
0.000         
0.000         
0.000         
0.000         
0.000         
0.000         
0.000         
0.000         
0.000         
0.000         
0.000         
0.000         
6.937         
0.000         
0.000         
0.000         
0.000         
0.000         
0.000         
0.000         
0.000         
0.000         
0.000         
0.000         
1.299         
0.000         
0.000         
0.000         
0.000         
0.000         
0.000         
0.000         
0.000         
0.000         
0.999         
0.000         
0.000         
0.000         
0.000         
0.000         
0.000         
0.000         
0.000         
0.000         
0.000         
0.000         
0.000         
0.000         
0.000         
0.000         
0.000         
0.000         
0.000         
0.000         
0.000         
0.000         
0.000         
0.000         
0.000         
0.000         
0.000         
0.000         
0.000         
9.269         
5.050         
0.000         
0.000         
0.000         
0.000         
0.000         
0.000         
0.000         
0.000         
0.000         
0.000         
0.000         
0.000         
0.000         
0.000         
0.000         
4.263         
3.712         
0.000         
0.000         
0.000         
0.000         
0.000         
0.000         
0.000         
0.000         
0.000         
0.000         
0.000         
0.000         
7.653         
17.093        
53.434        
0.000         
0.000         
0.000         
13.787        
0.000         
25.199        
0.352         
84.686        
22.671        
0.000         
7.719         
6.367         
1.719         
0.000         
0.000         
25.026        
0.000         
0.000         
0.000         
17.715        
4.517         
0.037         
16.950        
0.315         
0.000         
0.000         
0.000         
0.000         
0.000         
1.056         
157.693       
2.509         
3.387         
11.935        
0.000         
0.000         
0.000         
15.517        
0.576         
0.000         
8.495         
0.000         
0.000         
0.000         
0.000         
25.764        
0.000         
0.000         
31.284        
0.000         
0.000         
0.000         
30.842        
50.951        
51.033        
0.000         
36.048        
29.125        
0.000         
0.000         
0.000         
0.000         
0.000         
0.000         
0.000         
0.000         
0.000         
0.000         
0.000         
0.000         
0.000         
0.000         
0.000         
0.000         
0.357         
1.106         
0.000         
0.000         
0.928         
0.000         
4.499         
1.940         
0.000         
0.000         
0.000         
1.112         
1.380         
32.289        
0.000         
2.178         
0.002         
0.000         
18.779        
0.000         
0.000         
0.001         
0.000         
0.000         
0.011         
0.000         
0.000         
0.000         
0.000         
0.000         
0.000         
0.000         
0.000         
0.000         
0.000         
0.000         
0.000         
0.000         
0.000         
0.000         
0.000         
0.000         
0.000         
0.000         
0.000         
0.000         
0.000         
0.000         
0.000         
0.000         
0.000         
0.000         
0.000         
0.000         
0.000         
0.000         
0.000         
0.000         
0.000         
0.000         
0.000         
0.000         
0.000         
0.000         
0.000         
0.000         
0.285         
0.000         
0.000         
0.000         
0.000         
0.000         
0.000         
0.000         
0.000         
0.000         
0.000         
0.000         
0.000         
0.000         
0.000         
0.000         
0.000         
0.000         
0.000         
0.000         
0.000         
0.000         
0.000         
0.000         
0.000         
0.000         
0.000         
14.614        
11.720        
0.000         
0.000         
0.000         
0.000         
0.000         
0.000         
0.000         
0.000         
0.000         
0.000         
0.000         
0.000         
11.843        
0.000         
0.000         
3.510         
0.000         
0.000         
0.000         
0.000         
0.000         
0.000         
0.000         
0.000         
0.000         
1.079         
0.000         
1.215         
0.000         
0.000         
0.000         
0.000         
0.000         
0.000         
5.265         
0.254         
0.000         
0.000         
0.000         
0.254         
0.000         
0.000         
0.000         
0.000         
0.000         
0.000         
0.000         
0.000         
0.000         
0.000         
0.000         
0.000         
0.000         
0.000         
0.000         
0.000         
0.000         
0.000         
0.000         
0.000         
7.693         
0.000         
0.560         
0.000         
8.990         
0.000         
15.371        
0.000         
0.000         
0.359         
0.000         
0.000         
0.000         
18.684        
7.172         
0.000         
0.000         
0.000         
4.209         
0.000         
0.000         
0.000         
0.000         
0.000         
0.000         
0.000         
0.000         
0.000         
5.837         
0.000         
0.000         
0.000         
0.000         
0.000         
0.000         
0.000         
0.000         
0.000         
0.000         
0.000         
0.000         
0.000         
0.000         
0.000         
0.000         
0.000         
0.000         
0.000         
0.000         
0.000         
0.000         
0.000         
0.000         
0.000         
0.000         
0.000         
0.000         
0.000         
0.000         
14.734        
0.000         
0.000         
0.000         
0.000         
0.000         
0.000         
2.451         
0.000         
4.847         
0.000         
0.000         
0.354         
0.000         
0.000         
0.000         
0.000         
0.000         
6.161         
0.000         
0.000         
13.947        
0.000         
0.000         
0.000         
0.000         
0.000         
0.000         
0.000         
0.000         
0.000         
0.000         
0.000         
0.000         
0.000         
0.000         
0.000         
0.000         
0.000         
0.000         
0.000         
18.595        
0.000         
0.000         
4.180         
0.000         
0.000         
0.000         
0.000         
0.621         
0.000         
0.000         
0.000         
0.000         
0.000         
0.000         
0.000         
0.000         
0.000         
0.000         
0.000         
0.000         
0.000         
0.000         
0.000         
0.000         
0.197         
0.000         
0.000         
0.000         
0.000         
0.000         
0.000         
0.000         
0.000         
0.000         
0.000         
0.000         
0.000         
0.000         
0.000         
5.720         
0.000         
0.000         
31.164        
1.677         
0.000         
27.946        
0.000         
0.000         
13.887        
0.762         
0.000         
9.401         
0.675         
0.000         
0.000         
0.000         
0.000         
0.000         
0.000         
0.000         
0.000         
0.000         
1.297         
0.000         
0.000         
7.306         
0.000         
0.000         
0.000         
0.000         
3.614         
8.197         
0.000         
0.000         
24.308        
12.578        
0.000         
6.610         
0.000         
0.000         
0.000         
0.000         
0.000         
0.000         
0.000         
0.000         
0.000         
0.000         
0.000         
0.033         
0.613         
8.538         
0.000         
0.000         
0.000         
12.659        
15.077        
0.000         
3.582         
6.784         
3.438         
0.000         
0.000         
0.000         
0.000         
0.000         
0.000         
0.000         
0.000         
0.000         
0.000         
21.165        
0.000         
0.000         
0.000         
0.000         
0.000         
0.000         
33.451        
0.037         
0.000         
0.018         
0.000         
0.000         
4.167         
19.918        
0.000         
33.832        
0.000         
0.000         
29.848        
0.000         
86.871        
0.000         
0.000         
0.000         
0.000         
0.000         
0.000         
0.000         
0.000         
0.000         
0.000         
0.000         
0.000         
0.000         
0.000         
0.000         
0.000         
0.000         
0.000         
0.000         
0.000         
0.000         
0.000         
0.000         
0.000         
0.000         
0.000         
0.000         
0.000         
0.000         
0.000         
0.000         
0.000         
12.234        
0.000         
0.000         
0.000         
0.000         
0.000         
0.000         
0.000         
0.000         
0.000         
0.000         
0.000         
0.000         
0.000         
0.000         
66.462        
36.881        
0.000         
0.000         
0.000         
0.000         
0.000         
0.000         
0.000         
0.000         
0.000         
0.000         
0.000         
0.000         
0.000         
0.000         
0.000         
30.858        
0.000         
0.000         
0.000         
0.000         
0.000         
0.000         
0.000         
0.000         
0.000         
0.000         
0.000         
0.000         
0.000         
0.000         
0.000         
0.000         
0.000         
0.000         
0.000         
0.000         
0.000         
0.000         
0.000         
0.000         
0.000         
0.000         
0.000         
0.000         
0.000         
0.000         
0.000         
0.000         
0.000         
0.000         
0.000         
0.199         
0.000         
0.000         
0.000         
0.000         
0.000         
0.219         
0.000         
0.000         
0.325         
0.000         
0.000         
0.000         
0.000         
0.000         
0.000         
0.000         
0.000         
0.000         
0.000         
0.000         
13.253        
0.000         
0.100         
0.000         
0.000         
0.000         
0.000         
0.000         
0.000         
0.000         
0.000         
0.000         
39.815        
0.000         
0.000         
0.000         
0.000         
0.000         
0.000         
0.000         
0.000         
0.000         
0.000         
0.000         
0.000         
0.000         
3.644         
0.000         
2.018         
0.000         
0.000         
0.000         
0.000         
0.000         
0.000         
0.000         
0.000         
0.000         
0.000         
0.000         
0.000         
0.000         
0.000         
0.000         
0.000         
0.000         
0.000         
0.000         
0.000         
0.000         
0.000         
0.000         
0.000         
0.000         
0.000         
0.000         
0.000         
0.000         
0.000         
0.000         
0.000         
0.000         
0.000         
0.000         
0.000         
0.000         
0.000         
0.000         
0.000         
0.000         
0.000         
0.000         
0.000         
0.000         
0.000         
2.193         
0.000         
0.000         
0.000         
0.000         
0.000         
0.000         
0.000         
0.000         
0.000         
0.000         
0.000         
0.000         
0.068         
0.000         
0.000         
0.000         
0.000         
21.649        
0.000         
0.000         
0.000         
0.000         
3.201         
0.000         
20.301        
14.596        
0.000         
0.747         
0.000         
0.000         
0.000         
0.000         
0.000         
0.000         
0.000         
0.000         
0.000         
0.000         
0.000         
0.000         
0.000         
0.000         
0.000         
0.000         
0.000         
0.000         
0.982         
0.000         
0.000         
0.000         
0.000         
0.000         
0.000         
0.000         
6.170         
0.000         
0.000         
5.553         
5.298         
0.000         
0.000         
0.000         
23.837        
0.000         
3.765         
0.000         
0.000         
0.786         
0.000         
0.000         
0.000         
0.000         
0.000         
0.000         
0.000         
0.000         
0.000         
0.000         
0.000         
0.000         
0.000         
0.408         
0.000         
0.000         
0.000         
21.282        
0.000         
0.000         
0.000         
10.231        
6.998         
0.000         
17.901        
0.000         
0.000         
0.000         
0.000         
0.000         
0.000         
0.000         
0.000         
0.000         
0.000         
2.482         
0.000         
0.000         
0.000         
0.000         
0.000         
0.000         
0.000         
0.000         
0.000         
1.384         
0.000         
1.777         
0.000         
0.000         
0.000         
0.000         
0.000         
0.000         
0.000         
2.697         
0.006         
0.000         
0.000         
0.000         
0.000         
0.000         
0.000         
0.000         
0.000         
30.885        
0.000         
0.000         
20.131        
0.000         
39.365        
0.000         
0.000         
0.615         
0.000         
0.045         
0.000         
0.000         
0.000         
0.000         
0.000         
11.519        
0.000         
0.000         
0.000         
0.000         
0.000         
0.000         
8.286         
0.000         
17.856        
0.000         
0.000         
12.250        
2.610         
0.000         
0.000         
0.000         
0.000         
8.554         
0.000         
0.000         
0.000         
0.000         
0.000         
0.000         
0.000         
0.000         
0.000         
0.000         
0.000         
0.000         
0.000         
0.000         
0.720         
0.000         
0.000         
0.000         
0.000         
6.948         
30.936        
0.000         
0.000         
0.000         
0.000         
0.000         
0.000         
0.000         
0.000         
0.000         
0.000         
0.000         
0.000         
0.000         
0.000         
0.000         
0.000         
0.000         
0.000         
0.000         
0.000         
0.000         
0.000         
0.000         
0.000         
0.000         
0.000         
52.558        
0.000         
0.000         
0.000         
0.000         
0.000         
0.000         
0.000         
0.000         
0.000         
0.000         
0.000         
0.000         
0.000         
0.000         
0.000         
0.000         
0.000         
0.000         
0.000         
0.000         
186.118       
0.000         
0.000         
0.000         
91.827        
0.000         
0.000         
0.000         
0.000         
0.000         
0.000         
0.000         
0.000         
0.000         
0.000         
0.000         
0.000         
0.000         
0.000         
0.000         
0.000         
0.000         
0.000         
0.000         
0.000         
0.000         
0.000         
0.000         
0.000         
0.000         
0.000         
0.081         
0.000         
0.000         
0.000         
0.000         
0.000         
0.000         
0.000         
0.000         
0.000         
0.000         
0.000         
0.000         
0.000         
0.000         
1.755         
0.000         
0.000         
0.227         
0.000         
0.441         
0.000         
0.000         
0.000         
0.000         
0.000         
0.000         
0.000         
0.000         
0.000         
0.000         
8.374         
0.000         
0.000         
0.000         
0.000         
9.303         
1.528         
0.000         
0.000         
0.000         
0.000         
0.000         
0.000         
0.000         
0.000         
0.000         
0.000         
0.000         
3.076         
0.000         
1.688         
0.000         
0.000         
0.000         
0.000         
0.000         
0.000         
0.000         
0.000         
0.000         
2.589         
0.000         
0.000         
0.000         
0.000         
0.000         
0.000         
0.000         
0.000         
0.000         
15.701        
0.000         
0.000         
0.000         
0.000         
0.000         
0.000         
0.000         
0.000         
0.000         
0.000         
2.517         
2.799         
0.000         
0.000         
0.000         
0.000         
0.000         
0.000         
0.000         
0.000         
0.000         
0.000         
0.000         
0.000         
0.000         
0.000         
4.932         
3.786         
1.379         
0.000         
0.000         
0.000         
0.000         
0.000         
0.000         
0.483         
0.000         
0.000         
0.000         
1.780         
0.000         
0.000         
0.000         
0.000         
0.835         
0.000         
0.000         
0.000         
0.000         
0.000         
0.000         
10.467        
0.000         
0.000         
0.000         
0.000         
0.000         
5.306         
0.000         
0.000         
0.000         
3.028         
0.000         
0.000         
23.985        
7.044         
5.929         
0.000         
0.000         
10.115        
0.000         
0.000         
0.000         
4.806         
0.000         
0.000         
0.000         
0.000         
0.000         
0.000         
0.000         
0.000         
0.000         
0.000         
0.000         
0.000         
0.000         
0.646         
0.000         
0.000         
0.000         
0.000         
0.000         
3.476         
0.000         
0.000         
0.000         
0.000         
0.000         
0.000         
0.000         
5.976         
0.000         
0.000         
0.000         
0.000         
0.000         
0.000         
0.000         
0.000         
0.000         
0.000         
72.768        
0.000         
0.000         
0.000         
0.000         
0.000         
0.000         
0.000         
0.000         
0.000         
0.000         
3.026         
0.000         
11.602        
1.193         
20.267        
9.611         
5.435         
16.696        
0.099         
0.000         
5.580         
16.416        
0.000         
0.000         
0.000         
0.000         
0.000         
0.000         
0.000         
11.114        
0.000         
0.000         
0.168         
57.551        
0.875         
0.065         
0.000         
0.000         
0.000         
0.000         
15.787        
0.000         
0.000         
0.000         
0.000         
0.000         
0.000         
6.600         
0.032         
0.000         
0.000         
0.000         
0.000         
0.000         
0.000         
359.044       
0.000         
43.910        
4.929         
0.000         
28.584        
0.000         
0.000         
22.955        
0.465         
0.000         
0.000         
8.631         
0.000         
0.000         
0.000         
0.000         
0.000         
0.000         
0.000         
0.000         
0.000         
0.000         
22.146        
5.107         
0.000         
756.862       
0.000         
0.000         
0.000         
0.000         
0.000         
0.000         
0.000         
13.641        
0.000         
0.000         
0.000         
0.000         
0.000         
0.000         
0.000         
0.000         
0.000         
0.000         
0.000         
0.000         
0.000         
0.000         
0.000         
0.000         
0.000         
0.000         
0.000         
0.000         
0.000         
0.000         
0.000         
0.000         
0.000         
0.000         
0.000         
0.000         
0.000         
0.000         
0.000         
0.000         
0.000         
0.000         
0.000         
0.000         
0.000         
0.000         
0.000         
0.000         
0.000         
0.000         
0.000         
0.000         
0.000         
0.000         
0.000         
0.000         
0.000         
0.000         
0.000         
33.501        
41.838        
0.000         
0.000         
0.000         
0.000         
0.000         
0.000         
0.000         
0.000         
0.000         
0.000         
0.000         
0.000         
0.000         
0.000         
0.000         
0.000         
0.000         
0.000         
0.000         
0.000         
0.000         
0.000         
0.000         
0.000         
0.000         
0.000         
0.000         
13.313        
0.000         
0.000         
0.000         
0.000         
0.000         
0.000         
0.000         
0.000         
0.000         
0.000         
0.000         
0.000         
0.000         
3.924         
0.000         
0.000         
0.000         
0.000         
1.760         
0.000         
0.000         
0.000         
0.000         
0.000         
0.000         
0.000         
0.000         
0.000         
0.000         
0.000         
0.000         
0.000         
0.000         
0.000         
0.000         
0.000         
0.000         
0.000         
0.000         
0.000         
0.000         
0.000         
0.000         
0.000         
0.000         
0.000         
8.356         
0.000         
0.000         
0.000         
0.000         
0.000         
0.000         
0.000         
32.711        
0.000         
0.000         
12.129        
14.120        
0.000         
6.667         
0.000         
0.000         
0.000         
0.000         
0.000         
0.000         
0.000         
0.000         
0.000         
0.000         
2.639         
0.000         
0.000         
0.000         
0.000         
0.000         
0.000         
0.000         
0.000         
0.000         
0.000         
0.605         
1.183         
0.458         
1.665         
0.000         
0.000         
0.000         
0.000         
0.000         
0.000         
0.000         
0.000         
0.000         
0.000         
0.000         
0.000         
0.378         
0.000         
0.000         
2.439         
0.000         
0.000         
10.846        
0.000         
41.990        
0.000         
0.000         
0.000         
10.505        
0.000         
0.000         
0.000         
0.000         
0.000         
0.000         
0.000         
0.000         
0.000         
0.000         
0.000         
0.000         
0.624         
0.000         
0.082         
0.000         
0.000         
11.267        
0.000         
0.000         
0.000         
0.000         
0.000         
2.643         
0.000         
0.000         
0.000         
0.000         
0.000         
0.000         
0.000         
0.000         
0.000         
0.000         
0.000         
0.000         
0.000         
0.000         
0.000         
0.000         
0.000         
0.000         
0.000         
0.000         
0.000         
0.000         
0.000         
0.000         
0.000         
0.000         
0.000         
0.000         
0.000         
0.000         
0.000         
0.000         
0.000         
0.000         
17.096        
0.000         
0.000         
3.681         
14.082        
0.460         
0.000         
0.000         
37.939        
0.000         
94.731        
0.000         
0.000         
6.724         
0.000         
0.000         
7.754         
21.984        
2.698         
0.000         
12.493        
1.242         
6.351         
61.429        
0.000         
0.000         
2.249         
48.227        
2.136         
4.603         
25.348        
0.000         
30.685        
0.578         
0.000         
0.000         
0.000         
0.000         
0.000         
5.894         
0.000         
0.000         
0.000         
0.000         
0.000         
0.000         
2.642         
0.000         
0.000         
0.000         
17.197        
0.000         
0.000         
0.000         
0.000         
30.736        
0.000         
0.000         
0.000         
0.000         
28.597        
6.779         
0.000         
0.000         
0.000         
0.000         
0.000         
0.000         
0.000         
0.054         
0.000         
0.000         
0.000         
0.000         
2.753         
0.000         
0.000         
0.000         
0.000         
0.000         
0.000         
0.000         
0.000         
0.000         
0.000         
0.000         
0.000         
9.280         
0.000         
0.000         
0.000         
64.647        
0.000         
0.679         
0.000         
0.000         
0.000         
0.000         
0.000         
0.000         
4.406         
0.000         
0.000         
32.688        
0.000         
0.000         
0.000         
0.000         
0.000         
0.000         
0.000         
0.000         
0.000         
0.784         
0.000         
0.000         
0.000         
0.000         
0.000         
0.000         
0.000         
0.000         
0.000         
0.000         
0.000         
0.000         
0.000         
0.000         
0.000         
0.000         
0.000         
0.000         
0.000         
0.000         
0.000         
0.000         
0.000         
0.000         
0.000         
0.000         
0.000         
0.000         
0.000         
0.000         
0.000         
0.000         
0.000         
0.000         
0.000         
0.000         
0.000         
4.530         
0.000         
0.000         
0.000         
0.000         
0.000         
0.000         
0.000         
0.000         
0.000         
0.000         
0.000         
0.000         
0.000         
4.665         
0.000         
0.000         
0.000         
0.000         
0.000         
0.000         
0.000         
0.000         
0.000         
0.000         
0.000         
0.000         
0.000         
0.000         
0.000         
0.000         
0.000         
5.365         
0.000         
0.000         
0.000         
0.386         
0.000         
0.000         
0.000         
0.000         
0.000         
0.000         
0.000         
0.000         
0.000         
8.234         
0.000         
0.000         
0.000         
0.000         
0.000         
0.000         
0.000         
3.739         
0.000         
0.000         
0.000         
0.000         
0.000         
0.000         
0.000         
0.000         
0.000         
0.000         
0.000         
0.000         
0.000         
0.000         
0.000         
0.000         
0.000         
0.000         
10.547        
0.000         
0.000         
0.000         
0.000         
0.000         
0.000         
0.000         
0.000         
0.000         
0.000         
16.624        
52.583        
32.281        
0.000         
0.000         
0.000         
25.550        
0.000         
0.000         
0.000         
0.000         
0.000         
0.000         
0.000         
0.000         
0.000         
0.000         
8.735         
57.800        
9.872         
8.967         
0.000         
0.802         
0.000         
0.000         
0.000         
0.000         
0.000         
0.000         
0.061         
1.043         
0.000         
0.000         
0.000         
0.000         
5.537         
0.000         
0.000         
0.000         
0.000         
0.000         
5.576         
0.000         
0.000         
0.000         
0.000         
9.292         
0.000         
0.000         
0.000         
7.523         
0.000         
3.975         
0.000         
0.000         
0.000         
12.249        
14.083        
0.000         
0.000         
0.000         
0.000         
0.000         
12.978        
0.000         
0.000         
0.000         
0.000         
0.000         
0.000         
0.000         
0.000         
0.000         
0.000         
0.000         
0.000         
0.073         
0.000         
0.000         
0.000         
0.012         
0.000         
0.000         
0.000         
0.000         
0.000         
0.000         
0.000         
0.000         
0.000         
0.000         
0.000         
0.000         
0.000         
0.000         
0.032         
0.000         
1.723         
0.000         
0.000         
0.000         
0.000         
0.000         
0.000         
0.000         
0.000         
0.000         
0.000         
0.000         
0.000         
0.000         
11.012        
0.000         
0.000         
0.454         
0.000         
0.379         
0.000         
0.000         
0.000         
0.000         
23.026        
0.000         
0.000         
0.000         
0.000         
0.000         
0.000         
0.000         
0.000         
0.000         
0.000         
0.000         
0.000         
0.000         
0.000         
8.733         
0.000         
9.618         
0.000         
0.000         
0.000         
0.000         
0.000         
0.000         
0.002         
3.290         
19.533        
0.000         
0.000         
0.000         
0.000         
0.000         
0.000         
0.004         
0.000         
0.000         
0.000         
0.000         
0.000         
7.773         
6.263         
2.678         
0.000         
0.000         
8.507         
0.288         
0.286         
1.684         
8.642         
5.764         
0.000         
0.000         
0.000         
0.000         
0.027         
144.181       
148.292       
0.020         
0.000         
17.132        
42.446        
0.000         
6.966         
0.000         
0.000         
0.000         
0.000         
0.000         
0.000         
0.000         
0.000         
0.000         
0.000         
0.000         
0.000         
0.000         
0.000         
0.000         
0.000         
21.472        
40.194        
14.559        
1.647         
27.149        
0.000         
0.000         
25.154        
0.001         
108.125       
0.000         
0.000         
0.097         
0.000         
7.771         
0.000         
12.247        
0.000         
0.000         
29.809        
0.000         
0.000         
0.052         
0.000         
0.000         
0.000         
0.000         
0.000         
2.879         
0.000         
0.000         
0.000         
0.000         
68.462        
0.000         
0.000         
9.703         
0.000         
0.000         
0.000         
0.000         
0.000         
0.000         
0.000         
0.000         
0.000         
0.000         
0.000         
0.000         
0.000         
0.000         
0.000         
0.000         
0.000         
0.000         
0.000         
0.000         
0.000         
0.000         
0.000         
0.000         
0.000         
0.000         
0.000         
0.000         
0.000         
0.000         
0.000         
0.000         
0.000         
0.000         
0.000         
0.000         
0.010         
0.000         
0.000         
0.000         
0.000         
0.000         
0.000         
0.000         
0.000         
0.000         
0.000         
0.000         
0.000         
0.000         
55.682        
0.000         
0.000         
0.000         
21.035        
0.000         
0.000         
0.000         
0.000         
0.000         
0.000         
0.000         
0.000         
0.000         
0.000         
0.000         
0.000         
0.000         
0.000         
0.000         
0.000         
0.000         
0.000         
0.000         
0.000         
0.000         
4.523         
0.000         
0.000         
0.000         
0.000         
0.000         
9.881         
0.000         
0.000         
0.000         
0.000         
3.737         
0.000         
0.000         
0.000         
0.000         
0.000         
0.000         
0.000         
0.000         
0.000         
0.000         
0.000         
0.000         
0.000         
0.000         
0.000         
0.000         
0.000         
0.000         
0.000         
0.000         
0.000         
0.000         
0.000         
0.000         
4.140         
0.000         
0.000         
0.000         
0.203         
0.000         
0.000         
0.000         
0.000         
0.000         
0.000         
0.000         
6.764         
0.000         
0.000         
0.883         
0.000         
36.090        
0.000         
10.914        
0.000         
0.000         
42.170        
0.885         
0.000         
0.000         
0.000         
0.000         
0.000         
0.000         
0.000         
0.000         
0.000         
0.000         
0.000         
0.000         
0.723         
0.000         
0.000         
0.000         
0.000         
0.000         
0.000         
1.559         
0.000         
0.000         
0.000         
0.000         
0.000         
0.000         
0.000         
0.000         
0.000         
0.000         
0.000         
0.000         
0.000         
0.000         
0.000         
0.000         
0.000         
0.000         
0.000         
0.000         
0.000         
0.000         
0.000         
0.000         
0.000         
0.000         
0.000         
0.000         
0.000         
0.000         
0.000         
0.000         
0.000         
0.000         
0.000         
0.000         
0.000         
0.000         
0.000         
0.000         
0.000         
0.000         
24.467        
0.000         
0.032         
0.448         
0.140         
4.103         
0.000         
0.000         
0.000         
0.386         
0.000         
0.000         
0.000         
0.000         
0.000         
0.000         
0.000         
0.000         
0.000         
0.000         
0.000         
0.000         
0.000         
0.000         
0.000         
0.000         
0.000         
0.000         
7.784         
0.000         
0.000         
4.901         
10.339        
0.000         
0.000         
0.000         
3.660         
6.242         
0.000         
0.000         
0.000         
0.000         
0.000         
0.000         
0.000         
0.000         
0.000         
0.000         
0.000         
0.000         
0.000         
0.000         
0.000         
0.000         
0.000         
0.000         
0.000         
0.000         
0.000         
0.000         
0.000         
0.000         
0.000         
0.000         
0.000         
0.000         
0.000         
0.000         
0.000         
0.000         
0.000         
0.000         
0.000         
0.000         
0.000         
35.383        
0.012         
1.060         
1.236         
58.294        
4.544         
3.317         
43.560        
0.000         
0.000         
0.000         
4.760         
0.000         
1.297         
0.000         
19.812        
4.333         
2.679         
0.000         
0.000         
0.000         
6.710         
26.036        
0.223         
0.000         
7.144         
0.000         
0.000         
0.000         
0.000         
0.000         
0.000         
0.000         
0.005         
8.552         
0.000         
1.877         
0.000         
0.000         
0.000         
13.484        
0.000         
0.000         
0.000         
0.000         
0.483         
0.000         
0.000         
0.000         
0.359         
0.000         
0.000         
0.000         
0.000         
0.000         
0.000         
0.000         
0.000         
0.000         
0.000         
0.000         
0.000         
0.000         
0.000         
0.000         
0.000         
0.000         
0.000         
0.000         
57.735        
0.000         
0.000         
4.796         
36.390        
16.311        
0.000         
0.000         
0.000         
0.000         
0.000         
0.000         
0.000         
0.000         
0.000         
0.000         
0.000         
0.000         
0.000         
0.000         
0.000         
0.000         
0.000         
0.000         
0.000         
0.000         
0.000         
0.000         
0.000         
0.000         
0.000         
0.000         
0.000         
0.000         
0.000         
0.000         
0.000         
0.000         
0.000         
0.000         
0.000         
0.000         
0.000         
0.000         
0.000         
0.000         
0.000         
0.000         
0.000         
0.000         
0.000         
0.000         
0.000         
0.000         
0.000         
0.000         
0.000         
0.000         
0.000         
0.000         
0.000         
0.000         
11.098        
0.000         
0.000         
0.000         
0.000         
0.000         
0.000         
0.000         
0.000         
0.000         
0.000         
0.000         
0.000         
0.000         
0.000         
0.000         
0.000         
0.000         
0.000         
0.000         
0.000         
10.692        
0.000         
0.000         
0.000         
0.000         
0.000         
0.000         
0.000         
0.000         
0.000         
0.000         
0.000         
0.000         
0.000         
0.000         
0.000         
0.000         
0.000         
0.000         
0.000         
0.000         
0.000         
0.000         
0.000         
0.000         
0.000         
0.000         
0.000         
0.000         
0.000         
0.000         
0.000         
0.000         
0.000         
0.000         
0.000         
0.000         
0.000         
0.000         
0.000         
0.000         
0.000         
0.000         
0.000         
0.000         
0.000         
0.000         
0.000         
0.000         
0.000         
0.000         
0.000         
0.000         
0.000         
1.804         
0.000         
0.000         
0.000         
0.000         
0.000         
0.000         
0.000         
0.000         
0.000         
0.000         
2.263         
50.190        
0.000         
64.948        
0.000         
0.000         
0.000         
0.000         
0.000         
29.597        
0.000         
0.000         
0.000         
0.000         
0.000         
0.000         
0.000         
14.811        
0.000         
0.000         
0.000         
0.000         
0.000         
0.000         
0.129         
11.562        
0.000         
0.000         
0.000         
0.164         
7.686         
0.000         
0.000         
0.000         
0.000         
0.000         
0.000         
0.000         
0.000         
0.000         
0.000         
0.000         
0.000         
0.000         
0.000         
0.000         
0.015         
0.000         
0.000         
0.000         
0.000         
0.000         
0.000         
0.000         
0.000         
3.702         
0.000         
0.000         
10.047        
0.000         
1.797         
0.000         
0.000         
0.000         
1.584         
7.432         
0.000         
0.000         
0.000         
0.000         
0.000         
0.000         
0.000         
0.000         
0.000         
0.000         
1.694         
0.000         
0.000         
0.000         
0.000         
0.000         
0.000         
0.000         
0.000         
0.000         
0.000         
0.000         
0.000         
0.000         
5.156         
0.000         
0.000         
0.000         
0.000         
0.000         
0.000         
0.000         
0.000         
0.789         
0.000         
0.000         
0.000         
0.000         
0.000         
0.000         
4.969         
0.000         
0.000         
0.000         
0.000         
0.000         
0.000         
0.000         
2.971         
8.148         
3.469         
0.000         
0.000         
0.000         
0.000         
0.000         
0.000         
0.000         
0.000         
0.000         
35.920        
6.068         
9.535         
0.000         
0.000         
1.218         
0.000         
49.056        
0.000         
0.000         
0.000         
0.000         
0.000         
0.000         
0.000         
0.000         
0.000         
0.000         
0.000         
0.000         
0.000         
0.000         
21.310        
4.263         
0.000         
0.000         
0.000         
0.000         
0.000         
0.000         
30.749        
19.395        
0.000         
13.719        
0.000         
11.506        
0.000         
0.066         
0.000         
0.000         
0.385         
0.000         
0.000         
0.132         
0.000         
19.491        
0.000         
0.000         
0.000         
0.000         
0.000         
0.000         
0.000         
0.000         
13.120        
0.000         
0.000         
36.283        
11.599        
6.986         
0.000         
32.889        
0.000         
0.000         
0.000         
0.000         
0.000         
4.433         
0.000         
14.676        
0.252         
0.000         
0.000         
0.000         
7.257         
0.000         
0.000         
1.443         
0.000         
0.000         
0.000         
0.000         
1.782         
0.000         
37.252        
0.000         
0.000         
34.927        
0.000         
0.000         
0.000         
0.000         
350.764       
0.000         
0.000         
30.460        
0.000         
0.000         
0.000         
6.170         
0.000         
10.476        
11.208        
0.000         
0.000         
76.216        
0.000         
0.000         
0.000         
0.000         
0.000         
246.741       
0.000         
0.000         
0.000         
0.000         
0.102         
0.000         
0.000         
0.000         
0.000         
0.000         
0.000         
0.000         
0.000         
0.000         
0.000         
0.000         
0.000         
0.000         
0.000         
0.000         
0.000         
0.000         
0.000         
0.000         
0.000         
0.006         
0.000         
0.000         
0.000         
0.000         
0.000         
0.000         
0.000         
0.000         
0.000         
0.000         
0.000         
0.000         
0.000         
0.000         
0.000         
0.000         
2.021         
0.000         
0.000         
0.000         
0.000         
0.000         
0.000         
0.000         
0.000         
0.000         
0.000         
0.000         
0.000         
0.000         
0.000         
0.000         
0.000         
0.000         
0.000         
0.174         
0.000         
0.000         
0.000         
0.000         
0.000         
0.000         
29.045        
0.000         
0.000         
0.000         
8.113         
1.519         
0.000         
0.000         
0.000         
0.000         
0.000         
0.000         
0.000         
0.000         
0.000         
0.000         
0.000         
0.000         
0.000         
0.000         
0.000         
0.000         
0.000         
0.000         
0.000         
0.000         
0.000         
0.000         
0.000         
0.000         
3.134         
0.000         
0.254         
0.000         
0.000         
0.000         
0.000         
0.000         
0.000         
0.000         
0.000         
0.000         
0.000         
0.000         
0.000         
0.000         
0.000         
0.000         
0.000         
0.000         
0.002         
0.000         
0.000         
0.000         
0.423         
0.000         
0.000         
0.000         
6.878         
0.000         
16.931        
0.000         
0.000         
0.000         
0.000         
0.000         
0.000         
0.000         
0.000         
0.000         
0.000         
0.000         
0.000         
7.710         
0.000         
0.000         
0.000         
0.000         
0.000         
0.000         
0.000         
0.000         
1.817         
0.267         
0.000         
0.000         
0.000         
0.000         
0.000         
0.000         
0.000         
0.000         
0.000         
0.000         
0.000         
1.465         
2.105         
0.000         
0.000         
0.000         
0.000         
0.000         
1.557         
0.000         
0.000         
4.823         
0.000         
0.000         
0.000         
7.799         
0.000         
0.000         
0.000         
0.000         
0.000         
0.000         
0.000         
0.000         
0.000         
0.000         
0.000         
0.000         
0.000         
0.000         
0.000         
0.000         
0.000         
0.000         
0.000         
0.000         
0.000         
0.000         
0.000         
0.000         
0.000         
0.000         
0.000         
0.000         
1.292         
0.123         
0.742         
0.000         
0.000         
0.000         
0.000         
0.000         
2.199         
0.000         
0.000         
0.000         
0.000         
0.000         
0.000         
0.000         
0.000         
0.000         
0.000         
0.000         
0.000         
0.000         
0.000         
7.494         
0.000         
0.000         
0.000         
0.000         
0.000         
0.000         
0.000         
0.000         
0.000         
8.987         
0.000         
0.000         
0.000         
0.000         
0.000         
0.690         
0.000         
0.000         
0.568         
0.000         
0.000         
0.000         
6.425         
22.541        
0.000         
0.000         
0.000         
0.000         
0.000         
0.000         
0.000         
0.000         
0.000         
6.043         
0.000         
0.000         
0.000         
0.000         
0.000         
0.000         
0.000         
0.000         
0.000         
16.587        
0.000         
0.000         
0.000         
0.060         
0.000         
1.327         
0.000         
0.000         
0.000         
0.000         
0.000         
0.000         
0.000         
0.000         
0.000         
0.000         
13.699        
0.000         
0.000         
11.052        
0.000         
2.778         
0.000         
3.744         
43.474        
0.000         
0.000         
0.000         
12.866        
0.000         
7.252         
26.727        
0.000         
8.296         
0.000         
14.166        
31.266        
62.244        
0.000         
0.424         
0.720         
0.000         
0.000         
0.000         
0.000         
0.000         
0.000         
0.000         
0.000         
0.000         
0.000         
0.000         
0.000         
0.000         
0.905         
19.137        
15.572        
0.720         
10.365        
19.935        
0.000         
0.000         
0.000         
0.000         
0.000         
0.000         
98.746        
0.000         
0.174         
1.052         
5.390         
38.413        
100.279       
0.000         
31.683        
80.907        
5.063         
0.000         
0.000         
12.942        
0.000         
0.000         
0.000         
0.000         
0.000         
0.000         
0.000         
0.000         
0.000         
0.000         
0.000         
0.000         
0.000         
0.000         
0.000         
0.000         
0.000         
0.000         
0.000         
0.000         
0.000         
0.000         
0.000         
0.000         
0.000         
0.000         
0.000         
0.000         
0.000         
42.664        
0.000         
0.000         
0.000         
0.000         
0.000         
0.000         
0.000         
0.000         
0.000         
0.000         
0.000         
0.000         
0.000         
0.000         
0.000         
0.000         
0.470         
0.000         
0.014         
0.000         
0.000         
0.000         
0.000         
0.000         
0.000         
0.000         
0.000         
0.000         
0.000         
0.000         
0.000         
0.000         
0.000         
0.000         
0.000         
0.000         
0.000         
0.000         
0.000         
0.000         
0.000         
0.000         
0.000         
0.000         
0.000         
0.000         
0.000         
0.000         
0.000         
0.000         
0.000         
0.000         
0.000         
0.000         
0.000         
0.000         
2.888         
0.000         
0.000         
0.000         
0.000         
0.000         
0.000         
0.000         
0.000         
0.000         
0.000         
0.000         
0.000         
0.000         
0.000         
0.000         
0.000         
0.000         
0.000         
0.000         
0.000         
0.000         
0.000         
0.000         
0.000         
0.000         
0.000         
0.000         
0.000         
0.000         
0.000         
0.000         
0.000         
0.000         
0.000         
0.000         
0.000         
0.000         
0.582         
0.000         
0.000         
0.000         
0.000         
0.000         
0.005         
0.000         
0.000         
0.000         
0.000         
0.478         
0.000         
0.000         
0.991         
9.574         
0.000         
0.000         
0.000         
13.026        
0.000         
0.000         
11.816        
1.980         
15.178        
0.000         
0.000         
0.000         
0.000         
0.000         
0.000         
0.000         
0.000         
5.902         
0.000         
0.000         
0.000         
0.478         
0.000         
0.000         
0.000         
0.000         
0.000         
0.000         
0.000         
0.000         
1.762         
0.000         
2.084         
0.000         
0.000         
0.000         
1.208         
0.000         
0.000         
0.000         
0.000         
0.000         
0.000         
0.000         
0.000         
0.333         
0.000         
0.000         
0.000         
0.440         
0.000         
0.000         
0.986         
0.000         
0.000         
2.773         
0.000         
0.000         
0.000         
3.258         
0.000         
0.000         
0.000         
0.000         
0.000         
0.000         
0.250         
0.159         
0.000         
0.000         
0.000         
0.000         
0.000         
0.000         
0.000         
0.000         
0.000         
0.000         
0.000         
0.000         
0.000         
0.000         
0.000         
0.000         
0.000         
0.000         
0.000         
0.000         
0.000         
0.000         
0.000         
0.000         
0.000         
0.000         
0.000         
0.000         
0.000         
0.000         
0.000         
0.000         
0.000         
0.000         
0.000         
0.192         
0.000         
0.055         
0.000         
0.000         
0.000         
0.000         
0.000         
0.000         
0.000         
0.000         
0.000         
0.000         
0.000         
0.000         
0.000         
0.000         
9.397         
0.000         
1.631         
0.000         
0.000         
0.000         
0.000         
0.000         
0.000         
0.000         
0.000         
0.000         
0.000         
0.000         
0.000         
0.000         
0.000         
0.000         
0.000         
0.000         
4.629         
0.000         
0.000         
0.000         
0.000         
0.000         
0.000         
0.000         
0.000         
0.000         
36.516        
0.000         
0.000         
0.000         
13.629        
0.000         
0.000         
0.000         
4.158         
0.001         
0.000         
0.000         
2.984         
0.000         
0.000         
3.423         
4.756         
0.000         
16.976        
2.772         
0.000         
76.736        
2.547         
0.000         
14.248        
21.443        
0.000         
0.000         
44.761        
114.991       
88.695        
2.525         
11.575        
0.023         
2.191         
0.000         
0.000         
0.000         
73.567        
0.000         
5.837         
17.965        
40.257        
0.000         
143.481       
47.299        
0.000         
14.429        
17.639        
0.000         
0.000         
0.704         
0.000         
0.000         
0.000         
27.012        
8.575         
0.859         
0.000         
3.150         
0.570         
0.000         
0.000         
0.000         
0.000         
0.000         
0.000         
18.630        
0.000         
0.000         
0.000         
0.000         
0.000         
0.000         
0.000         
0.000         
0.000         
0.000         
1.426         
0.496         
0.000         
0.000         
0.000         
0.000         
0.000         
0.000         
0.000         
0.000         
0.000         
0.000         
0.000         
0.000         
0.000         
0.000         
0.000         
0.000         
0.000         
57.104        
0.000         
0.000         
0.000         
0.000         
0.000         
0.000         
10.053        
0.000         
0.000         
0.000         
0.000         
0.000         
0.000         
0.000         
0.000         
0.000         
0.000         
0.000         
0.000         
0.000         
0.000         
0.000         
0.000         
0.000         
0.000         
0.000         
0.000         
0.000         
0.000         
0.000         
8.912         
0.000         
0.000         
0.000         
0.000         
0.000         
0.000         
0.000         
0.000         
0.000         
0.000         
0.000         
0.000         
0.000         
0.000         
0.000         
0.000         
0.000         
0.000         
4.069         
8.988         
0.000         
0.000         
0.000         
0.000         
0.000         
0.000         
0.000         
0.000         
0.000         
0.000         
0.000         
0.000         
0.000         
0.000         
0.000         
0.000         
0.000         
0.000         
0.000         
0.000         
54.740        
0.000         
0.000         
0.000         
0.000         
0.000         
0.000         
0.000         
0.000         
0.000         
0.000         
0.000         
0.000         
0.000         
0.000         
0.000         
0.000         
0.000         
0.000         
0.000         
0.000         
0.000         
0.198         
0.000         
0.000         
0.361         
0.000         
0.000         
39.317        
0.000         
0.000         
4.882         
0.000         
1.807         
0.000         
0.120         
0.000         
0.000         
0.000         
0.000         
0.000         
0.000         
4.252         
0.000         
0.596         
0.000         
68.989        
0.000         
0.000         
0.000         
0.000         
0.000         
0.000         
0.000         
0.000         
4.539         
0.000         
0.000         
0.000         
0.000         
0.000         
0.000         
0.000         
0.000         
0.000         
0.000         
0.000         
18.036        
0.000         
17.857        
0.000         
0.000         
0.000         
0.000         
0.000         
0.000         
0.000         
0.000         
0.000         
0.000         
0.000         
0.000         
0.000         
0.000         
1.680         
0.000         
0.000         
0.000         
0.000         
0.000         
0.000         
0.000         
0.000         
0.000         
0.000         
0.000         
0.000         
0.000         
0.000         
0.000         
0.000         
0.000         
0.000         
0.000         
0.000         
18.190        
0.000         
0.000         
0.000         
0.000         
0.000         
10.244        
0.000         
0.000         
0.000         
0.000         
0.000         
0.000         
2.178         
0.000         
0.000         
0.000         
0.000         
0.000         
0.000         
0.000         
0.208         
0.000         
0.000         
0.000         
3.848         
0.000         
0.000         
4.276         
0.000         
0.000         
0.000         
0.000         
0.000         
10.015        
0.000         
0.000         
0.000         
0.000         
0.000         
0.000         
0.000         
0.000         
6.741         
0.000         
0.000         
0.000         
0.000         
0.000         
0.000         
0.000         
0.000         
0.000         
6.215         
0.000         
0.000         
0.000         
0.736         
0.000         
0.000         
0.000         
0.000         
0.000         
0.000         
0.000         
0.000         
0.000         
0.000         
0.000         
0.000         
0.000         
0.000         
0.000         
0.000         
8.790         
0.000         
0.000         
0.000         
0.000         
0.000         
0.000         
0.000         
0.000         
36.166        
0.000         
0.000         
0.000         
0.000         
0.000         
0.000         
0.000         
1.060         
0.000         
70.379        
0.000         
0.000         
0.000         
0.000         
0.000         
0.000         
0.000         
0.000         
0.000         
9.842         
0.000         
20.843        
0.000         
0.000         
0.000         
0.000         
0.000         
0.000         
0.000         
0.000         
7.318         
0.000         
0.000         
0.000         
10.394        
12.965        
0.000         
0.000         
0.000         
0.000         
0.000         
0.000         
0.000         
2.116         
0.000         
0.061         
0.000         
1.648         
0.000         
0.000         
6.625         
1.508         
13.929        
6.907         
0.000         
8.739         
0.002         
16.122        
35.376        
24.224        
10.102        
9.140         
0.000         
0.000         
21.180        
0.000         
0.000         
0.000         
0.000         
0.000         
0.000         
0.000         
44.066        
0.000         
0.000         
0.000         
0.000         
0.000         
0.000         
0.000         
0.000         
0.000         
23.632        
0.000         
0.405         
0.000         
0.000         
0.000         
0.000         
0.000         
0.000         
0.000         
0.000         
0.000         
0.000         
0.000         
0.000         
3.881         
0.000         
0.000         
0.000         
0.000         
0.000         
0.000         
0.000         
0.000         
0.000         
0.000         
0.000         
0.000         
0.000         
0.000         
0.000         
0.000         
0.000         
0.000         
0.000         
0.000         
0.000         
0.000         
0.000         
0.000         
0.000         
0.000         
0.000         
0.000         
0.000         
0.000         
0.000         
0.000         
0.000         
0.000         
0.000         
0.000         
0.000         
0.000         
0.000         
0.000         
0.000         
0.000         
0.000         
0.000         
0.000         
0.000         
0.000         
0.000         
0.000         
0.000         
0.000         
0.000         
0.000         
0.000         
0.000         
0.000         
0.000         
0.000         
0.000         
0.000         
0.000         
0.000         
0.000         
0.000         
0.000         
0.000         
0.000         
0.000         
0.000         
0.000         
0.000         
0.000         
0.000         
17.087        
0.000         
0.000         
0.000         
0.000         
0.000         
0.000         
0.000         
0.000         
0.000         
0.000         
0.000         
0.000         
0.000         
0.000         
0.000         
0.000         
0.000         
0.000         
0.000         
0.000         
0.000         
0.000         
0.000         
0.000         
0.000         
0.000         
2.066         
2.821         
0.000         
0.000         
0.000         
0.000         
0.000         
0.000         
0.000         
0.000         
0.000         
0.000         
0.000         
0.000         
0.000         
0.000         
0.000         
0.000         
0.000         
0.000         
0.000         
0.000         
0.000         
6.245         
9.337         
0.000         
13.212        
0.000         
0.000         
0.000         
9.461         
31.974        
0.000         
0.000         
0.000         
0.000         
0.000         
0.000         
0.000         
0.000         
1.929         
0.000         
0.661         
6.803         
0.000         
0.000         
0.000         
17.849        
0.000         
0.000         
0.000         
0.000         
0.000         
0.000         
0.246         
0.000         
0.000         
0.000         
0.000         
0.000         
0.000         
0.000         
0.000         
0.000         
0.000         
0.000         
0.000         
0.000         
0.000         
5.732         
0.000         
0.000         
0.000         
0.000         
0.000         
0.000         
0.000         
0.000         
2.069         
0.000         
0.000         
0.000         
0.000         
0.000         
0.009         
0.000         
0.000         
0.000         
0.000         
0.000         
0.000         
0.000         
0.000         
0.000         
0.000         
0.000         
0.829         
0.000         
0.000         
0.000         
0.000         
0.000         
0.000         
0.000         
0.000         
0.000         
0.000         
5.045         
0.000         
0.000         
0.000         
0.000         
0.000         
0.000         
0.000         
0.000         
0.000         
0.000         
0.000         
0.000         
0.000         
0.000         
0.000         
0.000         
0.000         
0.000         
0.000         
0.000         
0.000         
0.000         
0.000         
0.000         
0.000         
0.000         
0.000         
0.000         
0.000         
0.000         
0.000         
0.000         
0.000         
0.000         
0.000         
0.000         
0.000         
22.063        
0.000         
0.000         
0.000         
12.711        
0.000         
0.000         
0.000         
16.539        
0.000         
0.000         
7.115         
0.000         
0.000         
59.378        
0.000         
0.000         
19.591        
15.573        
0.000         
42.788        
0.000         
0.000         
0.000         
0.000         
0.000         
0.000         
45.622        
14.522        
0.000         
0.000         
0.000         
0.015         
0.000         
0.000         
0.000         
0.000         
0.000         
0.000         
0.000         
0.000         
49.435        
0.000         
0.000         
0.000         
17.378        
0.000         
0.000         
0.000         
0.000         
0.000         
0.000         
0.000         
0.000         
0.000         
0.000         
16.017        
88.528        
0.000         
10.045        
0.000         
24.596        
0.615         
37.881        
0.000         
0.000         
54.495        
40.089        
4.448         
0.000         
0.000         
0.000         
0.000         
0.023         
0.940         
1.315         
3.124         
0.000         
20.384        
0.000         
5.350         
0.000         
0.000         
1.563         
0.000         
0.000         
0.000         
0.000         
0.000         
0.000         
0.000         
1.453         
0.000         
0.000         
16.060        
0.000         
0.000         
0.000         
0.000         
0.000         
0.000         
29.390        
0.000         
0.000         
7.545         
0.000         
0.000         
0.000         
0.000         
0.000         
0.000         
0.000         
0.000         
0.000         
0.000         
0.000         
0.000         
0.000         
0.000         
0.000         
0.000         
0.000         
0.000         
0.000         
0.000         
0.000         
0.000         
0.000         
0.000         
0.000         
0.000         
0.000         
0.000         
0.000         
19.489        
0.000         
0.000         
0.000         
0.000         
0.000         
0.000         
0.000         
0.000         
0.000         
0.000         
0.000         
0.000         
0.479         
0.000         
0.000         
0.000         
0.000         
0.000         
0.000         
0.000         
0.000         
0.000         
0.000         
0.000         
0.000         
0.000         
0.000         
0.000         
0.000         
0.000         
0.000         
0.000         
0.000         
0.000         
0.000         
0.000         
0.000         
0.000         
0.000         
0.000         
0.000         
0.000         
0.000         
0.000         
0.000         
0.000         
0.000         
45.465        
0.000         
0.000         
20.705        
0.000         
107.103       
0.000         
0.000         
0.000         
0.000         
0.000         
0.000         
0.000         
0.000         
0.000         
0.000         
0.000         
0.000         
0.000         
0.000         
0.000         
0.000         
0.000         
0.000         
0.000         
0.000         
0.000         
0.000         
0.000         
0.000         
0.000         
0.000         
0.000         
0.000         
0.000         
0.000         
0.000         
0.000         
0.000         
0.000         
0.000         
0.000         
0.000         
0.000         
0.000         
0.000         
0.000         
0.000         
0.000         
0.000         
0.000         
0.000         
0.000         
0.000         
0.000         
0.000         
0.000         
0.000         
0.000         
0.000         
0.000         
0.000         
0.000         
0.000         
0.000         
0.000         
6.079         
0.000         
0.000         
0.000         
0.000         
3.104         
0.000         
12.753        
0.000         
0.000         
0.000         
0.851         
17.512        
2.167         
0.000         
0.000         
0.000         
0.000         
0.000         
0.000         
1.298         
0.000         
0.000         
0.000         
0.000         
0.000         
0.000         
0.000         
42.581        
0.312         
0.000         
0.000         
0.000         
0.000         
0.000         
0.000         
2.736         
0.000         
0.000         
0.000         
0.000         
0.000         
0.000         
0.000         
0.000         
0.000         
0.000         
0.000         
0.000         
0.000         
0.000         
0.000         
0.000         
0.000         
0.000         
0.000         
0.000         
0.000         
0.000         
0.000         
0.000         
0.000         
0.000         
0.000         
0.000         
0.000         
0.000         
0.000         
0.714         
0.000         
0.000         
0.000         
0.000         
0.000         
0.000         
0.000         
0.000         
0.000         
0.000         
0.000         
0.000         
2.038         
0.000         
0.000         
0.431         
0.000         
0.000         
3.213         
1.733         
0.000         
3.405         
0.000         
0.000         
15.444        
0.000         
0.000         
0.000         
0.000         
0.000         
0.000         
0.000         
0.000         
0.000         
0.623         
0.000         
0.000         
0.000         
0.000         
0.000         
0.000         
0.000         
0.000         
0.000         
0.000         
0.000         
0.426         
0.000         
0.000         
0.000         
0.000         
0.000         
0.000         
9.394         
0.000         
0.000         
0.000         
0.000         
4.093         
12.025        
12.354        
0.000         
0.000         
18.221        
0.000         
10.200        
2.530         
0.000         
0.000         
0.000         
0.000         
0.345         
2.422         
4.871         
0.000         
71.409        
39.050        
0.000         
2.502         
34.506        
1.544         
0.000         
41.201        
0.000         
0.000         
0.000         
6.193         
15.528        
0.000         
0.000         
0.000         
0.000         
0.000         
35.336        
0.784         
0.000         
0.000         
3.932         
16.454        
0.000         
0.000         
0.000         
0.000         
0.000         
0.000         
0.000         
0.000         
2.101         
1.531         
0.000         
0.530         
0.000         
0.000         
2.834         
0.000         
0.000         
0.000         
0.000         
0.000         
0.000         
0.000         
4.162         
12.637        
0.000         
35.545        
26.625        
22.694        
9.469         
99.674        
3.135         
3.941         
106.421       
35.590        
0.000         
1.212         
9.556         
4.341         
0.000         
0.000         
0.000         
0.000         
16.728        
0.000         
0.000         
63.281        
10.554        
0.000         
0.407         
0.053         
0.027         
2.739         
0.000         
0.000         
0.000         
0.000         
0.000         
0.000         
0.000         
0.000         
0.000         
0.000         
0.000         
0.000         
0.000         
0.000         
0.000         
0.000         
0.000         
0.000         
0.000         
0.000         
0.000         
0.000         
0.000         
0.000         
0.000         
0.000         
0.000         
0.000         
0.000         
0.000         
0.000         
0.000         
0.000         
0.000         
0.000         
0.000         
0.000         
0.000         
0.000         
0.000         
2.208         
0.000         
0.000         
0.000         
0.000         
0.000         
0.000         
0.000         
0.000         
0.000         
0.000         
0.000         
0.000         
0.000         
0.000         
0.000         
0.000         
3.707         
0.000         
0.000         
0.000         
0.000         
0.000         
0.000         
0.000         
0.000         
0.000         
0.000         
0.000         
0.000         
0.000         
0.000         
0.000         
0.000         
0.000         
0.000         
0.000         
0.000         
0.000         
0.000         
0.000         
0.000         
0.000         
0.000         
0.000         
0.000         
0.000         
0.000         
0.000         
0.000         
0.000         
0.000         
0.000         
0.000         
0.000         
0.000         
0.000         
0.000         
0.000         
0.000         
0.000         
0.000         
0.000         
0.000         
0.000         
0.000         
0.000         
0.000         
0.000         
0.000         
0.000         
0.000         
0.000         
0.000         
0.000         
0.000         
0.000         
0.000         
0.000         
0.000         
0.000         
0.000         
0.000         
0.000         
0.000         
0.000         
0.000         
0.000         
0.000         
0.000         
0.000         
0.000         
0.000         
0.000         
0.000         
0.000         
0.000         
0.000         
0.000         
0.000         
0.000         
8.418         
4.292         
0.000         
21.382        
0.000         
0.000         
12.902        
0.000         
0.000         
0.000         
48.907        
0.000         
0.000         
23.063        
3.751         
0.000         
0.000         
0.000         
0.000         
0.000         
0.000         
0.000         
1.511         
0.000         
0.000         
0.000         
0.000         
0.000         
0.000         
0.000         
0.058         
0.000         
0.000         
0.000         
0.285         
0.000         
0.000         
0.000         
0.000         
0.000         
0.000         
38.412        
0.000         
0.000         
0.000         
0.000         
0.000         
0.000         
0.000         
0.000         
0.000         
0.000         
0.000         
0.000         
0.525         
0.000         
0.000         
0.000         
0.976         
0.000         
0.000         
0.000         
4.886         
6.717         
0.000         
1.135         
0.000         
0.000         
0.000         
0.000         
4.835         
0.633         
0.000         
0.000         
0.000         
0.000         
0.000         
0.000         
1.294         
9.845         
0.000         
0.000         
0.000         
0.000         
0.000         
0.000         
0.000         
0.000         
0.000         
7.852         
0.000         
2.167         
0.000         
0.000         
20.606        
0.000         
0.000         
0.000         
21.325        
0.000         
0.000         
0.000         
0.000         
0.000         
0.000         
0.000         
0.000         
0.667         
0.000         
0.000         
0.000         
0.000         
0.000         
0.843         
0.000         
0.000         
0.000         
0.000         
0.000         
0.000         
0.000         
0.874         
0.000         
0.000         
1.491         
0.000         
8.357         
0.000         
0.000         
0.000         
0.000         
17.655        
0.000         
0.000         
26.845        
3.285         
0.000         
0.000         
5.572         
0.000         
0.000         
0.000         
33.649        
0.000         
0.000         
0.000         
0.000         
0.000         
0.000         
0.000         
0.000         
0.000         
0.000         
0.000         
0.000         
0.000         
0.000         
0.000         
0.000         
0.000         
0.000         
0.000         
0.000         
0.000         
0.000         
0.000         
0.000         
0.000         
0.000         
0.029         
0.000         
0.000         
0.000         
0.000         
0.000         
0.000         
0.000         
0.000         
0.215         
0.000         
15.863        
0.000         
0.000         
4.253         
0.250         
0.000         
0.000         
0.000         
0.000         
0.000         
0.000         
0.000         
3.796         
5.206         
0.000         
0.000         
0.000         
0.000         
1.487         
0.000         
0.000         
0.000         
0.000         
0.000         
0.000         
0.000         
0.000         
0.000         
0.000         
0.000         
0.000         
0.000         
0.000         
0.000         
0.000         
0.000         
0.000         
0.000         
0.000         
0.000         
4.530         
28.223        
0.000         
0.000         
0.000         
0.000         
0.000         
0.000         
0.000         
0.000         
0.000         
0.000         
0.088         
0.000         
0.000         
0.000         
44.153        
15.102        
0.000         
0.000         
0.000         
0.000         
0.000         
0.000         
0.000         
0.000         
0.000         
0.000         
0.000         
0.000         
0.000         
0.000         
0.000         
0.013         
0.000         
0.260         
0.000         
2.173         
0.000         
0.000         
0.000         
0.000         
0.000         
0.000         
0.000         
0.000         
0.000         
0.000         
0.000         
0.000         
0.000         
0.000         
0.000         
0.000         
0.002         
0.000         
0.000         
0.000         
0.000         
0.000         
0.000         
0.000         
0.000         
0.000         
0.000         
0.000         
0.000         
0.000         
0.000         
0.000         
0.000         
20.864        
0.000         
0.000         
0.000         
0.000         
0.000         
0.000         
0.000         
0.000         
0.000         
0.000         
0.000         
0.000         
0.000         
0.000         
0.000         
0.000         
0.000         
0.000         
0.000         
0.000         
0.000         
0.000         
0.000         
0.000         
0.000         
0.000         
0.000         
0.000         
0.000         
0.000         
0.000         
0.000         
0.000         
0.000         
0.000         
0.000         
0.000         
0.000         
0.000         
0.000         
0.000         
0.000         
0.000         
0.000         
0.000         
0.000         
0.000         
0.000         
0.000         
0.000         
0.000         
0.000         
0.000         
0.000         
0.000         
0.000         
0.000         
0.000         
0.000         
0.000         
0.000         
0.000         
0.000         
0.000         
0.000         
0.000         
0.000         
0.000         
0.000         
0.000         
0.000         
0.000         
0.000         
0.000         
0.000         
0.000         
0.000         
0.000         
2.551         
0.000         
0.000         
0.000         
16.140        
0.000         
0.000         
0.000         
14.292        
0.000         
0.000         
20.754        
0.000         
0.000         
0.000         
0.000         
0.000         
0.000         
1.269         
0.000         
0.000         
0.000         
0.000         
0.000         
0.000         
0.000         
0.000         
0.000         
0.000         
0.000         
0.000         
0.000         
0.000         
0.000         
0.000         
0.000         
0.000         
0.000         
0.000         
0.000         
0.000         
0.000         
0.000         
0.000         
0.000         
0.000         
0.000         
0.000         
16.381        
0.000         
0.000         
0.000         
0.000         
11.324        
0.000         
0.000         
0.000         
0.000         
0.000         
0.000         
0.000         
0.000         
0.740         
0.000         
0.000         
0.000         
0.000         
0.000         
0.000         
0.476         
0.000         
0.000         
0.000         
0.000         
0.000         
0.000         
0.000         
0.000         
0.000         
0.000         
0.000         
0.000         
9.908         
0.000         
0.000         
0.000         
0.000         
0.000         
0.000         
0.000         
0.000         
32.753        
0.000         
0.000         
0.000         
0.000         
0.000         
0.000         
0.000         
0.000         
0.000         
0.000         
8.801         
0.000         
1.912         
0.000         
0.000         
0.000         
0.000         
0.000         
0.000         
0.000         
0.000         
0.000         
0.000         
0.000         
0.000         
0.944         
1.204         
0.282         
0.000         
0.000         
0.000         
0.000         
0.000         
0.000         
0.000         
0.000         
0.000         
0.000         
0.000         
3.384         
10.754        
0.000         
0.000         
0.000         
0.000         
0.000         
0.000         
23.981        
0.000         
0.000         
3.508         
0.000         
0.929         
0.000         
0.000         
0.000         
0.000         
22.045        
39.096        
0.053         
0.000         
0.000         
10.312        
55.537        
0.000         
87.576        
0.273         
0.484         
0.000         
0.000         
1.525         
0.000         
178.538       
0.000         
0.000         
0.000         
10.724        
0.000         
0.000         
0.000         
0.000         
0.000         
8.528         
0.000         
0.000         
2.389         
0.000         
0.000         
1.025         
0.000         
13.837        
5.422         
0.000         
0.000         
0.000         
0.000         
0.000         
52.934        
0.000         
0.062         
0.000         
0.305         
4.835         
29.782        
0.000         
0.000         
0.000         
0.000         
0.000         
0.000         
0.000         
110.644       
0.000         
125.039       
18.024        
0.000         
1.776         
8.618         
0.000         
0.000         
0.000         
4.240         
0.000         
1.794         
32.451        
0.000         
3.119         
1.581         
0.000         
56.674        
13.039        
0.000         
3.146         
0.000         
0.000         
0.000         
0.690         
3.919         
1.652         
0.000         
0.000         
0.000         
0.000         
5.838         
0.000         
142.202       
0.000         
0.000         
0.000         
0.000         
0.000         
0.000         
0.000         
0.000         
0.000         
0.000         
0.000         
0.000         
0.000         
0.000         
0.000         
0.000         
0.000         
0.000         
0.000         
0.000         
0.000         
0.000         
0.000         
2.219         
0.000         
0.000         
0.000         
0.000         
1.204         
0.000         
0.000         
0.000         
0.000         
0.000         
0.000         
0.000         
0.000         
0.000         
0.000         
0.000         
0.000         
0.000         
0.000         
0.000         
0.000         
0.000         
0.000         
0.000         
0.000         
0.000         
0.000         
0.000         
0.000         
0.000         
0.000         
0.000         
0.000         
95.226        
0.000         
0.000         
0.000         
0.000         
0.000         
0.000         
0.000         
0.000         
0.000         
0.000         
0.000         
0.000         
0.000         
0.000         
0.000         
0.000         
0.000         
0.000         
0.000         
0.000         
0.000         
0.000         
0.000         
0.000         
0.000         
0.000         
0.000         
0.000         
0.000         
0.000         
0.000         
0.000         
0.137         
0.000         
0.000         
0.000         
0.000         
0.000         
0.000         
0.000         
0.000         
0.000         
0.000         
0.000         
0.253         
0.000         
0.000         
0.946         
0.000         
0.000         
0.000         
0.000         
0.000         
0.000         
0.000         
0.000         
0.000         
0.000         
0.000         
0.000         
3.235         
2.286         
0.000         
0.000         
4.844         
7.716         
0.000         
0.000         
3.853         
0.000         
0.000         
0.000         
0.000         
0.000         
0.000         
0.000         
0.000         
0.000         
0.000         
0.000         
0.000         
0.000         
9.944         
0.000         
0.000         
0.000         
1.926         
0.000         
0.000         
0.000         
0.000         
0.000         
0.000         
0.000         
0.000         
0.000         
0.000         
0.000         
0.000         
0.000         
0.000         
0.000         
0.000         
0.000         
0.000         
0.000         
0.000         
5.862         
0.000         
0.000         
0.000         
0.000         
0.000         
0.000         
0.000         
0.336         
5.336         
23.993        
0.000         
0.000         
0.000         
0.017         
0.000         
0.489         
0.000         
0.000         
0.000         
0.000         
0.000         
0.000         
0.000         
0.000         
0.000         
2.379         
0.000         
1.273         
0.000         
2.560         
1.583         
0.318         
0.000         
0.000         
0.000         
11.274        
0.000         
0.000         
0.000         
0.000         
0.000         
0.000         
0.000         
0.000         
0.000         
0.000         
0.000         
0.000         
0.263         
0.000         
0.000         
0.000         
0.000         
0.000         
0.000         
0.000         
0.000         
0.000         
0.000         
0.000         
0.000         
0.000         
0.000         
5.789         
0.000         
0.000         
0.000         
7.310         
0.000         
0.000         
0.000         
0.000         
0.000         
0.433         
25.674        
7.278         
0.000         
0.000         
0.000         
0.000         
0.000         
0.000         
0.000         
0.000         
0.000         
0.000         
0.000         
0.000         
0.000         
16.326        
0.000         
0.000         
0.000         
0.000         
0.000         
0.000         
0.000         
0.000         
0.000         
0.000         
0.000         
0.000         
0.000         
0.000         
0.000         
38.614        
49.585        
6.106         
0.000         
0.000         
0.000         
0.000         
1.676         
18.823        
0.000         
0.000         
22.604        
0.062         
0.000         
0.000         
0.000         
6.075         
0.000         
0.000         
0.000         
0.000         
1.566         
0.000         
3.138         
0.000         
0.000         
0.000         
0.000         
0.000         
0.000         
0.000         
0.000         
0.000         
0.000         
0.000         
1.749         
0.000         
0.000         
26.304        
8.529         
22.569        
0.000         
0.000         
22.465        
0.000         
0.000         
1.000         
4.611         
0.000         
0.000         
0.000         
1.076         
0.000         
8.042         
0.000         
0.000         
0.164         
0.000         
0.000         
0.000         
0.000         
0.000         
0.000         
0.000         
68.465        
0.000         
0.000         
7.185         
0.000         
0.000         
0.000         
0.000         
0.000         
0.000         
0.000         
0.513         
0.000         
0.000         
0.000         
0.000         
0.000         
0.000         
0.000         
0.000         
5.307         
14.447        
14.619        
0.000         
0.000         
0.000         
0.000         
0.000         
0.000         
0.000         
0.000         
0.000         
0.000         
0.000         
0.000         
0.000         
0.000         
0.000         
0.000         
0.000         
0.000         
0.000         
0.000         
0.000         
0.000         
0.000         
0.000         
0.000         
0.000         
0.000         
0.000         
0.000         
0.000         
0.000         
0.000         
0.000         
0.000         
0.000         
0.000         
0.000         
0.000         
0.000         
0.000         
0.000         
0.000         
0.000         
0.000         
0.000         
0.000         
0.000         
0.000         
0.000         
0.000         
0.000         
0.000         
0.000         
0.000         
0.000         
0.000         
0.000         
0.000         
0.000         
0.000         
0.000         
0.000         
0.000         
0.000         
0.000         
0.000         
0.000         
0.000         
0.000         
14.277        
0.000         
0.000         
0.000         
0.000         
0.000         
0.000         
0.000         
0.000         
0.000         
0.000         
0.000         
0.000         
0.000         
5.698         
0.000         
0.000         
0.000         
0.000         
0.000         
0.000         
0.000         
0.000         
9.831         
0.000         
0.000         
0.857         
0.000         
0.000         
0.000         
0.000         
0.000         
0.000         
0.000         
0.000         
0.000         
0.000         
0.000         
0.000         
0.000         
0.000         
0.000         
0.000         
0.000         
0.000         
0.000         
0.000         
0.000         
0.000         
0.000         
0.000         
0.000         
0.000         
0.000         
2.870         
1.570         
0.000         
0.000         
0.000         
0.000         
0.000         
0.000         
0.000         
0.000         
38.588        
0.000         
0.000         
0.000         
0.000         
0.000         
0.000         
0.000         
0.000         
20.361        
0.000         
0.658         
0.000         
0.000         
0.000         
0.000         
0.000         
2.852         
0.053         
3.980         
0.000         
0.000         
0.000         
0.000         
0.000         
0.000         
0.000         
0.000         
0.000         
0.000         
0.000         
0.000         
0.000         
0.000         
0.000         
0.000         
0.000         
0.000         
0.000         
0.000         
0.000         
0.000         
0.000         
0.000         
0.000         
0.000         
0.000         
0.000         
0.000         
0.000         
0.000         
0.000         
0.000         
0.000         
0.000         
0.000         
0.000         
0.000         
0.000         
0.000         
0.000         
0.000         
0.000         
0.000         
0.000         
0.000         
0.000         
0.000         
0.000         
0.000         
0.000         
0.000         
0.000         
0.000         
0.000         
0.000         
0.000         
0.000         
0.000         
0.000         
0.000         
0.000         
0.000         
9.920         
0.000         
0.000         
0.000         
0.000         
0.000         
0.000         
4.782         
0.000         
0.000         
9.823         
0.000         
0.000         
0.000         
0.000         
0.000         
0.000         
0.000         
0.000         
2.486         
0.000         
0.000         
0.000         
0.000         
0.701         
0.000         
0.000         
0.000         
0.000         
0.000         
0.000         
0.000         
40.361        
0.759         
2.547         
0.000         
0.000         
0.000         
5.241         
12.422        
0.000         
0.000         
0.000         
29.323        
6.726         
0.000         
6.986         
0.000         
0.000         
0.000         
0.000         
0.000         
0.000         
0.000         
0.000         
0.000         
0.000         
0.000         
0.000         
8.850         
0.000         
2.471         
6.980         
0.000         
0.000         
23.380        
0.000         
0.000         
0.000         
3.701         
0.000         
0.035         
0.000         
1.999         
0.000         
0.000         
0.000         
0.000         
0.000         
0.000         
0.000         
0.000         
25.965        
16.330        
0.000         
6.530         
7.467         
2.936         
0.000         
0.000         
10.832        
0.000         
0.000         
0.000         
0.000         
0.000         
0.000         
28.454        
0.000         
10.071        
0.000         
0.000         
0.000         
0.000         
0.000         
0.000         
0.000         
0.000         
3.085         
0.000         
0.000         
0.000         
0.000         
0.000         
0.000         
3.175         
0.000         
0.000         
0.086         
0.000         
0.000         
0.000         
38.976        
0.000         
3.290         
0.000         
0.000         
0.000         
0.000         
0.000         
0.000         
0.000         
0.000         
37.977        
0.000         
0.000         
0.000         
0.000         
29.492        
0.000         
0.000         
0.000         
0.000         
0.000         
0.000         
0.000         
0.000         
0.000         
0.000         
0.000         
0.000         
0.000         
0.000         
0.000         
0.000         
0.000         
0.000         
0.000         
0.000         
0.000         
0.000         
0.000         
0.000         
0.000         
0.000         
0.000         
0.000         
0.000         
0.000         
0.000         
0.000         
0.000         
0.000         
0.000         
0.000         
0.000         
0.000         
0.000         
0.000         
0.000         
0.000         
0.000         
0.000         
0.000         
0.000         
0.000         
0.000         
0.000         
0.000         
0.000         
0.000         
0.000         
0.000         
0.000         
0.000         
0.000         
0.000         
0.000         
0.000         
0.000         
0.000         
0.000         
0.000         
0.000         
0.000         
0.000         
0.000         
0.000         
0.000         
0.000         
0.000         
0.000         
0.000         
0.000         
0.000         
0.000         
0.000         
0.000         
0.000         
0.000         
0.000         
0.000         
0.000         
0.000         
0.000         
56.549        
0.000         
0.000         
0.000         
0.000         
0.000         
0.000         
0.000         
0.000         
0.000         
0.000         
0.000         
0.000         
0.000         
0.000         
0.000         
0.000         
0.000         
0.000         
0.000         
0.000         
2.213         
0.000         
0.000         
0.000         
0.000         
0.000         
4.811         
0.000         
0.000         
0.000         
0.000         
0.000         
0.000         
0.000         
0.000         
0.000         
0.000         
3.270         
0.000         
0.000         
0.000         
0.000         
0.000         
0.000         
0.140         
0.000         
0.000         
0.000         
0.000         
0.000         
0.000         
0.000         
0.000         
0.000         
6.255         
0.000         
0.000         
0.000         
0.000         
0.000         
38.844        
2.312         
0.000         
0.000         
0.000         
0.000         
0.000         
0.000         
0.000         
0.000         
0.000         
0.000         
0.000         
0.000         
0.000         
1.410         
0.000         
0.000         
0.000         
13.512        
0.000         
0.000         
0.000         
0.000         
0.000         
0.000         
0.000         
12.883        
8.967         
0.000         
6.047         
0.000         
0.000         
0.000         
0.000         
0.000         
0.000         
0.000         
0.000         
5.018         
10.826        
0.000         
0.000         
0.000         
0.000         
0.000         
0.000         
8.184         
0.000         
0.000         
0.000         
0.000         
6.545         
0.000         
0.000         
0.000         
0.000         
0.000         
0.000         
0.000         
4.633         
0.000         
0.000         
0.828         
0.000         
0.000         
3.675         
0.000         
0.000         
1.321         
0.000         
0.000         
0.000         
0.000         
0.000         
0.000         
6.325         
2.066         
0.000         
0.000         
0.000         
0.000         
0.000         
0.000         
0.000         
0.000         
0.000         
0.000         
0.158         
0.000         
0.000         
0.000         
0.000         
0.000         
0.000         
0.000         
0.000         
0.000         
0.000         
0.000         
0.000         
0.000         
0.000         
3.578         
8.093         
0.000         
0.000         
0.000         
0.316         
0.000         
27.782        
0.000         
0.000         
0.000         
0.000         
0.000         
0.000         
0.000         
0.000         
0.000         
0.000         
0.000         
0.000         
0.000         
0.000         
0.000         
0.000         
0.000         
0.000         
0.000         
0.000         
0.000         
0.000         
0.000         
0.000         
30.123        
0.000         
0.000         
0.000         
0.023         
1.668         
0.000         
0.000         
0.000         
0.000         
0.000         
0.516         
0.000         
0.000         
0.000         
0.000         
7.787         
0.000         
0.000         
0.000         
0.000         
0.000         
0.000         
0.000         
0.000         
23.768        
0.000         
21.591        
38.996        
189.841       
0.000         
4.745         
83.980        
52.589        
0.000         
0.000         
4.222         
0.000         
11.950        
1.842         
0.000         
0.000         
0.000         
0.000         
8.374         
18.045        
7.565         
6.270         
0.000         
3.738         
0.000         
0.000         
0.000         
0.000         
2.368         
9.050         
0.990         
15.888        
0.000         
0.000         
0.000         
0.000         
0.000         
3.521         
0.000         
15.848        
0.000         
18.547        
0.000         
1.175         
0.000         
1.514         
0.000         
1.352         
10.010        
0.000         
0.000         
0.301         
10.450        
0.000         
19.535        
0.000         
0.000         
0.000         
0.000         
14.217        
0.000         
0.000         
0.000         
0.000         
6.899         
14.733        
47.715        
109.016       
0.000         
0.000         
0.000         
0.000         
0.000         
0.000         
56.341        
0.000         
0.000         
0.000         
0.000         
0.000         
0.000         
0.000         
0.000         
0.000         
0.000         
0.000         
0.000         
0.000         
0.000         
0.000         
0.000         
0.000         
0.000         
0.000         
0.000         
0.000         
0.000         
0.000         
0.000         
0.000         
0.000         
0.000         
0.000         
0.000         
0.000         
0.000         
0.000         
9.952         
0.000         
0.000         
0.000         
0.000         
0.000         
0.000         
0.000         
0.000         
0.000         
0.000         
0.000         
0.000         
0.000         
0.000         
0.000         
0.000         
0.000         
0.000         
0.000         
0.000         
0.000         
0.000         
0.000         
0.000         
0.000         
0.000         
0.000         
0.000         
0.000         
0.000         
0.000         
0.000         
0.000         
0.000         
0.000         
0.000         
0.000         
0.000         
0.000         
0.000         
0.000         
0.000         
0.000         
0.000         
0.000         
0.000         
0.000         
0.000         
0.000         
0.000         
0.000         
0.000         
0.000         
0.000         
0.000         
0.000         
0.000         
0.000         
0.000         
0.000         
0.000         
0.000         
0.053         
1.315         
0.000         
0.000         
0.000         
0.000         
0.000         
0.000         
0.000         
0.000         
0.000         
0.000         
0.000         
0.000         
0.000         
0.000         
0.000         
0.000         
0.000         
0.000         
0.000         
0.000         
0.000         
0.000         
0.000         
0.000         
0.000         
0.000         
0.000         
0.000         
0.000         
0.000         
26.514        
0.000         
0.000         
0.000         
0.000         
0.000         
0.000         
0.000         
0.000         
3.030         
0.000         
27.560        
0.000         
0.000         
0.000         
0.000         
0.000         
11.235        
0.000         
0.000         
0.000         
0.000         
0.000         
0.000         
0.000         
7.773         
6.857         
0.000         
0.000         
0.000         
0.000         
0.000         
0.000         
4.089         
0.000         
0.000         
0.000         
0.000         
0.000         
0.000         
0.000         
0.000         
0.000         
0.000         
0.000         
0.000         
0.000         
0.000         
0.000         
0.000         
0.000         
0.000         
0.000         
0.000         
0.000         
0.000         
0.000         
0.000         
0.000         
0.000         
0.000         
0.000         
30.796        
0.000         
0.580         
0.000         
0.000         
0.000         
0.000         
9.042         
9.171         
0.000         
0.000         
0.000         
0.000         
0.000         
0.000         
0.000         
0.000         
0.000         
0.000         
0.000         
0.000         
0.000         
0.000         
0.000         
0.000         
0.000         
0.000         
0.000         
0.000         
0.000         
0.000         
0.000         
0.000         
0.000         
0.000         
0.000         
0.000         
0.000         
0.000         
0.000         
0.000         
0.000         
0.000         
0.000         
0.000         
0.000         
0.000         
0.000         
0.019         
0.000         
0.000         
0.000         
0.000         
0.000         
0.000         
7.004         
0.000         
3.374         
2.508         
30.348        
0.000         
0.000         
0.000         
0.000         
0.000         
0.000         
0.000         
0.000         
0.000         
0.000         
0.000         
0.000         
0.000         
0.000         
0.000         
0.000         
0.000         
0.000         
0.000         
13.124        
0.000         
0.000         
0.000         
0.000         
23.617        
0.000         
0.000         
0.000         
0.000         
0.000         
12.038        
0.000         
0.000         
0.000         
0.211         
0.000         
49.346        
2.319         
0.000         
6.135         
2.070         
16.896        
0.000         
0.000         
10.416        
0.000         
0.000         
0.000         
0.000         
76.566        
66.787        
17.456        
27.299        
0.000         
9.035         
32.403        
0.000         
10.496        
0.839         
0.000         
9.895         
0.916         
0.000         
0.000         
0.000         
32.283        
0.000         
0.000         
0.000         
2.531         
0.677         
1.055         
0.000         
6.353         
0.000         
0.000         
0.017         
5.841         
0.000         
0.000         
0.000         
0.000         
0.000         
0.000         
0.000         
0.000         
0.000         
0.000         
0.000         
16.456        
124.722       
0.000         
0.000         
79.147        
2.423         
0.000         
0.000         
0.000         
0.000         
0.000         
0.000         
0.000         
0.000         
0.000         
0.000         
0.000         
4.544         
0.000         
0.000         
0.000         
0.000         
0.000         
0.000         
0.000         
0.000         
0.000         
0.000         
0.000         
0.000         
0.000         
0.000         
0.000         
0.000         
0.000         
0.000         
0.000         
0.000         
0.000         
0.000         
0.000         
0.000         
0.000         
0.000         
0.000         
0.000         
0.000         
0.000         
0.000         
0.000         
0.000         
0.000         
0.000         
0.000         
0.000         
0.000         
0.000         
0.000         
0.000         
0.000         
0.000         
0.000         
0.000         
0.000         
0.000         
6.748         
0.000         
0.000         
0.000         
10.203        
0.000         
0.000         
0.000         
0.000         
0.000         
0.000         
0.000         
0.000         
0.000         
0.000         
0.000         
0.000         
0.000         
0.000         
0.000         
0.000         
0.000         
0.000         
0.000         
0.000         
0.000         
0.000         
41.766        
0.000         
0.000         
31.564        
0.000         
0.000         
0.000         
0.000         
0.000         
87.096        
0.047         
1.724         
0.000         
0.000         
0.000         
0.000         
0.000         
0.000         
0.000         
0.000         
0.000         
0.000         
0.000         
0.000         
0.000         
0.000         
0.000         
0.000         
0.117         
2.214         
0.000         
0.000         
0.000         
0.000         
0.000         
0.000         
0.000         
0.000         
0.000         
0.000         
0.542         
0.603         
0.000         
0.000         
0.061         
1.925         
0.000         
0.000         
0.000         
0.000         
0.000         
0.000         
0.000         
0.000         
0.000         
0.000         
0.000         
0.000         
4.574         
0.000         
0.000         
0.000         
4.297         
0.000         
7.191         
0.000         
0.000         
0.000         
0.852         
0.337         
7.242         
0.000         
0.000         
8.944         
0.000         
0.000         
0.000         
3.523         
0.000         
0.165         
0.000         
0.000         
0.000         
0.000         
0.000         
0.000         
0.000         
0.000         
0.000         
0.000         
0.000         
0.000         
0.000         
0.000         
0.000         
1.199         
0.000         
0.000         
0.000         
0.000         
29.934        
0.000         
0.000         
0.000         
6.499         
0.000         
0.000         
0.000         
8.053         
0.000         
0.000         
0.000         
0.000         
0.000         
0.000         
0.000         
0.988         
0.000         
0.000         
0.000         
0.000         
0.000         
2.107         
0.000         
0.000         
0.000         
0.000         
0.000         
0.000         
0.000         
0.000         
0.998         
0.000         
3.935         
0.000         
0.000         
0.000         
0.000         
0.000         
0.000         
0.000         
0.000         
0.000         
0.000         
0.000         
0.000         
0.000         
0.000         
0.000         
0.000         
0.000         
0.000         
0.000         
0.000         
0.000         
0.000         
0.000         
0.000         
2.965         
0.000         
0.000         
0.000         
0.000         
0.000         
0.000         
0.000         
0.000         
0.000         
0.000         
0.000         
0.000         
6.053         
0.000         
0.000         
0.000         
0.000         
0.000         
0.050         
0.000         
0.000         
0.000         
14.949        
0.000         
31.468        
0.000         
0.000         
0.000         
0.000         
0.413         
37.853        
15.791        
0.000         
22.341        
5.894         
2.654         
1.006         
11.507        
0.000         
3.362         
8.118         
0.000         
0.000         
0.000         
0.000         
0.000         
0.000         
0.000         
0.000         
0.000         
0.000         
0.000         
0.000         
64.640        
0.000         
4.004         
0.000         
0.000         
0.000         
0.000         
43.484        
4.337         
0.000         
0.134         
0.000         
0.000         
0.000         
0.000         
0.000         
24.104        
1.033         
36.377        
0.000         
0.000         
0.000         
0.000         
0.000         
106.269       
0.000         
6.567         
0.000         
0.000         
0.000         
0.073         
0.000         
2.688         
0.000         
0.369         
0.753         
0.000         
0.000         
0.681         
0.000         
0.000         
0.000         
0.000         
0.164         
0.000         
0.000         
0.000         
0.000         
0.000         
3.282         
0.000         
27.368        
0.000         
0.000         
11.991        
96.879        
0.000         
0.000         
0.000         
0.000         
0.000         
0.000         
0.000         
0.000         
0.000         
0.000         
0.000         
0.000         
0.000         
0.000         
0.000         
30.030        
0.000         
2.768         
0.932         
7.257         
0.000         
0.000         
31.587        
0.617         
6.791         
0.000         
4.576         
0.000         
0.000         
0.000         
0.000         
0.000         
0.000         
0.000         
0.000         
0.000         
0.000         
0.000         
0.000         
0.000         
0.000         
0.000         
0.000         
0.000         
0.000         
0.000         
0.000         
0.000         
0.000         
0.000         
0.000         
0.000         
0.000         
0.000         
0.000         
0.000         
0.000         
0.000         
0.000         
0.000         
0.000         
0.000         
0.000         
0.000         
0.000         
0.000         
0.000         
0.000         
0.000         
0.000         
0.000         
0.000         
0.000         
0.000         
0.000         
0.000         
25.838        
0.000         
0.000         
0.000         
0.000         
0.000         
0.000         
0.000         
0.000         
0.000         
0.000         
0.000         
0.000         
0.000         
0.000         
0.000         
7.799         
10.862        
23.154        
37.637        
0.000         
0.000         
0.000         
0.000         
11.463        
28.306        
0.000         
0.000         
0.000         
0.000         
0.000         
0.000         
0.000         
0.000         
0.000         
0.000         
0.000         
0.000         
0.000         
0.000         
0.000         
0.000         
0.000         
0.000         
0.000         
0.000         
0.000         
0.000         
0.000         
0.000         
0.000         
0.000         
0.000         
0.000         
0.000         
0.305         
0.000         
0.000         
0.162         
0.000         
0.000         
0.000         
0.000         
11.912        
0.000         
0.000         
0.000         
0.000         
0.000         
0.000         
0.290         
0.000         
0.000         
4.210         
0.000         
7.892         
0.000         
0.000         
0.000         
9.799         
9.858         
0.000         
0.000         
0.000         
0.139         
0.000         
0.000         
0.000         
0.000         
0.000         
25.838        
0.000         
0.000         
0.000         
0.000         
37.364        
6.713         
0.000         
0.000         
0.000         
2.594         
0.000         
0.000         
0.000         
0.000         
0.000         
0.242         
0.000         
0.000         
0.000         
0.000         
0.000         
0.000         
0.000         
0.000         
0.000         
0.000         
0.000         
0.000         
0.000         
0.000         
0.000         
0.000         
0.000         
0.000         
0.000         
0.000         
0.000         
0.000         
0.000         
0.000         
3.106         
0.000         
0.000         
0.000         
0.000         
0.158         
0.000         
0.000         
0.000         
0.000         
0.000         
0.000         
0.000         
0.000         
0.000         
0.000         
0.000         
0.000         
0.000         
0.000         
0.000         
0.000         
0.000         
14.408        
0.003         
0.001         
2.159         
0.000         
0.000         
0.000         
0.000         
2.357         
0.000         
0.000         
8.414         
0.000         
0.000         
0.000         
0.000         
0.000         
0.000         
0.000         
0.000         
0.000         
0.000         
0.000         
0.000         
0.000         
0.000         
5.941         
0.000         
0.000         
0.000         
0.000         
0.000         
0.000         
0.000         
0.000         
0.000         
0.000         
0.000         
0.000         
0.000         
0.000         
0.000         
0.000         
11.690        
4.513         
0.000         
18.684        
3.826         
0.000         
0.000         
0.000         
0.000         
0.000         
0.000         
0.000         
0.000         
0.000         
8.115         
0.000         
0.000         
0.515         
0.000         
0.000         
0.000         
0.000         
0.000         
0.000         
0.000         
0.000         
0.006         
0.000         
0.000         
0.000         
0.000         
0.000         
2.148         
0.000         
0.000         
5.827         
9.501         
0.000         
0.000         
3.204         
5.832         
0.000         
0.000         
0.000         
0.000         
2.674         
93.439        
17.897        
14.162        
0.000         
0.000         
7.134         
5.014         
4.265         
2.759         
0.000         
1.211         
31.384        
1.002         
0.000         
0.000         
0.000         
1.842         
0.000         
0.000         
0.000         
13.566        
101.096       
53.101        
0.000         
0.000         
0.000         
0.000         
0.000         
0.000         
0.000         
0.000         
0.000         
0.000         
0.000         
0.000         
0.000         
0.000         
0.000         
0.000         
0.000         
0.000         
0.000         
0.000         
0.000         
0.000         
0.000         
0.000         
0.000         
0.000         
0.000         
0.000         
0.000         
0.000         
0.000         
0.000         
0.000         
0.000         
0.000         
0.000         
0.000         
6.178         
20.952        
0.000         
0.000         
0.000         
0.000         
0.000         
0.000         
0.000         
0.000         
0.000         
0.000         
0.000         
0.000         
0.000         
0.000         
0.000         
52.002        
16.792        
0.000         
0.000         
0.000         
0.000         
0.000         
0.000         
0.000         
0.000         
0.000         
0.000         
0.000         
0.000         
0.000         
0.000         
0.000         
0.000         
0.000         
0.000         
0.000         
0.000         
0.000         
0.000         
0.000         
0.000         
0.000         
0.000         
0.000         
0.000         
0.000         
0.000         
5.999         
0.000         
0.352         
0.000         
0.000         
0.000         
0.000         
0.000         
0.000         
0.000         
0.000         
0.000         
0.000         
0.000         
0.000         
0.000         
0.000         
0.000         
0.000         
0.000         
8.660         
0.000         
0.000         
0.000         
0.000         
0.000         
0.000         
0.000         
0.000         
0.000         
0.000         
0.000         
0.000         
0.000         
0.000         
0.000         
0.000         
0.000         
0.000         
0.000         
0.000         
0.000         
4.071         
0.000         
0.000         
0.000         
0.000         
0.000         
0.000         
0.000         
0.000         
3.287         
0.000         
1.768         
0.000         
0.000         
0.000         
0.000         
0.000         
0.000         
0.000         
0.000         
0.000         
0.000         
0.000         
0.000         
0.000         
0.000         
0.000         
0.000         
0.000         
0.000         
0.000         
0.000         
0.000         
3.475         
3.497         
9.391         
0.000         
0.000         
0.000         
0.000         
0.000         
0.000         
0.000         
0.000         
1.241         
11.041        
9.293         
0.000         
0.000         
0.000         
0.000         
0.000         
0.000         
0.000         
0.000         
10.865        
0.000         
0.000         
0.000         
0.000         
0.000         
0.000         
5.409         
0.000         
0.000         
0.000         
0.000         
1.835         
0.000         
0.000         
0.000         
11.638        
0.000         
3.752         
0.000         
0.000         
0.000         
3.116         
0.000         
0.000         
0.000         
0.000         
0.000         
0.046         
0.000         
0.000         
0.000         
0.000         
0.000         
0.000         
0.000         
0.000         
0.000         
0.000         
0.000         
0.000         
0.000         
0.000         
0.000         
0.000         
0.000         
6.704         
48.413        
0.000         
0.000         
0.000         
0.000         
0.000         
0.000         
0.000         
0.000         
0.000         
0.000         
0.000         
0.000         
0.000         
0.000         
0.000         
0.000         
8.102         
0.000         
0.000         
0.000         
0.000         
0.000         
0.000         
0.000         
0.000         
0.000         
0.000         
0.000         
0.000         
0.000         
0.309         
18.826        
0.683         
0.000         
7.614         
0.001         
0.000         
0.000         
7.811         
0.000         
0.000         
0.000         
0.000         
0.000         
0.000         
0.000         
0.000         
0.000         
0.000         
0.000         
0.000         
0.000         
0.000         
0.000         
0.000         
0.000         
0.000         
0.000         
0.000         
0.000         
0.000         
0.000         
0.000         
0.000         
0.000         
0.000         
0.000         
0.000         
0.000         
0.000         
0.000         
6.907         
10.987        
0.000         
0.000         
1.669         
2.439         
0.000         
0.000         
21.563        
0.000         
0.000         
1.976         
0.000         
0.000         
5.026         
0.000         
0.000         
0.000         
0.000         
0.000         
115.862       
46.044        
43.459        
0.074         
34.609        
16.216        
108.253       
0.000         
0.000         
0.000         
0.000         
0.358         
51.511        
0.000         
0.000         
4.626         
0.000         
0.000         
0.000         
29.742        
13.832        
0.000         
0.000         
0.000         
21.137        
5.794         
0.000         
0.000         
0.000         
0.000         
0.000         
0.000         
0.000         
0.000         
11.649        
0.000         
0.000         
0.000         
0.000         
0.000         
0.000         
0.000         
0.000         
0.000         
0.000         
0.000         
0.000         
0.000         
0.000         
0.000         
7.223         
31.718        
46.140        
0.967         
11.223        
105.837       
83.131        
0.000         
0.000         
0.000         
4.442         
17.719        
0.000         
0.000         
0.000         
0.000         
0.000         
0.000         
0.000         
30.422        
0.000         
0.000         
0.000         
0.000         
0.000         
0.000         
0.000         
0.000         
0.000         
38.578        
0.000         
0.000         
0.000         
0.000         
0.000         
0.768         
2.985         
1.789         
0.000         
0.000         
0.000         
35.165        
0.000         
0.000         
0.000         
0.000         
0.000         
0.000         
0.000         
0.000         
0.000         
0.000         
0.000         
0.000         
0.000         
0.000         
0.000         
0.000         
0.000         
0.000         
0.000         
0.000         
0.000         
0.000         
0.000         
0.000         
0.000         
0.000         
0.000         
0.000         
0.509         
0.000         
0.000         
0.000         
0.000         
0.000         
0.000         
0.000         
0.000         
0.000         
0.000         
0.000         
0.000         
0.000         
0.000         
0.000         
0.000         
0.000         
0.000         
0.000         
0.000         
0.000         
0.000         
0.000         
0.000         
0.000         
0.000         
0.000         
0.000         
0.000         
0.000         
0.000         
0.000         
15.959        
0.000         
0.000         
0.000         
0.000         
0.000         
0.000         
0.000         
3.565         
0.000         
0.000         
0.000         
0.000         
0.000         
0.000         
0.000         
0.000         
0.000         
0.000         
0.000         
35.207        
0.000         
18.374        
0.000         
0.000         
0.000         
12.964        
0.000         
0.000         
1.202         
0.000         
0.000         
0.000         
0.000         
0.000         
0.000         
0.000         
0.000         
0.000         
0.000         
0.000         
0.000         
0.000         
0.000         
0.000         
5.195         
0.000         
0.000         
0.000         
0.016         
0.000         
0.000         
0.000         
0.000         
0.000         
0.000         
0.000         
0.000         
0.000         
0.000         
0.000         
0.000         
0.000         
0.000         
0.000         
8.368         
0.000         
0.000         
0.000         
0.000         
0.000         
0.000         
0.000         
0.000         
0.000         
9.837         
7.179         
0.000         
7.664         
0.000         
0.000         
0.000         
17.011        
0.000         
0.000         
0.000         
14.359        
0.000         
0.000         
0.000         
0.000         
8.516         
0.000         
0.000         
0.000         
0.000         
0.000         
0.000         
0.994         
0.000         
0.000         
0.000         
0.000         
0.000         
0.000         
0.000         
0.000         
0.000         
0.000         
0.000         
0.000         
0.000         
0.000         
0.000         
0.000         
0.000         
0.000         
0.000         
0.000         
0.000         
8.199         
0.000         
0.000         
0.000         
0.000         
0.000         
0.000         
0.000         
1.479         
0.000         
0.000         
0.000         
0.000         
0.000         
0.000         
0.045         
0.000         
0.000         
0.000         
0.000         
0.000         
0.000         
0.707         
0.000         
8.329         
0.000         
0.000         
0.000         
0.000         
0.000         
0.000         
0.000         
0.000         
0.000         
0.000         
0.000         
0.000         
0.000         
0.000         
0.000         
0.000         
0.000         
0.000         
0.000         
13.115        
0.000         
1.236         
0.000         
0.000         
0.000         
0.000         
3.643         
0.000         
3.717         
3.182         
0.000         
0.000         
0.000         
0.000         
0.000         
0.000         
0.000         
0.000         
1.823         
0.000         
0.000         
0.000         
0.000         
0.000         
0.000         
0.000         
0.000         
0.000         
0.000         
0.000         
0.000         
0.000         
0.000         
0.000         
0.000         
2.400         
2.680         
2.065         
0.000         
0.000         
0.000         
0.000         
0.000         
54.374        
66.098        
0.000         
0.000         
3.419         
0.000         
0.000         
0.000         
0.000         
0.000         
0.000         
4.029         
0.000         
19.258        
0.000         
0.000         
21.667        
22.946        
0.628         
11.675        
12.295        
20.902        
15.249        
0.000         
0.000         
52.397        
0.000         
0.000         
0.000         
0.000         
18.065        
0.000         
0.832         
34.024        
3.308         
0.000         
9.537         
14.298        
0.000         
0.000         
0.000         
3.462         
0.000         
0.000         
0.000         
5.351         
0.000         
0.000         
6.423         
26.855        
10.814        
34.013        
0.587         
39.419        
2.358         
25.308        
0.000         
0.000         
0.000         
0.000         
0.000         
0.000         
3.541         
0.000         
0.143         
0.000         
0.000         
18.229        
0.000         
18.297        
0.000         
0.000         
49.318        
0.000         
0.437         
0.000         
34.573        
0.000         
14.362        
0.000         
0.561         
0.011         
0.000         
0.000         
12.513        
0.000         
0.000         
0.000         
0.000         
0.000         
1.681         
0.000         
0.000         
0.000         
0.000         
0.000         
12.348        
0.000         
0.000         
2.805         
0.000         
0.000         
0.000         
0.000         
0.000         
0.000         
0.000         
0.000         
0.000         
0.000         
0.000         
0.000         
0.000         
0.000         
0.000         
20.938        
0.000         
0.000         
0.000         
0.000         
0.000         
0.000         
0.000         
0.000         
0.000         
0.000         
0.000         
0.000         
3.838         
0.000         
0.000         
0.000         
0.000         
0.000         
0.000         
0.000         
0.000         
0.000         
4.446         
0.000         
0.000         
0.000         
0.000         
0.000         
0.000         
0.000         
0.000         
0.000         
0.000         
0.000         
0.000         
0.000         
0.000         
0.000         
0.000         
0.000         
124.649       
0.000         
0.000         
0.000         
0.000         
0.000         
0.000         
0.000         
0.000         
0.000         
0.000         
0.000         
0.000         
0.000         
16.678        
0.000         
0.000         
0.000         
0.000         
0.000         
0.000         
0.000         
0.000         
0.000         
9.617         
0.000         
0.000         
0.000         
0.000         
0.000         
0.000         
77.700        
0.000         
0.000         
0.000         
0.000         
0.000         
0.000         
0.000         
0.000         
0.000         
0.000         
0.000         
0.000         
0.000         
0.000         
0.000         
0.000         
0.000         
0.000         
0.000         
0.000         
0.000         
0.000         
0.000         
0.000         
0.000         
0.000         
0.000         
0.000         
0.000         
0.000         
0.000         
23.068        
36.879        
0.000         
24.857        
0.000         
0.000         
0.000         
0.000         
24.280        
0.000         
0.438         
0.000         
0.000         
6.396         
0.000         
0.000         
0.000         
0.665         
0.238         
0.000         
3.334         
0.000         
0.000         
0.000         
0.000         
20.543        
0.000         
0.000         
0.000         
0.000         
0.000         
0.000         
0.000         
0.000         
0.000         
0.000         
0.000         
0.000         
0.000         
0.000         
1.048         
0.000         
0.000         
0.000         
0.000         
0.000         
0.000         
0.000         
0.000         
0.000         
0.000         
0.000         
0.000         
0.000         
0.000         
0.000         
0.000         
0.000         
0.000         
0.000         
0.000         
0.000         
0.000         
0.000         
0.000         
0.000         
0.000         
0.000         
0.000         
0.000         
4.397         
0.000         
0.000         
0.000         
0.000         
0.000         
0.000         
8.273         
0.881         
0.000         
0.000         
0.000         
0.000         
0.000         
6.533         
0.000         
0.000         
0.000         
0.000         
0.000         
0.000         
0.000         
0.000         
0.000         
5.569         
0.000         
0.000         
15.703        
13.131        
0.000         
12.214        
0.000         
0.000         
0.000         
0.000         
0.000         
0.000         
8.602         
0.000         
0.000         
0.000         
0.000         
0.000         
0.000         
22.365        
0.000         
0.885         
0.000         
0.000         
3.257         
0.000         
15.340        
1.657         
0.000         
0.000         
0.000         
0.000         
0.000         
0.000         
0.890         
0.000         
0.000         
0.000         
16.249        
0.000         
0.000         
0.000         
0.000         
0.000         
0.000         
0.000         
0.000         
0.000         
6.603         
0.000         
0.000         
0.000         
0.000         
0.000         
2.913         
0.000         
2.903         
16.141        
5.625         
0.000         
3.897         
47.593        
21.593        
18.719        
20.374        
27.886        
1.436         
29.273        
0.020         
8.566         
0.000         
0.000         
0.000         
0.000         
0.000         
2.139         
0.000         
0.000         
16.385        
0.000         
0.000         
0.000         
0.000         
19.182        
60.995        
24.026        
0.000         
0.000         
5.273         
0.000         
4.037         
1.077         
0.000         
0.000         
45.133        
0.000         
1.404         
43.080        
8.041         
1.005         
2.503         
2.604         
4.343         
0.000         
8.673         
0.000         
0.000         
4.734         
29.017        
0.000         
34.450        
12.157        
4.064         
0.000         
0.000         
0.000         
0.000         
0.000         
0.000         
0.000         
0.000         
0.000         
0.000         
1.822         
0.000         
0.000         
0.000         
0.000         
0.000         
0.000         
0.000         
0.000         
0.000         
0.000         
89.249        
0.000         
9.396         
9.875         
0.000         
6.661         
0.000         
16.561        
0.000         
0.000         
1.042         
0.000         
0.000         
0.000         
0.000         
0.000         
0.000         
52.992        
37.712        
53.192        
0.000         
0.000         
0.000         
0.000         
0.000         
0.000         
0.000         
0.000         
0.000         
0.000         
0.000         
0.000         
0.000         
0.000         
0.000         
0.000         
0.000         
0.000         
0.000         
0.000         
0.000         
0.000         
0.000         
0.000         
0.000         
0.000         
0.000         
0.000         
0.000         
0.000         
0.000         
0.000         
0.000         
0.000         
0.000         
0.000         
0.000         
0.000         
0.000         
0.000         
0.000         
0.000         
0.000         
0.000         
0.000         
0.000         
0.000         
0.000         
0.000         
0.000         
0.000         
0.000         
0.000         
0.000         
0.000         
0.000         
0.000         
0.000         
0.000         
0.000         
0.000         
0.000         
0.000         
0.000         
0.000         
0.000         
0.000         
0.000         
0.000         
0.000         
0.000         
0.000         
0.000         
0.000         
0.000         
0.000         
0.000         
0.000         
0.000         
0.000         
0.000         
0.000         
0.000         
0.000         
0.000         
0.000         
0.000         
0.000         
0.000         
0.000         
0.000         
0.000         
0.000         
0.000         
0.000         
0.000         
0.000         
0.000         
0.000         
0.000         
0.000         
0.013         
0.000         
0.000         
0.000         
0.000         
0.000         
0.000         
0.000         
0.000         
0.000         
0.000         
0.000         
0.000         
0.000         
0.000         
33.691        
0.000         
0.000         
0.000         
4.041         
0.000         
0.000         
0.000         
0.000         
0.000         
0.000         
0.000         
0.000         
0.000         
0.000         
0.000         
0.000         
0.000         
0.000         
0.000         
0.000         
0.000         
0.000         
26.329        
0.000         
0.000         
0.000         
0.000         
0.000         
0.000         
0.000         
0.000         
4.096         
2.154         
0.000         
0.000         
0.000         
0.000         
0.000         
0.000         
0.849         
0.000         
0.000         
0.000         
0.000         
0.430         
0.000         
0.000         
0.000         
0.000         
0.000         
0.000         
0.000         
20.855        
0.000         
0.000         
0.000         
0.000         
0.000         
0.000         
0.000         
0.000         
0.000         
0.000         
0.000         
0.000         
0.000         
0.000         
0.000         
0.000         
4.748         
0.000         
0.000         
0.000         
0.532         
0.000         
0.678         
0.000         
0.000         
0.000         
0.000         
0.000         
0.000         
0.000         
0.000         
0.000         
0.000         
0.000         
0.000         
7.829         
0.000         
0.000         
0.000         
0.000         
0.000         
0.000         
0.000         
0.000         
0.000         
0.000         
0.000         
0.000         
0.000         
0.000         
0.000         
11.776        
0.000         
0.000         
0.000         
1.166         
0.000         
0.000         
8.077         
0.000         
0.000         
0.000         
0.000         
1.871         
0.000         
0.000         
0.000         
0.000         
10.184        
0.000         
0.000         
0.911         
9.213         
0.000         
0.903         
0.000         
0.000         
0.000         
3.938         
0.000         
0.000         
0.000         
0.000         
1.811         
7.729         
3.429         
0.000         
10.827        
0.000         
0.000         
0.000         
0.000         
0.000         
0.000         
0.000         
0.000         
22.694        
4.039         
0.000         
0.000         
0.000         
4.451         
28.317        
31.032        
7.814         
6.375         
49.717        
6.913         
20.536        
0.018         
0.000         
99.855        
1.460         
56.489        
42.853        
0.000         
0.000         
0.000         
0.000         
0.000         
0.000         
0.000         
0.000         
0.000         
0.000         
0.000         
14.536        
0.027         
6.290         
0.000         
0.000         
45.247        
0.000         
0.000         
0.000         
0.000         
0.000         
0.000         
0.000         
2.380         
0.000         
0.000         
0.000         
0.000         
0.000         
0.000         
0.000         
0.000         
0.000         
0.000         
0.000         
0.000         
0.000         
0.000         
0.000         
1.774         
0.000         
0.000         
48.470        
0.982         
31.779        
0.000         
0.000         
0.000         
0.000         
0.000         
0.000         
0.000         
0.000         
15.006        
0.000         
0.000         
0.000         
0.000         
0.000         
0.000         
0.000         
0.000         
0.000         
0.000         
0.000         
0.000         
0.000         
0.000         
0.000         
0.000         
0.000         
0.000         
0.000         
0.000         
0.000         
0.000         
0.000         
0.000         
0.000         
0.000         
3.088         
0.000         
0.000         
0.000         
0.000         
0.000         
0.000         
0.000         
0.000         
0.000         
0.000         
0.000         
0.000         
0.000         
0.000         
1.688         
0.000         
0.000         
0.000         
0.000         
0.000         
0.000         
0.000         
0.000         
0.000         
0.000         
0.000         
0.000         
0.000         
0.000         
0.000         
0.000         
0.000         
0.000         
0.000         
0.000         
0.000         
0.000         
0.000         
0.000         
0.000         
0.000         
0.000         
0.000         
0.000         
0.000         
0.000         
0.000         
0.000         
0.000         
0.000         
56.072        
0.000         
0.000         
0.000         
0.000         
0.000         
0.000         
0.000         
0.000         
0.000         
0.000         
0.000         
0.000         
0.000         
0.000         
0.000         
0.000         
0.000         
0.000         
0.000         
0.000         
0.000         
0.000         
12.094        
0.000         
0.000         
0.000         
0.000         
0.000         
0.000         
0.000         
0.000         
0.000         
0.000         
0.000         
0.000         
0.000         
0.000         
0.000         
0.000         
0.000         
0.000         
0.000         
0.000         
0.000         
0.000         
2.913         
0.000         
0.000         
0.000         
0.000         
0.000         
0.000         
3.784         
0.698         
0.000         
0.000         
0.000         
0.000         
0.000         
0.000         
0.000         
0.000         
0.000         
0.000         
0.000         
8.920         
0.000         
0.000         
17.903        
0.000         
0.000         
0.000         
0.000         
39.839        
0.000         
1.852         
0.000         
0.000         
4.235         
0.000         
0.000         
16.371        
25.568        
0.017         
0.000         
0.000         
0.000         
0.000         
6.495         
0.000         
0.000         
0.000         
0.000         
0.000         
0.000         
0.000         
0.000         
0.000         
0.000         
0.000         
0.000         
0.000         
0.000         
0.000         
0.000         
0.000         
0.000         
2.455         
0.000         
0.000         
0.000         
0.000         
0.000         
0.000         
0.000         
0.000         
0.000         
0.000         
0.000         
0.000         
0.000         
0.000         
0.000         
0.707         
0.000         
0.000         
0.000         
0.000         
0.000         
0.000         
0.000         
0.000         
0.000         
0.000         
0.000         
0.000         
0.000         
0.000         
0.000         
0.000         
0.000         
0.000         
0.000         
0.000         
0.151         
0.000         
0.000         
0.000         
0.000         
0.000         
0.000         
0.000         
5.289         
0.000         
0.000         
0.000         
0.000         
0.000         
0.000         
0.000         
0.000         
11.766        
0.000         
0.000         
2.721         
0.000         
0.000         
0.000         
0.000         
0.000         
0.000         
0.000         
0.000         
0.984         
26.635        
0.000         
0.000         
8.587         
0.210         
0.000         
0.191         
0.000         
0.000         
0.000         
0.000         
0.000         
0.000         
21.068        
8.156         
25.032        
0.000         
0.000         
0.000         
0.000         
0.000         
0.000         
0.000         
0.000         
0.000         
0.000         
0.000         
0.000         
0.000         
9.049         
83.039        
0.000         
0.000         
0.000         
0.000         
0.000         
0.000         
0.000         
0.000         
0.000         
0.000         
0.000         
0.000         
0.000         
16.054        
29.784        
7.626         
9.493         
1.169         
0.000         
23.728        
13.692        
20.662        
0.000         
0.000         
0.000         
0.000         
0.000         
0.715         
0.000         
0.000         
0.000         
0.000         
0.000         
0.000         
0.000         
4.452         
4.395         
0.000         
5.399         
0.000         
0.000         
0.000         
0.000         
14.328        
0.047         
0.180         
22.182        
0.000         
0.000         
0.000         
0.000         
0.000         
11.393        
0.000         
0.000         
0.000         
0.000         
23.579        
16.457        
0.000         
0.000         
0.000         
0.000         
0.000         
0.000         
0.000         
1.259         
0.000         
0.000         
0.000         
0.000         
0.000         
0.000         
0.000         
0.000         
0.000         
0.000         
0.000         
0.000         
0.000         
0.000         
0.000         
26.476        
0.000         
32.415        
0.000         
0.000         
0.000         
0.000         
0.000         
0.000         
47.996        
0.000         
2.346         
0.000         
0.000         
0.000         
5.100         
0.000         
115.921       
0.000         
0.000         
14.093        
0.000         
0.000         
0.000         
0.000         
0.000         
0.000         
0.076         
0.000         
0.000         
0.000         
0.000         
0.000         
0.000         
0.000         
18.091        
0.000         
0.000         
0.000         
0.000         
0.000         
0.000         
0.000         
0.000         
5.896         
0.000         
0.000         
0.000         
0.000         
0.000         
0.000         
0.000         
0.000         
0.000         
0.000         
0.000         
0.000         
0.000         
0.000         
0.000         
0.000         
0.000         
0.000         
0.000         
0.000         
0.000         
0.000         
0.000         
0.000         
0.000         
0.000         
0.000         
0.000         
0.000         
0.000         
0.000         
0.000         
0.000         
0.000         
0.000         
0.000         
0.000         
0.000         
53.184        
18.682        
0.000         
0.000         
0.000         
0.000         
0.000         
0.000         
0.000         
0.000         
0.000         
0.000         
0.000         
0.000         
0.000         
0.000         
0.000         
0.000         
0.000         
0.000         
0.000         
0.000         
4.065         
0.000         
0.000         
0.000         
0.000         
0.000         
0.000         
0.000         
0.000         
0.000         
0.000         
0.000         
0.000         
0.000         
0.000         
0.000         
0.000         
0.000         
0.000         
0.000         
0.000         
0.000         
0.000         
0.139         
0.000         
0.000         
0.000         
0.000         
0.000         
0.000         
0.000         
0.000         
0.000         
0.000         
0.000         
0.000         
0.000         
0.000         
0.000         
0.000         
17.536        
0.000         
23.862        
0.000         
0.000         
0.000         
0.000         
1.545         
0.000         
0.000         
0.000         
0.000         
0.000         
0.000         
0.000         
0.000         
0.000         
0.000         
0.000         
0.000         
1.416         
0.938         
0.000         
0.000         
0.000         
3.126         
0.000         
0.000         
0.000         
0.000         
0.000         
0.000         
0.000         
0.000         
0.000         
0.000         
0.000         
0.000         
0.000         
0.000         
0.000         
0.000         
0.000         
0.000         
0.000         
0.000         
0.000         
0.000         
0.000         
1.862         
0.069         
0.000         
0.000         
0.000         
0.000         
0.084         
0.279         
0.000         
0.000         
0.000         
0.000         
0.000         
0.000         
0.000         
0.000         
0.000         
2.114         
0.000         
0.000         
0.000         
0.000         
0.000         
0.000         
0.000         
0.000         
0.000         
0.000         
0.000         
0.000         
0.000         
0.000         
0.000         
0.000         
0.000         
0.000         
0.000         
0.000         
0.000         
0.000         
0.000         
0.000         
0.000         
0.000         
0.000         
0.000         
0.000         
0.000         
0.000         
0.000         
5.305         
0.000         
7.158         
0.000         
0.000         
35.632        
0.000         
0.000         
9.397         
0.000         
0.000         
0.000         
0.000         
0.000         
0.000         
0.000         
0.000         
0.000         
0.000         
0.000         
0.000         
0.000         
0.000         
0.373         
0.000         
0.000         
3.358         
0.000         
0.000         
0.000         
0.000         
0.000         
0.000         
0.000         
8.400         
0.000         
0.000         
0.000         
0.000         
0.000         
0.000         
0.000         
0.000         
18.806        
0.000         
0.000         
0.000         
0.000         
0.000         
11.756        
21.214        
0.000         
0.505         
0.000         
3.193         
0.000         
12.358        
11.685        
33.336        
0.000         
0.000         
0.000         
6.215         
1.404         
0.000         
0.000         
0.000         
6.005         
0.000         
0.000         
0.077         
0.000         
0.000         
0.000         
0.000         
0.000         
35.210        
0.000         
2.385         
0.011         
0.000         
0.000         
0.000         
0.000         
0.000         
0.000         
0.000         
0.000         
2.511         
0.000         
11.156        
2.984         
0.000         
0.000         
0.000         
0.000         
0.000         
0.000         
42.653        
0.000         
0.000         
0.000         
23.701        
0.000         
0.000         
0.000         
0.000         
0.309         
18.406        
0.000         
0.000         
0.000         
0.000         
54.945        
0.000         
2.977         
0.000         
0.000         
0.000         
0.000         
0.000         
0.000         
0.000         
0.000         
0.000         
0.000         
0.000         
0.000         
0.000         
0.000         
0.000         
14.074        
0.205         
49.995        
0.000         
0.000         
0.000         
0.000         
0.000         
0.000         
0.000         
0.000         
0.000         
0.000         
1.752         
26.749        
0.000         
0.000         
0.000         
0.000         
0.000         
0.000         
0.000         
0.000         
0.000         
0.000         
0.000         
0.000         
0.000         
0.000         
0.000         
0.000         
0.775         
0.000         
0.000         
24.898        
0.000         
0.000         
0.000         
0.000         
0.000         
0.000         
18.394        
0.000         
0.000         
0.000         
0.000         
0.000         
0.000         
0.000         
0.000         
0.000         
0.000         
0.000         
0.000         
0.000         
0.000         
0.000         
0.000         
0.000         
0.000         
0.000         
0.000         
0.000         
0.000         
0.000         
0.000         
0.000         
0.000         
0.000         
0.000         
0.000         
12.704        
18.234        
0.000         
0.000         
0.000         
0.000         
0.000         
0.000         
0.000         
0.000         
0.000         
0.000         
0.000         
0.000         
0.000         
0.000         
0.000         
0.000         
0.000         
0.000         
0.000         
0.000         
0.000         
0.000         
0.000         
0.000         
0.000         
0.000         
0.000         
0.000         
0.000         
0.000         
0.000         
0.000         
0.000         
0.000         
0.000         
0.000         
0.000         
0.000         
0.000         
0.000         
0.000         
0.000         
0.000         
0.000         
15.898        
0.000         
6.133         
0.000         
0.000         
0.000         
0.000         
0.000         
0.000         
0.000         
0.000         
0.000         
0.000         
0.000         
0.000         
0.000         
0.000         
0.000         
0.000         
0.000         
0.000         
0.000         
0.000         
0.000         
0.000         
0.000         
0.000         
0.000         
0.000         
0.000         
0.998         
12.748        
0.000         
0.000         
0.206         
3.598         
0.000         
11.514        
0.000         
0.000         
0.000         
0.541         
0.000         
13.259        
0.000         
3.085         
0.000         
1.769         
0.000         
0.000         
7.040         
0.000         
0.000         
0.000         
0.000         
0.000         
0.000         
0.000         
0.000         
0.000         
0.000         
0.000         
0.000         
0.000         
0.000         
0.000         
0.000         
0.607         
0.000         
0.000         
0.000         
0.000         
0.000         
0.000         
0.000         
0.000         
1.457         
0.000         
0.000         
0.000         
0.000         
0.000         
0.000         
0.000         
0.000         
9.545         
0.000         
0.237         
0.000         
0.000         
0.087         
3.235         
0.000         
0.609         
0.059         
0.000         
0.000         
0.000         
0.000         
0.000         
0.147         
3.104         
0.000         
9.990         
0.000         
0.000         
2.094         
0.000         
0.000         
0.000         
0.000         
0.000         
0.000         
0.000         
0.000         
0.000         
0.000         
0.000         
9.349         
1.094         
0.000         
0.000         
0.000         
0.000         
0.000         
0.000         
0.000         
0.000         
0.000         
0.000         
0.000         
0.000         
0.000         
2.704         
0.000         
0.000         
0.000         
0.000         
0.000         
0.000         
15.639        
0.000         
0.000         
0.051         
0.000         
0.000         
0.000         
0.000         
0.000         
0.000         
0.000         
0.000         
8.731         
0.000         
0.000         
0.000         
7.029         
0.889         
0.000         
0.000         
0.000         
0.000         
5.332         
0.000         
0.000         
0.000         
0.000         
0.000         
0.000         
0.000         
12.934        
12.039        
0.000         
139.778       
67.063        
15.312        
0.000         
0.000         
0.000         
0.000         
0.000         
0.000         
0.000         
0.000         
1.515         
0.169         
2.715         
0.000         
14.116        
0.000         
0.000         
0.000         
0.000         
0.000         
2.264         
0.000         
0.000         
2.016         
0.000         
0.000         
0.000         
0.102         
0.000         
0.000         
0.000         
0.000         
0.000         
0.000         
0.000         
0.000         
0.000         
0.000         
0.000         
0.000         
0.000         
0.000         
0.000         
0.000         
0.000         
1.470         
0.000         
0.000         
0.000         
0.000         
0.000         
0.000         
0.000         
0.000         
0.000         
0.000         
0.000         
0.000         
0.000         
0.000         
0.000         
0.000         
0.000         
0.000         
0.000         
0.000         
0.000         
0.000         
0.000         
0.000         
0.000         
1.627         
0.000         
0.000         
0.000         
0.000         
111.865       
0.000         
0.000         
0.000         
0.000         
0.000         
0.000         
0.000         
0.344         
0.000         
0.000         
0.000         
0.000         
0.000         
0.000         
0.000         
0.000         
0.000         
0.000         
0.000         
0.000         
0.000         
0.000         
0.000         
0.000         
0.000         
0.000         
0.000         
0.000         
0.000         
0.000         
0.000         
0.000         
0.000         
0.000         
0.000         
0.000         
0.000         
0.000         
0.000         
0.000         
0.000         
0.000         
0.000         
0.000         
0.000         
0.000         
0.000         
0.000         
0.000         
0.000         
0.000         
0.000         
0.000         
0.000         
0.000         
0.000         
0.000         
0.000         
0.000         
0.000         
0.000         
0.000         
0.000         
0.000         
0.574         
0.000         
0.000         
0.000         
0.000         
19.583        
0.000         
0.000         
0.000         
0.000         
0.000         
0.000         
0.000         
0.000         
0.000         
0.000         
0.000         
0.000         
0.000         
0.000         
0.000         
0.000         
0.000         
0.000         
2.330         
0.000         
0.000         
0.000         
0.000         
0.000         
0.000         
0.000         
0.000         
0.038         
0.000         
0.000         
0.000         
0.000         
0.000         
0.108         
0.280         
0.000         
0.000         
0.000         
0.000         
0.000         
0.000         
0.000         
0.000         
0.000         
0.000         
0.000         
0.000         
0.000         
0.000         
0.000         
0.000         
0.000         
0.000         
0.000         
0.000         
1.898         
0.000         
0.000         
0.000         
1.092         
0.000         
0.000         
29.155        
0.000         
0.000         
0.000         
0.000         
0.000         
0.000         
0.000         
0.000         
0.000         
0.000         
0.000         
0.000         
0.000         
0.000         
0.000         
0.124         
0.000         
0.000         
0.000         
13.886        
0.000         
7.987         
0.000         
0.000         
0.000         
0.000         
0.000         
0.000         
0.000         
0.022         
0.000         
0.000         
0.000         
0.000         
0.000         
0.000         
0.000         
0.000         
0.000         
0.000         
0.000         
0.000         
0.000         
0.000         
0.000         
0.000         
0.000         
0.000         
0.000         
0.000         
35.820        
0.000         
0.469         
2.434         
0.000         
0.000         
0.000         
0.000         
0.000         
0.000         
0.000         
0.000         
0.567         
0.000         
0.000         
0.000         
0.000         
0.000         
0.000         
0.000         
0.000         
0.000         
0.324         
0.000         
0.000         
0.000         
0.000         
0.000         
0.000         
0.000         
0.000         
0.000         
0.000         
0.000         
0.000         
0.000         
0.000         
2.414         
0.000         
0.000         
0.000         
0.000         
0.000         
2.264         
0.000         
0.000         
0.000         
0.000         
0.000         
0.000         
0.000         
0.000         
0.000         
0.000         
0.000         
0.000         
0.000         
0.000         
0.000         
0.000         
0.000         
0.000         
0.000         
0.000         
0.000         
0.000         
13.487        
0.000         
0.000         
0.000         
5.038         
0.000         
0.000         
0.000         
0.000         
0.000         
5.986         
0.000         
7.460         
4.545         
0.284         
0.000         
0.000         
0.000         
0.000         
15.801        
32.929        
36.443        
0.000         
0.093         
0.000         
0.000         
0.000         
0.000         
0.000         
0.000         
0.000         
0.000         
0.000         
0.000         
0.000         
0.000         
0.000         
6.277         
0.000         
0.000         
0.000         
0.000         
8.034         
0.808         
0.000         
0.000         
0.000         
0.000         
0.000         
126.496       
7.900         
2.264         
20.469        
0.000         
0.000         
13.747        
4.784         
0.000         
14.913        
0.000         
0.000         
0.000         
0.000         
0.000         
2.646         
5.991         
0.000         
0.000         
0.000         
6.817         
0.310         
0.000         
0.000         
0.000         
0.000         
7.295         
0.273         
0.000         
0.000         
1.004         
7.289         
0.000         
23.585        
21.795        
0.000         
0.000         
31.225        
2.591         
77.903        
75.844        
0.000         
13.068        
0.000         
0.000         
0.000         
0.000         
1.695         
5.102         
0.000         
0.000         
0.000         
0.000         
0.000         
0.000         
0.000         
0.000         
0.000         
0.000         
0.000         
0.000         
0.000         
0.000         
0.000         
0.000         
60.754        
175.684       
37.285        
0.000         
31.154        
0.000         
0.000         
0.000         
0.000         
0.000         
0.000         
0.000         
22.392        
113.212       
0.000         
0.000         
0.000         
0.000         
0.000         
0.000         
0.000         
0.000         
0.000         
0.000         
0.000         
0.000         
0.000         
0.000         
0.000         
0.000         
0.000         
0.000         
0.000         
0.000         
0.000         
0.000         
0.000         
0.000         
0.000         
0.000         
0.000         
0.000         
0.000         
0.000         
0.000         
0.000         
0.000         
0.000         
0.000         
0.000         
0.000         
0.000         
0.000         
0.000         
0.000         
0.000         
0.000         
0.000         
0.000         
0.000         
0.000         
0.000         
0.000         
0.000         
0.000         
0.000         
0.000         
0.000         
6.838         
0.000         
0.000         
4.717         
0.000         
0.000         
0.000         
0.000         
0.000         
0.000         
0.000         
0.000         
0.000         
0.000         
0.000         
0.000         
0.000         
0.000         
0.000         
0.000         
0.000         
0.000         
0.000         
0.000         
0.000         
0.000         
0.000         
0.000         
0.000         
0.000         
0.000         
0.000         
0.000         
0.000         
0.000         
0.000         
0.000         
0.000         
0.000         
0.000         
0.000         
0.000         
0.000         
0.000         
0.000         
0.000         
0.000         
0.002         
0.000         
0.000         
0.000         
16.748        
0.000         
0.000         
0.000         
0.000         
0.000         
0.000         
0.000         
0.000         
0.000         
0.000         
0.000         
0.000         
0.000         
0.000         
0.000         
4.290         
0.000         
39.107        
0.000         
0.000         
11.212        
0.000         
0.000         
0.000         
10.355        
0.000         
1.832         
0.000         
0.000         
16.302        
0.000         
1.509         
0.000         
23.199        
0.000         
10.188        
6.995         
0.000         
0.000         
15.478        
0.000         
2.382         
0.000         
0.000         
0.000         
6.385         
0.000         
0.013         
0.000         
0.000         
0.000         
0.000         
0.000         
0.000         
0.000         
0.000         
0.000         
0.000         
0.000         
0.000         
0.000         
0.000         
0.000         
0.000         
0.000         
0.000         
0.000         
0.000         
0.000         
0.000         
0.000         
0.000         
0.000         
0.000         
0.000         
0.000         
0.000         
0.000         
0.000         
0.000         
0.000         
0.000         
0.000         
0.000         
0.000         
0.000         
0.000         
0.000         
0.000         
0.000         
0.000         
0.000         
0.000         
0.000         
0.000         
0.000         
0.000         
0.000         
0.000         
0.000         
11.097        
16.040        
0.000         
0.000         
0.000         
0.000         
0.000         
0.603         
1.082         
0.000         
0.000         
0.000         
0.000         
0.000         
35.860        
9.837         
0.000         
0.000         
0.000         
0.000         
5.514         
0.000         
0.000         
0.000         
0.000         
0.000         
0.000         
0.000         
0.000         
0.000         
0.000         
0.000         
0.000         
2.413         
0.000         
20.253        
0.000         
6.615         
0.000         
0.000         
0.000         
0.000         
0.000         
0.000         
0.000         
0.000         
0.000         
0.000         
0.000         
0.000         
0.000         
0.000         
0.000         
6.726         
0.000         
0.000         
0.000         
2.084         
0.000         
0.000         
0.138         
0.000         
0.000         
0.000         
0.000         
0.000         
0.000         
0.000         
0.000         
0.000         
0.000         
0.000         
0.000         
8.039         
2.404         
0.000         
0.000         
0.000         
0.000         
0.000         
44.600        
0.000         
0.000         
0.000         
1.574         
0.000         
0.000         
0.000         
0.000         
0.000         
25.688        
0.985         
65.126        
55.109        
0.000         
17.260        
0.000         
0.000         
0.000         
2.406         
0.000         
0.000         
0.000         
0.000         
0.000         
0.000         
0.000         
7.345         
0.000         
0.000         
0.000         
0.000         
2.586         
0.000         
4.029         
0.000         
0.000         
0.000         
0.000         
7.723         
0.000         
1.950         
0.000         
0.000         
0.000         
0.000         
0.000         
0.000         
0.000         
0.000         
82.899        
126.406       
0.000         
0.104         
0.000         
0.000         
0.000         
0.000         
31.884        
32.524        
0.000         
0.000         
0.000         
0.000         
18.179        
6.622         
0.000         
3.931         
0.000         
0.000         
0.000         
65.255        
0.000         
0.000         
0.000         
7.609         
0.000         
0.000         
1.551         
0.000         
0.000         
0.000         
0.000         
0.000         
0.000         
41.320        
0.000         
0.000         
0.000         
0.693         
0.000         
0.000         
0.000         
0.000         
0.000         
0.000         
0.000         
0.000         
0.000         
0.000         
0.000         
0.000         
0.000         
0.000         
0.000         
0.000         
0.000         
0.000         
0.000         
0.000         
0.000         
0.000         
0.000         
0.000         
0.000         
0.000         
0.000         
0.000         
0.000         
0.000         
0.000         
0.000         
13.151        
0.000         
0.000         
0.000         
0.000         
0.000         
0.000         
0.000         
0.000         
0.000         
0.000         
0.000         
9.752         
0.000         
0.000         
0.000         
0.000         
0.000         
7.312         
9.283         
12.184        
0.000         
0.000         
0.000         
0.000         
0.000         
0.000         
0.000         
0.000         
0.000         
0.000         
0.000         
0.000         
0.000         
0.000         
0.000         
0.000         
0.000         
0.000         
0.000         
0.000         
0.000         
0.000         
0.000         
0.000         
0.000         
0.000         
0.000         
0.000         
0.000         
0.000         
0.000         
0.000         
0.000         
0.000         
0.000         
0.000         
0.000         
0.000         
0.000         
0.000         
0.000         
0.000         
0.000         
0.000         
0.000         
0.000         
0.000         
0.000         
0.000         
0.000         
0.000         
0.000         
13.987        
0.000         
0.000         
0.000         
0.000         
4.261         
9.836         
13.881        
0.000         
0.000         
0.000         
0.000         
0.000         
0.000         
0.000         
0.000         
0.000         
0.000         
0.000         
0.000         
14.989        
0.000         
20.710        
0.000         
1.941         
6.940         
0.000         
0.000         
0.000         
0.000         
0.000         
0.000         
0.000         
0.000         
0.000         
0.000         
0.000         
0.000         
1.240         
0.000         
0.000         
0.000         
0.000         
0.000         
0.000         
0.000         
0.000         
0.000         
0.000         
0.000         
0.000         
0.000         
0.000         
0.000         
0.000         
0.000         
0.000         
18.792        
0.000         
0.000         
0.000         
0.000         
0.000         
0.000         
0.000         
13.032        
0.000         
4.016         
0.000         
0.000         
0.000         
0.000         
0.000         
0.000         
0.000         
0.000         
0.000         
0.000         
0.000         
0.650         
0.000         
0.000         
0.000         
1.839         
0.000         
0.000         
0.000         
0.000         
0.000         
0.000         
0.000         
0.000         
0.000         
0.000         
0.000         
0.000         
1.179         
0.000         
0.000         
0.000         
0.000         
0.000         
0.000         
0.000         
0.000         
0.000         
0.000         
23.127        
0.000         
0.000         
0.000         
0.000         
0.000         
0.000         
0.000         
0.002         
0.000         
0.000         
0.000         
0.000         
0.000         
0.000         
0.000         
0.000         
0.000         
0.000         
0.382         
0.000         
0.000         
0.000         
13.248        
49.206        
0.000         
0.000         
0.000         
3.899         
0.000         
16.776        
0.000         
0.000         
6.792         
0.000         
0.000         
0.000         
0.000         
0.000         
0.000         
0.000         
0.000         
2.522         
0.000         
1.734         
0.000         
2.979         
0.000         
22.316        
6.713         
0.024         
0.000         
0.000         
0.562         
5.055         
18.538        
0.067         
0.000         
0.000         
0.000         
0.000         
0.000         
0.000         
0.000         
7.766         
16.280        
1.909         
0.000         
47.996        
0.000         
10.057        
5.975         
0.000         
0.000         
0.000         
0.000         
0.000         
0.000         
0.000         
0.000         
0.000         
0.000         
0.000         
2.653         
0.000         
0.000         
0.259         
0.000         
3.718         
0.000         
0.000         
0.020         
6.253         
5.791         
0.000         
12.019        
4.805         
20.711        
0.000         
0.000         
0.000         
0.000         
91.595        
0.000         
0.000         
32.333        
0.000         
0.000         
8.715         
84.848        
0.000         
0.000         
0.000         
30.137        
0.000         
2.195         
0.000         
30.532        
0.000         
0.000         
0.000         
0.000         
0.340         
0.000         
4.418         
0.000         
0.000         
0.000         
0.000         
3.919         
1.380         
0.000         
5.220         
7.675         
0.000         
9.807         
0.000         
0.000         
0.000         
0.000         
0.000         
0.000         
0.000         
0.000         
0.000         
0.000         
0.000         
0.000         
0.000         
0.000         
0.000         
0.000         
0.000         
0.000         
0.000         
0.000         
0.000         
0.000         
0.000         
0.000         
0.000         
0.000         
0.000         
0.000         
0.000         
0.000         
0.000         
0.000         
0.000         
0.000         
0.000         
0.000         
0.000         
0.000         
0.000         
0.000         
0.000         
13.494        
0.000         
0.000         
0.000         
0.000         
0.000         
0.000         
0.000         
0.000         
0.000         
0.000         
0.000         
0.000         
0.000         
0.000         
0.000         
0.000         
0.000         
0.000         
0.000         
0.000         
14.612        
0.000         
0.000         
0.000         
0.000         
0.000         
0.000         
0.000         
0.000         
0.000         
0.000         
0.000         
0.000         
0.000         
0.000         
0.000         
0.000         
0.000         
0.000         
0.000         
0.000         
0.000         
0.000         
0.000         
0.000         
0.000         
0.000         
0.000         
0.000         
0.000         
0.000         
0.000         
0.000         
0.000         
0.000         
0.000         
0.000         
0.000         
0.000         
0.000         
0.000         
0.000         
3.708         
0.000         
0.000         
0.000         
0.000         
0.000         
0.000         
0.000         
0.000         
0.000         
0.000         
0.000         
0.000         
0.000         
0.000         
0.000         
0.000         
0.000         
0.000         
0.000         
0.000         
0.000         
0.000         
0.000         
0.000         
0.000         
0.000         
0.000         
0.000         
0.000         
1.026         
0.000         
0.000         
0.000         
0.000         
4.547         
0.000         
0.000         
6.349         
0.000         
0.000         
0.000         
31.304        
0.000         
0.000         
0.000         
0.000         
0.000         
0.000         
0.000         
0.000         
0.000         
0.000         
0.000         
0.000         
0.000         
0.000         
0.000         
0.000         
0.000         
0.000         
0.000         
0.000         
0.000         
0.000         
0.000         
0.000         
0.000         
0.000         
0.000         
0.000         
0.000         
0.000         
0.000         
0.000         
0.000         
0.000         
0.000         
0.000         
0.000         
0.000         
0.000         
0.000         
0.000         
0.000         
0.000         
0.000         
0.000         
0.000         
0.000         
0.000         
0.000         
0.000         
0.000         
0.000         
0.000         
0.000         
0.000         
0.000         
0.000         
0.000         
0.000         
0.000         
0.000         
0.000         
0.000         
0.000         
0.000         
0.000         
0.000         
0.000         
0.000         
0.000         
0.000         
2.352         
4.994         
4.387         
0.000         
16.479        
0.000         
0.000         
0.000         
0.000         
0.000         
0.000         
0.000         
0.000         
0.000         
0.000         
0.000         
0.000         
0.000         
6.050         
0.000         
0.000         
0.000         
0.000         
0.000         
0.000         
0.000         
0.000         
0.000         
0.000         
0.000         
0.000         
0.000         
8.785         
0.000         
0.000         
0.000         
0.000         
1.435         
0.000         
0.000         
0.000         
0.000         
3.939         
0.000         
10.030        
0.000         
0.000         
0.000         
21.388        
5.928         
0.000         
26.240        
12.956        
0.000         
0.000         
0.000         
0.000         
0.000         
0.000         
0.000         
0.000         
0.000         
0.000         
0.000         
0.000         
0.000         
13.948        
0.000         
0.000         
25.676        
0.000         
41.999        
8.367         
0.135         
0.000         
0.000         
0.000         
0.000         
0.229         
0.000         
5.203         
0.000         
0.000         
1.036         
0.000         
0.103         
0.000         
0.400         
0.000         
6.229         
0.000         
0.000         
0.000         
0.000         
0.000         
0.000         
0.000         
0.000         
0.000         
0.000         
0.000         
0.000         
0.000         
0.000         
10.888        
0.059         
1.501         
0.000         
0.000         
12.909        
0.242         
22.645        
1.043         
0.571         
0.000         
0.000         
77.792        
0.000         
0.000         
0.000         
0.000         
0.000         
0.021         
0.000         
1.785         
3.920         
2.629         
0.000         
68.866        
0.000         
0.000         
83.286        
0.001         
0.000         
280.934       
0.000         
0.000         
0.000         
74.351        
62.500        
0.000         
0.000         
12.064        
44.662        
0.000         
56.952        
0.000         
0.000         
0.000         
0.000         
0.000         
0.000         
0.000         
0.000         
0.000         
0.000         
0.000         
0.000         
0.000         
0.000         
0.000         
0.000         
0.000         
0.000         
0.000         
0.000         
0.000         
0.000         
0.000         
0.000         
0.000         
0.000         
0.000         
0.000         
0.000         
0.000         
0.000         
0.000         
0.000         
0.000         
0.000         
0.000         
0.000         
0.000         
0.000         
0.169         
0.000         
0.000         
0.000         
0.000         
0.000         
0.000         
0.000         
0.000         
0.000         
0.000         
0.000         
0.000         
0.000         
0.000         
0.000         
0.000         
0.000         
0.000         
0.000         
0.000         
0.000         
0.000         
0.000         
0.000         
0.000         
0.000         
0.000         
0.000         
0.000         
4.355         
0.000         
0.000         
0.000         
0.000         
0.000         
0.000         
0.000         
0.000         
21.019        
0.000         
0.000         
0.000         
0.000         
0.000         
0.000         
0.000         
0.000         
0.000         
0.000         
0.000         
0.000         
0.000         
0.000         
0.000         
0.000         
1.803         
0.000         
0.000         
0.000         
0.000         
0.000         
0.000         
0.000         
0.000         
0.000         
0.000         
7.560         
0.000         
0.000         
0.000         
0.000         
0.000         
0.000         
0.000         
0.000         
0.000         
0.000         
0.000         
0.000         
0.000         
0.000         
0.000         
0.000         
0.000         
0.000         
5.121         
0.000         
0.000         
11.644        
0.000         
0.000         
0.000         
0.000         
0.000         
0.000         
0.000         
0.000         
0.000         
0.000         
0.000         
0.000         
0.000         
0.000         
0.000         
0.000         
0.000         
0.286         
32.064        
0.000         
0.000         
0.000         
0.000         
0.000         
0.000         
0.000         
0.000         
0.000         
0.000         
0.000         
8.584         
0.000         
0.000         
0.460         
0.000         
0.000         
0.000         
0.000         
8.237         
0.000         
0.000         
0.000         
0.000         
0.000         
0.000         
0.000         
0.000         
0.000         
0.000         
3.414         
4.424         
0.000         
0.000         
0.000         
0.000         
0.000         
0.000         
0.000         
0.000         
0.000         
1.797         
0.000         
0.000         
0.000         
0.000         
0.000         
0.000         
0.000         
0.000         
0.000         
0.000         
0.000         
0.000         
0.000         
0.000         
0.000         
0.000         
0.000         
0.685         
0.000         
0.000         
3.209         
0.000         
0.000         
0.000         
0.000         
0.000         
0.000         
40.388        
0.000         
0.000         
0.000         
0.000         
0.000         
0.000         
18.699        
0.000         
0.000         
0.000         
0.000         
0.000         
0.000         
0.000         
8.431         
0.000         
0.000         
0.000         
0.000         
0.000         
0.000         
0.000         
0.000         
0.000         
0.000         
0.000         
0.000         
0.000         
0.000         
0.000         
0.000         
0.000         
6.498         
0.000         
8.992         
4.518         
0.000         
1.350         
0.000         
0.000         
0.000         
0.000         
0.000         
2.753         
0.000         
33.350        
2.310         
0.000         
0.000         
0.000         
2.047         
8.431         
37.328        
0.000         
1.281         
0.000         
0.000         
28.817        
0.453         
0.100         
0.000         
23.794        
0.000         
0.000         
2.536         
1.320         
0.000         
0.000         
0.000         
0.000         
0.000         
0.000         
0.000         
0.000         
0.000         
0.000         
0.000         
0.000         
15.726        
24.170        
0.000         
2.179         
17.312        
13.577        
0.000         
0.000         
0.000         
0.000         
0.000         
0.000         
0.000         
1.986         
0.047         
0.000         
0.000         
0.093         
22.381        
1.321         
12.481        
0.000         
0.039         
1.815         
1.015         
0.000         
0.272         
0.000         
0.277         
0.000         
0.906         
0.000         
3.120         
0.000         
5.237         
28.464        
129.346       
38.938        
0.000         
2.191         
0.312         
1.464         
11.671        
0.000         
0.000         
0.000         
16.188        
85.701        
0.000         
0.000         
0.000         
0.000         
0.000         
0.300         
0.000         
0.000         
4.177         
22.095        
0.000         
0.000         
19.463        
0.041         
0.000         
110.001       
0.000         
6.713         
0.000         
0.000         
0.000         
0.000         
0.000         
0.000         
0.000         
0.000         
0.000         
0.026         
0.000         
0.000         
0.000         
0.000         
0.000         
0.000         
0.000         
1.350         
0.000         
0.000         
0.000         
0.000         
0.000         
0.000         
36.153        
0.000         
0.000         
0.000         
0.199         
0.000         
0.000         
0.000         
0.000         
0.000         
0.000         
0.000         
0.000         
0.000         
0.000         
0.000         
0.000         
0.000         
0.000         
0.000         
0.000         
0.000         
0.000         
0.000         
0.000         
0.000         
0.000         
0.000         
0.000         
0.000         
0.000         
0.000         
0.000         
0.000         
0.000         
0.000         
0.000         
0.000         
9.283         
0.000         
0.000         
0.000         
0.000         
0.000         
18.763        
0.000         
0.000         
0.000         
0.000         
0.000         
9.698         
0.000         
0.000         
0.000         
0.000         
0.000         
0.000         
0.000         
0.000         
23.687        
1.133         
0.000         
0.000         
0.000         
0.000         
12.521        
0.000         
0.000         
0.000         
0.000         
1.078         
0.000         
0.000         
0.000         
0.000         
4.261         
0.000         
0.135         
0.000         
0.000         
0.000         
0.000         
0.410         
0.000         
0.000         
0.000         
0.000         
0.000         
0.000         
0.000         
0.000         
0.000         
0.000         
0.000         
0.000         
0.000         
0.000         
0.000         
0.000         
0.000         
0.000         
0.000         
5.151         
0.000         
0.000         
5.681         
0.000         
0.000         
0.000         
73.953        
20.344        
0.000         
8.712         
0.000         
0.000         
11.030        
0.000         
0.000         
25.108        
0.000         
5.959         
12.137        
0.000         
0.000         
0.000         
0.000         
0.000         
0.000         
0.000         
0.000         
0.000         
0.000         
0.000         
0.000         
0.000         
0.000         
0.000         
0.000         
0.000         
0.000         
0.000         
0.000         
0.000         
0.000         
0.000         
0.000         
0.000         
0.000         
0.000         
0.000         
0.000         
0.000         
0.000         
0.000         
0.000         
0.000         
0.000         
0.000         
6.959         
16.217        
0.000         
0.000         
0.000         
0.000         
0.000         
0.000         
0.000         
0.140         
0.000         
0.000         
0.000         
0.000         
4.921         
0.000         
0.000         
0.000         
0.000         
0.000         
0.000         
0.000         
0.000         
0.000         
0.000         
0.000         
1.182         
0.000         
0.000         
0.000         
0.000         
0.000         
0.000         
0.000         
0.000         
0.000         
0.000         
3.247         
0.000         
0.000         
0.000         
0.000         
0.000         
0.000         
10.356        
0.000         
0.000         
0.000         
0.000         
0.000         
0.000         
0.000         
0.000         
0.000         
0.000         
2.932         
0.000         
0.000         
0.000         
0.000         
0.000         
0.000         
0.000         
6.009         
0.000         
0.000         
0.000         
0.000         
0.000         
0.002         
0.000         
0.000         
4.531         
0.000         
0.000         
0.000         
5.283         
0.000         
0.000         
0.000         
40.263        
0.000         
10.663        
0.000         
0.000         
1.585         
0.000         
2.482         
17.587        
20.239        
0.000         
0.000         
0.000         
0.000         
15.205        
4.527         
10.782        
0.000         
0.000         
0.000         
0.000         
0.000         
0.000         
0.000         
0.518         
59.034        
16.577        
8.206         
43.638        
0.000         
19.110        
0.000         
0.000         
0.000         
0.000         
46.960        
17.922        
9.212         
68.511        
0.000         
24.049        
43.111        
0.000         
24.975        
0.000         
0.000         
0.000         
18.303        
0.000         
14.600        
0.000         
0.000         
0.000         
0.000         
3.730         
0.000         
0.000         
0.000         
0.000         
0.000         
0.000         
0.000         
0.000         
0.000         
36.653        
0.000         
6.949         
41.914        
6.523         
0.000         
0.000         
0.000         
0.000         
0.000         
0.000         
0.000         
0.000         
0.000         
0.000         
0.000         
0.000         
0.000         
0.000         
0.000         
0.000         
0.000         
0.000         
0.000         
0.000         
0.000         
0.000         
0.000         
0.000         
0.000         
0.000         
12.104        
40.534        
0.000         
0.000         
2.954         
19.323        
61.017        
0.000         
0.000         
0.000         
0.000         
0.000         
0.000         
0.000         
0.000         
0.000         
24.568        
0.000         
0.000         
0.000         
0.000         
0.000         
0.000         
0.000         
0.000         
0.000         
0.000         
0.000         
0.000         
0.000         
0.006         
0.000         
0.000         
7.252         
0.000         
0.000         
0.000         
0.000         
0.000         
0.000         
0.000         
0.000         
0.000         
0.000         
0.000         
0.000         
0.000         
0.000         
0.000         
0.012         
0.000         
0.000         
0.000         
0.000         
0.000         
0.000         
0.000         
0.000         
0.000         
0.000         
0.000         
0.000         
0.000         
0.000         
0.000         
0.000         
0.000         
0.000         
0.000         
0.000         
0.000         
0.000         
1.472         
8.017         
0.000         
32.836        
0.000         
0.000         
0.000         
0.000         
0.000         
0.000         
0.000         
0.000         
0.000         
0.000         
0.000         
0.000         
0.000         
0.000         
0.000         
0.000         
0.000         
0.000         
0.000         
0.000         
0.000         
0.000         
0.000         
0.000         
0.000         
0.000         
0.000         
0.000         
0.000         
0.000         
10.358        
0.000         
0.000         
0.000         
0.000         
0.000         
0.000         
0.000         
0.000         
0.000         
0.000         
0.000         
0.000         
0.000         
0.000         
0.000         
0.000         
0.000         
0.000         
0.000         
0.000         
0.000         
4.335         
0.000         
0.000         
0.000         
0.000         
0.000         
0.000         
21.951        
1.581         
0.000         
0.000         
23.346        
4.426         
0.000         
0.000         
0.000         
9.727         
0.000         
25.637        
27.361        
5.772         
0.000         
0.000         
0.000         
0.000         
0.000         
0.000         
0.000         
0.000         
0.000         
0.000         
8.712         
18.716        
0.000         
0.000         
0.000         
0.000         
0.000         
0.000         
0.000         
0.000         
2.632         
4.582         
0.000         
0.000         
0.000         
0.000         
0.000         
0.295         
0.000         
0.000         
0.669         
0.000         
0.000         
0.000         
0.000         
0.000         
0.000         
0.000         
0.000         
0.000         
0.000         
0.000         
0.000         
0.000         
0.000         
0.000         
0.000         
7.020         
0.000         
0.000         
4.962         
0.000         
0.000         
13.780        
2.483         
0.000         
7.119         
0.000         
0.000         
0.000         
0.000         
0.117         
0.000         
0.000         
0.000         
0.000         
0.000         
0.000         
0.000         
0.000         
0.000         
0.000         
0.000         
0.000         
3.418         
0.000         
0.000         
0.000         
0.000         
0.000         
3.858         
0.000         
0.000         
0.000         
0.000         
0.000         
0.000         
0.000         
0.000         
0.000         
15.154        
0.000         
0.000         
0.484         
0.000         
0.000         
0.000         
0.000         
0.000         
0.000         
0.000         
2.802         
0.000         
2.714         
0.000         
0.000         
0.000         
0.000         
0.000         
25.951        
0.000         
0.000         
0.000         
43.417        
0.000         
0.528         
4.938         
0.090         
0.000         
0.000         
0.299         
0.000         
0.000         
1.272         
0.000         
3.820         
8.124         
0.000         
0.000         
0.000         
5.264         
24.504        
0.000         
0.000         
0.000         
0.000         
16.349        
0.000         
0.000         
0.000         
5.768         
0.000         
3.856         
0.000         
26.251        
5.179         
0.000         
20.896        
0.000         
4.793         
0.000         
0.000         
0.000         
0.000         
11.432        
0.000         
0.000         
0.000         
0.000         
0.000         
0.000         
10.251        
0.000         
2.833         
10.856        
0.000         
0.000         
0.000         
87.372        
21.259        
46.397        
0.000         
0.000         
0.000         
17.880        
11.403        
1.598         
4.219         
13.418        
32.043        
0.000         
0.000         
0.000         
0.000         
0.000         
0.000         
0.000         
52.852        
0.000         
0.000         
0.000         
0.000         
0.000         
0.000         
0.000         
0.000         
0.000         
0.000         
0.000         
0.000         
0.000         
0.000         
0.000         
0.000         
54.228        
0.000         
0.000         
0.000         
0.000         
0.000         
0.000         
0.000         
0.000         
0.000         
0.000         
0.000         
0.000         
0.000         
0.000         
0.000         
0.000         
0.000         
0.000         
0.000         
0.000         
0.000         
0.000         
0.000         
0.000         
0.000         
0.000         
0.000         
0.000         
0.000         
0.000         
0.000         
0.000         
0.000         
0.000         
2.685         
0.000         
0.000         
0.000         
0.000         
0.000         
0.000         
0.000         
0.000         
0.000         
0.000         
0.000         
0.000         
0.000         
0.000         
0.000         
0.000         
0.000         
0.000         
0.000         
0.000         
0.000         
0.002         
0.000         
0.000         
0.000         
0.000         
0.000         
0.000         
0.000         
0.000         
0.000         
0.000         
0.000         
0.000         
0.367         
0.000         
0.000         
0.000         
0.000         
0.000         
0.000         
0.000         
0.000         
0.000         
0.000         
0.000         
0.000         
0.000         
0.000         
0.000         
0.000         
0.000         
0.000         
0.000         
0.000         
0.000         
0.000         
0.000         
0.000         
0.000         
0.000         
0.000         
0.000         
0.000         
0.000         
0.000         
0.000         
0.000         
0.000         
0.000         
0.000         
0.000         
0.000         
0.000         
0.000         
0.000         
0.000         
35.424        
0.000         
0.000         
0.000         
0.000         
0.000         
0.000         
0.000         
0.785         
0.710         
0.000         
0.000         
0.000         
0.000         
0.000         
0.000         
0.000         
18.118        
1.507         
0.000         
0.000         
0.000         
0.000         
0.000         
0.000         
0.000         
0.000         
0.000         
0.000         
0.000         
0.000         
0.000         
0.000         
36.966        
0.000         
0.000         
6.682         
10.274        
0.000         
0.000         
0.000         
0.000         
0.000         
14.437        
0.000         
0.000         
23.809        
0.000         
0.000         
0.000         
0.000         
0.000         
11.496        
0.964         
0.000         
0.000         
0.000         
29.882        
0.000         
0.000         
0.000         
2.669         
0.131         
0.000         
0.000         
0.477         
0.000         
0.000         
0.000         
0.000         
0.000         
0.000         
0.000         
0.000         
0.000         
0.000         
0.000         
0.000         
0.000         
0.000         
15.312        
46.539        
0.000         
0.000         
0.000         
0.000         
0.000         
0.000         
0.000         
0.000         
0.000         
0.000         
0.000         
0.000         
0.000         
0.000         
0.000         
0.000         
0.000         
0.000         
0.000         
2.414         
6.549         
13.543        
0.000         
0.000         
0.000         
1.077         
0.000         
0.000         
0.000         
1.532         
0.000         
0.000         
0.000         
0.000         
0.000         
0.000         
0.000         
0.000         
0.000         
0.000         
0.000         
0.000         
0.000         
0.000         
0.000         
0.000         
0.000         
0.000         
0.000         
7.643         
0.000         
0.000         
1.916         
5.353         
0.000         
0.000         
0.000         
0.000         
0.806         
0.000         
0.000         
0.000         
0.298         
0.000         
0.000         
0.000         
0.000         
0.000         
0.000         
2.537         
0.000         
0.000         
0.000         
0.000         
0.000         
0.000         
11.881        
0.000         
0.000         
22.176        
0.988         
0.000         
0.000         
0.000         
0.000         
0.000         
0.000         
26.480        
0.000         
0.000         
14.538        
19.449        
0.978         
0.000         
0.000         
6.611         
0.000         
6.554         
0.000         
0.000         
0.000         
0.000         
2.187         
0.000         
0.000         
0.000         
0.000         
0.000         
0.000         
0.000         
0.000         
0.000         
7.746         
0.000         
0.000         
0.000         
2.319         
0.000         
0.000         
0.000         
1.689         
0.000         
0.000         
4.195         
0.000         
2.925         
9.764         
0.000         
33.662        
16.609        
16.823        
0.000         
0.000         
0.000         
0.000         
0.000         
0.000         
0.000         
0.000         
0.000         
0.000         
0.000         
0.000         
0.000         
0.000         
0.000         
0.000         
0.000         
0.000         
0.000         
0.000         
0.000         
0.000         
1.956         
0.000         
0.000         
0.754         
0.000         
0.000         
0.000         
0.000         
0.000         
15.192        
0.000         
0.000         
0.000         
0.000         
0.000         
0.000         
0.000         
0.000         
0.000         
0.000         
0.000         
0.000         
0.000         
0.000         
0.000         
0.000         
0.000         
0.000         
0.000         
0.000         
0.000         
0.000         
0.000         
0.000         
0.000         
0.000         
0.000         
0.000         
0.000         
0.000         
0.000         
0.000         
11.494        
0.000         
0.000         
0.000         
0.000         
0.000         
0.000         
0.000         
0.000         
0.000         
0.000         
0.000         
0.000         
0.000         
0.956         
0.000         
0.000         
0.000         
0.000         
0.000         
0.000         
0.000         
0.000         
0.000         
0.000         
0.000         
0.000         
0.000         
0.000         
0.000         
0.000         
0.000         
0.000         
0.000         
0.000         
0.000         
0.000         
0.000         
98.175        
0.000         
0.000         
0.000         
0.000         
0.000         
0.000         
0.000         
0.000         
0.000         
0.000         
0.000         
0.000         
21.502        
0.000         
0.000         
0.000         
0.000         
0.000         
0.000         
0.000         
0.000         
0.000         
0.000         
0.000         
0.000         
0.000         
0.000         
0.000         
0.000         
0.000         
0.000         
0.000         
0.000         
0.000         
0.000         
0.000         
0.000         
0.000         
0.000         
0.000         
0.000         
0.000         
0.000         
0.000         
0.000         
0.000         
0.000         
0.000         
0.000         
0.000         
0.000         
0.000         
0.000         
0.000         
0.000         
0.000         
0.000         
0.000         
0.000         
0.000         
0.000         
0.000         
0.000         
0.000         
0.000         
0.000         
0.000         
0.000         
0.000         
0.000         
0.000         
0.000         
0.000         
1.213         
0.000         
0.000         
0.000         
11.195        
0.000         
0.000         
0.000         
0.000         
0.000         
26.147        
0.000         
0.000         
0.000         
0.000         
0.000         
0.000         
0.000         
0.000         
0.000         
7.059         
0.000         
0.000         
10.026        
0.000         
0.000         
2.698         
0.000         
27.868        
0.000         
0.000         
0.000         
0.000         
2.530         
9.189         
0.000         
0.000         
0.000         
0.000         
6.356         
0.000         
0.000         
0.326         
0.000         
0.000         
0.000         
0.000         
0.000         
2.979         
2.050         
0.000         
0.000         
0.000         
0.000         
0.000         
0.000         
0.000         
0.000         
0.000         
0.000         
0.000         
0.000         
0.000         
0.000         
0.000         
0.000         
1.354         
0.000         
0.000         
0.000         
0.000         
0.000         
0.000         
0.000         
0.000         
0.000         
0.000         
4.111         
1.507         
0.000         
0.000         
0.000         
0.000         
0.000         
0.000         
0.000         
0.000         
0.000         
0.000         
0.000         
0.000         
0.000         
0.000         
0.000         
0.000         
0.000         
0.000         
2.566         
0.000         
0.000         
31.589        
0.000         
0.000         
0.000         
0.000         
0.000         
0.000         
0.000         
0.000         
0.000         
0.000         
20.710        
0.198         
4.154         
0.000         
26.152        
0.000         
0.000         
0.000         
0.000         
0.000         
0.000         
0.000         
0.000         
0.000         
0.000         
0.000         
0.000         
0.000         
0.000         
0.000         
0.000         
0.000         
0.000         
0.000         
0.709         
0.000         
8.396         
3.778         
9.716         
0.000         
0.000         
0.000         
0.000         
0.000         
0.000         
0.000         
0.000         
0.000         
0.000         
0.000         
9.980         
0.000         
0.000         
0.000         
1.966         
9.423         
0.000         
0.000         
4.274         
6.949         
0.000         
0.000         
0.401         
0.000         
0.000         
0.000         
30.654        
0.000         
1.959         
0.000         
10.158        
3.237         
0.000         
0.000         
8.748         
101.489       
0.000         
0.000         
0.000         
0.000         
0.000         
0.000         
0.000         
0.000         
5.944         
7.469         
17.364        
7.209         
46.358        
19.126        
0.000         
4.069         
2.298         
0.030         
0.000         
0.000         
0.000         
0.000         
0.000         
0.000         
0.000         
0.000         
0.000         
0.000         
0.000         
0.000         
0.000         
0.000         
0.038         
0.000         
0.000         
0.000         
0.000         
0.000         
0.000         
0.000         
5.117         
6.440         
0.000         
0.000         
0.000         
0.000         
0.000         
0.000         
0.000         
0.000         
0.000         
7.548         
0.000         
0.000         
103.419       
0.000         
10.112        
0.000         
0.000         
0.000         
0.000         
0.000         
38.014        
267.059       
0.000         
25.439        
0.000         
0.000         
0.000         
107.920       
0.000         
0.000         
71.705        
0.000         
0.000         
0.000         
0.000         
0.000         
0.000         
0.000         
0.000         
0.000         
0.000         
0.000         
0.000         
0.000         
0.000         
0.000         
0.000         
0.000         
0.000         
0.000         
0.000         
0.000         
0.000         
0.000         
0.000         
0.000         
0.000         
0.000         
0.000         
0.000         
0.000         
0.000         
0.000         
0.000         
0.000         
0.000         
0.000         
0.000         
0.000         
0.000         
0.000         
0.000         
0.000         
43.844        
0.000         
0.000         
0.000         
0.000         
0.000         
0.000         
0.000         
0.000         
0.000         
0.000         
0.000         
0.000         
0.000         
0.000         
0.000         
0.000         
0.000         
0.000         
0.000         
0.000         
2.276         
0.000         
0.000         
0.000         
0.000         
0.000         
0.000         
0.000         
0.000         
0.000         
0.000         
0.000         
28.709        
16.937        
0.000         
0.000         
0.000         
27.758        
0.000         
0.000         
0.000         
0.000         
0.000         
0.000         
0.000         
2.823         
0.000         
0.000         
0.000         
11.750        
0.000         
0.000         
0.000         
0.000         
0.000         
0.000         
0.000         
0.000         
0.000         
0.000         
0.000         
0.000         
0.000         
0.000         
0.000         
0.000         
0.000         
0.000         
0.000         
0.000         
0.000         
0.000         
0.000         
0.000         
0.000         
0.000         
0.000         
0.000         
0.000         
0.000         
0.000         
0.000         
0.000         
0.000         
0.000         
3.154         
0.000         
0.000         
0.000         
0.000         
5.668         
0.000         
0.000         
0.000         
0.000         
0.000         
0.000         
3.700         
5.469         
0.000         
8.523         
1.008         
4.654         
10.529        
0.000         
15.464        
13.008        
26.066        
0.000         
13.449        
0.000         
0.000         
0.000         
0.000         
0.000         
0.000         
0.000         
0.000         
0.000         
0.000         
5.568         
0.423         
0.000         
0.000         
0.000         
7.821         
0.000         
0.000         
0.000         
0.000         
0.000         
0.000         
0.000         
0.000         
0.000         
0.000         
0.000         
0.000         
0.000         
0.000         
0.000         
0.000         
0.000         
0.000         
0.000         
0.000         
4.126         
0.000         
0.000         
0.000         
0.000         
0.000         
0.000         
0.153         
0.000         
0.000         
0.000         
2.051         
0.000         
0.000         
0.000         
0.000         
0.000         
0.000         
0.000         
2.708         
0.000         
0.000         
0.000         
0.000         
0.000         
0.000         
0.000         
8.164         
0.000         
0.000         
0.000         
0.000         
0.000         
0.000         
0.000         
4.091         
0.000         
0.000         
0.000         
0.000         
0.000         
0.000         
0.000         
0.000         
0.000         
0.000         
0.000         
0.000         
0.000         
0.000         
0.000         
0.000         
0.000         
0.000         
0.000         
12.148        
0.000         
0.000         
0.000         
0.000         
0.000         
0.000         
0.000         
0.000         
0.000         
7.144         
0.000         
24.938        
8.225         
0.000         
7.170         
0.000         
0.000         
0.000         
0.000         
0.513         
0.000         
3.007         
0.306         
0.193         
0.000         
0.000         
0.000         
12.755        
5.307         
0.000         
0.000         
15.167        
0.000         
38.674        
36.220        
4.616         
65.958        
0.000         
0.000         
0.000         
8.366         
13.747        
4.601         
21.952        
0.000         
0.040         
1.877         
0.785         
62.120        
63.115        
0.000         
0.000         
0.000         
1.440         
37.730        
10.034        
9.255         
0.000         
0.000         
58.245        
0.000         
0.000         
0.000         
0.000         
0.000         
4.179         
0.000         
0.000         
0.000         
12.420        
6.730         
1.760         
0.000         
0.000         
0.000         
2.048         
12.853        
0.000         
0.000         
23.303        
0.000         
2.904         
0.007         
0.000         
0.000         
0.000         
0.000         
0.000         
0.000         
0.000         
0.000         
0.000         
0.000         
0.000         
26.796        
0.000         
0.000         
0.000         
0.000         
0.000         
0.000         
0.000         
0.000         
0.000         
0.000         
0.000         
0.000         
0.000         
0.000         
13.320        
16.908        
0.000         
0.000         
0.000         
0.000         
0.000         
0.000         
0.000         
0.000         
0.000         
0.000         
0.000         
0.000         
0.000         
0.000         
0.000         
0.000         
0.000         
0.000         
0.000         
0.000         
0.000         
0.000         
0.000         
0.000         
0.000         
0.000         
0.000         
0.000         
0.000         
0.000         
0.000         
0.000         
0.000         
0.000         
0.000         
0.000         
0.000         
0.000         
0.000         
0.000         
0.000         
0.000         
0.000         
0.000         
0.000         
0.000         
0.000         
0.000         
0.000         
0.000         
0.000         
0.000         
0.000         
0.000         
0.000         
0.000         
0.000         
1.077         
0.000         
0.000         
0.000         
0.859         
0.000         
0.000         
0.000         
0.460         
0.000         
0.000         
0.000         
0.000         
0.000         
0.000         
0.000         
0.000         
0.000         
0.000         
0.000         
0.000         
0.000         
0.000         
0.000         
0.000         
0.000         
0.000         
0.000         
14.933        
24.952        
0.000         
0.000         
0.000         
0.000         
0.000         
0.000         
12.821        
0.000         
0.000         
0.000         
0.000         
0.000         
2.285         
0.000         
0.000         
0.000         
0.000         
0.000         
0.000         
0.000         
0.000         
0.000         
0.000         
0.000         
0.000         
2.215         
0.000         
0.000         
0.000         
0.000         
0.000         
0.000         
0.000         
0.000         
0.000         
0.000         
0.000         
0.000         
0.000         
0.000         
0.000         
0.000         
0.000         
0.000         
0.000         
0.000         
0.000         
0.000         
0.000         
0.000         
0.000         
0.000         
0.000         
0.000         
0.000         
0.000         
14.893        
0.000         
0.000         
20.735        
0.000         
72.287        
0.000         
0.000         
0.000         
0.000         
0.000         
0.000         
0.000         
0.000         
0.000         
0.000         
0.000         
0.000         
2.120         
0.000         
0.000         
0.000         
0.000         
0.000         
0.000         
0.000         
0.000         
1.062         
0.000         
0.000         
0.000         
0.000         
0.000         
0.000         
0.000         
0.000         
0.000         
7.288         
0.000         
0.000         
0.000         
0.000         
0.000         
0.000         
0.000         
0.000         
0.000         
0.000         
0.000         
0.000         
0.000         
0.000         
0.000         
0.000         
0.000         
0.000         
0.000         
0.000         
0.000         
1.849         
0.000         
0.000         
0.000         
0.000         
0.000         
0.000         
0.000         
0.000         
0.000         
0.000         
0.000         
0.000         
0.000         
0.000         
0.000         
0.000         
0.000         
0.000         
0.000         
0.000         
0.000         
13.197        
6.223         
0.000         
0.000         
0.000         
15.604        
0.000         
0.000         
0.000         
0.000         
0.000         
0.000         
0.000         
0.000         
0.000         
0.000         
0.000         
0.000         
0.000         
0.000         
0.000         
0.000         
0.000         
0.000         
0.000         
0.000         
15.037        
0.000         
0.000         
0.000         
0.000         
3.160         
1.623         
25.488        
0.000         
0.000         
0.000         
0.000         
0.000         
0.000         
0.000         
10.148        
20.969        
0.000         
30.227        
0.000         
86.860        
0.000         
0.000         
0.000         
0.000         
0.000         
0.868         
0.000         
0.000         
0.000         
0.000         
0.000         
5.340         
0.000         
19.871        
7.230         
0.000         
0.000         
0.000         
0.000         
61.693        
1.679         
2.492         
0.000         
0.000         
18.985        
0.000         
21.350        
0.000         
0.000         
0.000         
0.000         
0.000         
0.000         
25.417        
13.125        
0.000         
0.000         
0.000         
0.000         
0.000         
0.000         
0.000         
0.000         
0.859         
0.000         
60.079        
3.951         
0.000         
0.077         
0.000         
0.000         
4.541         
13.236        
0.000         
0.000         
0.000         
0.000         
0.000         
0.000         
0.000         
11.233        
0.000         
0.001         
0.609         
0.000         
0.000         
0.000         
0.000         
0.000         
1.115         
0.000         
6.698         
83.822        
20.893        
0.000         
0.000         
0.000         
0.000         
0.000         
0.000         
0.000         
0.000         
0.000         
0.000         
0.000         
0.000         
0.000         
0.000         
0.000         
0.000         
18.531        
0.000         
129.659       
0.000         
56.383        
105.423       
0.000         
0.000         
0.000         
0.000         
0.000         
0.000         
0.000         
0.000         
0.000         
0.000         
0.000         
0.000         
0.000         
0.000         
0.000         
0.000         
0.000         
0.000         
0.000         
0.000         
0.000         
0.000         
0.000         
0.000         
0.000         
0.000         
0.000         
0.000         
0.000         
0.000         
0.000         
0.000         
0.000         
0.000         
0.000         
0.000         
0.000         
0.000         
0.000         
0.012         
0.000         
0.000         
0.000         
0.000         
0.000         
0.000         
0.000         
0.838         
0.000         
0.000         
0.000         
0.000         
0.000         
36.165        
0.000         
0.000         
0.000         
0.000         
0.000         
0.000         
0.000         
0.000         
0.000         
0.000         
0.000         
0.000         
0.000         
0.000         
0.000         
0.000         
0.000         
0.000         
0.000         
0.000         
0.000         
0.000         
0.000         
0.000         
0.000         
0.000         
0.000         
0.000         
0.000         
0.000         
0.000         
0.000         
0.000         
0.000         
0.000         
0.000         
0.000         
0.000         
0.000         
0.000         
0.000         
0.000         
0.000         
0.000         
0.000         
34.347        
0.000         
0.000         
0.000         
0.000         
0.000         
0.000         
0.000         
0.000         
0.000         
0.000         
0.000         
0.000         
0.000         
0.000         
0.000         
0.000         
0.000         
0.000         
0.000         
0.000         
0.000         
0.000         
0.000         
0.000         
0.000         
0.000         
0.000         
0.000         
0.000         
0.000         
0.000         
0.000         
0.000         
0.000         
2.882         
8.371         
0.000         
0.000         
0.000         
0.000         
11.660        
18.981        
0.000         
0.000         
0.000         
0.000         
0.000         
0.000         
5.943         
0.000         
2.462         
0.000         
24.479        
0.000         
0.000         
0.000         
0.000         
0.000         
17.877        
0.000         
0.000         
0.000         
0.000         
7.409         
0.000         
0.000         
0.000         
0.000         
0.000         
7.946         
0.000         
0.000         
0.000         
1.687         
8.740         
0.000         
0.000         
0.000         
0.000         
15.188        
0.000         
0.000         
0.000         
0.000         
0.000         
0.000         
0.000         
0.000         
0.000         
0.000         
0.000         
0.000         
0.000         
0.000         
0.000         
0.000         
0.000         
0.000         
0.000         
0.000         
0.000         
0.000         
0.000         
0.000         
0.000         
0.000         
0.000         
0.000         
1.008         
0.040         
0.000         
0.000         
1.393         
0.000         
0.000         
0.000         
3.406         
0.000         
0.000         
0.000         
0.000         
5.898         
0.000         
0.000         
0.000         
0.000         
0.000         
0.000         
0.000         
19.481        
0.000         
0.000         
0.000         
0.000         
0.000         
0.000         
0.000         
0.000         
0.000         
0.000         
0.000         
0.000         
0.000         
0.000         
7.180         
0.000         
0.000         
0.000         
0.012         
0.000         
0.000         
0.000         
0.000         
0.000         
0.000         
0.000         
0.000         
0.000         
0.000         
0.000         
0.000         
0.000         
0.000         
0.000         
9.500         
0.000         
4.159         
0.000         
0.000         
69.406        
0.000         
0.000         
0.000         
0.000         
0.000         
0.000         
0.000         
0.000         
33.952        
0.000         
0.000         
0.000         
0.000         
0.000         
0.000         
0.000         
0.000         
0.000         
0.000         
0.000         
0.000         
0.000         
0.000         
0.000         
17.561        
0.000         
10.820        
0.287         
4.372         
46.868        
1.410         
5.568         
0.000         
1.014         
0.000         
0.000         
21.738        
30.720        
0.000         
0.000         
0.000         
6.563         
49.124        
155.528       
38.075        
0.000         
0.000         
20.382        
19.890        
4.833         
24.812        
0.000         
0.000         
10.512        
0.000         
0.000         
0.000         
0.000         
0.000         
58.422        
0.000         
0.000         
0.000         
0.000         
5.217         
0.000         
0.000         
0.000         
0.000         
0.000         
0.000         
0.000         
0.000         
0.000         
0.000         
0.000         
0.000         
0.000         
0.000         
0.000         
0.000         
0.000         
0.000         
0.000         
0.000         
0.000         
96.464        
0.000         
0.000         
0.000         
0.000         
0.000         
0.000         
0.000         
0.000         
0.000         
0.000         
0.000         
0.000         
86.580        
0.000         
0.000         
0.000         
0.000         
0.000         
0.000         
0.000         
0.000         
0.000         
0.000         
0.000         
0.000         
0.000         
0.000         
0.000         
0.000         
0.000         
0.000         
0.000         
0.000         
0.000         
0.000         
0.000         
0.000         
0.000         
0.000         
0.000         
0.000         
0.000         
0.000         
0.000         
0.000         
0.000         
0.000         
0.000         
0.000         
0.000         
0.000         
0.000         
0.000         
5.920         
0.000         
0.000         
0.000         
0.000         
0.000         
0.000         
0.000         
0.000         
0.000         
0.000         
0.000         
0.000         
18.915        
0.000         
0.000         
0.000         
0.000         
0.000         
0.000         
0.000         
0.000         
0.000         
0.000         
0.000         
0.000         
0.000         
0.000         
0.000         
3.531         
0.000         
0.000         
0.000         
0.000         
0.000         
0.000         
0.000         
0.000         
0.000         
0.000         
0.000         
0.000         
0.000         
0.000         
0.000         
0.000         
0.000         
0.000         
0.000         
0.000         
0.000         
0.000         
0.000         
0.000         
0.000         
0.000         
0.000         
0.000         
0.000         
0.000         
0.000         
2.481         
0.000         
0.000         
0.000         
0.000         
0.000         
0.000         
3.089         
0.000         
0.000         
0.000         
0.000         
0.000         
7.210         
0.000         
0.000         
0.210         
0.000         
0.000         
0.000         
0.000         
35.652        
0.000         
0.000         
0.000         
3.964         
13.789        
0.000         
0.000         
0.000         
0.000         
0.000         
0.000         
66.104        
0.000         
0.000         
0.000         
0.000         
0.000         
0.000         
0.000         
0.000         
8.928         
0.000         
25.620        
0.000         
0.000         
22.465        
0.000         
0.000         
0.000         
0.000         
0.000         
0.000         
0.000         
0.000         
0.000         
0.000         
0.000         
0.000         
11.316        
0.000         
0.000         
0.000         
0.000         
0.000         
0.000         
0.000         
0.000         
0.000         
0.000         
0.000         
0.000         
5.402         
0.000         
0.000         
17.110        
0.000         
0.000         
0.000         
0.000         
0.000         
0.000         
0.000         
0.000         
0.000         
0.000         
0.000         
0.000         
0.000         
0.000         
0.000         
0.000         
0.541         
0.000         
0.000         
0.000         
0.000         
0.000         
0.000         
0.000         
0.000         
0.000         
1.316         
0.000         
0.000         
0.000         
0.000         
0.000         
0.000         
0.000         
0.000         
0.000         
0.000         
0.000         
0.000         
0.000         
23.852        
0.000         
0.000         
1.265         
0.000         
0.000         
0.000         
0.000         
0.000         
0.000         
0.000         
0.000         
0.000         
0.000         
0.250         
0.000         
5.365         
0.000         
0.000         
0.000         
0.000         
0.000         
0.000         
1.316         
0.000         
0.000         
0.000         
0.000         
0.000         
0.000         
0.000         
0.000         
0.000         
6.795         
0.000         
0.948         
3.055         
0.000         
0.125         
0.000         
0.000         
0.000         
0.000         
15.845        
0.000         
0.000         
0.000         
24.219        
25.561        
0.000         
7.929         
0.000         
16.691        
0.000         
8.892         
0.000         
0.000         
0.000         
0.675         
0.000         
4.980         
0.000         
0.000         
7.369         
0.000         
0.000         
0.000         
0.000         
0.346         
0.000         
0.000         
6.654         
15.663        
0.000         
0.000         
1.381         
0.000         
0.000         
0.000         
7.146         
0.000         
0.000         
0.948         
0.000         
1.808         
0.000         
0.000         
48.991        
19.537        
0.000         
1.126         
0.000         
0.000         
0.000         
0.000         
0.000         
0.000         
0.000         
0.000         
0.000         
0.000         
0.000         
9.846         
0.000         
0.000         
0.000         
8.743         
0.000         
0.000         
0.000         
0.000         
0.000         
0.000         
0.000         
0.000         
0.000         
0.000         
0.000         
0.000         
0.000         
22.302        
0.000         
47.410        
0.000         
0.000         
0.000         
0.000         
0.000         
0.000         
0.000         
0.000         
0.000         
0.000         
0.000         
0.000         
107.389       
0.000         
0.000         
0.000         
0.000         
0.000         
0.000         
0.000         
0.000         
0.000         
0.000         
0.000         
134.483       
0.000         
0.000         
0.000         
0.000         
0.000         
0.000         
0.000         
0.000         
0.000         
0.000         
0.000         
0.000         
0.000         
0.000         
0.000         
0.000         
0.000         
0.000         
0.000         
0.000         
0.000         
0.139         
0.000         
0.000         
0.000         
0.000         
0.000         
0.000         
0.000         
0.000         
0.000         
0.000         
0.000         
0.000         
0.152         
0.000         
0.000         
0.000         
0.000         
0.000         
0.000         
0.000         
0.000         
0.000         
0.000         
0.000         
0.000         
0.000         
0.000         
0.000         
2.269         
0.000         
0.000         
0.000         
0.000         
0.000         
0.720         
0.000         
0.000         
0.000         
0.000         
0.000         
0.000         
0.000         
0.000         
0.000         
0.000         
0.000         
0.000         
0.000         
0.000         
0.000         
0.000         
0.000         
0.000         
0.000         
0.000         
0.000         
0.000         
0.000         
5.538         
0.000         
0.000         
0.000         
0.000         
0.000         
0.000         
0.000         
0.000         
0.000         
0.000         
0.000         
0.000         
0.000         
0.000         
0.000         
0.000         
0.000         
0.000         
0.000         
0.000         
0.000         
0.018         
0.000         
0.000         
0.000         
0.000         
0.000         
0.000         
0.000         
0.000         
0.000         
0.000         
0.000         
0.000         
0.000         
0.000         
0.000         
0.000         
0.000         
0.000         
0.000         
0.000         
0.000         
0.000         
0.000         
0.000         
0.000         
0.776         
0.000         
0.000         
0.000         
0.000         
1.185         
0.000         
38.482        
12.766        
0.000         
0.000         
0.000         
0.000         
0.000         
3.976         
0.000         
31.158        
0.000         
0.000         
1.103         
0.000         
0.000         
0.000         
49.003        
2.790         
0.000         
0.000         
0.000         
0.000         
0.000         
0.000         
0.000         
0.000         
23.484        
0.000         
0.000         
0.000         
1.694         
0.000         
0.000         
0.000         
0.000         
0.000         
0.000         
0.000         
0.000         
0.000         
50.492        
0.000         
0.000         
0.000         
0.000         
0.000         
0.000         
0.000         
0.000         
0.000         
0.000         
0.000         
0.000         
0.000         
0.000         
0.000         
0.000         
0.000         
0.000         
0.000         
0.000         
4.505         
0.000         
0.000         
0.000         
1.396         
0.000         
0.000         
0.000         
0.000         
0.000         
0.000         
0.000         
0.000         
0.000         
0.000         
0.000         
0.000         
0.000         
0.000         
0.000         
0.000         
0.000         
0.000         
0.000         
0.000         
0.000         
0.000         
0.000         
0.000         
0.000         
0.723         
0.000         
0.000         
11.411        
0.000         
0.000         
0.000         
2.125         
0.000         
0.000         
0.000         
0.000         
0.000         
0.000         
0.000         
0.000         
0.000         
0.000         
0.000         
0.000         
0.000         
0.000         
0.000         
0.000         
0.000         
0.000         
0.000         
0.000         
0.000         
8.678         
0.000         
0.000         
0.000         
0.000         
0.000         
0.000         
0.000         
0.000         
0.000         
0.000         
0.000         
0.000         
0.000         
0.000         
27.582        
0.000         
0.000         
0.000         
0.000         
0.000         
2.243         
49.703        
0.000         
0.000         
0.000         
0.000         
0.000         
0.000         
0.000         
0.000         
0.000         
0.000         
2.173         
0.000         
0.000         
0.000         
0.000         
11.823        
0.000         
0.000         
0.000         
22.743        
23.015        
4.619         
0.000         
0.000         
0.000         
27.427        
29.837        
0.000         
0.000         
0.000         
0.000         
0.000         
26.542        
1.174         
0.000         
23.205        
5.530         
0.505         
0.000         
0.000         
1.332         
0.000         
0.000         
0.117         
0.000         
5.445         
0.000         
0.000         
9.492         
0.000         
0.000         
0.000         
0.000         
36.314        
0.000         
0.000         
0.000         
0.000         
0.000         
0.000         
0.000         
0.000         
0.000         
0.000         
0.000         
0.000         
0.000         
0.000         
0.000         
0.054         
0.000         
48.504        
0.000         
0.000         
12.853        
0.000         
0.000         
1.489         
0.000         
0.000         
13.225        
0.000         
0.000         
14.449        
29.561        
14.424        
0.000         
23.122        
0.000         
0.000         
0.000         
0.000         
0.943         
0.000         
0.000         
0.000         
0.000         
11.533        
0.000         
0.000         
0.000         
0.000         
0.000         
0.000         
0.000         
0.000         
0.000         
0.000         
0.000         
0.000         
0.000         
0.000         
0.000         
0.000         
0.000         
0.000         
0.000         
0.000         
0.000         
0.000         
0.000         
0.000         
0.000         
0.000         
0.000         
0.000         
0.000         
0.000         
0.000         
0.000         
48.097        
0.000         
0.000         
0.000         
0.000         
0.000         
0.000         
0.000         
0.000         
0.000         
0.000         
0.000         
0.000         
0.000         
0.000         
0.000         
0.000         
0.000         
0.000         
0.000         
0.000         
0.000         
0.000         
0.000         
0.000         
0.000         
0.000         
0.000         
0.000         
0.000         
0.000         
0.000         
0.000         
0.000         
0.000         
5.683         
0.000         
0.000         
0.000         
0.000         
0.000         
0.000         
0.000         
17.929        
0.000         
0.000         
0.000         
0.000         
0.000         
0.000         
0.000         
0.000         
0.000         
0.000         
0.000         
0.000         
0.000         
0.000         
0.000         
0.000         
0.000         
0.000         
0.000         
0.000         
0.000         
0.000         
0.000         
0.000         
0.000         
0.000         
0.000         
0.000         
0.000         
0.000         
0.000         
0.000         
0.000         
0.000         
0.000         
0.000         
0.000         
0.000         
0.000         
0.000         
5.717         
0.000         
0.000         
0.000         
0.000         
0.000         
0.000         
0.000         
0.000         
0.000         
0.000         
0.000         
14.719        
0.000         
0.000         
5.011         
0.000         
6.936         
4.624         
0.000         
0.000         
0.000         
5.148         
0.000         
0.000         
14.980        
0.000         
0.000         
0.000         
0.000         
0.000         
0.000         
0.000         
0.000         
0.000         
0.000         
0.000         
0.000         
0.000         
0.000         
0.000         
0.000         
0.000         
1.883         
8.955         
0.000         
0.000         
0.000         
0.000         
10.201        
0.000         
0.000         
0.000         
0.000         
25.588        
14.051        
0.000         
0.000         
0.000         
1.684         
0.000         
0.000         
0.000         
3.562         
0.000         
0.000         
0.000         
0.000         
0.000         
0.000         
0.000         
0.000         
0.000         
0.915         
0.000         
0.000         
0.000         
0.000         
0.000         
0.000         
0.000         
0.000         
0.000         
0.000         
0.000         
0.000         
0.000         
2.837         
17.216        
0.000         
8.871         
0.000         
0.000         
4.002         
0.000         
0.000         
0.000         
0.000         
0.000         
0.000         
0.000         
0.000         
0.000         
0.002         
0.000         
0.000         
0.000         
0.000         
0.000         
0.000         
0.000         
0.000         
0.000         
0.000         
0.000         
0.000         
0.000         
0.000         
9.045         
0.000         
2.699         
0.000         
13.323        
0.000         
29.382        
0.000         
0.000         
26.361        
0.000         
0.000         
28.937        
39.457        
0.000         
27.494        
1.449         
0.000         
0.000         
0.000         
31.725        
0.000         
0.000         
0.000         
10.574        
0.000         
0.000         
0.000         
0.000         
0.063         
29.784        
5.507         
25.501        
18.487        
0.000         
9.927         
0.000         
0.000         
0.000         
3.090         
0.000         
0.000         
0.000         
3.199         
0.000         
0.000         
0.000         
0.000         
0.000         
0.000         
0.000         
0.015         
0.000         
0.000         
0.156         
0.000         
0.000         
0.000         
0.000         
0.000         
0.000         
0.000         
0.000         
17.463        
9.512         
0.000         
130.007       
0.000         
0.000         
0.000         
0.000         
0.000         
0.000         
0.000         
0.000         
0.000         
7.064         
0.000         
0.000         
0.000         
0.000         
0.108         
18.065        
53.936        
3.869         
0.000         
18.905        
38.855        
0.000         
0.000         
0.838         
0.000         
0.000         
0.000         
0.000         
0.000         
0.000         
0.000         
10.958        
0.000         
0.000         
31.840        
9.629         
7.094         
0.000         
59.144        
0.000         
0.000         
0.000         
30.715        
0.000         
0.000         
0.463         
47.809        
5.629         
0.000         
0.000         
0.000         
59.684        
0.000         
0.000         
0.000         
0.000         
0.000         
0.000         
0.000         
0.000         
0.000         
0.000         
0.000         
0.000         
0.000         
0.000         
0.000         
0.000         
0.000         
0.000         
0.000         
0.000         
0.000         
0.000         
0.000         
0.000         
0.000         
0.000         
0.000         
0.000         
0.000         
0.000         
0.000         
0.000         
0.000         
0.000         
0.000         
0.000         
0.000         
0.000         
0.000         
0.000         
0.000         
0.000         
0.000         
0.000         
0.000         
0.000         
0.000         
0.000         
0.000         
0.000         
0.000         
0.000         
0.000         
5.542         
0.000         
0.000         
0.000         
0.000         
0.000         
0.000         
0.000         
0.000         
0.000         
0.000         
0.000         
0.000         
0.000         
0.000         
16.579        
0.000         
0.000         
14.691        
0.000         
0.000         
2.102         
0.000         
0.000         
0.000         
28.425        
0.000         
0.000         
0.000         
19.888        
0.000         
0.000         
0.000         
0.000         
0.000         
0.000         
0.000         
0.000         
0.000         
0.000         
0.000         
0.000         
0.000         
0.000         
0.000         
0.000         
0.000         
0.000         
0.000         
0.000         
0.000         
0.000         
0.000         
0.000         
0.000         
0.000         
0.000         
0.000         
0.000         
0.000         
0.000         
0.000         
0.000         
0.000         
0.000         
0.000         
0.000         
0.000         
0.000         
0.000         
0.000         
0.000         
0.000         
23.086        
2.387         
0.000         
7.304         
5.522         
0.000         
8.715         
0.000         
0.000         
0.000         
0.000         
3.233         
0.000         
0.000         
0.000         
0.000         
0.000         
0.000         
0.000         
0.000         
0.000         
0.000         
5.819         
0.000         
18.119        
0.000         
0.000         
0.000         
0.000         
3.172         
0.000         
0.000         
0.000         
0.000         
0.000         
0.000         
0.000         
0.000         
0.000         
13.407        
5.272         
0.000         
0.000         
0.000         
0.134         
0.585         
0.000         
0.022         
0.000         
0.000         
0.000         
0.000         
0.123         
0.000         
0.000         
0.000         
0.000         
0.000         
0.000         
0.273         
0.000         
0.000         
0.000         
0.000         
0.000         
0.000         
0.000         
0.000         
0.000         
5.185         
0.000         
0.000         
0.000         
0.000         
0.000         
0.000         
0.000         
0.000         
0.000         
0.000         
0.000         
0.000         
0.000         
0.000         
0.000         
0.000         
0.000         
0.000         
0.000         
0.000         
0.466         
0.000         
0.000         
0.000         
0.000         
0.000         
0.000         
0.000         
1.250         
0.000         
0.000         
0.000         
0.000         
0.000         
0.000         
0.000         
0.000         
8.732         
0.000         
0.000         
0.000         
0.000         
0.000         
0.000         
38.431        
0.000         
0.000         
0.000         
0.000         
0.000         
0.000         
33.680        
0.000         
1.964         
0.000         
0.000         
0.000         
0.000         
38.098        
0.000         
0.000         
0.000         
31.592        
2.768         
0.000         
29.541        
0.000         
0.000         
0.258         
0.000         
0.000         
0.213         
0.000         
0.000         
0.000         
0.000         
0.585         
0.000         
7.852         
0.000         
0.000         
0.000         
0.000         
0.000         
4.504         
4.682         
0.000         
26.055        
0.000         
0.827         
0.000         
0.000         
19.183        
65.199        
17.800        
0.000         
0.000         
0.000         
0.000         
3.056         
0.000         
0.000         
2.726         
0.000         
91.209        
5.611         
10.394        
33.319        
0.000         
0.000         
0.000         
0.000         
0.000         
0.000         
0.000         
0.000         
0.000         
0.000         
0.000         
0.000         
9.418         
0.000         
0.000         
0.000         
0.000         
10.521        
0.000         
1.176         
4.699         
0.000         
0.000         
0.000         
0.116         
0.000         
0.000         
18.100        
0.000         
0.000         
0.000         
0.000         
0.000         
0.000         
0.000         
0.000         
0.000         
0.000         
0.000         
0.000         
0.000         
0.000         
0.000         
0.000         
0.000         
60.234        
0.000         
0.000         
0.000         
0.000         
0.000         
0.000         
0.000         
0.000         
0.000         
0.000         
0.000         
0.000         
32.817        
0.000         
0.000         
1.829         
0.000         
0.000         
0.000         
0.000         
0.000         
0.000         
0.000         
0.000         
0.013         
0.000         
0.000         
2.119         
0.000         
0.000         
0.000         
0.000         
0.000         
0.000         
0.000         
0.000         
0.000         
0.000         
0.000         
0.000         
0.000         
0.000         
0.000         
0.000         
0.000         
0.000         
0.000         
0.000         
0.000         
0.000         
0.000         
0.000         
0.000         
0.000         
0.000         
0.000         
0.000         
0.000         
0.000         
0.000         
0.000         
0.000         
0.000         
115.200       
0.000         
0.000         
0.000         
0.000         
0.000         
0.000         
0.000         
0.000         
0.000         
0.000         
0.000         
0.000         
0.000         
0.000         
0.000         
0.000         
0.000         
0.000         
0.000         
0.000         
0.000         
8.764         
0.000         
0.000         
0.000         
0.000         
0.000         
0.000         
0.000         
0.000         
0.000         
0.000         
0.000         
0.000         
0.000         
0.000         
0.000         
0.000         
0.000         
0.000         
0.000         
0.000         
31.145        
0.000         
0.000         
0.000         
0.000         
0.000         
0.000         
0.000         
0.000         
0.000         
0.000         
0.000         
0.000         
0.000         
12.522        
0.000         
0.000         
0.000         
0.000         
0.000         
0.000         
0.000         
0.000         
0.000         
0.000         
0.000         
0.000         
0.000         
0.000         
0.000         
0.000         
0.000         
0.000         
0.000         
0.000         
2.917         
0.000         
0.000         
0.000         
0.000         
0.000         
0.000         
0.000         
0.000         
0.000         
0.000         
28.098        
0.000         
0.000         
0.000         
0.000         
0.000         
33.410        
0.000         
9.798         
0.000         
62.451        
0.000         
0.000         
0.000         
17.640        
0.000         
0.000         
0.000         
0.000         
0.000         
0.000         
0.000         
0.000         
0.000         
0.000         
0.000         
0.000         
0.000         
0.000         
0.000         
0.000         
0.000         
0.000         
0.000         
0.000         
1.070         
0.000         
0.000         
0.000         
0.000         
0.000         
0.000         
0.000         
0.000         
7.164         
0.000         
0.000         
0.000         
0.000         
0.000         
0.000         
0.000         
0.702         
0.000         
0.000         
0.000         
0.594         
0.149         
0.000         
0.000         
0.000         
0.000         
0.000         
0.000         
0.000         
0.000         
0.000         
0.000         
0.000         
0.000         
19.821        
0.000         
3.344         
0.000         
0.000         
0.000         
0.915         
2.440         
0.000         
0.000         
0.000         
0.000         
0.000         
0.000         
0.000         
0.000         
0.000         
0.000         
0.000         
0.000         
15.427        
0.000         
0.000         
0.000         
0.000         
0.000         
0.000         
0.000         
0.000         
0.000         
0.000         
0.000         
0.000         
0.000         
0.000         
1.823         
0.000         
0.000         
0.000         
0.000         
0.000         
2.141         
0.000         
0.000         
0.000         
0.000         
0.000         
19.085        
0.000         
0.000         
0.000         
0.000         
0.000         
0.000         
0.000         
2.552         
17.578        
0.000         
0.000         
0.000         
0.000         
0.000         
7.922         
0.000         
0.000         
0.000         
0.000         
0.000         
22.931        
0.000         
0.000         
0.000         
0.000         
0.000         
0.000         
0.000         
0.000         
0.000         
1.961         
14.216        
0.000         
26.458        
30.618        
39.729        
17.007        
8.677         
0.000         
10.340        
0.000         
0.000         
3.289         
0.000         
0.000         
0.000         
0.000         
0.000         
0.000         
0.000         
0.000         
0.000         
0.000         
0.000         
0.000         
0.000         
0.000         
0.000         
0.000         
0.072         
32.694        
9.793         
0.268         
0.000         
0.000         
0.000         
0.000         
0.000         
1.691         
1.215         
0.000         
0.000         
0.000         
0.000         
1.321         
1.704         
0.623         
1.483         
0.000         
0.639         
0.000         
0.000         
0.000         
0.000         
0.000         
0.000         
0.000         
0.000         
0.000         
0.000         
0.000         
0.000         
0.000         
0.000         
0.000         
0.000         
0.000         
0.000         
0.000         
0.000         
0.000         
0.000         
0.000         
0.000         
37.934        
33.965        
0.000         
0.000         
0.000         
4.662         
0.000         
0.000         
0.000         
0.000         
0.000         
1.575         
0.000         
0.000         
0.000         
0.000         
0.000         
0.000         
0.000         
0.000         
0.000         
0.000         
0.000         
0.000         
0.000         
0.000         
0.000         
0.000         
0.000         
0.000         
0.000         
0.000         
0.000         
0.000         
0.000         
0.000         
0.000         
0.000         
0.000         
0.000         
0.000         
0.000         
0.000         
0.000         
0.000         
0.000         
0.000         
0.000         
0.000         
0.000         
0.000         
0.000         
0.000         
0.000         
0.000         
0.000         
0.000         
0.000         
0.000         
87.449        
0.000         
0.000         
0.000         
0.000         
0.000         
0.000         
0.000         
14.964        
0.000         
0.000         
0.000         
38.656        
0.000         
0.000         
0.000         
0.000         
0.000         
0.000         
0.000         
0.000         
0.000         
0.000         
0.000         
0.000         
0.000         
0.000         
0.000         
0.000         
44.292        
0.000         
0.000         
0.000         
0.000         
0.000         
0.000         
0.000         
0.000         
40.209        
0.000         
0.000         
0.000         
0.000         
0.000         
0.000         
0.000         
0.000         
0.000         
0.000         
0.000         
0.000         
0.000         
0.000         
0.000         
0.000         
0.000         
0.000         
0.000         
0.000         
0.000         
0.000         
0.000         
0.000         
0.000         
0.000         
0.000         
0.000         
0.000         
0.000         
0.000         
0.000         
0.000         
0.000         
3.348         
0.000         
0.000         
0.000         
0.000         
0.000         
0.000         
0.000         
0.000         
0.000         
0.000         
40.139        
0.000         
0.000         
0.000         
0.000         
32.129        
0.000         
0.000         
0.000         
0.000         
1.903         
0.000         
2.525         
0.000         
3.789         
0.000         
0.000         
0.000         
0.000         
0.000         
0.000         
0.000         
0.000         
0.000         
0.000         
0.000         
0.000         
0.000         
0.000         
0.000         
0.000         
0.000         
0.000         
5.732         
0.000         
0.824         
0.000         
0.000         
0.000         
0.000         
0.000         
0.000         
0.000         
0.000         
0.000         
0.000         
0.000         
0.000         
0.000         
0.000         
0.000         
0.000         
0.000         
0.000         
0.000         
0.000         
0.000         
0.000         
0.000         
0.000         
0.000         
4.034         
0.000         
0.000         
0.000         
0.000         
0.000         
0.000         
0.000         
3.709         
0.000         
0.000         
0.000         
0.000         
0.000         
0.000         
0.000         
0.000         
0.000         
0.000         
0.000         
0.795         
0.000         
0.386         
0.000         
8.568         
0.000         
0.000         
0.000         
0.000         
0.000         
7.504         
0.000         
4.211         
0.000         
0.000         
3.844         
0.000         
0.000         
0.000         
0.000         
0.000         
0.000         
0.000         
0.000         
0.000         
0.000         
0.000         
0.000         
0.000         
0.000         
0.000         
0.000         
0.000         
7.966         
6.214         
0.000         
0.000         
0.000         
0.000         
0.000         
0.000         
0.000         
0.000         
3.430         
0.000         
56.304        
0.000         
0.000         
0.000         
0.000         
2.807         
0.000         
98.757        
3.823         
0.000         
0.000         
0.000         
18.635        
0.000         
0.000         
0.000         
0.000         
13.693        
0.000         
5.096         
0.000         
11.528        
0.000         
0.000         
0.000         
0.000         
0.000         
9.851         
0.000         
0.000         
0.000         
0.000         
57.564        
0.000         
44.047        
51.819        
7.633         
164.822       
21.209        
23.480        
66.611        
10.224        
1.512         
34.029        
38.105        
1.803         
0.000         
0.000         
0.000         
6.495         
0.000         
0.000         
0.000         
22.667        
0.000         
12.286        
1.023         
0.000         
20.229        
10.161        
31.598        
9.776         
13.431        
0.000         
9.821         
0.160         
17.677        
0.000         
29.127        
0.000         
0.000         
4.202         
30.542        
62.875        
34.712        
7.967         
0.000         
0.000         
0.000         
0.000         
0.000         
0.000         
0.000         
14.781        
0.000         
0.000         
0.000         
0.000         
0.000         
0.000         
0.000         
77.414        
0.000         
0.000         
0.000         
0.000         
0.000         
0.000         
0.000         
0.000         
0.000         
0.000         
0.000         
0.000         
0.000         
0.000         
0.000         
0.000         
0.000         
0.000         
0.000         
0.000         
0.000         
0.000         
0.000         
0.000         
0.000         
0.000         
0.350         
0.000         
0.000         
0.000         
0.000         
0.000         
2.035         
0.000         
0.000         
0.000         
0.000         
0.000         
0.000         
1.740         
0.000         
0.000         
0.000         
0.000         
0.000         
1.032         
0.000         
0.000         
0.000         
0.000         
0.000         
0.000         
0.000         
0.000         
0.000         
0.000         
0.000         
0.000         
0.000         
0.000         
0.000         
0.000         
0.000         
0.000         
0.000         
0.000         
0.000         
0.000         
0.000         
0.000         
0.000         
0.000         
0.000         
0.000         
0.000         
0.000         
0.000         
0.000         
0.000         
0.000         
0.000         
0.000         
0.000         
0.000         
0.000         
0.000         
0.000         
5.805         
0.000         
0.000         
0.000         
0.000         
0.000         
5.577         
0.000         
0.000         
0.000         
0.000         
0.000         
0.000         
0.000         
0.000         
0.000         
0.000         
0.000         
0.000         
0.000         
0.000         
0.000         
0.000         
0.000         
0.000         
0.000         
0.000         
0.000         
0.000         
0.000         
0.000         
0.000         
0.000         
0.000         
0.000         
0.000         
0.000         
0.000         
0.000         
0.000         
0.000         
0.000         
0.000         
0.000         
0.000         
0.000         
0.357         
0.000         
0.000         
3.817         
0.000         
0.000         
2.773         
0.000         
4.514         
0.000         
0.000         
0.000         
0.000         
0.000         
0.000         
0.000         
22.963        
6.273         
0.000         
0.000         
0.000         
0.000         
0.000         
12.496        
0.000         
0.000         
1.558         
0.000         
0.000         
2.426         
4.577         
0.000         
0.000         
0.000         
0.000         
0.000         
0.000         
0.000         
0.000         
0.000         
0.000         
0.000         
0.000         
0.000         
0.000         
0.000         
0.000         
0.000         
0.000         
0.000         
0.000         
0.000         
0.000         
0.000         
0.000         
0.000         
0.000         
0.000         
15.825        
0.000         
0.000         
0.000         
0.000         
0.000         
0.000         
5.306         
0.000         
0.000         
0.000         
0.000         
0.000         
0.000         
0.025         
5.875         
7.601         
0.000         
0.000         
0.000         
0.000         
0.000         
0.000         
1.908         
0.340         
0.000         
0.000         
0.000         
0.000         
0.000         
0.000         
0.000         
0.000         
0.000         
0.000         
17.890        
4.598         
0.000         
0.000         
0.000         
0.000         
0.000         
0.000         
18.791        
1.393         
0.000         
0.000         
0.000         
0.000         
0.000         
0.000         
0.000         
0.000         
0.000         
0.000         
0.000         
0.000         
0.000         
0.000         
0.000         
3.964         
0.000         
0.000         
0.000         
0.000         
0.000         
0.000         
0.000         
0.300         
0.000         
0.000         
1.418         
0.000         
0.000         
6.318         
0.000         
0.000         
0.000         
0.000         
0.000         
3.119         
4.993         
0.000         
0.000         
0.000         
0.000         
0.000         
0.000         
0.000         
0.000         
12.102        
1.353         
0.000         
0.000         
49.852        
0.000         
0.000         
0.000         
0.000         
0.000         
5.492         
0.000         
3.112         
0.000         
0.000         
0.000         
0.000         
0.000         
0.000         
0.274         
0.000         
0.105         
5.073         
0.000         
0.000         
0.000         
16.667        
0.000         
0.000         
0.000         
0.000         
0.000         
0.000         
0.000         
0.000         
0.000         
0.000         
0.000         
3.179         
0.000         
0.000         
0.000         
0.000         
12.450        
4.490         
0.000         
19.692        
0.000         
0.000         
43.206        
0.000         
0.000         
25.082        
0.000         
0.000         
15.910        
40.146        
0.000         
0.000         
1.956         
0.000         
4.702         
0.568         
0.000         
0.000         
11.680        
0.000         
0.000         
0.000         
0.000         
0.000         
0.000         
0.266         
0.211         
0.000         
0.000         
0.000         
0.000         
0.000         
0.346         
0.000         
0.952         
0.000         
0.000         
0.000         
0.000         
0.000         
0.000         
0.000         
0.000         
0.000         
0.000         
0.000         
10.361        
0.000         
36.824        
0.000         
0.000         
24.081        
0.000         
0.000         
0.000         
0.000         
36.274        
0.000         
0.000         
0.000         
0.000         
0.000         
0.000         
0.000         
0.000         
0.000         
14.056        
0.000         
0.000         
0.000         
0.000         
0.000         
0.000         
0.245         
0.000         
0.000         
0.000         
0.000         
0.000         
0.000         
0.000         
0.000         
0.000         
0.000         
0.000         
0.000         
0.000         
0.000         
0.000         
0.000         
0.000         
0.000         
0.000         
0.000         
0.000         
0.000         
0.000         
0.000         
33.150        
0.000         
0.000         
0.000         
0.000         
0.000         
0.000         
0.000         
0.000         
0.000         
0.000         
0.000         
0.000         
0.000         
6.546         
0.000         
0.000         
0.000         
0.000         
0.000         
0.000         
0.000         
0.000         
0.000         
0.000         
0.000         
0.000         
0.000         
0.000         
0.000         
0.000         
0.000         
0.000         
0.000         
0.000         
0.000         
0.000         
0.000         
0.000         
0.000         
0.000         
0.000         
0.000         
0.000         
0.000         
0.000         
0.000         
0.000         
0.000         
0.000         
0.000         
0.000         
0.000         
0.000         
0.000         
0.000         
0.000         
0.000         
0.000         
0.000         
0.000         
0.000         
0.000         
0.000         
0.000         
0.000         
0.000         
0.000         
0.000         
0.000         
0.000         
0.000         
0.000         
0.000         
0.000         
0.000         
0.000         
4.237         
0.000         
0.000         
0.475         
3.111         
0.993         
0.000         
0.000         
12.507        
0.000         
16.437        
2.978         
0.000         
0.000         
0.000         
11.190        
0.000         
0.000         
72.676        
0.000         
0.000         
0.000         
5.716         
6.981         
0.158         
0.000         
0.000         
0.000         
0.000         
0.000         
0.000         
0.000         
0.000         
0.000         
0.000         
0.000         
0.000         
0.000         
0.000         
0.000         
0.000         
0.000         
0.000         
0.000         
0.000         
0.000         
0.000         
0.000         
0.000         
0.000         
0.000         
21.227        
0.000         
0.000         
0.000         
0.000         
0.000         
0.881         
0.000         
0.000         
0.000         
0.000         
0.000         
0.000         
0.000         
0.000         
0.000         
0.000         
0.000         
0.000         
0.000         
0.000         
0.000         
8.814         
0.000         
0.000         
0.000         
0.000         
0.000         
0.000         
0.000         
0.000         
0.000         
0.000         
0.000         
0.000         
0.000         
0.000         
2.289         
4.414         
0.000         
0.000         
9.733         
0.000         
0.129         
0.000         
0.000         
0.000         
0.000         
0.000         
0.000         
0.000         
0.000         
0.000         
0.000         
0.000         
0.000         
0.000         
0.000         
0.000         
0.000         
0.000         
4.158         
0.000         
0.000         
0.000         
0.000         
0.000         
0.000         
0.000         
0.000         
0.000         
0.000         
6.963         
2.432         
0.000         
0.000         
13.862        
2.673         
0.000         
0.000         
0.000         
0.000         
5.928         
0.000         
0.000         
0.000         
2.382         
0.000         
0.800         
0.000         
0.000         
0.000         
0.502         
0.000         
0.000         
0.000         
14.490        
0.000         
0.000         
0.000         
0.000         
0.000         
0.000         
0.000         
0.000         
0.000         
0.000         
4.754         
0.000         
0.000         
0.000         
0.071         
22.470        
0.000         
0.000         
0.000         
0.000         
0.000         
2.314         
0.000         
21.443        
0.000         
0.000         
0.000         
0.138         
1.634         
15.437        
0.000         
0.000         
0.000         
0.000         
0.000         
0.001         
0.000         
0.000         
0.439         
0.000         
0.000         
0.000         
0.000         
0.000         
0.000         
0.000         
13.102        
3.574         
12.723        
0.089         
14.343        
0.000         
0.000         
0.000         
2.211         
0.000         
30.473        
0.000         
0.000         
0.000         
0.000         
0.000         
0.000         
0.000         
0.000         
0.000         
0.000         
0.000         
0.000         
0.000         
0.000         
0.000         
0.000         
0.000         
0.000         
0.000         
0.000         
0.000         
0.000         
0.000         
0.000         
0.000         
111.986       
0.000         
6.427         
2.143         
0.000         
0.000         
0.000         
19.499        
0.000         
55.422        
0.000         
40.060        
0.000         
0.000         
0.000         
0.000         
0.000         
0.000         
0.000         
0.000         
0.000         
0.000         
0.000         
0.000         
0.000         
0.000         
0.000         
0.000         
0.000         
0.000         
0.000         
0.000         
0.000         
0.000         
0.000         
0.000         
0.000         
0.000         
0.000         
0.000         
0.000         
0.000         
0.000         
0.000         
0.000         
0.000         
0.000         
0.000         
0.000         
0.000         
0.000         
0.000         
0.000         
0.000         
0.000         
0.000         
0.148         
0.000         
0.000         
1.490         
0.000         
0.000         
0.000         
0.000         
0.000         
0.000         
0.000         
0.000         
0.000         
0.000         
0.000         
0.000         
0.000         
0.000         
0.000         
0.000         
0.000         
0.000         
0.000         
0.000         
0.000         
0.000         
0.000         
0.000         
0.000         
0.000         
0.000         
0.000         
0.000         
0.000         
0.000         
0.000         
0.000         
0.000         
0.000         
0.000         
0.000         
8.821         
0.000         
2.398         
0.000         
0.000         
0.000         
0.000         
0.000         
0.000         
0.000         
0.000         
0.000         
0.000         
0.000         
0.000         
0.000         
0.000         
0.000         
0.000         
0.000         
0.000         
0.000         
0.000         
0.000         
0.000         
0.000         
0.000         
0.000         
0.000         
0.000         
0.000         
0.000         
0.000         
0.000         
0.000         
0.818         
0.000         
0.000         
0.000         
0.000         
0.000         
48.610        
0.000         
0.000         
0.000         
0.000         
0.000         
1.284         
0.000         
0.000         
0.000         
13.536        
0.582         
0.000         
0.000         
44.096        
0.000         
0.000         
0.000         
0.000         
0.000         
0.251         
0.000         
0.000         
0.000         
0.000         
0.000         
0.000         
0.000         
0.000         
0.000         
0.000         
0.000         
0.000         
0.000         
0.000         
0.000         
0.000         
0.000         
0.000         
0.000         
0.000         
0.000         
0.000         
0.000         
0.000         
0.000         
0.000         
0.000         
0.000         
0.000         
0.000         
0.000         
0.000         
0.000         
0.000         
0.000         
0.000         
0.000         
0.000         
0.000         
0.000         
0.000         
0.000         
0.000         
17.906        
0.000         
0.000         
0.000         
0.000         
0.000         
0.585         
0.000         
0.000         
0.000         
0.000         
0.000         
0.000         
0.000         
0.000         
2.294         
6.592         
0.000         
0.000         
0.000         
0.000         
0.942         
4.167         
0.000         
0.000         
0.000         
0.000         
0.000         
0.000         
0.000         
0.000         
0.000         
0.000         
0.000         
0.000         
0.000         
0.000         
0.000         
0.000         
0.000         
0.000         
0.000         
0.000         
0.000         
0.000         
0.000         
0.000         
0.000         
0.000         
0.000         
0.000         
3.263         
6.621         
0.000         
0.000         
0.000         
0.000         
0.000         
3.931         
0.000         
0.000         
0.000         
0.000         
0.000         
0.000         
0.000         
0.000         
0.000         
16.023        
4.388         
0.000         
0.000         
0.000         
0.000         
0.000         
0.000         
0.000         
0.000         
4.987         
1.882         
0.000         
0.000         
1.686         
4.410         
0.000         
0.000         
0.000         
0.000         
0.000         
0.000         
0.000         
35.605        
0.034         
33.802        
4.178         
0.000         
0.000         
0.000         
0.000         
0.000         
0.000         
0.000         
0.000         
0.000         
0.000         
0.000         
0.000         
0.000         
14.701        
41.831        
0.000         
0.000         
17.739        
0.000         
63.324        
0.000         
1.744         
0.000         
0.077         
0.000         
0.000         
0.000         
32.857        
0.000         
0.000         
0.000         
0.000         
0.000         
0.000         
0.000         
0.000         
0.000         
0.000         
33.764        
19.154        
5.015         
0.083         
5.161         
2.148         
5.073         
0.000         
22.864        
0.000         
0.000         
0.000         
0.000         
0.000         
0.000         
0.000         
0.000         
0.000         
0.000         
0.000         
0.000         
0.000         
0.000         
0.000         
58.539        
0.000         
0.000         
0.000         
0.000         
0.000         
0.000         
0.000         
0.000         
0.000         
0.000         
0.000         
0.000         
0.000         
0.000         
0.000         
0.000         
0.000         
0.000         
0.000         
0.000         
0.000         
0.000         
0.000         
0.000         
0.000         
0.000         
0.000         
0.000         
2.497         
0.000         
25.786        
0.000         
0.000         
0.000         
0.000         
0.000         
0.000         
0.000         
6.865         
0.000         
0.000         
0.000         
0.000         
0.000         
0.000         
0.000         
0.000         
0.000         
0.000         
0.000         
0.000         
0.000         
0.000         
0.000         
0.000         
0.000         
0.000         
0.000         
21.967        
0.000         
0.000         
0.000         
0.000         
0.000         
0.000         
0.000         
0.000         
0.000         
0.000         
0.000         
0.000         
0.000         
0.000         
0.000         
6.924         
0.000         
25.945        
0.000         
0.000         
0.000         
0.000         
0.000         
0.000         
0.000         
49.723        
0.000         
10.831        
0.000         
0.000         
0.000         
0.000         
0.000         
0.000         
0.000         
0.000         
0.000         
0.000         
0.000         
0.000         
0.000         
0.000         
0.000         
47.435        
0.000         
0.000         
0.000         
0.000         
0.000         
0.000         
0.000         
0.000         
0.000         
0.000         
0.000         
0.000         
0.000         
0.000         
0.000         
0.000         
0.000         
0.000         
0.000         
0.000         
0.000         
0.000         
0.000         
0.000         
0.000         
0.000         
0.000         
0.000         
0.000         
0.000         
0.000         
0.000         
0.000         
0.000         
0.000         
0.000         
10.850        
0.000         
0.000         
0.000         
0.000         
0.000         
18.324        
0.000         
0.000         
13.405        
0.000         
0.346         
12.110        
0.913         
6.578         
0.000         
0.000         
0.000         
1.297         
0.000         
0.000         
0.000         
0.000         
0.000         
23.797        
0.000         
0.000         
0.000         
0.000         
0.000         
0.234         
0.000         
0.000         
0.000         
0.000         
0.000         
0.000         
0.000         
0.000         
0.000         
0.000         
0.000         
0.000         
0.000         
0.000         
0.000         
0.000         
0.000         
0.000         
0.000         
0.000         
0.000         
0.000         
0.000         
0.000         
0.000         
0.000         
4.239         
0.000         
0.000         
0.000         
0.000         
0.000         
0.000         
0.000         
0.000         
0.000         
0.000         
0.000         
0.000         
0.000         
0.000         
0.000         
0.000         
0.000         
0.000         
0.000         
0.000         
0.000         
0.000         
1.165         
0.000         
0.000         
0.000         
0.000         
0.000         
0.000         
0.000         
0.000         
0.000         
0.000         
0.000         
0.000         
1.043         
0.000         
0.000         
0.000         
0.831         
0.000         
5.456         
0.000         
0.000         
0.000         
0.000         
0.000         
1.011         
0.000         
0.000         
1.942         
26.935        
0.000         
0.000         
0.000         
0.000         
8.170         
0.000         
0.000         
0.000         
0.000         
13.073        
10.874        
0.000         
69.861        
0.000         
0.136         
8.158         
0.000         
0.000         
39.410        
0.000         
0.000         
0.000         
0.000         
17.275        
6.887         
0.000         
0.000         
3.314         
8.734         
0.000         
0.027         
0.000         
0.615         
0.546         
15.682        
0.000         
0.000         
0.000         
0.000         
0.000         
9.430         
0.000         
0.000         
1.022         
3.500         
0.000         
0.000         
0.000         
0.000         
0.000         
0.000         
1.186         
1.985         
0.000         
6.261         
0.000         
21.748        
21.287        
0.340         
1.407         
0.000         
0.000         
0.000         
0.000         
0.000         
0.000         
0.000         
0.000         
3.027         
4.824         
0.874         
12.747        
0.000         
0.000         
0.000         
24.630        
12.473        
0.680         
14.267        
17.799        
22.453        
0.000         
0.000         
0.000         
0.000         
0.000         
0.000         
0.000         
0.000         
0.000         
0.000         
0.000         
0.000         
0.000         
0.000         
0.000         
0.000         
0.000         
0.000         
0.000         
0.000         
0.000         
0.000         
0.000         
0.000         
0.000         
0.000         
0.000         
0.000         
0.000         
0.000         
0.000         
0.000         
0.000         
17.980        
0.000         
57.228        
0.000         
64.422        
0.000         
0.000         
6.300         
132.385       
0.000         
0.000         
6.319         
0.000         
9.463         
0.000         
0.000         
0.000         
96.727        
0.000         
13.605        
0.000         
0.000         
6.126         
0.000         
0.000         
0.000         
0.000         
0.000         
0.000         
0.000         
0.000         
0.000         
0.000         
0.000         
0.000         
0.000         
0.000         
0.000         
0.000         
0.000         
0.000         
0.000         
0.000         
0.000         
0.000         
0.000         
0.000         
0.000         
0.000         
0.000         
0.000         
0.000         
0.000         
0.000         
0.000         
0.000         
0.000         
0.000         
0.001         
0.000         
0.000         
0.000         
0.000         
0.000         
0.000         
0.000         
0.000         
0.000         
0.000         
0.000         
0.000         
0.000         
0.000         
0.000         
0.000         
0.000         
9.448         
0.000         
0.000         
0.000         
0.000         
0.000         
0.000         
0.000         
0.000         
26.960        
0.000         
12.218        
0.000         
0.000         
0.000         
0.000         
0.000         
0.000         
0.000         
3.556         
0.000         
0.000         
0.000         
0.000         
0.000         
0.000         
0.000         
0.000         
0.000         
0.000         
0.000         
0.000         
0.000         
0.000         
0.000         
0.000         
0.000         
0.000         
0.000         
0.000         
0.000         
0.000         
0.000         
0.000         
0.000         
0.000         
0.000         
0.000         
0.000         
0.000         
0.000         
0.000         
1.561         
0.000         
0.000         
0.000         
0.000         
0.000         
0.000         
0.000         
0.000         
0.000         
0.000         
1.628         
0.000         
23.882        
4.052         
0.000         
6.288         
0.000         
0.000         
0.000         
0.000         
14.480        
0.000         
3.999         
0.000         
0.000         
0.000         
0.000         
0.000         
0.000         
0.000         
14.335        
2.565         
0.000         
0.000         
0.000         
0.000         
0.000         
0.000         
0.000         
0.000         
0.000         
0.000         
0.000         
0.000         
4.246         
0.000         
24.482        
0.000         
0.000         
0.000         
0.000         
0.000         
0.000         
0.000         
0.000         
0.000         
0.000         
0.000         
0.000         
0.000         
0.000         
0.000         
4.492         
0.000         
4.224         
8.726         
0.000         
0.000         
0.000         
0.000         
0.000         
0.000         
0.000         
0.000         
0.000         
0.000         
0.000         
0.000         
0.000         
0.000         
0.000         
0.000         
0.000         
0.000         
0.000         
0.000         
0.000         
0.000         
0.000         
0.000         
0.000         
0.000         
0.000         
0.000         
0.000         
0.000         
0.000         
0.000         
0.000         
0.000         
0.000         
11.640        
0.000         
2.737         
0.000         
4.991         
18.819        
0.000         
0.000         
0.000         
0.000         
0.000         
6.415         
0.000         
0.000         
1.502         
0.000         
0.000         
0.000         
0.000         
0.000         
0.000         
0.000         
0.000         
0.000         
0.000         
0.000         
0.000         
0.000         
0.000         
0.000         
16.128        
0.000         
0.000         
0.000         
0.000         
20.120        
1.355         
0.000         
0.000         
34.250        
22.996        
4.537         
0.000         
0.000         
0.000         
0.000         
22.363        
0.000         
0.000         
7.857         
1.349         
3.231         
14.013        
1.560         
1.369         
6.659         
0.000         
0.000         
0.000         
0.000         
0.000         
0.000         
0.000         
0.000         
1.881         
0.000         
15.697        
12.499        
0.000         
0.000         
0.000         
0.000         
35.483        
0.000         
0.014         
0.000         
0.000         
29.375        
0.000         
2.413         
0.000         
0.000         
25.770        
0.000         
0.000         
0.000         
0.000         
0.000         
0.000         
0.000         
0.000         
6.170         
0.000         
15.259        
0.000         
0.000         
0.000         
0.000         
0.000         
0.261         
2.281         
2.594         
0.000         
1.538         
0.000         
0.000         
17.950        
27.907        
0.000         
0.000         
0.000         
0.000         
9.756         
56.314        
0.000         
0.000         
0.000         
0.000         
0.000         
0.000         
0.000         
0.000         
0.000         
0.000         
0.000         
0.000         
0.000         
0.000         
0.000         
0.000         
0.000         
0.000         
0.000         
0.000         
0.000         
0.000         
23.579        
1.093         
0.000         
0.000         
0.000         
0.000         
0.000         
0.000         
0.000         
0.000         
0.000         
0.000         
0.000         
0.000         
0.000         
0.000         
0.000         
0.000         
0.000         
27.082        
0.000         
0.000         
0.000         
0.000         
0.000         
53.257        
0.000         
0.259         
0.000         
0.000         
0.000         
0.000         
0.000         
18.303        
0.000         
0.000         
0.000         
14.621        
0.000         
0.000         
0.000         
0.000         
0.000         
0.000         
0.000         
0.000         
0.000         
0.000         
0.000         
0.000         
0.000         
0.000         
0.000         
0.000         
0.000         
0.000         
0.000         
0.000         
0.000         
0.000         
0.000         
0.000         
0.000         
0.000         
0.000         
0.000         
0.000         
0.000         
0.000         
0.000         
0.000         
0.000         
0.000         
0.000         
0.000         
0.000         
0.000         
0.000         
0.000         
0.000         
0.000         
0.000         
24.408        
0.000         
0.000         
0.000         
0.000         
18.330        
0.000         
0.000         
0.000         
0.000         
0.000         
0.000         
0.000         
0.000         
0.000         
0.000         
0.000         
0.000         
0.000         
0.000         
0.000         
0.000         
0.000         
0.000         
0.000         
0.000         
0.000         
0.000         
0.000         
0.000         
0.000         
0.000         
0.000         
0.000         
0.000         
0.000         
0.000         
0.000         
0.000         
0.000         
0.000         
0.000         
0.000         
0.000         
0.000         
0.000         
0.000         
0.000         
0.000         
0.000         
0.000         
0.000         
0.000         
0.000         
0.000         
0.000         
0.000         
0.000         
0.000         
0.000         
17.115        
0.000         
0.000         
0.000         
3.200         
13.325        
0.000         
0.000         
13.305        
5.528         
0.000         
0.000         
0.985         
0.000         
0.555         
0.000         
4.443         
6.441         
14.105        
0.000         
0.000         
0.000         
29.501        
5.252         
35.469        
0.000         
0.000         
0.192         
0.000         
35.728        
0.000         
0.000         
0.000         
1.115         
0.000         
5.138         
0.000         
0.000         
0.000         
0.000         
0.073         
0.000         
0.000         
0.000         
0.000         
24.541        
0.000         
0.000         
0.000         
0.000         
0.000         
0.000         
0.000         
0.000         
0.000         
0.000         
0.000         
0.000         
0.000         
0.000         
0.000         
0.000         
0.000         
0.000         
0.000         
0.000         
0.000         
0.000         
0.000         
0.000         
0.000         
0.000         
0.000         
0.000         
0.363         
0.000         
0.000         
0.000         
0.000         
0.000         
0.000         
0.000         
0.062         
0.000         
0.002         
0.000         
3.551         
0.000         
1.796         
0.000         
0.000         
0.000         
2.072         
0.000         
8.643         
0.000         
0.000         
0.000         
0.000         
0.000         
0.000         
0.000         
0.000         
0.000         
0.000         
14.999        
0.000         
0.000         
0.000         
0.000         
0.000         
0.000         
0.000         
0.000         
0.000         
0.000         
0.000         
3.572         
0.000         
0.000         
0.000         
0.000         
0.000         
0.000         
20.152        
0.000         
0.000         
0.000         
0.000         
6.011         
3.023         
2.735         
0.000         
0.000         
8.704         
0.000         
0.000         
4.170         
5.209         
4.107         
0.000         
4.614         
0.000         
0.000         
0.000         
0.000         
20.803        
0.000         
0.000         
122.325       
7.212         
0.000         
0.000         
13.305        
0.000         
0.000         
3.789         
0.000         
0.000         
0.000         
18.058        
0.000         
0.000         
4.835         
0.000         
0.075         
0.000         
13.567        
0.000         
19.602        
0.000         
0.000         
0.000         
0.000         
0.000         
0.000         
0.000         
8.817         
0.000         
15.305        
0.000         
0.000         
3.960         
0.000         
21.216        
2.546         
0.000         
10.537        
0.000         
0.000         
0.000         
7.199         
0.000         
10.395        
0.000         
0.000         
0.000         
0.000         
0.000         
17.634        
1.473         
0.000         
0.000         
0.000         
0.000         
0.000         
16.162        
2.879         
0.000         
0.000         
0.000         
0.000         
0.000         
0.000         
0.000         
0.000         
0.000         
0.000         
0.000         
0.000         
0.000         
0.000         
0.000         
0.000         
0.000         
0.000         
0.000         
0.000         
0.000         
0.000         
0.000         
0.000         
0.000         
0.000         
0.000         
0.000         
0.000         
0.000         
0.000         
0.000         
0.000         
0.000         
0.000         
0.000         
0.000         
0.000         
0.000         
0.000         
0.000         
0.000         
0.000         
1.477         
0.000         
0.000         
0.000         
0.000         
0.000         
0.000         
0.000         
0.000         
0.000         
0.000         
0.000         
131.003       
0.000         
0.000         
0.000         
0.000         
0.000         
0.000         
0.000         
0.002         
0.000         
0.000         
0.000         
0.000         
0.000         
0.000         
0.000         
0.000         
0.037         
0.000         
0.000         
0.000         
0.000         
0.000         
0.000         
0.000         
0.000         
0.000         
0.000         
0.000         
0.000         
0.000         
0.000         
0.000         
0.000         
0.000         
0.000         
0.000         
0.000         
0.000         
0.000         
0.000         
0.000         
0.000         
0.000         
25.560        
0.000         
0.000         
0.000         
0.000         
0.000         
20.631        
0.000         
0.000         
0.000         
0.000         
0.000         
0.000         
0.000         
0.000         
0.000         
0.000         
0.000         
0.000         
0.000         
0.000         
0.000         
0.000         
0.000         
0.000         
0.000         
0.000         
0.000         
0.000         
0.000         
0.000         
0.000         
0.000         
0.000         
0.000         
0.000         
0.000         
0.000         
0.000         
0.000         
0.000         
0.000         
0.000         
0.000         
0.000         
0.000         
0.000         
0.000         
0.000         
0.000         
0.000         
0.000         
0.000         
0.000         
0.000         
34.348        
0.000         
0.000         
0.000         
0.000         
26.038        
0.000         
0.000         
0.000         
7.453         
0.000         
0.000         
0.000         
0.000         
15.282        
0.000         
0.000         
0.000         
0.000         
0.000         
0.000         
20.184        
0.000         
0.000         
0.000         
0.000         
0.000         
0.000         
0.000         
0.000         
0.000         
0.000         
16.441        
0.000         
0.000         
0.000         
0.000         
20.173        
0.000         
0.000         
0.000         
0.000         
0.000         
0.000         
15.981        
0.000         
0.000         
0.000         
0.000         
1.745         
0.000         
0.000         
0.000         
0.000         
0.000         
0.000         
0.000         
0.000         
0.000         
0.000         
0.000         
0.000         
0.000         
0.000         
0.000         
0.000         
0.000         
0.000         
0.000         
0.246         
0.000         
3.822         
1.262         
0.000         
0.000         
0.000         
0.000         
0.000         
0.000         
0.000         
0.000         
0.000         
0.000         
0.000         
0.000         
0.000         
0.000         
0.000         
0.000         
0.000         
0.000         
3.854         
0.000         
19.539        
0.000         
2.287         
1.850         
0.000         
0.000         
0.000         
0.000         
3.174         
0.000         
0.000         
31.534        
0.000         
0.000         
0.000         
0.000         
1.097         
0.000         
0.000         
0.000         
0.000         
0.000         
0.000         
0.000         
0.000         
0.000         
0.000         
0.000         
0.000         
0.000         
0.000         
0.000         
0.000         
0.000         
0.000         
0.000         
0.000         
0.000         
0.000         
0.000         
0.000         
0.000         
0.764         
4.576         
0.000         
0.000         
0.000         
0.000         
0.000         
16.386        
0.000         
1.670         
0.000         
0.000         
0.000         
17.517        
0.000         
0.000         
0.000         
0.000         
0.000         
5.346         
9.686         
0.000         
19.101        
0.000         
0.000         
0.000         
0.000         
0.000         
0.000         
75.045        
17.619        
0.000         
10.921        
0.000         
2.837         
0.000         
0.889         
7.305         
4.487         
45.995        
2.962         
14.680        
0.000         
9.245         
0.000         
0.000         
0.658         
0.000         
1.581         
0.000         
0.000         
0.000         
0.000         
0.000         
0.000         
0.000         
0.000         
0.000         
0.000         
0.000         
0.000         
7.676         
0.000         
6.534         
21.826        
0.000         
1.227         
0.000         
0.000         
0.000         
0.000         
0.000         
0.000         
0.000         
1.141         
5.768         
0.000         
0.000         
0.000         
0.000         
0.000         
0.000         
0.000         
33.619        
0.000         
0.000         
39.844        
0.000         
0.000         
0.000         
0.000         
0.000         
0.000         
0.000         
0.000         
0.000         
0.000         
0.000         
0.000         
0.000         
0.000         
0.000         
0.000         
0.000         
0.000         
0.000         
0.000         
0.000         
0.000         
0.000         
0.000         
0.000         
0.000         
0.000         
0.000         
0.000         
0.000         
0.000         
0.000         
0.000         
0.000         
0.000         
9.972         
0.000         
0.000         
0.000         
0.069         
0.000         
0.000         
0.000         
0.000         
0.000         
0.000         
0.000         
0.000         
0.000         
0.000         
0.000         
0.000         
0.000         
0.000         
0.000         
0.000         
0.000         
0.000         
0.000         
0.000         
0.000         
0.000         
0.000         
0.000         
0.000         
0.745         
2.451         
0.000         
0.000         
0.000         
3.883         
0.000         
1.625         
0.000         
0.000         
0.000         
0.000         
0.000         
0.000         
0.000         
0.000         
0.000         
0.000         
0.000         
0.000         
0.000         
0.000         
0.000         
0.000         
0.000         
0.000         
0.000         
0.000         
0.000         
0.000         
0.000         
0.000         
0.000         
0.000         
1.093         
0.000         
0.000         
0.000         
0.000         
0.000         
0.000         
0.000         
0.000         
0.000         
0.000         
0.000         
0.000         
0.000         
0.000         
0.000         
0.000         
0.000         
0.000         
0.000         
0.000         
0.000         
0.000         
0.000         
0.000         
0.000         
0.000         
0.000         
0.000         
0.000         
0.000         
0.000         
0.052         
0.000         
0.000         
0.726         
0.000         
0.000         
0.000         
0.000         
0.000         
0.000         
0.000         
0.000         
127.636       
0.000         
0.000         
0.000         
2.953         
0.000         
8.246         
0.000         
0.000         
0.000         
0.000         
0.000         
0.000         
0.000         
0.000         
0.000         
0.000         
0.000         
1.689         
3.989         
0.000         
0.006         
5.289         
0.244         
40.184        
0.000         
0.000         
1.055         
0.000         
0.000         
0.000         
0.000         
0.000         
0.000         
0.000         
0.000         
0.000         
29.201        
0.000         
4.882         
0.000         
0.000         
0.000         
0.000         
0.000         
0.000         
0.000         
0.000         
0.000         
0.000         
0.000         
0.000         
0.000         
0.000         
0.000         
0.000         
0.000         
0.000         
11.547        
0.000         
0.000         
2.929         
0.000         
0.000         
0.000         
0.237         
0.000         
0.000         
0.858         
0.000         
0.000         
0.000         
0.000         
0.000         
0.000         
0.000         
0.000         
0.000         
0.000         
0.000         
1.527         
0.000         
0.000         
0.000         
0.000         
0.000         
0.000         
12.252        
0.000         
0.000         
0.000         
0.000         
0.000         
0.000         
0.000         
0.000         
1.271         
0.000         
0.000         
0.000         
0.000         
0.000         
0.000         
0.000         
0.000         
0.000         
0.000         
1.435         
0.000         
0.494         
0.000         
2.643         
6.035         
0.000         
0.000         
0.000         
0.000         
0.000         
0.000         
0.000         
0.394         
0.000         
0.000         
0.000         
0.000         
0.000         
0.000         
0.000         
0.000         
0.000         
0.000         
0.000         
0.000         
0.000         
9.079         
5.563         
0.000         
0.000         
0.000         
20.728        
0.692         
0.000         
9.241         
54.646        
2.588         
0.000         
15.101        
0.000         
0.000         
3.843         
0.000         
0.000         
0.000         
0.000         
0.000         
0.000         
0.000         
0.000         
0.000         
73.095        
28.508        
0.000         
0.000         
0.000         
0.000         
0.000         
0.000         
0.000         
0.000         
0.000         
0.000         
0.000         
0.000         
2.967         
10.819        
38.954        
18.633        
0.000         
14.562        
10.362        
0.000         
0.000         
0.000         
0.000         
0.000         
0.000         
0.000         
0.000         
0.000         
0.545         
26.155        
0.000         
1.544         
0.000         
0.000         
0.000         
0.000         
4.537         
12.146        
8.387         
3.342         
0.012         
2.232         
17.879        
0.000         
0.000         
0.000         
0.000         
0.000         
0.000         
0.000         
0.000         
0.000         
0.000         
0.000         
0.211         
0.000         
10.609        
0.000         
0.000         
2.561         
0.000         
73.033        
0.000         
0.000         
0.000         
0.000         
0.000         
0.000         
0.000         
0.000         
0.000         
0.000         
0.000         
0.000         
0.000         
66.466        
0.000         
0.000         
12.662        
0.000         
20.206        
0.000         
0.000         
0.000         
0.000         
0.000         
0.000         
0.000         
0.000         
0.000         
116.428       
0.000         
0.000         
0.000         
0.000         
0.000         
0.000         
0.000         
0.000         
0.000         
1.359         
0.000         
0.000         
0.000         
0.000         
0.000         
0.000         
0.000         
0.000         
0.000         
0.000         
0.000         
0.000         
0.000         
0.000         
0.000         
0.000         
0.000         
0.000         
0.000         
0.000         
0.000         
0.000         
0.000         
0.000         
0.000         
0.000         
0.000         
0.000         
0.000         
0.000         
0.000         
0.000         
0.000         
0.000         
0.000         
0.000         
0.000         
0.000         
0.000         
0.000         
0.000         
0.000         
0.000         
0.000         
0.000         
0.000         
28.873        
0.000         
0.000         
0.000         
0.000         
0.000         
0.000         
0.000         
0.000         
0.000         
0.000         
54.094        
0.000         
0.000         
0.000         
0.000         
0.000         
0.000         
0.000         
0.000         
0.000         
0.000         
0.000         
0.000         
0.000         
0.000         
0.000         
0.000         
0.000         
0.000         
0.000         
0.000         
0.000         
0.000         
0.000         
0.000         
0.000         
0.000         
0.000         
0.000         
0.000         
0.000         
0.000         
0.000         
0.000         
0.000         
0.000         
0.000         
0.262         
0.000         
0.000         
0.000         
0.000         
0.000         
0.000         
0.000         
0.000         
0.000         
0.000         
0.000         
0.000         
0.000         
0.000         
0.000         
0.000         
10.966        
16.731        
0.000         
0.000         
0.000         
1.573         
0.000         
8.633         
0.000         
1.470         
0.000         
0.000         
0.000         
71.920        
2.451         
0.000         
26.410        
0.000         
3.851         
0.000         
0.000         
0.000         
0.000         
0.000         
0.000         
0.000         
0.000         
0.000         
0.000         
3.631         
15.710        
8.498         
0.000         
0.000         
0.000         
0.000         
0.000         
0.000         
0.000         
0.000         
0.000         
0.000         
0.000         
0.000         
0.000         
2.188         
0.000         
0.000         
0.000         
0.000         
0.000         
0.000         
4.351         
1.044         
0.000         
5.451         
0.000         
0.000         
0.000         
0.000         
4.651         
0.562         
0.000         
0.000         
0.000         
0.000         
0.000         
0.000         
0.000         
0.000         
0.000         
0.000         
0.000         
0.000         
0.000         
0.000         
0.000         
0.000         
0.000         
0.000         
0.000         
0.000         
0.000         
0.000         
35.054        
0.000         
3.933         
0.000         
0.000         
0.000         
0.000         
0.000         
0.000         
0.000         
0.000         
13.301        
0.000         
0.000         
0.000         
0.000         
0.000         
0.000         
0.000         
0.000         
0.000         
0.000         
0.000         
0.000         
2.432         
0.000         
0.000         
0.000         
0.000         
0.000         
0.000         
0.000         
0.000         
0.000         
0.000         
0.000         
0.000         
5.858         
0.000         
0.000         
0.000         
0.774         
0.000         
0.000         
0.000         
0.000         
0.000         
0.000         
6.333         
0.000         
0.000         
0.000         
0.000         
26.877        
0.000         
0.000         
0.000         
0.000         
0.000         
0.000         
0.000         
0.000         
0.000         
0.000         
0.155         
11.190        
1.432         
1.259         
3.959         
0.537         
24.830        
0.000         
0.000         
14.410        
1.251         
0.000         
5.189         
1.438         
0.373         
0.000         
0.000         
0.000         
0.000         
0.000         
0.000         
0.000         
0.000         
34.339        
0.000         
0.000         
0.173         
1.320         
0.002         
0.000         
53.246        
0.000         
0.000         
6.144         
0.876         
0.000         
2.624         
0.000         
0.003         
0.000         
0.000         
0.000         
0.000         
0.000         
0.000         
0.000         
0.000         
0.000         
0.000         
0.000         
0.000         
0.000         
0.000         
0.000         
0.000         
0.000         
0.000         
0.000         
0.000         
0.000         
0.000         
0.000         
0.000         
0.000         
0.000         
0.000         
0.000         
0.000         
0.000         
0.000         
0.000         
0.000         
0.000         
0.000         
0.000         
0.000         
37.600        
0.000         
0.000         
0.000         
0.000         
0.000         
31.868        
0.000         
0.000         
0.000         
0.000         
0.000         
0.000         
0.000         
0.000         
0.000         
0.000         
0.000         
0.000         
0.000         
0.000         
0.000         
0.000         
0.000         
0.000         
0.000         
0.000         
0.000         
0.000         
0.000         
0.000         
0.000         
0.000         
0.000         
0.000         
0.000         
0.000         
0.000         
0.000         
0.000         
0.000         
0.000         
0.000         
0.000         
0.000         
0.000         
0.000         
0.000         
0.000         
0.000         
0.000         
0.000         
0.000         
0.000         
0.000         
0.000         
0.000         
0.000         
0.000         
0.000         
0.000         
0.000         
0.000         
0.000         
0.000         
0.000         
0.000         
0.000         
0.000         
0.000         
0.000         
0.000         
0.000         
0.000         
0.000         
0.000         
0.000         
3.274         
0.000         
0.000         
0.000         
0.000         
0.000         
0.000         
0.000         
0.000         
0.000         
0.000         
0.000         
0.000         
0.000         
0.000         
0.000         
0.000         
0.000         
0.000         
14.361        
0.000         
0.000         
0.000         
0.000         
0.000         
0.000         
0.000         
0.615         
0.000         
0.000         
0.000         
0.000         
0.000         
0.000         
0.000         
0.000         
0.000         
0.000         
0.000         
0.000         
0.000         
0.000         
0.000         
0.000         
0.023         
0.000         
0.000         
0.000         
0.090         
0.000         
0.000         
0.000         
0.000         
0.000         
0.000         
0.000         
0.000         
21.551        
0.000         
0.000         
0.000         
0.000         
0.512         
0.000         
0.000         
0.000         
0.000         
0.000         
0.000         
0.000         
0.000         
0.000         
0.000         
0.000         
21.704        
0.000         
8.116         
0.000         
0.000         
26.379        
0.000         
0.000         
0.000         
0.000         
0.000         
0.000         
0.784         
0.000         
0.000         
0.021         
0.972         
0.000         
0.000         
0.000         
0.000         
0.000         
0.000         
0.000         
0.000         
0.000         
0.000         
0.000         
0.000         
0.000         
0.000         
0.000         
0.000         
0.000         
8.939         
0.000         
0.000         
0.000         
0.000         
0.000         
0.000         
0.101         
0.000         
1.448         
0.000         
0.000         
0.000         
0.000         
0.371         
0.000         
0.000         
0.000         
1.612         
0.000         
0.109         
0.000         
0.000         
0.000         
0.000         
0.000         
0.000         
0.000         
0.000         
0.000         
0.000         
0.000         
3.922         
0.000         
0.000         
0.398         
0.000         
0.000         
0.000         
0.000         
0.000         
0.000         
0.000         
0.000         
0.000         
0.000         
0.000         
0.000         
4.896         
3.623         
0.000         
0.000         
0.000         
0.000         
0.000         
0.000         
0.000         
0.000         
0.000         
18.819        
0.000         
0.000         
0.000         
0.000         
0.000         
0.000         
0.000         
0.000         
0.000         
0.000         
1.832         
6.545         
0.000         
0.000         
0.000         
0.000         
0.000         
0.000         
0.000         
0.000         
0.000         
0.000         
0.000         
0.000         
3.019         
0.000         
0.000         
0.000         
3.471         
0.000         
0.000         
3.801         
0.000         
23.700        
0.000         
0.000         
0.000         
0.000         
0.000         
0.391         
1.904         
9.486         
0.000         
0.000         
5.873         
0.000         
0.000         
5.344         
9.319         
6.588         
3.128         
11.999        
32.146        
25.940        
0.000         
41.087        
0.000         
0.000         
0.000         
0.000         
0.000         
26.249        
0.000         
0.000         
3.248         
0.000         
0.000         
2.635         
0.000         
0.000         
0.000         
0.000         
0.000         
6.374         
0.000         
0.000         
0.000         
0.000         
3.341         
0.044         
0.752         
2.431         
3.805         
0.000         
0.000         
0.000         
0.000         
0.000         
0.000         
0.000         
0.000         
0.000         
0.000         
0.000         
0.000         
0.000         
0.000         
0.000         
0.000         
0.000         
0.000         
0.000         
0.000         
0.000         
0.000         
49.958        
0.000         
0.000         
0.000         
0.000         
0.000         
0.000         
0.000         
0.000         
0.000         
0.000         
0.000         
0.000         
0.000         
0.000         
0.000         
0.000         
0.000         
0.000         
0.000         
0.000         
7.923         
0.000         
2.650         
0.743         
0.000         
0.000         
0.000         
0.000         
0.000         
0.000         
0.000         
0.000         
0.000         
0.000         
0.000         
0.000         
0.000         
0.000         
0.000         
0.000         
0.000         
0.000         
0.000         
0.000         
0.000         
0.000         
0.000         
0.000         
0.000         
0.000         
0.000         
0.000         
0.000         
0.000         
0.000         
0.000         
0.000         
0.000         
0.000         
0.000         
0.000         
0.000         
0.000         
0.000         
0.492         
0.000         
0.000         
0.000         
0.000         
0.000         
0.000         
0.000         
0.000         
0.000         
0.000         
0.000         
0.000         
0.000         
0.000         
0.000         
0.000         
0.000         
0.000         
0.000         
0.000         
0.000         
0.000         
19.230        
0.000         
57.184        
25.723        
0.000         
0.000         
0.000         
0.000         
0.000         
0.000         
0.000         
0.000         
0.000         
0.000         
0.000         
0.000         
3.560         
0.000         
0.000         
0.000         
11.101        
0.000         
0.000         
0.000         
0.000         
0.000         
91.402        
0.000         
0.000         
0.000         
0.000         
0.000         
0.000         
0.000         
0.000         
0.000         
0.000         
0.000         
0.000         
0.000         
0.000         
0.000         
0.000         
0.000         
0.000         
0.000         
0.062         
0.000         
0.000         
0.000         
0.000         
0.000         
0.000         
0.000         
0.000         
0.000         
0.000         
0.000         
0.000         
0.000         
0.000         
0.000         
0.000         
0.000         
0.000         
0.000         
0.000         
0.000         
4.923         
7.146         
9.990         
0.000         
0.000         
0.000         
16.158        
0.000         
0.000         
0.000         
0.000         
0.000         
31.702        
0.000         
61.353        
9.031         
2.874         
0.000         
0.000         
0.000         
0.000         
0.321         
0.000         
0.000         
0.000         
0.000         
0.000         
0.000         
0.000         
0.000         
5.236         
0.000         
0.000         
0.000         
0.000         
0.000         
0.000         
0.000         
0.000         
0.000         
0.000         
0.000         
0.000         
0.000         
0.000         
0.000         
0.000         
0.000         
0.000         
0.000         
0.000         
0.000         
0.000         
0.000         
0.000         
0.000         
0.000         
0.000         
0.000         
0.000         
0.000         
0.839         
0.000         
0.976         
0.000         
0.000         
0.000         
0.000         
0.000         
0.000         
5.715         
0.000         
0.000         
0.000         
0.000         
0.000         
0.000         
0.000         
0.000         
0.116         
0.000         
0.000         
8.295         
0.000         
0.000         
0.000         
0.000         
0.000         
15.301        
0.000         
0.000         
0.000         
0.000         
0.799         
0.000         
4.375         
0.000         
0.000         
0.000         
0.000         
0.000         
0.000         
0.000         
2.958         
0.000         
0.000         
0.000         
0.000         
11.438        
1.956         
0.000         
0.000         
0.000         
0.000         
0.000         
0.000         
0.000         
0.000         
0.000         
0.000         
0.000         
0.000         
42.831        
0.000         
0.000         
0.000         
0.000         
0.000         
14.751        
0.000         
0.000         
6.537         
0.000         
0.000         
0.000         
12.006        
0.000         
0.000         
0.000         
1.213         
1.183         
2.656         
0.000         
0.000         
0.000         
0.000         
0.000         
0.000         
0.000         
0.000         
0.000         
0.000         
0.000         
0.000         
4.716         
0.000         
0.000         
23.878        
0.000         
0.000         
0.000         
0.000         
0.407         
10.879        
34.048        
33.815        
0.000         
29.163        
3.969         
0.000         
0.000         
16.089        
73.134        
6.622         
89.780        
19.494        
126.812       
20.656        
1.534         
41.280        
0.570         
13.510        
1.752         
15.454        
0.991         
37.736        
3.694         
5.207         
43.615        
5.480         
57.972        
205.007       
34.328        
0.000         
0.000         
14.512        
0.000         
0.000         
0.000         
45.012        
0.000         
0.000         
0.000         
0.000         
0.000         
0.000         
0.000         
0.000         
0.000         
0.000         
0.000         
0.000         
0.000         
0.000         
0.000         
0.000         
0.000         
0.000         
0.000         
0.000         
0.000         
0.000         
0.000         
0.000         
0.000         
0.000         
1.333         
0.000         
0.000         
12.216        
12.205        
0.000         
82.126        
0.000         
0.000         
0.000         
0.000         
0.000         
0.000         
0.000         
0.000         
0.000         
0.000         
0.000         
0.000         
0.000         
0.000         
0.000         
0.000         
0.000         
1.623         
0.000         
0.000         
0.000         
0.000         
0.000         
0.000         
0.000         
0.000         
0.000         
0.000         
0.000         
0.000         
0.000         
0.000         
0.000         
0.000         
0.000         
0.000         
6.347         
0.000         
0.000         
0.000         
0.000         
0.000         
0.000         
0.000         
0.000         
0.000         
0.000         
0.000         
0.000         
0.000         
0.000         
0.000         
0.000         
0.000         
0.000         
0.000         
15.738        
0.000         
0.000         
0.000         
0.000         
0.000         
0.000         
0.000         
0.000         
0.000         
0.000         
0.000         
0.000         
0.000         
0.000         
0.000         
0.000         
0.000         
0.000         
0.000         
0.000         
0.000         
0.000         
0.000         
0.000         
0.000         
0.000         
0.000         
0.000         
0.000         
0.000         
0.000         
0.000         
0.000         
0.000         
0.000         
0.000         
0.000         
0.000         
0.000         
0.000         
0.000         
0.000         
0.000         
0.000         
0.000         
0.000         
0.000         
0.000         
0.000         
0.000         
0.000         
0.000         
0.000         
0.000         
0.008         
0.000         
0.000         
0.000         
0.000         
0.000         
0.000         
0.000         
0.000         
0.000         
0.000         
0.000         
0.000         
6.068         
0.000         
0.000         
20.766        
0.000         
0.000         
0.000         
0.000         
5.474         
40.451        
9.399         
0.000         
9.384         
0.000         
9.457         
0.000         
0.000         
0.000         
0.000         
0.000         
2.478         
0.911         
0.000         
0.188         
0.000         
0.000         
0.000         
0.000         
0.000         
0.000         
0.000         
0.000         
0.000         
0.000         
0.000         
0.000         
0.000         
0.000         
0.000         
0.000         
0.000         
0.000         
0.000         
0.000         
0.000         
25.282        
0.000         
0.000         
0.000         
0.000         
0.000         
0.000         
0.000         
0.000         
0.000         
0.000         
0.000         
0.000         
0.000         
0.000         
0.000         
0.000         
0.000         
0.000         
0.000         
0.000         
0.000         
0.000         
0.000         
0.476         
0.000         
0.045         
0.000         
3.796         
0.000         
3.664         
0.083         
0.147         
0.003         
0.099         
0.000         
0.000         
2.421         
0.000         
0.000         
0.000         
0.000         
0.000         
0.000         
0.000         
0.000         
0.000         
0.000         
0.000         
0.000         
0.000         
0.000         
0.000         
0.000         
0.000         
0.000         
0.000         
13.602        
0.000         
0.301         
0.000         
0.000         
1.156         
0.000         
0.000         
0.000         
0.000         
0.000         
0.000         
0.000         
0.036         
0.000         
0.000         
0.000         
0.000         
0.000         
0.000         
0.000         
0.000         
0.000         
0.000         
0.000         
0.000         
0.000         
0.000         
27.512        
0.000         
0.000         
0.000         
0.000         
0.000         
0.000         
0.000         
0.000         
30.693        
0.000         
0.000         
0.000         
0.032         
0.000         
0.000         
0.000         
5.492         
17.613        
3.999         
0.000         
0.000         
4.188         
0.000         
0.000         
0.000         
0.000         
31.218        
0.000         
56.893        
14.743        
0.000         
6.205         
24.196        
0.000         
0.000         
0.000         
0.000         
0.000         
0.000         
0.000         
6.322         
2.503         
0.000         
36.045        
0.000         
0.000         
0.000         
0.000         
0.000         
0.000         
9.929         
0.000         
0.000         
1.302         
0.445         
14.566        
0.000         
6.568         
14.567        
0.000         
56.837        
12.698        
0.500         
0.000         
22.893        
8.625         
0.000         
0.940         
31.903        
56.997        
14.566        
11.420        
15.319        
10.036        
0.000         
0.000         
0.000         
0.000         
0.000         
0.000         
0.000         
0.000         
0.000         
0.000         
0.000         
0.000         
0.000         
0.000         
0.000         
0.000         
0.000         
0.000         
42.088        
81.696        
0.000         
0.000         
43.998        
2.865         
7.504         
0.000         
64.607        
0.000         
0.000         
7.656         
0.000         
0.000         
0.000         
0.000         
0.000         
82.854        
0.000         
0.000         
0.000         
0.000         
0.000         
0.000         
0.000         
56.420        
0.000         
0.000         
0.000         
0.000         
0.000         
0.000         
0.000         
0.000         
0.000         
0.000         
0.000         
0.000         
0.000         
0.000         
0.000         
0.000         
0.000         
0.000         
0.000         
0.000         
0.000         
0.000         
0.000         
0.000         
0.000         
0.000         
0.000         
0.000         
0.000         
0.000         
0.047         
0.000         
0.000         
0.000         
0.000         
0.000         
0.000         
0.000         
0.000         
0.000         
0.000         
0.000         
0.000         
0.000         
0.000         
0.000         
0.000         
0.000         
0.000         
0.000         
0.000         
0.000         
0.000         
1.017         
0.000         
0.000         
0.000         
0.000         
0.000         
38.553        
0.000         
0.000         
0.000         
68.126        
0.000         
0.000         
0.000         
0.000         
0.000         
0.000         
0.000         
0.000         
0.000         
0.000         
0.000         
0.000         
0.000         
0.000         
0.000         
0.000         
55.435        
0.000         
0.000         
0.000         
0.000         
0.000         
0.000         
0.000         
0.000         
0.000         
0.000         
0.000         
0.000         
0.000         
0.000         
0.000         
0.000         
0.000         
0.000         
0.000         
0.000         
0.000         
0.000         
4.374         
0.000         
0.000         
0.000         
0.000         
0.000         
0.000         
0.000         
0.000         
0.000         
0.000         
0.000         
0.000         
0.000         
0.000         
0.000         
0.000         
0.000         
0.000         
0.000         
0.000         
0.000         
48.027        
0.000         
0.000         
0.000         
0.000         
10.545        
0.000         
0.000         
0.000         
0.000         
0.000         
0.000         
0.000         
0.000         
0.000         
0.000         
24.001        
0.000         
11.726        
2.018         
0.001         
0.000         
0.000         
0.000         
8.457         
6.584         
0.000         
0.000         
0.000         
1.597         
0.000         
0.000         
0.000         
0.000         
0.000         
0.000         
19.423        
2.359         
0.000         
0.000         
0.000         
0.000         
0.000         
0.000         
0.000         
39.029        
17.266        
0.000         
0.000         
0.000         
0.000         
0.000         
0.000         
0.000         
0.000         
0.000         
0.267         
0.660         
6.573         
0.000         
0.000         
0.000         
3.551         
0.000         
0.000         
0.000         
0.000         
0.000         
0.000         
0.000         
0.000         
0.000         
0.000         
0.000         
0.000         
0.731         
0.470         
0.000         
0.000         
0.000         
0.000         
0.000         
3.233         
0.000         
0.000         
18.462        
0.000         
0.000         
0.000         
0.000         
0.000         
0.000         
0.392         
0.000         
0.111         
0.000         
0.000         
0.000         
0.000         
0.000         
0.000         
0.000         
0.000         
0.000         
5.479         
0.000         
11.878        
0.000         
0.000         
0.000         
0.000         
0.000         
0.000         
0.000         
0.000         
0.000         
0.000         
0.000         
36.149        
0.000         
0.000         
0.000         
0.000         
0.000         
0.000         
0.211         
0.000         
0.000         
0.000         
0.000         
13.279        
0.000         
11.436        
19.304        
0.000         
0.000         
0.000         
12.996        
0.000         
0.000         
0.000         
35.851        
0.000         
0.000         
0.000         
10.638        
0.000         
0.000         
0.000         
0.000         
0.000         
0.000         
0.000         
0.000         
0.000         
0.000         
0.000         
1.408         
13.488        
8.176         
40.873        
6.916         
5.922         
0.000         
0.526         
73.410        
0.000         
26.639        
4.174         
0.000         
10.748        
5.715         
0.000         
0.000         
37.149        
0.000         
8.386         
11.594        
0.000         
1.118         
0.000         
0.000         
0.000         
0.000         
16.374        
0.000         
0.086         
0.000         
1.988         
4.566         
0.000         
0.359         
2.904         
0.000         
1.348         
28.223        
3.447         
0.000         
0.000         
30.137        
3.999         
8.051         
0.000         
0.000         
85.656        
43.071        
90.444        
57.553        
0.000         
0.000         
12.156        
0.000         
0.000         
31.481        
0.000         
0.000         
0.000         
0.000         
0.000         
0.760         
0.000         
0.000         
0.000         
0.000         
15.046        
0.000         
0.000         
0.000         
3.515         
0.000         
0.000         
0.000         
0.000         
0.000         
0.000         
0.000         
0.000         
0.000         
0.000         
0.000         
0.000         
0.000         
0.000         
0.000         
0.000         
0.000         
0.000         
0.000         
0.000         
0.015         
0.000         
0.000         
0.553         
0.000         
0.000         
0.000         
0.000         
0.016         
0.000         
0.000         
0.000         
0.000         
0.000         
0.000         
0.000         
0.000         
0.000         
0.000         
0.000         
0.000         
0.000         
0.000         
0.000         
0.000         
0.000         
19.536        
0.000         
0.000         
0.000         
0.000         
0.000         
0.000         
0.000         
0.000         
0.000         
0.000         
0.000         
0.000         
0.000         
0.000         
0.000         
0.000         
0.000         
0.000         
0.000         
0.000         
0.000         
0.000         
0.000         
0.000         
0.000         
0.000         
0.000         
0.000         
0.000         
0.000         
0.000         
0.000         
0.000         
0.000         
0.000         
0.000         
0.000         
0.000         
0.000         
0.000         
0.000         
0.000         
0.000         
0.000         
0.000         
0.000         
0.000         
0.000         
0.000         
0.000         
0.000         
0.000         
0.000         
0.000         
0.000         
0.000         
0.000         
0.000         
0.000         
0.000         
0.000         
0.000         
0.000         
0.000         
0.000         
0.000         
0.000         
0.000         
0.000         
0.000         
0.000         
0.000         
0.000         
0.000         
0.000         
0.000         
0.000         
0.000         
0.000         
0.000         
0.000         
0.000         
0.000         
0.000         
0.789         
36.492        
0.000         
0.000         
0.000         
0.000         
0.000         
15.485        
0.000         
0.000         
7.307         
0.000         
0.000         
0.000         
0.000         
0.000         
0.000         
0.000         
0.000         
0.000         
0.000         
26.391        
0.000         
0.000         
0.000         
0.000         
0.000         
0.000         
0.000         
0.000         
0.000         
0.000         
0.000         
0.000         
0.000         
0.000         
0.000         
0.000         
0.000         
0.000         
0.000         
0.000         
0.482         
0.562         
0.000         
0.000         
0.000         
0.000         
0.000         
0.000         
0.000         
0.000         
22.155        
0.000         
0.000         
2.133         
0.000         
0.000         
0.000         
0.000         
0.000         
0.000         
8.950         
0.000         
0.000         
0.000         
0.000         
0.000         
0.407         
0.000         
0.000         
0.000         
0.000         
0.000         
0.000         
17.583        
1.139         
0.000         
0.000         
0.000         
0.000         
0.000         
0.000         
0.000         
0.000         
0.000         
0.000         
13.207        
0.000         
0.000         
0.707         
0.000         
2.168         
0.000         
0.000         
0.000         
0.000         
0.719         
0.000         
0.000         
0.000         
0.000         
0.000         
0.000         
0.000         
0.000         
3.961         
0.009         
3.332         
0.000         
5.785         
0.000         
0.000         
20.630        
0.000         
0.000         
0.000         
26.424        
0.000         
11.349        
0.000         
0.000         
0.000         
0.000         
0.000         
0.000         
0.000         
0.000         
5.923         
0.000         
0.000         
2.491         
4.118         
0.000         
0.000         
0.455         
0.000         
0.000         
1.811         
8.686         
0.000         
0.000         
0.000         
0.000         
0.355         
0.000         
0.000         
0.000         
0.000         
0.000         
0.000         
0.000         
0.000         
10.578        
13.942        
3.971         
47.980        
27.510        
0.013         
0.000         
0.000         
0.000         
0.000         
0.000         
0.000         
0.000         
0.000         
0.000         
0.000         
0.000         
0.000         
0.000         
0.000         
0.000         
3.949         
125.648       
0.000         
54.169        
62.330        
0.000         
0.000         
0.000         
0.808         
6.352         
17.837        
3.996         
0.000         
0.000         
0.000         
0.000         
0.000         
0.000         
0.000         
0.000         
0.000         
0.000         
0.000         
0.000         
0.000         
0.000         
0.000         
0.000         
0.000         
0.000         
0.000         
0.000         
0.000         
0.000         
0.000         
0.000         
44.682        
0.000         
0.000         
0.000         
0.000         
0.000         
0.000         
0.000         
0.000         
0.000         
0.000         
0.000         
0.000         
0.000         
0.000         
0.000         
0.000         
0.000         
0.000         
102.818       
0.000         
0.000         
0.000         
0.000         
0.000         
0.000         
0.000         
0.000         
0.000         
0.000         
0.000         
0.000         
0.000         
0.000         
0.000         
0.000         
0.000         
0.000         
0.000         
0.000         
0.000         
0.000         
0.000         
0.000         
0.000         
0.000         
0.000         
0.000         
0.000         
0.000         
0.000         
0.000         
0.000         
0.000         
0.000         
0.000         
0.000         
0.000         
0.000         
0.000         
0.000         
0.000         
0.000         
0.000         
0.000         
0.000         
0.981         
0.000         
0.000         
0.000         
0.000         
0.000         
0.000         
0.000         
0.000         
0.000         
0.000         
0.000         
0.000         
0.000         
0.000         
0.000         
0.496         
0.000         
0.000         
0.000         
0.000         
0.000         
0.000         
0.000         
0.000         
0.000         
0.000         
0.000         
119.925       
0.000         
0.000         
0.000         
0.000         
0.000         
0.000         
0.000         
0.000         
0.000         
0.000         
55.756        
0.000         
0.000         
0.000         
40.534        
0.000         
0.000         
0.000         
0.000         
0.000         
0.000         
0.000         
0.000         
0.000         
0.000         
0.000         
0.000         
0.000         
0.000         
0.000         
0.000         
0.000         
0.000         
0.000         
0.000         
0.000         
0.000         
0.000         
0.000         
0.000         
0.000         
0.000         
0.000         
0.000         
0.000         
0.000         
0.000         
0.000         
0.000         
0.000         
0.000         
0.000         
0.000         
0.000         
0.000         
0.000         
0.000         
0.607         
0.000         
0.000         
0.000         
0.000         
5.176         
0.000         
1.127         
3.217         
0.000         
0.000         
0.000         
2.930         
18.834        
0.000         
32.045        
0.000         
0.000         
0.000         
0.000         
0.000         
0.000         
2.029         
0.000         
0.000         
3.631         
0.000         
0.000         
0.000         
33.954        
0.000         
0.000         
0.000         
0.000         
0.000         
0.000         
0.000         
0.000         
0.000         
0.000         
0.000         
0.000         
0.000         
0.000         
0.000         
0.000         
0.000         
0.000         
0.000         
0.000         
0.000         
0.000         
0.000         
0.000         
0.000         
0.000         
0.000         
0.000         
0.000         
0.000         
0.000         
0.000         
0.000         
0.000         
0.000         
0.000         
0.000         
0.000         
0.000         
0.000         
0.000         
0.000         
0.000         
0.000         
0.000         
0.000         
0.000         
0.000         
0.000         
0.000         
0.000         
0.000         
0.000         
0.000         
0.000         
0.000         
0.000         
0.000         
0.000         
0.000         
0.000         
0.000         
0.000         
0.000         
0.000         
0.000         
0.000         
0.000         
0.000         
0.000         
9.968         
0.937         
0.000         
0.000         
0.000         
0.000         
0.000         
0.000         
0.000         
0.000         
0.000         
0.000         
0.000         
0.000         
0.000         
0.000         
0.000         
0.000         
0.000         
0.000         
0.000         
0.000         
0.000         
0.000         
0.000         
0.000         
0.000         
0.000         
0.000         
0.000         
0.000         
0.000         
0.000         
0.000         
11.151        
0.000         
8.929         
0.000         
58.111        
0.000         
0.000         
9.545         
0.000         
17.705        
0.000         
0.000         
12.196        
0.000         
0.000         
0.000         
0.000         
0.000         
22.012        
19.010        
0.603         
44.057        
33.200        
0.000         
54.239        
8.792         
0.000         
0.000         
0.000         
0.000         
0.000         
0.000         
0.000         
0.000         
0.000         
32.806        
3.629         
0.065         
0.000         
0.000         
8.221         
0.000         
7.615         
0.000         
0.000         
0.000         
0.000         
0.000         
0.000         
0.000         
0.000         
0.000         
0.000         
42.729        
0.000         
14.004        
0.000         
0.000         
0.000         
0.000         
0.000         
12.191        
0.000         
0.000         
1.424         
0.582         
3.668         
0.000         
6.424         
16.451        
0.000         
0.000         
0.000         
0.000         
0.000         
0.388         
0.000         
0.000         
0.000         
0.000         
0.000         
0.000         
0.000         
0.000         
0.000         
0.000         
0.000         
0.000         
0.000         
0.000         
0.000         
0.000         
0.000         
0.000         
0.000         
0.000         
0.000         
0.000         
0.000         
0.000         
0.000         
0.000         
0.000         
0.000         
0.000         
13.219        
0.000         
0.000         
0.000         
0.000         
0.000         
0.000         
0.000         
0.000         
0.000         
0.000         
0.000         
0.000         
0.000         
46.190        
0.000         
0.000         
0.000         
0.000         
0.000         
0.000         
0.000         
0.000         
0.000         
0.000         
0.000         
0.000         
0.000         
0.000         
0.000         
0.000         
0.000         
0.000         
0.000         
0.000         
0.000         
0.000         
0.000         
0.000         
0.000         
0.000         
0.000         
0.000         
0.000         
0.000         
0.000         
0.000         
0.000         
0.000         
0.000         
0.000         
0.000         
0.000         
0.000         
0.000         
0.000         
0.000         
0.000         
0.000         
0.000         
0.000         
0.000         
0.000         
0.000         
0.000         
0.000         
0.000         
0.000         
0.000         
0.000         
0.000         
10.949        
0.000         
0.000         
0.000         
0.000         
0.000         
0.000         
0.000         
0.000         
0.000         
27.334        
0.000         
0.000         
0.000         
0.000         
0.000         
5.021         
0.000         
20.609        
0.000         
0.000         
0.000         
0.000         
0.000         
0.000         
0.000         
0.000         
0.000         
0.000         
0.000         
0.000         
0.000         
0.000         
0.000         
0.000         
0.000         
0.000         
0.000         
0.000         
0.000         
0.000         
0.000         
0.000         
0.000         
0.000         
0.000         
0.000         
0.000         
0.000         
0.000         
0.000         
0.000         
0.000         
0.000         
0.000         
30.246        
0.000         
0.000         
0.000         
0.000         
39.310        
0.000         
0.000         
0.000         
23.065        
45.630        
0.012         
0.000         
0.000         
0.000         
0.550         
5.312         
22.320        
4.725         
0.000         
0.000         
0.000         
0.000         
0.000         
0.000         
0.000         
0.000         
0.000         
0.000         
0.000         
0.000         
0.000         
0.000         
0.000         
0.000         
0.000         
0.000         
0.000         
0.000         
0.000         
0.000         
0.000         
0.000         
0.000         
0.000         
0.000         
0.000         
7.563         
0.000         
0.000         
8.253         
0.000         
0.000         
39.666        
0.000         
0.000         
0.000         
0.000         
0.000         
0.000         
0.000         
0.000         
0.000         
0.000         
0.000         
1.185         
0.000         
0.000         
0.770         
0.000         
0.000         
0.435         
2.826         
2.208         
0.000         
0.000         
1.333         
0.033         
1.590         
0.518         
0.000         
0.000         
0.548         
1.754         
0.000         
7.512         
1.214         
0.000         
0.000         
0.000         
0.000         
0.000         
0.000         
0.000         
0.000         
0.000         
0.000         
0.522         
0.000         
0.000         
0.000         
0.000         
0.000         
0.000         
0.000         
0.000         
2.633         
0.000         
0.000         
0.000         
0.000         
0.000         
25.920        
0.000         
0.000         
2.152         
0.000         
0.000         
0.000         
8.450         
0.000         
0.000         
0.000         
0.000         
0.000         
6.434         
4.121         
0.000         
0.000         
0.000         
0.000         
0.000         
42.578        
0.000         
0.000         
0.000         
6.394         
0.000         
0.000         
0.000         
0.000         
0.000         
0.000         
0.000         
2.054         
0.000         
0.000         
0.000         
28.607        
0.000         
0.000         
0.000         
0.388         
24.946        
0.000         
2.146         
0.000         
6.593         
0.000         
3.114         
27.919        
0.000         
11.972        
0.000         
0.000         
132.124       
1.328         
0.000         
0.000         
0.779         
0.000         
0.000         
14.831        
91.904        
0.000         
0.000         
11.170        
0.000         
0.000         
43.076        
96.398        
40.978        
0.000         
16.456        
0.000         
0.000         
0.000         
10.157        
38.652        
0.000         
0.000         
0.000         
1.815         
0.000         
5.936         
35.108        
9.480         
17.568        
9.593         
40.668        
7.719         
0.303         
0.000         
0.888         
1.043         
0.000         
0.000         
0.000         
0.000         
0.000         
0.000         
0.000         
0.000         
0.000         
0.000         
0.000         
0.000         
0.000         
0.000         
0.000         
0.000         
0.000         
0.000         
0.000         
0.000         
0.000         
0.000         
0.000         
0.000         
0.000         
0.000         
0.000         
0.000         
0.000         
1.530         
0.000         
0.000         
69.230        
0.000         
0.000         
0.000         
0.000         
0.000         
0.027         
0.000         
0.000         
0.000         
0.000         
0.000         
0.000         
0.000         
0.000         
27.453        
0.000         
0.000         
0.000         
0.000         
0.000         
0.000         
0.000         
0.000         
0.000         
0.000         
0.000         
0.000         
0.000         
0.000         
0.000         
0.000         
0.000         
0.000         
0.000         
0.000         
0.002         
0.000         
0.000         
0.000         
0.599         
0.000         
0.000         
0.000         
0.000         
0.000         
0.026         
0.000         
0.000         
0.000         
0.000         
0.065         
0.000         
0.000         
0.000         
0.000         
0.000         
0.000         
0.000         
0.000         
0.000         
0.000         
0.000         
0.000         
0.000         
0.000         
0.000         
0.000         
0.000         
0.000         
0.000         
0.000         
0.000         
0.000         
0.000         
0.000         
0.000         
0.000         
0.000         
0.000         
0.000         
0.000         
0.000         
0.000         
0.000         
0.000         
0.000         
0.000         
0.000         
0.000         
0.000         
0.000         
0.000         
0.000         
0.000         
0.000         
0.000         
0.000         
0.000         
0.000         
0.000         
0.000         
0.000         
0.000         
0.000         
0.000         
0.000         
0.000         
0.000         
0.000         
0.000         
0.000         
0.000         
0.000         
0.000         
0.000         
0.000         
0.000         
0.000         
0.000         
0.000         
0.000         
0.000         
0.000         
0.000         
0.000         
0.000         
25.121        
0.000         
26.844        
21.885        
0.000         
0.000         
0.000         
0.000         
0.000         
0.000         
0.000         
0.000         
69.911        
0.000         
88.198        
0.000         
2.562         
0.000         
0.000         
0.000         
8.850         
0.000         
10.868        
0.000         
44.262        
0.000         
0.000         
14.073        
0.000         
0.000         
0.000         
0.000         
0.000         
17.666        
0.000         
16.383        
0.000         
0.000         
0.000         
0.000         
0.000         
0.000         
0.000         
0.000         
0.000         
0.000         
0.000         
0.000         
0.000         
0.000         
0.000         
0.000         
0.000         
0.000         
0.000         
0.000         
0.000         
0.000         
0.000         
0.000         
0.000         
0.000         
0.000         
0.000         
0.000         
0.000         
0.000         
0.000         
0.000         
0.000         
0.000         
0.000         
0.000         
0.045         
0.000         
0.000         
0.000         
0.000         
0.000         
0.013         
0.000         
0.000         
0.000         
0.000         
0.000         
3.570         
0.000         
0.000         
0.000         
0.000         
6.235         
0.000         
0.000         
0.000         
0.000         
0.000         
0.000         
0.000         
0.000         
0.000         
0.000         
0.000         
0.000         
0.000         
0.000         
0.000         
0.000         
0.000         
0.000         
0.000         
0.000         
0.000         
0.000         
0.000         
0.000         
0.000         
0.000         
0.000         
0.000         
0.000         
0.000         
2.282         
0.000         
0.000         
0.000         
0.000         
0.000         
0.000         
0.000         
3.192         
0.000         
23.816        
4.623         
0.000         
0.000         
0.000         
0.000         
0.000         
16.970        
35.515        
0.000         
0.000         
0.000         
3.056         
0.000         
0.000         
0.000         
10.468        
0.000         
0.906         
0.000         
0.000         
0.000         
0.000         
29.934        
0.000         
0.000         
1.687         
0.000         
5.658         
0.000         
0.000         
0.000         
0.000         
0.000         
0.000         
0.000         
7.099         
12.995        
0.000         
0.000         
10.158        
1.570         
0.000         
0.000         
0.000         
30.222        
0.000         
0.000         
0.000         
0.000         
0.000         
0.000         
0.000         
67.883        
0.000         
26.286        
0.000         
0.000         
0.000         
0.000         
0.000         
0.000         
0.310         
0.000         
0.000         
0.000         
0.000         
0.000         
0.000         
0.000         
0.000         
0.000         
0.000         
1.738         
0.000         
0.000         
4.241         
13.397        
0.000         
0.000         
0.000         
0.000         
0.000         
0.000         
0.000         
0.000         
0.000         
0.000         
0.000         
0.000         
0.000         
94.211        
0.000         
0.000         
0.000         
0.000         
0.000         
0.000         
0.000         
0.000         
0.000         
0.000         
0.000         
0.000         
0.000         
0.000         
0.000         
5.078         
0.000         
0.000         
0.000         
0.000         
0.000         
1.213         
0.000         
0.000         
2.461         
11.032        
0.000         
0.000         
0.000         
0.000         
0.000         
0.000         
0.000         
0.000         
0.000         
0.000         
0.000         
0.000         
0.000         
0.000         
0.000         
0.000         
0.000         
33.085        
19.710        
43.600        
0.000         
0.000         
0.000         
0.000         
0.000         
0.000         
0.000         
0.000         
0.000         
0.000         
0.000         
0.000         
0.000         
0.000         
0.000         
0.000         
0.000         
0.000         
0.000         
0.000         
0.000         
0.000         
0.000         
0.000         
0.000         
0.000         
0.000         
0.000         
0.000         
0.000         
0.000         
0.000         
0.000         
0.000         
0.000         
0.000         
0.000         
0.000         
0.000         
0.000         
0.000         
0.000         
0.000         
0.000         
0.000         
0.000         
0.000         
0.000         
0.000         
0.000         
0.000         
0.000         
0.000         
0.000         
0.000         
0.000         
0.000         
0.000         
0.000         
0.000         
0.000         
0.000         
0.000         
0.000         
0.000         
0.000         
0.000         
0.000         
0.000         
0.000         
0.000         
0.000         
0.000         
0.000         
0.000         
0.000         
0.000         
0.000         
0.000         
0.000         
0.000         
0.000         
0.000         
0.000         
0.000         
0.000         
0.000         
0.000         
0.007         
0.000         
0.000         
0.000         
0.000         
0.000         
0.000         
0.000         
44.593        
15.625        
0.000         
0.000         
0.533         
2.353         
2.762         
51.944        
7.107         
11.722        
0.000         
0.000         
16.759        
0.000         
5.262         
3.366         
0.000         
0.000         
0.000         
0.000         
14.596        
17.566        
10.162        
4.010         
0.000         
0.000         
0.000         
0.000         
0.000         
0.000         
28.513        
0.000         
0.000         
0.000         
0.000         
0.000         
0.000         
0.000         
0.000         
0.000         
0.000         
0.000         
0.000         
0.000         
0.000         
0.000         
0.000         
0.000         
0.000         
0.000         
0.000         
0.000         
0.000         
0.000         
0.000         
0.000         
0.000         
0.000         
0.000         
0.000         
0.000         
0.091         
0.000         
0.000         
0.000         
0.000         
0.000         
0.000         
7.993         
0.000         
0.000         
0.000         
0.000         
0.000         
0.000         
0.000         
0.000         
0.000         
0.000         
0.000         
0.000         
0.000         
0.000         
0.000         
0.000         
0.000         
0.000         
0.000         
0.000         
0.000         
0.000         
0.000         
0.000         
0.000         
8.087         
0.000         
0.000         
0.000         
0.000         
0.000         
0.000         
0.000         
0.000         
0.000         
0.000         
0.000         
0.000         
12.976        
0.000         
0.000         
0.000         
0.000         
0.000         
0.000         
0.000         
0.000         
0.000         
0.000         
0.000         
0.000         
0.000         
0.000         
0.000         
0.000         
0.000         
0.000         
0.000         
0.000         
0.000         
0.000         
0.000         
0.000         
1.699         
0.000         
2.865         
0.000         
2.410         
0.173         
0.000         
0.000         
0.000         
0.357         
0.000         
0.000         
0.301         
20.746        
0.000         
7.732         
0.000         
0.063         
39.724        
0.000         
0.000         
19.440        
0.203         
0.000         
7.346         
0.000         
0.510         
2.042         
0.000         
43.170        
36.827        
31.368        
0.000         
49.786        
0.000         
52.355        
10.461        
100.232       
99.715        
0.000         
0.000         
30.512        
26.865        
0.000         
0.000         
20.939        
14.980        
0.000         
20.499        
20.799        
140.219       
0.000         
0.000         
29.369        
0.000         
5.903         
60.502        
0.000         
56.345        
0.000         
2.162         
1.272         
21.899        
0.000         
4.349         
40.789        
96.349        
119.920       
54.826        
14.176        
36.293        
44.519        
103.768       
8.680         
10.904        
0.000         
0.000         
0.000         
0.215         
41.622        
0.000         
0.000         
0.000         
0.000         
0.000         
0.000         
0.000         
2.170         
63.777        
1.451         
0.000         
8.274         
0.000         
0.011         
14.685        
1.168         
4.892         
0.000         
0.000         
0.000         
0.000         
0.000         
194.086       
0.000         
46.609        
60.881        
0.000         
0.000         
0.000         
9.171         
0.000         
39.045        
0.000         
0.000         
0.000         
0.000         
0.000         
7.007         
0.000         
0.000         
13.359        
0.000         
0.000         
0.000         
0.000         
0.000         
0.000         
0.000         
0.000         
0.000         
0.000         
0.000         
0.000         
0.000         
0.000         
0.000         
0.000         
0.000         
1.105         
0.000         
0.000         
0.000         
0.000         
0.000         
0.000         
0.000         
0.000         
0.000         
0.000         
0.000         
0.000         
0.000         
0.000         
0.000         
0.000         
0.000         
0.000         
0.000         
0.000         
0.000         
0.000         
0.000         
0.000         
0.000         
0.000         
0.000         
0.000         
0.000         
0.000         
0.000         
0.000         
0.000         
0.000         
0.000         
0.000         
0.000         
0.000         
32.298        
0.000         
0.000         
0.000         
0.000         
0.000         
0.000         
16.252        
0.000         
0.000         
0.000         
0.000         
0.000         
0.000         
0.000         
0.000         
0.000         
19.974        
0.000         
0.000         
0.000         
0.000         
0.000         
0.000         
0.000         
0.000         
0.000         
0.000         
0.000         
0.000         
0.000         
0.000         
0.000         
0.000         
0.000         
0.000         
0.000         
0.000         
0.000         
0.000         
0.000         
0.000         
0.000         
0.000         
0.000         
0.000         
0.000         
0.000         
0.000         
0.000         
0.000         
0.000         
0.000         
0.000         
0.000         
0.000         
0.000         
0.000         
0.000         
0.000         
0.000         
0.000         
4.597         
0.000         
0.000         
26.289        
0.000         
0.000         
6.608         
0.000         
0.000         
0.000         
0.000         
0.000         
0.000         
0.000         
0.000         
0.000         
17.716        
0.000         
0.000         
0.000         
0.000         
24.102        
0.000         
0.000         
0.000         
0.000         
0.000         
0.000         
0.000         
0.000         
0.000         
0.000         
0.000         
0.000         
0.000         
0.000         
0.000         
0.000         
0.000         
0.000         
0.000         
0.000         
0.000         
0.000         
0.000         
0.000         
0.000         
0.000         
0.000         
0.000         
0.000         
0.000         
0.000         
0.000         
0.000         
0.000         
0.000         
2.790         
0.000         
0.000         
0.000         
0.000         
0.000         
0.000         
0.000         
0.000         
0.000         
0.000         
0.000         
0.000         
0.000         
0.000         
0.000         
0.000         
0.000         
0.000         
0.793         
0.000         
3.004         
3.566         
0.000         
0.000         
0.000         
0.000         
0.000         
0.000         
0.000         
3.257         
0.000         
0.000         
0.000         
0.000         
0.000         
0.000         
0.000         
0.000         
0.000         
0.000         
0.000         
0.000         
0.000         
2.697         
0.000         
0.000         
12.908        
0.000         
0.000         
0.000         
0.000         
0.000         
0.000         
0.271         
0.000         
0.000         
0.000         
0.000         
0.000         
5.608         
0.000         
0.000         
6.916         
0.000         
0.000         
0.000         
0.000         
0.000         
0.000         
0.000         
8.215         
0.000         
0.000         
0.000         
0.000         
0.000         
0.000         
0.000         
0.000         
0.000         
0.000         
1.363         
0.088         
7.700         
0.000         
0.000         
0.000         
0.000         
0.552         
0.000         
0.000         
0.000         
1.368         
0.000         
0.000         
42.930        
0.000         
10.471        
0.000         
0.000         
0.000         
0.000         
1.102         
5.676         
0.000         
0.000         
0.000         
0.413         
0.000         
0.000         
0.000         
0.000         
0.000         
0.000         
0.842         
14.133        
0.424         
15.029        
0.361         
1.600         
104.608       
17.519        
17.608        
0.000         
0.000         
11.882        
6.894         
0.000         
0.019         
0.979         
0.000         
0.162         
11.849        
0.000         
0.000         
0.000         
0.000         
0.000         
0.000         
12.544        
1.765         
0.000         
0.000         
0.000         
0.000         
0.000         
0.000         
0.000         
0.000         
0.000         
0.000         
0.000         
0.000         
0.000         
0.000         
0.000         
0.000         
0.000         
0.000         
0.000         
0.000         
0.000         
0.000         
0.000         
0.000         
0.000         
0.000         
0.000         
0.000         
0.000         
0.000         
0.000         
0.000         
0.000         
0.000         
0.000         
0.000         
0.000         
0.000         
0.000         
0.000         
0.000         
0.000         
0.000         
0.000         
0.000         
0.000         
0.000         
0.000         
0.000         
0.000         
0.000         
0.000         
0.000         
0.000         
0.000         
12.797        
34.387        
0.000         
0.000         
0.000         
0.000         
0.000         
0.000         
0.000         
0.000         
0.000         
0.000         
0.000         
0.000         
0.000         
0.000         
0.000         
0.000         
0.000         
0.000         
0.000         
0.000         
0.000         
0.000         
0.000         
0.000         
0.000         
0.000         
0.000         
0.000         
0.000         
0.000         
0.000         
0.000         
0.000         
0.000         
0.000         
0.000         
0.000         
0.000         
0.000         
1.214         
0.000         
0.000         
0.000         
0.000         
0.000         
0.000         
0.000         
0.000         
0.000         
0.000         
0.000         
0.000         
0.000         
0.000         
0.000         
0.000         
0.000         
0.000         
0.000         
0.000         
0.000         
0.000         
0.000         
0.000         
0.000         
0.000         
0.000         
0.000         
0.000         
0.000         
0.000         
0.000         
0.000         
0.000         
0.000         
0.000         
0.000         
0.000         
0.000         
0.000         
0.000         
0.000         
0.000         
0.000         
0.000         
0.000         
0.000         
0.000         
0.000         
0.000         
0.000         
0.000         
0.000         
0.000         
0.000         
0.000         
0.000         
0.000         
0.000         
0.000         
0.000         
0.000         
6.022         
0.000         
8.067         
3.077         
0.000         
5.056         
0.000         
0.000         
24.780        
16.203        
9.684         
0.220         
0.000         
17.601        
11.877        
0.000         
0.000         
0.000         
0.000         
0.000         
0.000         
4.988         
0.000         
0.000         
0.000         
0.000         
4.086         
0.000         
0.000         
0.000         
0.000         
0.000         
0.000         
0.000         
8.077         
0.000         
12.277        
0.000         
0.000         
5.138         
0.000         
4.138         
0.000         
0.000         
0.000         
0.000         
0.000         
0.000         
0.000         
0.000         
0.000         
0.000         
0.000         
0.000         
0.000         
0.000         
0.801         
0.000         
0.000         
0.000         
4.249         
0.000         
0.000         
0.000         
0.000         
0.000         
0.000         
0.000         
0.000         
0.000         
0.000         
0.000         
0.000         
0.000         
0.000         
0.000         
0.000         
0.000         
0.000         
3.814         
2.439         
0.000         
0.000         
0.000         
0.000         
0.000         
0.000         
0.000         
0.000         
0.264         
0.000         
0.000         
18.818        
0.000         
0.000         
0.000         
0.000         
0.000         
0.000         
0.000         
0.000         
0.000         
10.676        
0.000         
0.000         
21.519        
0.000         
0.000         
0.000         
0.000         
0.000         
0.000         
13.250        
0.000         
0.000         
0.000         
0.000         
0.000         
0.000         
0.000         
0.000         
0.000         
0.000         
81.928        
0.000         
0.000         
0.000         
0.000         
0.000         
0.000         
2.385         
0.000         
0.000         
0.000         
25.355        
5.652         
0.000         
0.000         
0.000         
0.000         
13.336        
6.183         
0.000         
0.000         
15.003        
7.899         
0.000         
0.000         
33.380        
0.000         
0.000         
0.000         
0.000         
0.000         
0.000         
0.000         
0.000         
0.000         
0.000         
0.000         
0.000         
0.000         
0.000         
6.569         
0.000         
0.000         
41.623        
2.780         
10.409        
0.000         
0.000         
0.000         
21.715        
0.000         
0.000         
0.000         
9.767         
14.739        
0.000         
0.000         
14.984        
0.000         
38.633        
33.926        
40.617        
1.173         
0.628         
0.000         
0.230         
0.000         
0.001         
2.557         
1.513         
25.503        
8.748         
0.000         
0.042         
2.643         
0.000         
0.000         
0.000         
0.000         
0.000         
0.000         
2.833         
0.000         
2.883         
0.000         
0.000         
0.000         
10.348        
39.577        
1.366         
30.948        
0.000         
2.203         
0.000         
9.028         
99.261        
66.283        
0.000         
2.319         
0.000         
0.000         
0.000         
0.000         
207.879       
0.000         
0.000         
0.000         
0.000         
0.000         
0.000         
0.000         
0.000         
0.000         
0.000         
131.357       
17.851        
0.000         
0.000         
21.146        
0.000         
0.000         
0.000         
0.000         
0.000         
0.000         
0.000         
0.000         
0.000         
0.000         
0.000         
0.000         
0.000         
0.000         
0.000         
2.178         
0.000         
0.000         
0.000         
0.000         
0.000         
0.000         
0.000         
0.000         
0.000         
0.000         
0.000         
0.000         
0.000         
0.000         
0.000         
0.000         
0.000         
0.000         
0.000         
0.000         
0.000         
0.000         
0.000         
0.000         
0.000         
0.000         
0.000         
0.000         
0.000         
0.000         
0.000         
18.145        
0.000         
0.000         
0.000         
0.000         
0.000         
0.000         
0.000         
0.000         
0.000         
0.000         
0.000         
0.000         
0.000         
0.000         
0.000         
56.583        
0.000         
0.000         
0.000         
0.000         
0.000         
0.000         
0.000         
0.000         
0.000         
0.000         
0.000         
0.000         
0.000         
0.000         
0.000         
0.000         
0.000         
26.103        
0.000         
0.000         
0.000         
0.000         
0.000         
0.000         
0.000         
0.000         
0.000         
0.000         
0.000         
0.000         
0.000         
0.000         
0.000         
0.000         
0.000         
0.000         
0.000         
0.000         
0.000         
0.000         
0.000         
0.000         
0.000         
0.000         
0.000         
0.000         
0.000         
0.000         
0.000         
1.528         
0.000         
0.000         
0.000         
0.000         
0.000         
0.000         
0.000         
0.000         
0.000         
0.000         
0.000         
0.000         
0.000         
32.605        
0.000         
0.000         
0.000         
1.980         
0.000         
0.000         
0.000         
0.000         
10.822        
0.000         
0.000         
0.000         
30.998        
0.000         
0.000         
2.026         
0.000         
0.000         
8.011         
0.000         
0.000         
0.000         
0.000         
0.000         
0.000         
0.000         
0.000         
0.000         
0.000         
0.000         
0.000         
0.000         
0.000         
10.879        
0.000         
0.000         
0.000         
0.000         
0.000         
0.000         
0.000         
0.000         
0.000         
0.000         
0.000         
0.000         
0.000         
0.000         
0.000         
0.000         
0.000         
0.000         
0.000         
0.000         
0.000         
0.000         
0.000         
0.000         
0.000         
0.000         
0.000         
0.000         
0.000         
0.000         
0.000         
0.000         
0.000         
0.000         
0.000         
0.000         
0.000         
0.000         
0.000         
0.000         
0.000         
0.000         
0.000         
0.000         
0.000         
0.000         
2.253         
0.000         
0.000         
0.000         
0.000         
0.000         
9.567         
1.434         
0.000         
0.000         
0.000         
0.000         
0.000         
0.000         
0.000         
0.000         
0.000         
0.000         
0.000         
0.000         
0.000         
0.000         
0.000         
12.452        
0.000         
0.000         
0.000         
0.000         
0.000         
0.000         
0.000         
0.000         
0.000         
0.000         
0.000         
0.000         
0.000         
28.721        
0.000         
0.000         
0.000         
6.201         
0.000         
0.000         
1.059         
0.000         
0.000         
0.000         
0.000         
0.000         
0.000         
0.000         
0.000         
17.407        
18.272        
10.291        
19.245        
18.008        
9.215         
0.000         
7.526         
0.405         
0.000         
0.000         
0.000         
7.599         
28.180        
71.954        
0.000         
0.000         
0.000         
0.000         
0.000         
15.895        
0.000         
0.000         
0.000         
0.000         
28.612        
0.729         
31.341        
0.000         
0.000         
18.855        
0.000         
0.000         
32.285        
97.916        
100.471       
3.131         
4.125         
0.000         
0.000         
3.253         
2.396         
0.000         
0.000         
4.494         
2.052         
17.440        
40.641        
27.253        
0.000         
0.655         
0.000         
0.000         
0.000         
21.926        
0.000         
56.173        
53.642        
40.340        
0.000         
0.000         
0.041         
0.000         
0.000         
0.000         
0.000         
0.821         
0.000         
0.000         
11.585        
0.000         
0.107         
27.054        
17.062        
0.000         
0.000         
0.000         
42.631        
0.000         
0.000         
0.000         
0.000         
0.000         
0.000         
23.039        
96.424        
0.000         
0.000         
0.000         
0.000         
0.000         
0.000         
0.000         
0.000         
0.000         
0.000         
0.000         
0.000         
0.000         
0.000         
0.000         
0.000         
0.000         
0.000         
0.000         
0.000         
0.000         
0.000         
3.745         
0.000         
0.000         
0.000         
0.000         
0.000         
0.000         
0.000         
0.000         
0.000         
0.000         
0.000         
0.000         
0.000         
0.000         
0.000         
0.000         
0.000         
0.000         
0.000         
0.000         
0.000         
0.000         
0.000         
0.000         
0.000         
0.000         
4.853         
0.000         
0.000         
0.000         
0.000         
0.000         
0.000         
0.000         
0.000         
0.000         
0.000         
0.000         
0.000         
0.000         
0.000         
0.000         
0.000         
0.000         
0.000         
0.000         
0.000         
0.000         
0.000         
0.000         
0.000         
0.000         
0.000         
0.000         
0.000         
0.000         
0.000         
0.000         
0.000         
0.000         
0.000         
0.000         
0.000         
0.000         
0.000         
0.000         
0.000         
5.710         
0.000         
0.000         
0.000         
0.000         
0.000         
0.000         
0.000         
0.000         
0.000         
0.000         
0.000         
0.000         
0.000         
0.000         
0.000         
0.000         
0.000         
0.000         
0.000         
0.000         
0.000         
0.000         
0.000         
0.000         
0.326         
0.000         
0.000         
0.000         
0.000         
0.000         
0.000         
0.000         
0.000         
0.000         
0.000         
0.000         
0.000         
0.000         
0.000         
0.000         
0.000         
0.000         
0.000         
0.000         
0.000         
0.000         
0.000         
0.000         
0.000         
0.000         
0.000         
0.000         
3.786         
6.649         
118.800       
0.000         
0.000         
58.800        
8.595         
0.000         
35.330        
0.000         
0.000         
0.000         
0.000         
0.000         
0.000         
0.000         
27.024        
0.000         
0.000         
0.000         
0.000         
5.267         
0.000         
0.000         
8.322         
0.000         
0.000         
0.000         
0.001         
0.000         
0.000         
0.000         
0.000         
0.000         
0.000         
0.000         
0.000         
0.000         
0.000         
0.000         
0.000         
77.741        
0.000         
0.000         
0.000         
0.000         
0.000         
0.000         
0.000         
0.000         
0.000         
0.000         
0.000         
0.000         
0.000         
0.000         
0.000         
0.000         
0.000         
0.000         
0.000         
0.000         
0.000         
0.000         
0.000         
0.000         
0.000         
0.000         
0.862         
0.000         
0.106         
0.000         
0.000         
0.000         
0.000         
0.000         
0.000         
0.891         
0.000         
1.927         
0.000         
0.000         
0.000         
0.000         
0.000         
0.000         
0.000         
0.000         
0.000         
0.000         
0.973         
0.000         
0.000         
4.130         
0.000         
0.000         
2.535         
0.000         
0.000         
0.000         
0.000         
0.000         
0.000         
0.000         
6.058         
0.000         
0.000         
6.443         
0.000         
4.382         
9.523         
0.000         
26.531        
0.000         
0.000         
21.421        
0.000         
0.000         
0.789         
0.000         
0.000         
0.000         
0.000         
7.663         
25.758        
0.000         
0.000         
0.000         
0.000         
15.785        
0.000         
0.000         
0.000         
0.000         
0.000         
3.242         
0.000         
0.000         
0.000         
9.664         
0.000         
18.687        
0.000         
0.000         
0.000         
4.452         
9.758         
0.000         
0.000         
0.000         
0.000         
27.435        
0.000         
0.000         
2.809         
0.000         
111.853       
0.000         
41.568        
0.000         
0.000         
9.825         
0.000         
39.292        
50.160        
0.000         
0.000         
0.000         
0.000         
0.000         
0.000         
0.000         
0.000         
28.381        
0.000         
0.000         
0.000         
0.000         
0.000         
73.722        
0.000         
1.349         
0.000         
7.871         
63.376        
70.650        
4.538         
0.324         
16.197        
0.000         
34.245        
13.326        
0.000         
6.106         
52.448        
8.566         
3.267         
41.217        
11.419        
0.000         
0.000         
14.878        
2.698         
45.533        
0.916         
0.255         
0.077         
0.000         
24.233        
0.799         
2.571         
0.000         
110.517       
0.000         
0.000         
0.000         
0.000         
0.000         
0.000         
0.000         
124.110       
0.000         
0.000         
0.000         
0.000         
0.000         
0.000         
0.000         
0.000         
0.000         
0.000         
0.000         
0.000         
0.000         
0.000         
0.000         
0.000         
0.000         
0.000         
0.000         
0.000         
0.000         
0.000         
0.000         
0.712         
0.000         
0.000         
0.000         
0.000         
0.000         
0.000         
0.000         
0.000         
0.000         
0.000         
0.000         
0.000         
0.000         
0.000         
0.000         
0.000         
0.000         
0.000         
0.000         
0.000         
0.000         
0.000         
0.000         
0.000         
0.000         
2.653         
0.000         
0.000         
0.000         
0.000         
0.000         
0.195         
0.000         
0.000         
0.000         
0.000         
0.000         
0.000         
0.049         
0.000         
0.000         
0.000         
0.000         
0.000         
0.000         
0.000         
0.000         
1.218         
0.000         
0.000         
0.000         
0.000         
0.000         
0.000         
0.000         
0.000         
0.000         
0.000         
0.000         
0.000         
0.000         
0.000         
0.000         
0.000         
0.000         
0.000         
0.000         
0.000         
0.000         
0.000         
0.000         
0.000         
0.000         
0.000         
0.000         
0.000         
0.000         
0.000         
0.000         
0.000         
0.000         
0.000         
0.000         
0.000         
0.000         
0.000         
15.159        
0.000         
0.000         
0.000         
0.000         
0.000         
0.000         
0.000         
0.000         
0.000         
0.000         
0.000         
0.000         
0.000         
0.000         
0.000         
0.000         
0.000         
0.000         
0.000         
0.000         
0.000         
0.000         
0.000         
0.000         
0.000         
0.000         
0.000         
0.000         
0.000         
0.000         
0.000         
0.000         
1.607         
0.000         
0.000         
3.074         
0.000         
0.000         
0.000         
0.000         
0.000         
27.577        
0.000         
0.000         
62.017        
0.000         
0.000         
2.389         
0.000         
0.000         
0.000         
1.327         
0.000         
0.000         
0.000         
0.000         
0.000         
3.447         
13.355        
0.000         
0.000         
0.000         
0.000         
0.000         
0.000         
0.000         
0.000         
0.000         
0.000         
0.000         
0.000         
0.000         
9.782         
12.028        
7.847         
0.000         
0.000         
0.000         
0.000         
11.672        
0.000         
0.947         
0.000         
0.000         
0.000         
0.000         
0.000         
0.000         
0.000         
0.000         
0.000         
0.000         
8.625         
0.000         
0.000         
0.000         
0.000         
0.000         
0.000         
0.000         
0.000         
0.000         
0.000         
0.000         
0.000         
1.407         
0.000         
0.000         
0.000         
0.000         
0.000         
0.000         
0.000         
0.000         
0.000         
0.000         
0.000         
0.000         
0.000         
0.000         
0.000         
0.000         
0.000         
0.000         
0.000         
0.000         
0.000         
0.000         
0.000         
0.000         
0.000         
0.000         
15.770        
0.000         
0.000         
0.000         
0.000         
0.000         
0.000         
0.000         
0.000         
0.000         
0.000         
0.000         
0.000         
0.000         
0.000         
0.000         
0.000         
0.000         
0.000         
0.000         
0.000         
0.000         
0.000         
1.950         
0.000         
0.000         
0.000         
8.622         
0.000         
0.000         
1.001         
1.802         
0.000         
4.429         
0.000         
10.784        
0.000         
2.836         
10.739        
0.000         
2.032         
0.000         
12.998        
0.033         
0.000         
15.025        
0.358         
7.488         
0.000         
0.000         
86.162        
0.000         
15.668        
0.000         
40.198        
0.000         
0.000         
0.000         
5.727         
5.731         
9.121         
0.000         
4.919         
0.000         
0.269         
0.000         
0.000         
0.000         
3.381         
51.530        
28.640        
0.000         
0.000         
0.000         
0.000         
0.000         
0.000         
0.000         
0.000         
0.000         
0.000         
13.623        
0.000         
16.160        
18.549        
0.000         
0.000         
2.968         
0.000         
39.792        
85.687        
37.256        
110.717       
0.000         
0.000         
0.000         
16.445        
3.100         
0.000         
0.000         
0.441         
0.000         
0.000         
1.975         
73.707        
19.655        
129.516       
68.374        
0.000         
0.030         
3.574         
0.000         
7.254         
0.000         
463.909       
0.000         
0.000         
0.000         
0.000         
0.000         
0.000         
0.000         
0.000         
62.452        
0.000         
0.000         
0.000         
0.000         
0.000         
0.000         
109.800       
0.000         
0.000         
22.018        
0.000         
0.000         
0.000         
0.000         
0.000         
0.000         
6.884         
0.000         
0.000         
0.000         
0.000         
0.000         
0.000         
0.000         
26.657        
0.000         
0.000         
56.140        
0.000         
0.000         
0.000         
0.000         
0.000         
0.000         
0.000         
0.000         
0.000         
0.000         
0.000         
0.000         
0.000         
0.000         
0.000         
0.000         
0.000         
0.000         
0.000         
0.000         
0.000         
0.000         
0.000         
0.000         
0.000         
0.000         
0.000         
0.000         
0.000         
0.000         
0.000         
0.000         
0.000         
0.000         
2.583         
0.000         
0.000         
0.000         
0.000         
0.000         
0.000         
0.000         
0.000         
0.000         
0.000         
0.000         
0.000         
0.000         
0.000         
0.000         
0.000         
6.687         
0.000         
0.000         
0.000         
0.000         
0.000         
77.507        
0.000         
0.000         
0.000         
0.000         
0.000         
0.000         
0.000         
19.914        
15.755        
0.000         
13.139        
0.000         
0.000         
0.000         
0.000         
0.000         
0.000         
0.000         
0.000         
32.567        
0.000         
0.000         
0.000         
0.000         
0.000         
0.000         
0.000         
0.000         
0.000         
0.000         
0.000         
0.000         
0.000         
0.000         
0.000         
0.000         
0.000         
0.000         
0.000         
0.000         
0.000         
0.000         
0.000         
0.000         
0.000         
0.000         
0.000         
0.000         
0.000         
0.000         
0.000         
0.000         
0.000         
0.000         
0.000         
0.000         
0.000         
0.000         
0.000         
0.000         
0.000         
0.000         
0.000         
18.126        
0.000         
0.000         
0.000         
0.000         
0.000         
0.000         
0.000         
0.000         
0.000         
0.000         
39.155        
2.248         
0.000         
0.000         
6.544         
5.524         
0.000         
0.000         
0.000         
0.000         
7.900         
0.000         
0.000         
0.000         
0.000         
0.000         
0.000         
1.675         
0.000         
0.000         
0.000         
0.855         
0.000         
0.000         
0.000         
0.000         
0.000         
0.000         
0.000         
0.000         
0.000         
0.000         
0.000         
0.000         
0.000         
0.000         
0.000         
0.000         
0.000         
0.000         
0.000         
0.000         
0.000         
6.510         
0.000         
0.000         
2.537         
0.000         
0.000         
0.000         
0.000         
0.000         
0.000         
0.000         
0.000         
0.000         
0.000         
0.000         
0.000         
0.000         
0.000         
0.000         
0.000         
0.000         
0.000         
0.000         
0.000         
0.000         
0.000         
0.125         
7.401         
0.000         
0.000         
0.000         
0.000         
0.000         
6.940         
0.000         
0.000         
0.000         
0.000         
0.000         
0.000         
0.000         
0.000         
0.000         
0.000         
0.000         
0.000         
0.000         
0.000         
0.000         
0.000         
0.000         
0.000         
0.000         
0.000         
1.296         
0.000         
0.000         
0.852         
0.000         
0.000         
0.000         
0.000         
0.000         
0.000         
0.000         
0.000         
34.849        
0.659         
0.000         
0.000         
36.966        
0.000         
0.000         
0.000         
0.000         
4.726         
2.751         
0.000         
0.000         
5.799         
0.000         
0.000         
0.000         
1.059         
0.000         
0.000         
0.000         
1.397         
0.560         
0.000         
0.000         
0.000         
0.672         
0.000         
0.000         
6.573         
16.170        
62.988        
0.000         
0.000         
0.000         
0.000         
0.000         
0.000         
0.000         
0.000         
0.000         
24.574        
0.000         
0.000         
0.392         
32.489        
73.544        
5.504         
0.000         
0.000         
0.000         
0.000         
7.732         
0.000         
0.000         
0.000         
0.000         
4.892         
0.000         
0.000         
0.000         
3.934         
0.000         
0.000         
0.000         
4.366         
0.000         
0.000         
19.361        
0.238         
24.401        
0.605         
21.759        
0.000         
17.463        
54.437        
65.677        
5.673         
8.075         
17.938        
0.000         
2.002         
0.000         
0.278         
0.000         
0.000         
0.000         
0.000         
0.000         
0.000         
0.000         
0.000         
0.000         
0.000         
0.000         
0.000         
0.000         
0.000         
0.000         
37.000        
0.000         
0.000         
0.000         
151.800       
0.000         
23.308        
33.077        
0.000         
1.534         
0.000         
0.000         
0.000         
0.000         
0.000         
0.000         
0.000         
0.000         
0.000         
0.000         
0.000         
0.000         
0.000         
0.000         
0.000         
0.000         
0.812         
0.000         
0.000         
0.000         
0.000         
0.000         
0.000         
0.000         
0.000         
0.000         
0.000         
0.000         
0.000         
0.000         
0.000         
0.000         
0.000         
0.000         
0.000         
0.000         
0.000         
0.000         
0.000         
0.000         
0.000         
0.000         
0.000         
0.000         
0.000         
0.000         
0.000         
0.000         
0.000         
0.000         
0.000         
0.000         
0.000         
0.000         
0.000         
0.000         
0.000         
0.000         
0.000         
0.000         
0.000         
0.000         
0.000         
0.000         
0.000         
0.000         
0.000         
0.000         
0.000         
0.000         
0.000         
0.000         
0.000         
0.000         
0.000         
0.000         
0.000         
0.000         
0.000         
0.000         
0.000         
0.000         
0.000         
0.000         
0.000         
0.000         
0.000         
0.000         
0.000         
0.000         
0.000         
0.000         
0.000         
0.000         
0.000         
0.000         
0.000         
0.000         
0.000         
0.000         
0.000         
0.000         
0.000         
0.000         
0.000         
0.000         
0.000         
0.000         
0.000         
0.000         
0.000         
0.000         
0.000         
0.000         
0.000         
0.000         
0.000         
0.000         
0.000         
0.000         
0.000         
0.000         
0.000         
0.000         
0.000         
0.000         
0.000         
0.000         
0.000         
27.070        
0.000         
0.000         
0.000         
0.000         
0.000         
0.000         
1.051         
44.301        
0.000         
0.000         
0.000         
0.000         
0.000         
28.132        
0.000         
0.000         
0.000         
0.000         
2.883         
0.000         
9.084         
0.000         
0.000         
0.000         
0.000         
0.000         
0.000         
0.000         
0.000         
0.000         
0.000         
0.000         
0.000         
11.285        
1.547         
28.862        
0.000         
0.000         
0.000         
0.000         
0.000         
0.000         
0.000         
0.000         
0.000         
0.000         
45.353        
0.000         
0.000         
8.773         
0.000         
0.000         
0.000         
0.000         
0.000         
0.000         
0.000         
6.440         
0.332         
0.000         
0.000         
6.473         
0.000         
0.000         
0.000         
0.000         
0.000         
0.037         
0.000         
0.077         
0.000         
0.000         
0.000         
0.000         
0.000         
0.000         
0.000         
0.000         
0.000         
0.000         
0.000         
0.000         
0.000         
0.000         
0.000         
0.000         
0.000         
0.000         
0.000         
0.000         
0.000         
0.000         
0.000         
0.000         
0.000         
0.000         
0.000         
0.000         
0.000         
0.000         
0.000         
0.000         
0.000         
0.000         
0.000         
0.000         
0.000         
1.712         
0.000         
0.000         
0.000         
0.000         
0.000         
0.000         
0.000         
0.000         
0.000         
0.000         
0.000         
24.904        
0.000         
0.000         
0.000         
0.000         
22.096        
0.000         
0.000         
57.988        
0.000         
2.940         
0.000         
23.935        
0.000         
0.000         
0.000         
0.000         
6.174         
0.000         
0.000         
0.000         
7.679         
0.000         
1.504         
2.345         
0.000         
0.000         
0.000         
0.000         
0.000         
138.371       
0.003         
16.567        
27.976        
0.000         
0.000         
0.000         
0.000         
17.689        
0.000         
0.000         
0.000         
84.472        
0.608         
22.941        
1.978         
0.000         
9.624         
22.375        
3.927         
0.000         
0.000         
1.451         
0.000         
36.476        
0.000         
18.197        
19.310        
0.000         
0.000         
0.000         
0.000         
0.000         
0.000         
0.000         
0.000         
0.000         
0.000         
0.000         
0.000         
0.000         
0.000         
0.000         
0.000         
0.000         
0.000         
0.166         
0.000         
0.000         
0.000         
4.471         
0.672         
1.548         
0.000         
0.000         
0.000         
0.091         
0.000         
0.000         
0.000         
0.000         
0.000         
0.000         
0.000         
0.000         
0.000         
0.000         
0.000         
0.000         
0.000         
0.000         
0.000         
0.000         
0.000         
0.000         
0.000         
0.000         
0.000         
0.000         
0.000         
0.000         
0.000         
0.000         
0.000         
0.000         
0.000         
0.000         
0.000         
0.000         
0.000         
0.000         
0.000         
0.000         
0.000         
0.000         
0.000         
0.000         
0.000         
0.000         
0.000         
0.000         
0.000         
0.000         
0.000         
0.000         
0.000         
0.000         
0.000         
0.000         
0.000         
0.000         
0.000         
0.000         
0.000         
0.000         
0.000         
0.000         
0.000         
0.000         
0.000         
0.000         
0.000         
0.000         
1.414         
0.000         
0.000         
0.000         
0.000         
0.000         
0.000         
0.000         
0.000         
0.000         
0.000         
0.000         
0.000         
0.000         
0.000         
0.000         
0.000         
0.000         
0.000         
0.000         
0.000         
0.000         
0.000         
0.000         
0.000         
0.000         
0.000         
0.000         
0.000         
0.000         
0.000         
0.000         
0.000         
0.000         
0.000         
0.000         
0.000         
0.000         
0.000         
0.000         
0.000         
0.000         
0.000         
0.000         
0.000         
0.000         
0.000         
0.000         
0.000         
0.000         
0.000         
0.000         
0.000         
0.000         
0.000         
0.000         
0.000         
0.000         
0.000         
0.000         
0.000         
0.000         
0.000         
0.000         
0.000         
2.124         
0.000         
0.000         
0.000         
0.000         
0.000         
0.000         
0.000         
0.000         
0.000         
0.000         
0.000         
0.000         
0.000         
0.000         
0.000         
0.001         
0.000         
0.000         
0.000         
0.000         
0.000         
0.000         
0.463         
0.000         
0.000         
0.000         
14.743        
0.000         
0.000         
0.000         
0.000         
0.000         
0.000         
0.000         
19.123        
0.000         
58.392        
0.000         
0.000         
0.000         
0.000         
0.000         
0.000         
0.000         
18.969        
0.000         
0.000         
1.511         
0.000         
7.801         
0.000         
0.000         
0.000         
0.000         
0.000         
0.000         
0.000         
0.000         
1.125         
0.000         
0.000         
0.000         
0.000         
0.000         
0.000         
0.000         
0.000         
2.936         
0.000         
0.000         
0.000         
3.484         
9.739         
0.000         
63.771        
5.640         
0.000         
0.000         
0.000         
0.000         
0.000         
0.000         
0.000         
0.000         
0.000         
0.445         
0.000         
0.000         
0.000         
0.000         
0.184         
0.000         
0.000         
0.000         
0.025         
0.000         
0.000         
0.000         
0.000         
0.000         
0.025         
0.000         
0.000         
0.000         
0.000         
0.000         
0.000         
0.000         
0.000         
0.000         
0.000         
0.000         
0.000         
0.000         
0.000         
0.000         
11.896        
0.000         
0.000         
0.000         
2.554         
0.000         
0.000         
5.457         
0.000         
0.000         
0.000         
0.000         
0.000         
0.000         
0.000         
0.000         
0.000         
0.000         
0.000         
23.110        
0.000         
0.000         
0.000         
0.000         
0.000         
7.338         
0.000         
0.000         
0.000         
5.844         
0.583         
0.000         
0.000         
0.000         
0.000         
0.000         
0.000         
0.000         
6.866         
0.000         
0.000         
0.000         
0.000         
0.000         
2.531         
0.000         
12.117        
0.000         
0.000         
0.000         
18.364        
0.000         
19.327        
0.000         
20.457        
7.221         
16.543        
10.431        
0.000         
0.000         
0.000         
0.000         
0.000         
14.701        
0.000         
0.000         
0.000         
0.000         
0.000         
0.000         
0.000         
0.000         
35.261        
0.000         
0.000         
0.000         
17.445        
0.000         
0.000         
0.000         
32.492        
22.711        
0.000         
0.000         
46.187        
0.000         
4.073         
0.000         
0.000         
15.852        
0.000         
0.000         
0.132         
0.553         
4.245         
0.000         
87.809        
46.375        
13.753        
7.462         
0.000         
0.000         
0.000         
22.299        
0.000         
0.000         
0.000         
2.383         
0.000         
1.189         
32.943        
0.000         
12.763        
5.734         
3.173         
0.000         
0.000         
0.000         
0.000         
0.000         
0.000         
0.000         
0.000         
0.000         
0.000         
0.000         
61.661        
216.947       
662.221       
0.000         
0.000         
0.000         
0.000         
0.000         
0.000         
0.000         
0.000         
0.000         
0.000         
26.197        
0.000         
0.000         
0.000         
0.000         
0.000         
0.000         
0.000         
0.000         
0.000         
0.000         
0.000         
0.000         
0.000         
0.000         
0.000         
0.000         
1.023         
0.000         
0.000         
0.000         
0.000         
0.000         
0.000         
0.000         
0.000         
0.000         
0.000         
0.000         
0.000         
0.000         
0.000         
0.000         
0.000         
0.000         
0.000         
0.000         
0.000         
0.000         
0.000         
0.000         
0.000         
0.000         
0.000         
0.000         
0.000         
0.392         
0.000         
0.000         
0.000         
0.000         
0.000         
0.000         
0.000         
0.000         
0.000         
0.000         
0.000         
0.000         
0.000         
1.348         
0.000         
0.000         
0.000         
0.000         
0.000         
0.015         
0.399         
0.000         
0.000         
0.000         
0.000         
0.000         
0.000         
0.000         
0.000         
0.000         
0.000         
0.000         
0.000         
0.000         
0.000         
0.000         
0.000         
0.000         
0.000         
0.000         
0.000         
0.000         
0.000         
0.000         
0.000         
0.000         
0.000         
0.000         
0.000         
0.000         
0.000         
0.000         
0.000         
0.000         
0.000         
0.000         
0.000         
0.000         
0.000         
0.000         
0.000         
0.000         
0.000         
0.000         
0.000         
0.000         
0.000         
0.000         
0.000         
0.000         
0.000         
0.000         
0.000         
0.000         
0.000         
0.000         
0.000         
0.000         
0.000         
0.000         
0.000         
0.000         
0.000         
0.000         
0.000         
0.000         
0.000         
0.000         
31.119        
0.000         
0.000         
0.000         
0.000         
0.000         
12.816        
10.614        
0.000         
3.231         
10.509        
0.000         
0.000         
0.000         
0.000         
8.316         
0.000         
19.250        
0.000         
0.000         
0.000         
0.000         
0.000         
0.000         
0.944         
0.000         
0.000         
9.239         
0.000         
0.000         
3.905         
0.000         
0.000         
0.000         
0.000         
0.000         
0.000         
0.000         
0.000         
0.000         
0.000         
0.000         
0.000         
0.000         
0.000         
0.000         
0.000         
0.000         
0.000         
0.000         
0.000         
0.000         
0.000         
0.000         
0.000         
0.000         
0.000         
1.069         
0.000         
0.000         
0.000         
0.000         
0.000         
0.000         
0.000         
0.000         
0.000         
0.000         
0.014         
0.000         
1.753         
0.000         
0.000         
0.000         
0.000         
0.000         
0.000         
0.446         
0.791         
0.000         
0.000         
0.000         
1.133         
0.000         
0.000         
0.000         
0.000         
0.000         
0.000         
0.000         
0.000         
0.000         
0.000         
0.000         
0.000         
0.000         
0.000         
9.130         
0.000         
0.000         
0.000         
0.000         
0.000         
20.355        
0.000         
0.000         
0.000         
0.000         
11.906        
0.000         
14.855        
0.000         
0.000         
0.000         
0.000         
0.000         
0.000         
0.000         
11.157        
0.000         
0.000         
0.000         
22.994        
0.000         
4.632         
0.000         
8.365         
0.000         
0.240         
0.000         
2.503         
6.725         
0.000         
6.424         
0.000         
0.000         
7.571         
22.535        
0.000         
15.592        
0.000         
0.000         
0.000         
0.000         
0.000         
0.000         
0.000         
0.000         
0.000         
7.522         
0.000         
0.000         
13.991        
9.119         
0.000         
0.000         
0.000         
0.000         
0.000         
0.000         
0.000         
0.082         
0.000         
0.000         
0.000         
0.000         
0.000         
0.181         
17.663        
18.440        
0.000         
0.000         
0.000         
1.356         
0.000         
6.253         
0.000         
1.721         
0.000         
36.715        
0.000         
8.682         
53.513        
48.981        
63.884        
9.431         
4.570         
58.074        
12.389        
44.994        
26.812        
0.000         
22.729        
0.000         
10.099        
2.073         
10.494        
10.635        
0.000         
3.023         
0.000         
0.000         
15.060        
0.000         
2.998         
2.586         
21.519        
0.000         
2.877         
14.362        
0.000         
0.000         
0.000         
0.000         
42.947        
72.049        
0.000         
0.000         
0.000         
2.502         
1.503         
32.255        
0.000         
0.000         
0.000         
0.000         
0.000         
0.000         
9.084         
0.000         
0.000         
0.000         
0.000         
0.000         
0.000         
9.163         
0.000         
0.000         
0.000         
0.000         
0.000         
28.695        
11.700        
0.000         
0.000         
285.851       
0.000         
0.000         
0.000         
0.000         
0.000         
0.000         
0.000         
0.000         
0.000         
0.000         
0.000         
0.000         
0.000         
4.114         
0.000         
0.000         
0.000         
0.000         
2.580         
0.000         
0.000         
0.000         
0.000         
0.000         
0.000         
0.000         
0.000         
0.000         
0.000         
0.000         
0.000         
0.000         
0.000         
0.000         
0.000         
0.000         
0.000         
0.000         
0.000         
0.000         
0.000         
0.000         
0.000         
0.000         
0.000         
0.000         
0.000         
0.000         
9.073         
0.000         
0.000         
0.000         
0.000         
0.000         
0.000         
0.000         
0.000         
0.000         
0.000         
0.000         
0.000         
0.000         
90.596        
0.000         
0.000         
0.000         
0.000         
198.631       
0.000         
0.000         
0.000         
0.000         
0.000         
0.000         
0.000         
0.000         
0.000         
0.000         
0.000         
0.000         
0.000         
0.000         
0.000         
0.000         
0.000         
0.000         
0.000         
0.000         
