0.000         
0.000         
0.000         
0.000         
0.000         
0.000         
0.000         
0.000         
0.000         
0.000         
0.000         
0.000         
0.000         
0.000         
0.000         
0.000         
0.000         
0.000         
0.000         
0.000         
0.000         
0.000         
0.000         
0.000         
0.000         
0.000         
0.000         
0.000         
0.000         
0.000         
0.000         
0.000         
0.000         
0.000         
0.000         
0.000         
0.000         
0.000         
0.000         
0.000         
0.000         
0.000         
0.000         
0.000         
0.000         
0.000         
0.000         
0.000         
0.000         
0.000         
0.000         
0.000         
0.000         
0.000         
0.000         
0.000         
0.000         
0.000         
0.000         
0.000         
0.000         
0.000         
0.000         
0.000         
0.000         
0.000         
0.000         
0.000         
0.000         
0.000         
0.000         
0.000         
0.000         
0.000         
0.000         
0.000         
0.000         
0.000         
0.000         
0.000         
0.000         
0.000         
0.000         
0.000         
0.000         
0.000         
0.000         
0.000         
0.000         
0.000         
0.000         
0.000         
0.000         
0.000         
0.000         
0.000         
0.000         
0.000         
0.000         
0.000         
0.000         
0.000         
0.000         
0.000         
0.000         
0.000         
0.000         
0.000         
0.000         
0.000         
0.000         
0.000         
0.000         
0.000         
0.000         
0.000         
0.000         
0.000         
0.000         
0.000         
0.000         
0.000         
0.000         
0.000         
0.000         
0.000         
0.000         
0.000         
0.000         
0.000         
0.000         
0.000         
0.000         
0.000         
0.000         
0.000         
0.000         
0.000         
0.000         
0.000         
0.000         
0.000         
0.000         
0.000         
0.000         
0.000         
0.000         
0.000         
0.000         
0.000         
0.000         
0.000         
0.000         
0.000         
0.000         
0.000         
0.000         
0.000         
0.000         
0.000         
0.000         
0.000         
0.000         
0.000         
0.000         
0.000         
0.000         
0.000         
0.000         
0.000         
0.000         
0.000         
0.000         
0.000         
0.000         
0.000         
0.000         
0.000         
0.000         
0.000         
0.000         
0.000         
0.000         
0.000         
0.000         
0.000         
0.000         
0.000         
0.000         
0.000         
0.000         
0.000         
0.000         
0.000         
0.000         
0.000         
0.000         
0.000         
0.000         
0.000         
0.000         
0.000         
0.000         
0.000         
0.000         
0.000         
0.000         
0.000         
0.000         
0.000         
0.000         
0.000         
0.000         
0.000         
0.000         
0.000         
0.000         
0.000         
0.000         
0.000         
0.000         
0.000         
0.000         
0.000         
0.000         
0.000         
0.000         
0.000         
0.000         
0.000         
0.000         
0.000         
0.000         
0.000         
0.000         
0.000         
0.000         
0.000         
0.000         
0.000         
0.000         
0.000         
0.000         
0.000         
0.000         
0.000         
0.000         
0.000         
0.000         
0.000         
0.000         
0.000         
0.000         
0.000         
0.000         
0.000         
0.000         
0.000         
0.000         
0.000         
0.000         
0.000         
0.000         
0.000         
0.000         
0.000         
0.000         
0.000         
0.000         
0.000         
0.000         
0.000         
0.000         
0.000         
0.000         
0.000         
0.000         
0.000         
0.000         
0.000         
0.000         
0.000         
0.000         
0.000         
0.000         
0.000         
0.000         
0.000         
0.000         
0.000         
0.000         
0.000         
0.000         
0.000         
0.000         
0.000         
0.000         
0.000         
0.000         
0.000         
0.000         
0.000         
0.000         
0.000         
0.000         
0.000         
0.000         
0.000         
0.000         
0.000         
0.000         
0.000         
0.000         
0.000         
0.000         
0.000         
0.000         
0.000         
0.000         
0.000         
0.000         
0.000         
0.000         
0.000         
0.000         
0.000         
0.000         
0.000         
0.000         
0.000         
0.000         
0.000         
0.000         
0.000         
0.000         
0.000         
0.000         
0.000         
0.000         
0.000         
0.000         
0.000         
0.000         
0.000         
0.000         
0.000         
0.000         
0.000         
0.000         
0.000         
0.000         
0.000         
0.000         
0.000         
0.000         
0.000         
0.000         
0.000         
0.000         
0.000         
0.000         
0.000         
0.000         
0.000         
0.000         
0.000         
0.000         
0.000         
0.000         
0.000         
0.000         
0.000         
0.000         
0.000         
0.000         
0.000         
0.000         
0.000         
0.000         
0.000         
0.000         
0.000         
0.000         
0.000         
0.000         
0.000         
0.000         
0.000         
0.000         
0.000         
0.000         
0.000         
0.000         
0.000         
0.000         
0.000         
0.000         
0.000         
0.000         
0.000         
0.000         
0.000         
0.000         
0.000         
0.000         
0.000         
0.000         
0.000         
0.000         
0.000         
0.000         
0.000         
0.000         
0.000         
0.000         
0.000         
0.000         
0.000         
0.000         
0.000         
0.000         
0.000         
0.000         
0.000         
0.000         
0.000         
0.000         
0.000         
0.000         
0.000         
0.000         
0.000         
0.000         
0.000         
0.000         
0.000         
0.000         
0.000         
0.000         
0.000         
0.000         
0.000         
0.000         
0.000         
0.000         
0.000         
0.000         
0.000         
0.000         
0.000         
0.000         
0.000         
0.000         
0.000         
0.000         
0.000         
0.000         
0.000         
0.000         
0.000         
0.000         
0.000         
0.000         
0.000         
0.000         
0.000         
0.000         
0.000         
0.000         
0.000         
0.000         
0.000         
0.000         
0.000         
0.000         
0.000         
0.000         
0.000         
0.000         
0.000         
0.000         
0.000         
0.000         
0.000         
0.000         
0.000         
0.000         
0.000         
0.000         
0.000         
0.000         
0.000         
0.000         
0.000         
0.000         
0.000         
0.000         
0.000         
0.000         
0.000         
0.000         
0.000         
0.000         
0.000         
0.000         
0.000         
0.000         
0.000         
0.000         
0.000         
0.000         
0.000         
0.000         
0.000         
0.000         
0.000         
0.000         
0.000         
0.000         
0.000         
0.000         
0.000         
0.000         
0.000         
0.000         
0.000         
0.000         
0.000         
0.000         
0.000         
0.000         
0.000         
0.000         
0.000         
0.000         
0.000         
0.000         
0.000         
0.000         
0.000         
0.000         
0.000         
0.000         
0.139         
0.004         
0.000         
0.337         
4.644         
13.951        
15.214        
0.293         
6.891         
0.020         
3.283         
19.936        
0.918         
3.286         
0.208         
4.068         
3.292         
0.081         
2.246         
57.541        
0.764         
0.303         
52.362        
4.837         
14.263        
11.562        
2.741         
15.329        
1.678         
41.667        
10.600        
0.014         
28.750        
18.626        
19.147        
0.014         
78.474        
8.425         
0.000         
0.016         
2.475         
3.266         
49.480        
9.449         
29.356        
55.532        
81.221        
30.043        
138.680       
29.541        
18.630        
27.510        
24.909        
1.118         
6.072         
181.663       
10.423        
81.777        
0.465         
4.647         
13.424        
9.073         
28.087        
6.299         
1.824         
1.190         
1.518         
9.630         
15.194        
0.009         
5.173         
0.511         
13.295        
0.805         
7.767         
3.464         
3.782         
56.923        
46.674        
3.449         
8.718         
14.082        
0.002         
0.094         
9.499         
0.240         
0.000         
0.000         
0.000         
0.000         
0.000         
0.000         
0.000         
0.000         
0.000         
0.000         
0.000         
0.000         
0.000         
0.000         
0.000         
0.000         
0.000         
0.000         
0.000         
0.000         
0.000         
0.000         
0.000         
0.000         
0.000         
0.000         
0.000         
0.000         
0.000         
0.000         
0.000         
0.000         
0.000         
0.000         
0.000         
0.000         
0.000         
0.000         
0.000         
0.000         
0.000         
0.000         
0.000         
0.000         
0.000         
0.000         
0.000         
0.000         
0.000         
0.000         
0.000         
0.000         
0.000         
0.000         
0.000         
0.000         
0.000         
0.000         
0.000         
0.000         
0.000         
0.000         
0.000         
0.000         
0.000         
0.000         
0.000         
0.000         
0.000         
0.000         
0.000         
0.000         
0.000         
0.000         
0.000         
0.000         
0.000         
0.000         
0.000         
0.000         
0.000         
0.000         
0.000         
0.000         
0.000         
0.000         
0.000         
0.000         
0.000         
0.000         
0.000         
0.000         
0.000         
0.000         
0.000         
0.000         
0.000         
0.000         
0.000         
0.000         
0.000         
0.000         
0.000         
0.000         
0.000         
0.000         
0.000         
0.000         
0.000         
0.000         
0.000         
0.000         
0.000         
0.000         
0.000         
0.000         
0.000         
0.000         
0.000         
0.000         
0.000         
0.000         
0.000         
0.000         
0.000         
0.000         
0.000         
0.000         
0.000         
0.000         
0.000         
0.000         
0.000         
0.000         
0.000         
0.000         
0.000         
0.000         
0.000         
0.000         
0.000         
0.000         
0.000         
0.000         
0.000         
0.000         
0.000         
0.000         
0.000         
0.000         
0.000         
0.000         
0.000         
0.000         
0.000         
0.000         
0.000         
0.000         
0.000         
0.000         
0.000         
0.000         
0.000         
0.000         
0.000         
0.000         
0.000         
0.000         
0.000         
0.000         
0.000         
0.000         
0.000         
0.000         
0.000         
0.000         
0.000         
0.000         
0.000         
0.000         
0.000         
0.000         
0.000         
0.000         
0.000         
0.000         
0.000         
0.000         
0.000         
0.000         
0.000         
0.000         
0.000         
0.000         
0.000         
0.000         
0.000         
0.000         
0.000         
0.000         
0.000         
0.000         
0.000         
0.000         
0.000         
0.000         
0.000         
0.000         
0.000         
0.000         
0.000         
0.000         
0.000         
0.000         
0.000         
0.000         
0.000         
0.000         
0.000         
0.000         
0.000         
0.000         
0.000         
0.000         
0.000         
0.000         
0.000         
0.000         
0.000         
0.000         
0.000         
0.000         
0.000         
0.000         
0.000         
0.000         
0.000         
0.000         
0.000         
0.000         
0.000         
0.000         
0.000         
0.000         
0.000         
0.000         
0.000         
0.000         
0.000         
0.000         
0.000         
0.000         
0.000         
0.000         
0.000         
0.000         
0.000         
0.000         
0.000         
0.000         
0.000         
0.000         
0.000         
0.000         
0.000         
0.000         
0.000         
0.000         
0.000         
0.000         
0.000         
0.000         
0.000         
0.000         
0.000         
0.000         
0.000         
0.000         
16.299        
0.002         
18.772        
7.476         
10.837        
18.383        
21.095        
2.033         
2.867         
0.551         
29.868        
1.178         
0.000         
9.084         
2.920         
1.508         
0.213         
0.223         
3.715         
1.922         
13.062        
0.049         
4.820         
0.033         
0.967         
5.494         
7.814         
0.137         
40.082        
20.997        
1.513         
19.159        
18.161        
5.175         
9.862         
175.612       
144.528       
0.000         
0.000         
0.000         
0.000         
0.000         
0.000         
0.000         
0.000         
0.000         
0.000         
0.000         
0.000         
0.000         
0.000         
0.000         
0.000         
0.000         
0.000         
0.000         
0.000         
0.000         
0.000         
0.000         
0.000         
0.000         
0.000         
0.000         
0.000         
0.000         
0.000         
0.000         
0.000         
0.000         
0.000         
0.000         
0.000         
0.000         
0.000         
0.000         
0.000         
0.000         
0.000         
0.000         
0.000         
0.000         
0.000         
0.000         
0.000         
0.000         
0.000         
0.000         
0.000         
0.000         
0.000         
0.000         
0.000         
0.000         
0.000         
0.000         
0.000         
0.000         
0.000         
0.000         
0.000         
0.000         
0.000         
0.000         
0.000         
0.000         
0.000         
0.000         
0.000         
0.000         
0.000         
0.000         
0.000         
0.000         
0.000         
0.000         
0.000         
0.000         
0.000         
0.000         
0.000         
0.000         
0.000         
0.000         
0.000         
0.000         
0.000         
0.000         
0.000         
0.000         
0.000         
0.000         
0.000         
0.000         
0.000         
0.000         
0.000         
0.000         
0.000         
0.000         
1.349         
0.000         
20.113        
4.651         
12.892        
1.840         
0.012         
2.325         
0.519         
0.739         
4.004         
0.000         
0.005         
4.311         
13.533        
0.002         
2.131         
0.001         
11.396        
4.358         
0.163         
0.003         
0.066         
3.206         
0.007         
0.078         
0.613         
0.430         
0.006         
3.921         
0.002         
0.308         
0.159         
2.514         
5.194         
0.000         
2.821         
0.037         
4.265         
0.061         
0.009         
0.001         
0.000         
0.110         
0.001         
0.037         
1.565         
0.016         
19.855        
51.326        
5.766         
20.741        
22.116        
6.662         
0.592         
0.325         
4.534         
22.228        
5.813         
3.207         
0.418         
0.056         
6.278         
0.598         
8.450         
0.001         
0.804         
6.173         
57.413        
1.464         
0.097         
0.071         
0.816         
18.406        
58.230        
59.296        
6.874         
26.632        
9.426         
1.091         
0.228         
3.564         
3.873         
1.250         
0.729         
2.958         
0.004         
0.006         
0.002         
0.672         
22.344        
0.012         
0.360         
3.092         
0.634         
0.413         
0.033         
2.020         
0.523         
17.104        
0.733         
0.527         
12.085        
0.144         
2.292         
0.055         
0.000         
2.728         
0.080         
0.014         
4.028         
1.261         
0.903         
1.241         
0.080         
0.000         
0.000         
0.003         
0.004         
7.652         
0.025         
0.559         
5.796         
3.190         
52.799        
3.100         
0.161         
2.096         
10.664        
29.472        
20.301        
3.060         
24.619        
0.237         
1.273         
5.896         
9.198         
20.826        
0.013         
3.815         
2.959         
0.146         
5.746         
3.101         
9.290         
9.505         
0.000         
0.000         
0.000         
0.000         
0.000         
0.000         
0.000         
0.000         
0.000         
0.000         
0.000         
0.000         
0.000         
0.000         
0.000         
0.000         
0.000         
0.000         
0.000         
0.000         
0.000         
0.000         
0.000         
0.000         
0.000         
0.000         
0.000         
0.000         
0.000         
0.000         
0.000         
0.000         
0.000         
0.000         
0.000         
0.000         
0.000         
0.000         
0.000         
0.000         
0.000         
0.000         
0.000         
0.000         
0.000         
0.000         
0.000         
0.000         
0.000         
0.000         
0.000         
0.000         
0.000         
0.000         
0.000         
0.000         
0.000         
0.000         
0.000         
0.000         
0.000         
0.000         
0.000         
0.000         
0.000         
0.000         
0.000         
0.000         
0.000         
0.000         
0.000         
0.000         
0.000         
0.000         
0.000         
0.000         
0.000         
0.000         
0.000         
0.000         
0.000         
0.000         
0.000         
0.000         
0.000         
0.000         
0.000         
0.000         
0.000         
0.000         
0.000         
0.000         
0.000         
0.000         
0.000         
0.000         
0.000         
0.000         
0.000         
0.000         
0.000         
0.000         
0.000         
0.000         
0.000         
0.000         
0.000         
0.000         
0.000         
0.000         
0.000         
0.000         
0.000         
0.000         
0.000         
0.000         
0.000         
0.000         
0.000         
0.000         
0.000         
0.000         
0.000         
0.000         
0.000         
0.000         
0.000         
0.000         
0.000         
0.000         
0.000         
0.000         
0.000         
0.000         
0.000         
0.000         
0.000         
0.000         
0.000         
0.000         
0.000         
0.000         
0.000         
0.000         
0.000         
0.000         
0.000         
0.000         
0.000         
0.000         
0.000         
0.000         
0.000         
0.000         
0.000         
0.000         
0.000         
0.000         
0.000         
0.000         
0.000         
0.000         
0.000         
0.000         
0.000         
0.000         
0.000         
0.000         
0.000         
0.000         
0.000         
0.000         
0.000         
0.000         
0.000         
0.000         
0.000         
0.000         
0.000         
0.000         
0.000         
0.000         
0.000         
0.000         
0.000         
0.000         
0.000         
0.000         
0.000         
0.000         
0.000         
0.000         
0.000         
0.000         
0.000         
0.000         
0.000         
0.000         
0.000         
0.000         
0.000         
0.000         
0.000         
0.000         
0.000         
0.000         
0.000         
0.000         
0.000         
0.000         
0.000         
0.000         
0.000         
0.000         
0.000         
0.000         
0.000         
0.000         
0.000         
0.000         
0.000         
0.000         
0.000         
0.000         
0.000         
0.000         
0.000         
0.000         
0.000         
0.000         
0.000         
0.000         
0.000         
0.000         
0.000         
0.000         
0.000         
0.000         
0.000         
0.000         
0.000         
0.000         
0.000         
0.000         
0.000         
0.000         
0.000         
0.000         
0.000         
0.000         
0.000         
0.000         
0.000         
0.000         
0.000         
0.000         
0.000         
0.000         
0.000         
0.000         
0.000         
0.000         
0.000         
0.000         
0.000         
0.000         
0.000         
0.000         
0.000         
0.000         
0.000         
0.000         
0.000         
0.000         
0.000         
0.000         
0.000         
0.000         
0.000         
0.000         
0.000         
0.000         
0.000         
0.000         
0.000         
0.000         
0.000         
0.000         
0.000         
0.000         
0.000         
0.000         
0.000         
0.000         
0.000         
0.000         
0.000         
0.000         
0.000         
0.000         
0.000         
0.000         
0.000         
0.000         
0.000         
0.000         
0.000         
0.000         
0.000         
0.000         
0.000         
0.000         
0.000         
0.000         
0.000         
0.000         
0.000         
0.000         
0.000         
0.000         
0.000         
0.000         
0.000         
0.000         
0.000         
0.000         
0.000         
0.000         
0.000         
0.000         
0.000         
0.000         
0.000         
0.000         
0.000         
0.000         
0.000         
0.000         
0.000         
0.000         
0.000         
0.000         
0.000         
0.000         
0.000         
0.000         
0.000         
0.000         
0.000         
0.000         
0.000         
0.000         
0.000         
0.000         
0.000         
0.000         
0.000         
0.000         
0.000         
0.000         
0.000         
0.000         
0.000         
0.000         
0.000         
0.000         
0.000         
0.000         
0.000         
0.000         
0.000         
0.000         
0.000         
0.000         
0.000         
0.000         
0.000         
0.000         
0.000         
0.000         
0.000         
0.000         
0.000         
0.000         
0.000         
0.000         
0.000         
0.000         
0.000         
0.000         
0.000         
0.000         
0.000         
0.000         
0.000         
0.000         
0.000         
0.000         
0.000         
0.000         
0.000         
0.000         
0.000         
0.000         
0.000         
0.000         
0.000         
0.000         
0.000         
0.000         
0.000         
0.000         
0.000         
0.000         
0.000         
0.000         
0.000         
0.000         
0.000         
0.000         
0.000         
0.000         
0.000         
0.000         
0.000         
0.000         
0.000         
0.000         
0.000         
0.000         
0.000         
0.000         
0.000         
0.000         
0.000         
0.000         
0.000         
0.000         
0.000         
0.000         
0.000         
0.000         
0.000         
0.000         
0.000         
0.000         
0.000         
0.000         
0.000         
0.000         
0.000         
0.000         
0.000         
0.000         
0.000         
0.000         
0.000         
0.000         
0.000         
0.000         
0.000         
0.000         
0.000         
0.000         
0.000         
0.000         
0.000         
0.000         
0.000         
0.000         
0.000         
0.000         
0.000         
0.000         
0.000         
0.000         
0.000         
0.000         
0.000         
0.000         
0.000         
0.000         
0.000         
0.000         
0.000         
0.000         
0.000         
0.000         
0.000         
0.000         
0.000         
0.000         
0.000         
0.000         
0.000         
0.000         
0.000         
0.000         
0.000         
0.000         
0.000         
0.000         
0.000         
0.000         
0.000         
0.000         
0.000         
0.000         
0.000         
0.000         
0.000         
0.000         
0.000         
0.000         
0.000         
0.000         
0.000         
0.000         
0.000         
0.000         
0.000         
0.000         
0.000         
0.000         
0.000         
0.000         
0.000         
0.000         
0.000         
0.000         
0.000         
0.000         
0.000         
0.000         
0.000         
0.000         
0.000         
0.000         
0.000         
0.000         
0.000         
0.000         
0.000         
0.000         
0.000         
0.000         
0.000         
0.000         
0.000         
0.000         
0.000         
0.000         
0.000         
0.000         
0.000         
0.000         
0.000         
0.000         
0.000         
0.000         
0.000         
0.000         
0.000         
0.000         
0.000         
0.000         
0.000         
0.000         
0.000         
0.000         
0.000         
0.000         
0.000         
0.000         
0.000         
0.000         
0.000         
0.000         
0.000         
0.000         
0.000         
0.000         
0.000         
0.000         
0.000         
0.000         
0.000         
0.000         
0.000         
0.000         
0.000         
0.000         
0.000         
0.000         
0.000         
0.000         
0.000         
0.000         
0.000         
0.000         
0.000         
0.000         
0.000         
0.000         
0.000         
0.000         
0.000         
0.000         
0.000         
0.000         
0.000         
0.000         
0.000         
0.000         
0.000         
0.000         
0.000         
0.000         
0.000         
0.000         
0.000         
0.000         
0.000         
0.000         
0.000         
0.000         
0.000         
0.000         
0.000         
0.000         
0.000         
0.000         
0.000         
0.000         
0.000         
0.000         
0.000         
0.000         
0.000         
0.000         
0.000         
0.000         
0.000         
0.000         
0.000         
0.000         
0.000         
0.000         
0.000         
0.000         
0.000         
0.000         
0.000         
0.000         
0.000         
0.000         
0.000         
0.000         
0.000         
0.000         
0.000         
0.000         
0.000         
0.000         
0.000         
0.000         
0.000         
0.000         
0.000         
0.000         
0.000         
0.000         
0.000         
0.000         
0.000         
0.000         
0.000         
0.000         
0.000         
0.000         
0.000         
0.000         
0.000         
0.000         
0.000         
0.000         
0.000         
0.000         
0.000         
0.000         
0.000         
0.000         
0.000         
0.000         
0.000         
0.000         
0.000         
0.000         
0.000         
0.000         
0.000         
0.000         
0.000         
0.000         
0.000         
0.000         
0.000         
0.000         
0.000         
0.000         
0.000         
0.000         
0.000         
0.000         
0.000         
0.000         
0.000         
0.000         
0.000         
0.000         
0.000         
0.000         
0.000         
0.000         
0.000         
0.000         
0.000         
0.000         
0.000         
0.000         
0.000         
0.000         
0.000         
0.000         
0.000         
0.000         
0.000         
0.000         
0.000         
0.000         
0.000         
0.000         
0.000         
0.000         
0.000         
0.000         
0.000         
0.000         
0.000         
0.000         
0.000         
0.000         
0.000         
0.000         
0.000         
0.000         
0.000         
0.000         
0.000         
0.000         
0.000         
0.000         
0.000         
0.000         
0.000         
0.000         
0.000         
0.000         
0.000         
0.000         
0.000         
0.000         
0.000         
0.000         
0.000         
0.000         
0.000         
0.000         
0.000         
0.000         
0.000         
0.000         
0.000         
0.000         
0.000         
0.000         
0.000         
0.000         
0.000         
0.000         
0.000         
0.000         
0.000         
0.000         
0.000         
0.000         
0.000         
0.000         
0.000         
0.000         
0.000         
0.000         
0.000         
0.000         
0.000         
0.000         
0.000         
0.000         
0.000         
0.000         
0.000         
4.311         
6.807         
14.974        
2.918         
21.517        
3.700         
45.876        
8.989         
13.704        
7.080         
0.010         
0.609         
0.000         
2.486         
0.000         
0.003         
22.127        
0.811         
0.083         
0.275         
12.885        
2.124         
1.097         
124.594       
2.899         
112.433       
46.913        
7.948         
21.694        
25.410        
0.055         
96.365        
5.157         
25.301        
0.005         
6.171         
3.787         
6.222         
4.148         
0.367         
70.183        
30.477        
8.409         
2.605         
1.435         
33.220        
7.675         
0.000         
0.000         
0.000         
0.000         
0.000         
0.000         
0.000         
0.000         
0.000         
0.000         
0.000         
0.000         
0.000         
0.000         
0.000         
0.000         
0.000         
0.000         
0.000         
0.000         
0.000         
0.000         
0.000         
0.000         
0.000         
0.000         
0.000         
0.000         
0.000         
0.000         
0.000         
0.000         
0.000         
0.000         
0.000         
0.000         
0.000         
0.000         
0.000         
0.000         
0.000         
0.000         
0.000         
0.000         
0.000         
0.000         
0.000         
0.000         
0.000         
0.000         
0.000         
0.000         
0.000         
0.000         
0.000         
0.000         
0.000         
0.000         
0.000         
0.000         
0.000         
0.000         
0.000         
0.000         
0.000         
0.000         
0.000         
0.000         
0.000         
0.000         
0.000         
0.000         
0.000         
0.000         
0.000         
0.000         
0.000         
0.000         
0.000         
0.000         
0.000         
0.000         
0.000         
0.000         
0.000         
0.000         
0.000         
0.000         
0.000         
0.000         
0.000         
0.000         
0.000         
0.000         
0.000         
0.000         
0.000         
0.000         
0.000         
0.000         
0.000         
0.000         
0.000         
0.000         
0.000         
0.000         
0.000         
0.000         
0.000         
0.000         
0.000         
0.000         
0.000         
0.000         
0.000         
0.000         
0.000         
0.000         
0.000         
0.000         
0.000         
0.000         
0.000         
0.000         
0.000         
0.000         
0.000         
0.000         
0.000         
0.000         
0.000         
0.000         
0.000         
0.000         
0.000         
0.000         
0.000         
0.000         
0.000         
0.000         
0.000         
0.000         
0.000         
0.000         
0.000         
0.000         
0.000         
0.000         
0.000         
0.000         
0.000         
0.000         
0.000         
0.000         
0.000         
0.000         
0.000         
0.000         
0.000         
0.000         
0.000         
0.000         
0.000         
0.000         
0.000         
0.000         
0.000         
0.000         
0.000         
0.000         
0.000         
0.000         
0.000         
0.000         
0.000         
0.000         
0.000         
0.000         
0.000         
0.000         
0.000         
0.000         
0.000         
0.000         
0.000         
0.000         
0.000         
0.000         
0.000         
0.000         
0.000         
0.000         
0.000         
0.000         
0.000         
0.000         
0.000         
0.000         
0.000         
0.000         
0.000         
0.000         
0.000         
0.000         
0.000         
0.000         
0.000         
0.000         
0.000         
0.000         
0.000         
0.000         
0.000         
0.000         
0.000         
0.000         
0.000         
0.000         
0.000         
0.000         
0.000         
0.000         
0.000         
0.000         
0.000         
0.000         
0.000         
0.000         
0.000         
0.000         
0.000         
0.000         
0.000         
0.000         
0.000         
0.000         
0.000         
0.000         
0.000         
0.000         
0.000         
0.000         
0.000         
0.000         
0.000         
0.000         
0.000         
0.000         
0.000         
0.000         
0.000         
0.000         
0.000         
0.000         
0.000         
0.000         
0.000         
0.000         
0.000         
0.000         
0.000         
0.000         
0.000         
0.000         
0.000         
0.000         
0.000         
0.000         
0.000         
0.000         
0.000         
0.000         
0.000         
0.000         
0.000         
0.000         
0.000         
0.000         
0.000         
0.000         
0.000         
0.000         
0.000         
0.000         
0.000         
0.000         
0.000         
0.000         
0.000         
0.000         
0.000         
0.000         
0.000         
0.000         
0.000         
0.000         
0.000         
0.000         
0.000         
0.000         
0.000         
0.000         
0.000         
0.000         
0.000         
0.000         
0.000         
0.000         
0.000         
0.000         
0.000         
0.000         
0.000         
0.000         
0.000         
0.000         
0.000         
0.000         
0.000         
0.000         
0.000         
0.000         
0.000         
0.000         
0.000         
0.000         
0.000         
0.000         
0.000         
0.000         
0.000         
0.000         
0.000         
0.000         
0.000         
0.000         
0.000         
0.000         
0.000         
0.000         
0.000         
0.000         
0.000         
0.000         
0.000         
0.000         
0.000         
0.000         
0.000         
0.000         
0.000         
0.000         
0.000         
0.000         
0.000         
0.000         
0.000         
0.000         
0.000         
0.000         
0.000         
0.000         
0.000         
0.000         
0.000         
0.000         
0.000         
0.000         
0.000         
0.000         
0.000         
0.000         
0.000         
0.000         
0.000         
0.000         
0.000         
0.000         
0.000         
0.000         
0.000         
0.000         
0.000         
0.000         
0.000         
0.000         
0.000         
0.000         
0.000         
0.000         
0.000         
0.000         
0.000         
0.000         
0.000         
0.000         
0.000         
0.000         
0.000         
0.000         
0.000         
0.000         
0.000         
0.000         
0.000         
0.000         
0.000         
0.000         
0.000         
0.000         
0.000         
0.000         
0.000         
0.000         
0.000         
0.000         
0.000         
0.000         
0.000         
0.000         
0.000         
0.000         
0.000         
0.000         
0.000         
0.000         
0.000         
0.000         
0.000         
0.000         
0.000         
0.000         
0.000         
0.000         
0.000         
0.000         
0.000         
0.000         
0.000         
0.000         
0.000         
0.000         
0.000         
0.000         
0.000         
0.000         
0.000         
0.000         
0.000         
0.000         
0.000         
0.000         
0.000         
0.000         
0.000         
0.000         
0.000         
0.000         
0.000         
0.000         
0.000         
0.000         
0.000         
0.000         
0.000         
0.000         
0.000         
0.000         
0.000         
0.000         
0.000         
0.000         
0.000         
0.000         
0.000         
0.000         
0.000         
0.000         
0.000         
0.000         
0.000         
0.000         
0.000         
0.000         
0.000         
0.000         
0.000         
0.000         
0.000         
0.000         
0.000         
0.000         
0.000         
0.000         
0.000         
0.000         
0.000         
0.000         
0.000         
0.000         
0.000         
0.000         
0.000         
0.000         
25.495        
48.144        
1.215         
34.051        
13.313        
3.517         
4.264         
2.975         
3.638         
1.726         
0.738         
1.464         
14.466        
6.245         
14.514        
24.462        
9.961         
0.709         
1.023         
0.629         
0.001         
9.680         
0.250         
2.158         
1.946         
4.889         
0.157         
10.674        
1.946         
0.730         
0.084         
2.096         
4.751         
0.520         
0.010         
1.173         
9.838         
4.078         
0.000         
0.125         
0.355         
0.278         
0.000         
0.020         
0.000         
0.002         
0.011         
22.554        
0.007         
0.010         
0.000         
0.009         
3.014         
1.336         
0.695         
0.000         
0.916         
3.745         
0.962         
0.001         
8.697         
3.012         
0.618         
0.031         
0.057         
1.979         
1.589         
7.957         
2.433         
0.360         
20.644        
8.420         
1.796         
6.861         
8.077         
7.940         
0.061         
0.123         
0.014         
5.845         
1.945         
0.527         
3.455         
6.331         
2.063         
1.644         
47.322        
0.074         
13.347        
1.050         
2.358         
13.097        
1.037         
0.003         
5.341         
0.359         
27.395        
0.084         
0.035         
19.259        
0.331         
0.718         
6.609         
0.278         
9.089         
1.143         
1.552         
0.004         
2.533         
2.139         
7.654         
1.517         
1.576         
0.563         
5.437         
4.464         
0.026         
0.278         
0.937         
0.141         
5.893         
0.000         
0.348         
7.848         
2.503         
4.651         
3.208         
8.146         
8.758         
0.648         
6.159         
0.026         
0.369         
0.122         
1.018         
3.270         
14.120        
4.111         
0.008         
0.596         
5.634         
0.019         
0.344         
4.655         
0.575         
0.705         
0.232         
0.000         
0.000         
1.391         
0.089         
6.598         
0.000         
0.000         
14.738        
3.567         
4.028         
11.550        
20.914        
1.429         
0.018         
2.063         
3.893         
0.051         
0.000         
2.709         
0.433         
0.080         
1.388         
11.277        
1.725         
0.993         
0.001         
108.921       
0.963         
6.569         
15.685        
3.467         
3.810         
8.495         
7.138         
1.434         
6.173         
0.005         
24.610        
20.670        
23.339        
0.519         
2.321         
1.404         
4.661         
11.588        
5.473         
0.841         
16.923        
1.735         
6.670         
4.680         
6.026         
5.376         
0.008         
2.542         
1.203         
0.462         
0.023         
10.456        
107.052       
0.215         
0.010         
0.002         
1.088         
10.240        
22.332        
1.073         
34.848        
17.792        
0.282         
12.030        
5.867         
96.847        
22.098        
3.397         
6.237         
16.911        
3.840         
9.803         
15.525        
2.081         
19.200        
47.473        
117.194       
0.725         
222.663       
14.592        
25.310        
39.645        
38.467        
56.050        
145.389       
4.418         
16.366        
39.084        
0.016         
3.130         
0.631         
4.022         
28.706        
0.330         
1.670         
0.671         
0.413         
20.243        
0.299         
6.177         
0.369         
1.189         
0.242         
7.322         
0.181         
0.005         
3.907         
2.920         
0.340         
0.401         
16.877        
2.497         
18.794        
7.044         
7.272         
1.056         
0.000         
0.137         
0.000         
10.040        
8.798         
0.003         
0.000         
2.784         
52.237        
0.071         
0.010         
7.727         
1.205         
0.485         
2.356         
5.775         
0.766         
10.535        
0.703         
5.804         
3.422         
13.250        
4.504         
1.356         
0.475         
2.544         
1.114         
2.862         
20.497        
12.940        
3.193         
0.060         
0.906         
4.865         
9.614         
0.083         
2.321         
1.644         
0.000         
0.595         
0.780         
2.140         
3.361         
1.776         
1.948         
2.288         
2.161         
2.613         
10.005        
0.014         
3.596         
0.005         
0.000         
0.318         
11.102        
0.049         
0.105         
0.004         
0.004         
0.040         
0.000         
1.171         
2.751         
1.908         
0.001         
0.600         
0.039         
0.500         
0.009         
0.046         
0.009         
0.000         
0.027         
0.123         
0.001         
3.704         
0.000         
6.006         
3.358         
0.000         
0.119         
0.000         
0.031         
1.362         
1.377         
0.077         
1.261         
3.418         
0.849         
0.661         
1.556         
1.620         
0.024         
4.551         
0.360         
0.283         
1.116         
6.121         
1.810         
9.255         
5.887         
16.797        
1.242         
2.274         
5.638         
11.609        
13.526        
7.402         
4.302         
20.940        
0.265         
34.308        
13.432        
25.487        
4.256         
4.954         
31.183        
7.545         
0.812         
7.196         
0.150         
6.326         
0.714         
16.160        
0.849         
17.229        
0.093         
0.476         
0.017         
0.000         
0.023         
0.054         
0.001         
16.361        
0.002         
0.278         
0.348         
3.207         
2.637         
4.343         
6.589         
0.554         
0.027         
0.292         
39.101        
13.497        
0.028         
2.095         
42.295        
0.561         
15.935        
7.095         
0.942         
4.026         
0.007         
3.289         
0.013         
2.423         
1.534         
0.057         
5.383         
7.624         
0.277         
0.007         
0.000         
4.819         
1.413         
1.849         
5.619         
4.633         
13.095        
1.219         
0.044         
1.297         
2.034         
12.948        
0.384         
4.442         
8.991         
6.760         
8.687         
9.720         
14.365        
48.740        
7.878         
1.417         
0.099         
0.479         
3.830         
7.070         
26.362        
32.258        
0.000         
0.000         
0.000         
0.000         
0.000         
0.000         
0.000         
0.000         
0.000         
0.000         
0.000         
0.000         
0.000         
0.000         
0.000         
0.000         
0.000         
0.000         
0.000         
0.000         
0.000         
0.000         
0.000         
0.000         
0.000         
0.000         
0.000         
0.000         
0.000         
0.000         
0.000         
0.000         
0.000         
0.000         
0.000         
0.000         
0.000         
0.000         
0.000         
0.000         
0.000         
0.000         
0.000         
0.000         
0.000         
0.000         
0.000         
0.000         
0.000         
0.000         
0.000         
0.000         
0.000         
0.000         
0.000         
0.000         
0.000         
0.000         
0.000         
0.000         
0.000         
0.000         
0.000         
0.000         
0.000         
0.000         
0.000         
0.000         
0.000         
0.000         
0.000         
0.000         
0.000         
0.000         
0.000         
0.000         
0.000         
0.000         
0.000         
41.947        
12.511        
9.058         
13.507        
1.433         
0.000         
2.573         
2.289         
23.669        
4.366         
11.287        
3.466         
0.791         
2.222         
2.166         
9.399         
1.943         
2.020         
0.000         
3.320         
0.060         
4.590         
0.000         
22.060        
3.414         
0.063         
2.490         
0.036         
30.450        
5.616         
0.176         
1.893         
1.216         
15.026        
3.445         
2.918         
6.037         
33.166        
0.110         
73.577        
15.941        
9.127         
0.177         
6.581         
0.000         
0.000         
0.000         
0.000         
0.000         
0.000         
0.000         
0.000         
0.000         
0.000         
0.000         
0.000         
0.000         
0.000         
0.000         
0.000         
0.000         
0.000         
0.000         
0.000         
0.000         
0.000         
0.000         
0.000         
0.000         
0.000         
0.000         
0.000         
0.000         
0.000         
0.000         
0.000         
0.000         
0.000         
0.000         
0.000         
0.000         
0.000         
0.000         
0.000         
0.000         
0.000         
0.000         
0.000         
0.000         
0.000         
0.000         
0.000         
0.000         
0.000         
0.000         
0.000         
0.000         
0.000         
0.000         
0.000         
0.000         
0.000         
0.000         
0.000         
0.000         
0.000         
0.000         
0.000         
0.000         
0.000         
0.000         
0.000         
0.000         
0.000         
0.000         
0.000         
0.000         
0.000         
0.000         
0.000         
0.000         
0.000         
0.000         
0.000         
0.000         
0.000         
0.000         
0.000         
0.000         
0.000         
0.000         
0.000         
0.000         
0.000         
0.000         
0.000         
0.000         
0.000         
0.000         
0.000         
0.000         
0.000         
0.000         
0.000         
0.000         
0.000         
0.000         
0.000         
0.000         
0.000         
0.000         
0.000         
0.000         
0.000         
0.000         
0.000         
0.000         
0.000         
0.000         
0.000         
0.000         
0.000         
0.000         
0.000         
0.000         
0.000         
0.000         
0.000         
0.000         
0.000         
0.000         
0.000         
0.000         
0.000         
0.000         
0.000         
0.000         
0.000         
0.000         
0.000         
0.000         
0.000         
0.000         
0.000         
0.000         
0.000         
0.000         
0.000         
0.000         
0.000         
0.000         
0.000         
0.000         
0.000         
0.000         
0.000         
0.000         
0.000         
0.000         
0.000         
0.000         
0.000         
0.000         
0.000         
0.000         
0.000         
0.000         
0.000         
0.000         
0.000         
0.000         
0.000         
0.000         
0.000         
0.000         
0.000         
0.000         
0.000         
0.000         
0.000         
0.000         
0.000         
0.000         
0.000         
0.000         
0.000         
0.000         
0.000         
0.000         
0.000         
0.000         
0.000         
0.000         
0.000         
0.000         
0.000         
0.000         
0.000         
0.000         
0.000         
0.000         
0.000         
0.000         
0.000         
0.000         
0.000         
0.000         
0.000         
0.000         
0.000         
0.000         
0.000         
0.000         
0.000         
0.000         
0.000         
0.000         
0.000         
0.000         
0.000         
0.000         
0.000         
0.000         
0.000         
0.000         
0.000         
0.000         
0.000         
0.000         
0.000         
0.000         
0.000         
0.000         
0.000         
0.000         
0.000         
0.000         
0.000         
0.000         
0.000         
0.000         
0.000         
0.000         
0.000         
0.000         
0.000         
0.000         
0.000         
0.000         
0.000         
0.000         
0.000         
0.000         
0.000         
0.000         
0.000         
0.000         
0.000         
0.000         
0.000         
0.000         
0.000         
0.000         
0.000         
0.000         
0.000         
0.000         
0.000         
0.000         
0.000         
0.000         
0.000         
0.000         
0.000         
0.000         
0.000         
0.000         
0.000         
0.000         
0.000         
0.000         
0.000         
0.000         
0.000         
0.000         
0.000         
0.000         
0.000         
0.000         
0.000         
0.000         
0.000         
0.000         
0.000         
0.000         
0.000         
0.000         
0.000         
0.000         
0.000         
0.000         
0.000         
0.000         
0.000         
0.000         
0.000         
0.000         
0.000         
0.000         
0.000         
0.000         
0.000         
0.000         
0.000         
0.000         
0.000         
0.000         
0.000         
0.000         
0.000         
0.000         
0.000         
0.000         
0.000         
0.000         
0.000         
0.000         
0.000         
0.000         
0.000         
0.000         
0.000         
0.000         
0.000         
0.000         
0.000         
0.000         
0.000         
0.000         
0.000         
0.000         
0.000         
0.030         
52.670        
6.543         
22.726        
1.949         
4.499         
19.853        
31.676        
4.832         
1.223         
1.203         
1.003         
0.073         
1.817         
0.016         
11.796        
0.003         
2.415         
5.590         
9.867         
30.971        
3.625         
0.000         
0.000         
0.000         
0.000         
0.000         
0.000         
0.000         
0.000         
0.000         
0.000         
0.000         
0.000         
0.000         
0.000         
0.000         
0.000         
0.000         
0.000         
0.000         
0.000         
0.000         
0.000         
0.000         
0.000         
0.000         
0.000         
0.000         
0.000         
0.000         
0.000         
0.000         
0.000         
0.000         
0.000         
0.000         
0.000         
0.000         
0.000         
0.000         
0.000         
0.000         
0.000         
0.000         
0.000         
0.000         
0.000         
0.000         
0.000         
0.000         
0.000         
0.000         
0.000         
0.000         
0.000         
0.000         
0.000         
0.000         
0.000         
0.000         
0.000         
0.000         
0.000         
0.000         
0.000         
0.000         
0.000         
0.000         
0.000         
0.000         
0.000         
0.000         
0.000         
0.000         
0.000         
0.000         
0.000         
0.000         
0.000         
0.000         
0.000         
0.000         
0.000         
0.000         
0.000         
0.000         
0.000         
0.000         
0.000         
0.000         
0.000         
0.000         
0.000         
0.000         
0.000         
0.000         
0.000         
0.000         
0.000         
0.000         
0.000         
0.000         
0.000         
0.000         
0.000         
0.000         
0.000         
0.000         
0.000         
0.000         
0.000         
0.000         
0.000         
0.000         
0.000         
0.000         
0.000         
0.000         
0.000         
0.000         
0.000         
0.000         
0.000         
0.000         
0.000         
0.000         
0.000         
0.000         
0.000         
0.000         
0.000         
0.000         
0.000         
0.000         
0.000         
0.000         
0.000         
0.000         
0.000         
0.000         
0.000         
0.000         
0.000         
0.000         
0.000         
0.000         
0.000         
0.000         
0.000         
0.000         
0.000         
0.000         
0.000         
0.000         
0.000         
0.000         
0.000         
0.000         
0.000         
0.000         
0.000         
0.000         
0.000         
0.000         
0.000         
0.000         
0.000         
0.000         
0.000         
0.000         
0.000         
0.000         
0.000         
0.000         
0.000         
0.000         
0.000         
0.000         
0.000         
0.000         
0.000         
0.000         
0.000         
0.000         
0.000         
0.000         
0.000         
0.000         
0.000         
0.000         
0.000         
0.000         
0.000         
0.000         
0.000         
0.000         
0.000         
0.000         
0.000         
0.000         
0.000         
0.000         
0.000         
0.000         
0.000         
0.000         
0.000         
0.000         
0.000         
0.000         
0.000         
0.000         
0.000         
0.000         
0.000         
0.000         
0.000         
0.000         
0.000         
0.000         
0.000         
0.000         
0.000         
0.000         
0.000         
0.000         
0.000         
0.000         
0.000         
0.000         
0.000         
0.000         
0.000         
0.000         
0.000         
0.000         
0.000         
0.000         
0.000         
0.000         
0.000         
0.000         
0.000         
0.000         
0.000         
0.000         
0.000         
0.000         
0.000         
0.000         
0.000         
0.000         
0.000         
0.000         
0.000         
0.000         
0.000         
0.000         
0.000         
0.000         
0.000         
0.000         
0.000         
0.000         
0.000         
0.000         
0.000         
0.000         
0.000         
0.000         
0.000         
0.000         
0.000         
0.000         
0.000         
0.000         
0.000         
0.000         
0.000         
0.000         
0.000         
0.000         
0.000         
0.000         
0.000         
0.000         
0.000         
0.000         
0.000         
0.000         
0.000         
0.000         
0.000         
0.000         
0.000         
0.000         
0.000         
0.000         
0.000         
0.000         
0.000         
0.000         
0.000         
0.000         
0.000         
0.000         
0.000         
0.000         
0.000         
0.000         
0.000         
0.000         
0.000         
0.000         
0.000         
0.000         
0.000         
0.000         
0.000         
0.000         
0.000         
0.000         
0.000         
0.000         
0.000         
0.000         
0.000         
0.000         
0.000         
0.000         
0.000         
0.000         
0.000         
0.000         
0.000         
0.000         
0.000         
0.000         
0.000         
0.000         
0.000         
0.000         
0.000         
0.000         
0.000         
0.000         
0.000         
0.000         
0.000         
0.000         
0.000         
0.000         
0.000         
0.000         
0.000         
0.000         
0.000         
0.000         
0.000         
0.000         
0.000         
0.000         
0.000         
0.000         
0.000         
0.000         
0.000         
0.000         
0.000         
0.000         
0.000         
0.000         
0.000         
0.000         
0.000         
0.000         
0.000         
0.000         
0.000         
0.000         
0.000         
0.000         
0.000         
0.000         
0.000         
0.000         
0.000         
0.000         
0.000         
0.000         
0.000         
0.000         
0.000         
0.000         
0.000         
0.000         
0.000         
0.000         
0.000         
0.000         
0.000         
0.000         
0.000         
0.000         
0.000         
0.000         
0.000         
0.000         
0.000         
0.000         
0.000         
0.000         
0.000         
0.000         
0.000         
0.000         
0.000         
0.000         
0.000         
0.000         
0.000         
0.000         
0.000         
0.000         
0.000         
0.000         
0.000         
0.000         
0.000         
0.000         
0.000         
0.000         
0.000         
0.000         
0.000         
0.000         
0.000         
0.000         
0.000         
0.000         
0.000         
0.000         
0.000         
0.000         
0.000         
0.000         
0.000         
0.000         
0.000         
0.000         
0.000         
0.000         
0.000         
0.000         
0.000         
0.000         
0.000         
0.000         
0.000         
0.000         
0.000         
0.000         
0.000         
0.000         
0.000         
0.000         
0.000         
0.000         
0.000         
0.000         
0.000         
0.000         
0.000         
0.000         
0.000         
0.000         
0.000         
0.000         
0.000         
0.000         
0.000         
0.000         
0.000         
0.000         
0.000         
0.000         
0.000         
0.000         
0.000         
0.000         
0.000         
0.000         
0.000         
0.000         
0.000         
0.000         
0.000         
0.000         
0.000         
0.000         
0.000         
0.000         
0.000         
0.000         
0.000         
0.000         
0.000         
0.000         
0.000         
0.000         
0.000         
0.000         
0.000         
0.000         
0.000         
0.000         
0.000         
0.000         
0.000         
0.000         
0.000         
0.000         
0.000         
0.000         
0.000         
0.000         
0.000         
0.000         
0.000         
0.000         
0.000         
0.000         
0.000         
0.000         
0.000         
0.000         
0.000         
0.000         
0.000         
0.000         
0.000         
0.000         
0.000         
0.000         
0.000         
0.000         
0.000         
0.000         
0.000         
0.000         
0.000         
0.000         
0.000         
0.000         
0.000         
0.000         
0.000         
0.000         
0.000         
0.000         
0.000         
0.000         
0.000         
0.000         
0.000         
0.000         
0.000         
0.000         
0.000         
0.000         
0.000         
0.000         
0.000         
0.000         
0.000         
0.000         
0.000         
0.000         
0.000         
0.000         
0.000         
0.000         
0.000         
0.000         
0.000         
0.000         
0.000         
0.000         
0.000         
0.000         
0.000         
0.000         
0.000         
0.000         
0.000         
0.000         
0.000         
0.000         
0.000         
0.000         
0.000         
0.000         
0.000         
0.000         
0.000         
0.000         
0.000         
0.000         
0.000         
0.000         
0.000         
0.000         
0.000         
0.000         
0.000         
0.000         
0.000         
0.000         
0.000         
0.000         
0.000         
0.000         
0.000         
0.000         
0.000         
0.000         
0.000         
0.000         
0.000         
0.000         
0.000         
0.000         
0.000         
0.000         
0.000         
0.000         
0.000         
0.000         
0.000         
0.000         
0.000         
0.000         
0.000         
0.000         
0.000         
0.000         
0.000         
0.000         
0.000         
0.000         
0.000         
0.000         
0.000         
0.000         
0.000         
0.000         
0.000         
0.000         
0.000         
0.000         
0.000         
0.000         
0.000         
0.000         
0.000         
0.000         
0.000         
0.000         
0.000         
0.000         
0.000         
0.000         
0.000         
0.000         
0.000         
0.000         
0.000         
0.000         
0.000         
0.000         
0.000         
0.000         
0.000         
0.000         
1.620         
0.015         
100.324       
46.863        
3.786         
0.000         
6.982         
0.010         
3.999         
7.012         
13.223        
51.740        
14.561        
21.237        
7.186         
9.188         
0.098         
24.959        
9.743         
0.039         
0.288         
0.042         
1.955         
1.251         
0.405         
28.836        
16.283        
14.399        
3.060         
5.479         
2.086         
6.452         
6.169         
21.645        
7.003         
3.587         
7.086         
9.342         
6.714         
9.831         
0.035         
2.929         
9.106         
44.358        
25.505        
22.452        
14.173        
23.966        
31.778        
19.081        
95.996        
74.778        
1.331         
29.442        
14.899        
5.163         
25.089        
0.078         
29.472        
43.644        
36.876        
22.239        
69.371        
4.003         
0.105         
0.624         
116.767       
17.454        
54.382        
63.867        
4.687         
0.000         
0.000         
0.000         
0.000         
0.000         
0.000         
0.000         
0.000         
0.000         
0.000         
0.000         
0.000         
0.000         
0.000         
0.000         
0.000         
0.000         
0.000         
0.000         
0.000         
0.000         
0.000         
0.000         
0.000         
0.000         
0.000         
0.000         
0.000         
0.000         
0.000         
0.000         
0.000         
0.000         
0.000         
0.000         
0.000         
0.000         
0.000         
0.000         
0.000         
0.000         
0.000         
0.000         
0.000         
0.000         
0.000         
0.000         
0.000         
0.000         
0.000         
0.000         
0.000         
0.000         
0.000         
0.000         
0.000         
0.000         
0.000         
0.000         
0.000         
0.000         
0.000         
0.000         
0.000         
0.000         
0.000         
0.000         
0.000         
0.000         
0.000         
0.000         
0.000         
0.000         
0.000         
0.000         
0.000         
0.000         
0.000         
0.000         
0.000         
0.000         
0.000         
0.000         
0.000         
0.000         
0.000         
0.000         
0.000         
0.000         
0.000         
0.000         
0.000         
0.000         
0.000         
0.000         
0.000         
0.000         
0.000         
0.000         
0.000         
0.000         
0.000         
0.000         
0.000         
0.000         
0.000         
0.000         
0.000         
0.000         
0.000         
0.000         
0.000         
0.000         
0.000         
0.000         
0.000         
0.000         
0.000         
0.000         
0.000         
0.000         
0.000         
0.000         
0.000         
0.000         
0.000         
0.000         
0.000         
0.000         
0.000         
0.000         
0.000         
0.000         
0.000         
0.000         
0.000         
0.000         
0.000         
0.000         
0.000         
0.000         
0.000         
0.000         
0.000         
0.000         
0.000         
0.000         
0.000         
0.000         
0.000         
0.000         
0.000         
0.000         
0.000         
0.000         
0.000         
0.000         
0.000         
0.000         
0.000         
0.000         
0.000         
0.000         
0.000         
0.000         
0.000         
0.000         
0.000         
0.000         
0.000         
0.000         
0.000         
0.000         
0.000         
0.000         
0.000         
0.000         
0.000         
0.000         
0.000         
0.000         
0.000         
0.000         
0.000         
0.000         
0.000         
0.000         
0.000         
0.000         
0.000         
0.000         
0.000         
0.000         
0.000         
0.000         
0.000         
0.000         
0.000         
0.000         
0.000         
0.000         
0.000         
0.000         
0.000         
0.000         
0.000         
0.000         
0.000         
0.000         
0.000         
0.000         
0.000         
0.000         
0.000         
0.000         
0.000         
0.000         
0.000         
0.000         
0.000         
0.000         
0.000         
0.000         
0.000         
0.000         
0.000         
0.000         
0.000         
0.000         
0.000         
0.000         
0.000         
0.000         
0.000         
0.000         
0.000         
0.000         
0.000         
0.000         
0.000         
0.000         
0.000         
0.000         
0.000         
0.000         
0.000         
0.000         
0.000         
0.000         
0.000         
0.000         
0.000         
0.000         
0.000         
0.000         
0.000         
0.000         
0.000         
0.000         
0.000         
0.000         
0.000         
0.000         
0.000         
0.000         
0.000         
0.000         
0.000         
0.000         
0.000         
0.000         
0.000         
0.000         
0.000         
0.000         
0.000         
0.000         
0.000         
0.000         
0.000         
0.000         
0.000         
0.000         
0.000         
0.000         
0.000         
0.000         
0.000         
0.000         
0.000         
0.000         
0.000         
0.000         
0.000         
0.000         
0.000         
0.000         
0.000         
0.000         
0.594         
2.545         
0.029         
1.047         
16.878        
1.260         
1.984         
3.098         
0.582         
0.348         
0.172         
0.031         
0.719         
25.627        
0.894         
9.675         
0.005         
0.264         
0.000         
1.181         
2.512         
0.000         
1.060         
1.936         
5.913         
144.211       
3.817         
0.601         
8.936         
25.532        
7.990         
27.553        
18.454        
14.130        
20.024        
0.003         
17.893        
19.806        
0.496         
4.698         
2.096         
9.771         
7.825         
1.365         
57.187        
7.415         
94.478        
72.166        
5.547         
106.311       
42.489        
102.711       
66.152        
0.826         
26.514        
22.111        
9.052         
4.224         
8.415         
20.181        
0.000         
0.000         
0.000         
0.000         
0.000         
0.000         
0.000         
0.000         
0.000         
0.000         
0.000         
0.000         
0.000         
0.000         
0.000         
0.000         
0.000         
0.000         
0.000         
0.000         
0.000         
0.000         
0.000         
0.000         
0.000         
0.000         
0.000         
0.000         
0.000         
0.000         
0.000         
0.000         
0.000         
0.000         
0.000         
0.000         
0.000         
0.000         
0.000         
0.000         
0.000         
0.000         
0.000         
0.000         
0.000         
0.000         
0.000         
0.000         
0.000         
0.000         
0.000         
0.000         
0.000         
0.000         
0.000         
0.000         
0.000         
0.000         
0.000         
0.000         
0.000         
0.000         
0.000         
0.000         
0.000         
0.000         
0.000         
0.000         
0.000         
0.000         
0.000         
0.000         
0.000         
0.000         
0.000         
0.000         
0.000         
0.000         
0.000         
0.000         
0.000         
0.000         
0.000         
0.000         
0.000         
0.000         
0.000         
0.000         
0.000         
0.000         
0.000         
0.000         
0.000         
0.000         
0.000         
0.000         
0.000         
0.000         
0.000         
0.000         
0.000         
0.000         
0.000         
0.000         
0.000         
0.000         
0.000         
0.000         
0.000         
0.000         
0.000         
0.000         
0.000         
0.000         
0.000         
0.000         
0.000         
0.000         
0.000         
0.000         
0.000         
0.000         
0.000         
0.000         
0.000         
0.000         
0.000         
0.000         
0.000         
0.000         
0.000         
0.000         
0.000         
0.000         
0.000         
0.000         
0.000         
0.000         
0.000         
0.000         
0.000         
0.000         
0.000         
0.000         
0.000         
0.000         
0.000         
0.000         
0.000         
0.000         
0.000         
0.000         
0.000         
0.000         
0.000         
0.000         
0.000         
0.000         
0.000         
0.000         
0.000         
0.000         
0.000         
0.000         
0.000         
0.000         
0.000         
0.000         
0.000         
0.000         
0.000         
0.000         
0.000         
0.000         
0.000         
0.000         
0.000         
0.000         
0.000         
0.000         
0.000         
0.000         
0.000         
0.000         
0.000         
0.000         
0.000         
0.000         
0.000         
0.000         
0.000         
0.000         
0.000         
0.000         
0.000         
0.000         
0.000         
0.000         
0.000         
0.000         
0.000         
0.000         
0.000         
0.000         
0.000         
0.000         
0.000         
0.000         
0.000         
0.000         
0.000         
0.000         
0.000         
0.000         
0.000         
0.000         
0.000         
0.000         
0.000         
0.000         
0.000         
0.000         
0.000         
0.000         
0.000         
0.000         
0.000         
0.000         
0.000         
0.000         
0.000         
0.000         
0.000         
0.000         
0.000         
0.000         
0.000         
0.000         
0.000         
0.000         
0.000         
0.000         
0.000         
0.000         
0.000         
0.000         
0.000         
0.000         
0.000         
0.000         
0.000         
0.000         
0.000         
0.000         
0.000         
0.000         
0.000         
0.000         
0.000         
0.000         
0.000         
0.000         
0.000         
0.000         
0.000         
0.000         
0.000         
0.000         
0.000         
0.000         
0.000         
0.000         
0.000         
0.000         
0.000         
0.000         
0.000         
0.000         
0.000         
0.000         
0.000         
0.000         
0.000         
0.000         
0.000         
0.000         
0.000         
0.000         
0.000         
0.000         
0.000         
0.000         
0.000         
0.000         
0.000         
0.000         
0.000         
0.000         
0.000         
0.000         
0.000         
0.000         
0.000         
0.000         
0.000         
0.000         
0.000         
0.000         
0.000         
0.000         
0.000         
0.000         
0.000         
0.000         
0.000         
0.000         
0.000         
0.000         
0.000         
0.000         
0.000         
0.000         
0.000         
0.000         
0.000         
0.000         
0.000         
0.000         
0.000         
0.000         
0.000         
0.000         
0.000         
0.000         
0.000         
0.000         
0.000         
0.000         
0.000         
0.000         
0.000         
0.000         
0.000         
0.000         
0.000         
0.000         
0.000         
0.000         
0.000         
0.000         
0.000         
0.000         
0.000         
0.000         
0.000         
0.000         
0.000         
0.000         
0.000         
0.000         
0.000         
0.000         
0.000         
0.000         
0.000         
0.000         
0.000         
0.000         
0.000         
0.000         
0.000         
0.000         
0.000         
0.000         
0.000         
0.000         
0.000         
0.000         
0.000         
0.000         
0.000         
0.000         
0.000         
0.000         
0.000         
0.000         
0.000         
0.000         
0.000         
0.000         
0.000         
0.000         
0.000         
0.000         
0.000         
0.000         
0.000         
0.000         
0.000         
0.000         
0.000         
0.000         
0.000         
0.000         
0.000         
0.000         
0.000         
0.000         
0.000         
0.000         
0.000         
0.000         
0.000         
0.000         
0.000         
0.000         
0.000         
0.000         
0.000         
0.000         
0.000         
0.000         
0.000         
0.000         
0.000         
0.000         
0.000         
0.000         
0.000         
0.000         
0.000         
0.000         
0.000         
0.000         
0.000         
0.000         
0.000         
0.000         
0.000         
0.000         
0.000         
0.000         
0.000         
0.000         
0.000         
0.000         
0.000         
0.000         
0.000         
0.000         
0.000         
0.000         
0.000         
0.000         
0.000         
0.000         
0.000         
0.000         
0.000         
0.000         
0.000         
0.000         
0.000         
0.000         
0.000         
0.000         
0.000         
0.000         
0.000         
0.000         
0.000         
0.000         
0.000         
0.000         
0.000         
0.000         
0.000         
0.000         
0.000         
0.000         
0.000         
0.000         
0.000         
0.000         
0.000         
0.000         
0.000         
0.000         
0.000         
0.000         
0.000         
0.000         
0.000         
0.000         
0.000         
0.000         
0.000         
0.000         
0.000         
0.000         
0.000         
0.000         
0.000         
0.000         
0.000         
0.000         
0.000         
0.000         
0.000         
0.000         
0.000         
0.000         
0.000         
0.000         
0.000         
0.000         
0.000         
0.000         
0.000         
0.000         
0.000         
0.000         
0.000         
0.000         
0.000         
0.000         
0.000         
0.000         
0.000         
0.000         
0.000         
0.000         
0.000         
0.000         
0.000         
0.000         
0.000         
0.000         
0.000         
0.000         
0.000         
0.000         
0.000         
0.000         
0.000         
0.000         
0.000         
0.000         
0.000         
0.000         
0.000         
0.000         
0.000         
0.000         
0.000         
0.000         
0.000         
0.000         
0.000         
0.000         
0.000         
0.000         
0.000         
0.000         
0.000         
0.000         
0.000         
0.000         
0.000         
0.000         
0.000         
0.000         
0.000         
0.000         
0.000         
0.000         
0.000         
0.000         
0.000         
0.000         
0.000         
0.000         
0.000         
0.000         
0.000         
0.000         
0.000         
0.000         
0.000         
0.000         
0.000         
0.000         
0.000         
0.000         
0.000         
0.000         
0.000         
0.000         
0.000         
0.000         
0.000         
0.000         
0.000         
0.000         
0.000         
0.000         
0.000         
0.000         
0.000         
0.000         
0.000         
0.000         
0.000         
0.000         
0.000         
0.000         
0.000         
0.000         
0.000         
0.000         
0.000         
0.000         
0.000         
0.000         
0.000         
0.000         
0.000         
0.000         
0.000         
0.000         
0.000         
0.000         
0.000         
0.000         
0.000         
0.000         
0.000         
0.000         
0.000         
0.000         
0.000         
0.000         
0.000         
0.000         
0.000         
0.000         
0.000         
0.000         
0.000         
0.000         
0.000         
0.000         
0.000         
0.000         
0.000         
0.000         
0.000         
0.000         
0.000         
0.000         
0.000         
0.000         
0.000         
0.000         
0.000         
0.000         
0.000         
0.000         
0.000         
0.000         
0.000         
0.000         
0.000         
0.000         
0.000         
0.000         
0.000         
0.000         
0.000         
0.000         
0.000         
0.000         
0.000         
0.000         
0.000         
0.000         
0.000         
0.000         
0.000         
0.000         
0.000         
0.000         
0.000         
0.000         
0.000         
0.000         
0.000         
0.000         
0.000         
0.000         
0.000         
0.000         
0.000         
0.000         
0.000         
0.000         
0.000         
0.000         
0.000         
0.000         
0.000         
0.000         
0.000         
0.000         
0.000         
0.000         
0.000         
0.000         
0.000         
0.000         
0.000         
0.000         
0.000         
0.000         
0.000         
0.000         
0.000         
0.000         
0.000         
0.000         
0.000         
0.000         
0.000         
0.000         
0.000         
0.000         
0.000         
0.000         
0.000         
0.000         
0.000         
0.000         
0.000         
0.000         
0.000         
0.000         
0.000         
0.000         
0.000         
0.000         
0.000         
0.000         
0.000         
0.000         
0.000         
0.000         
0.000         
0.000         
0.000         
0.000         
0.000         
0.000         
0.000         
0.000         
0.000         
0.000         
0.000         
0.000         
0.000         
0.000         
0.000         
0.000         
0.000         
0.000         
0.000         
0.000         
0.000         
0.000         
0.000         
0.000         
0.000         
0.000         
0.000         
0.000         
0.000         
0.000         
0.000         
0.000         
0.000         
0.000         
0.000         
0.000         
0.000         
0.000         
0.000         
0.000         
0.000         
0.000         
0.000         
0.000         
0.000         
0.000         
0.000         
0.000         
0.000         
0.000         
0.000         
0.000         
0.000         
0.000         
0.000         
0.000         
0.000         
0.000         
0.000         
0.000         
0.000         
0.000         
0.000         
0.000         
0.000         
0.000         
0.000         
0.000         
0.000         
0.000         
0.000         
0.000         
0.000         
0.000         
0.000         
0.000         
0.000         
0.000         
0.000         
0.000         
0.000         
0.000         
0.000         
0.000         
0.000         
0.000         
0.000         
0.000         
0.000         
0.000         
0.000         
0.000         
0.000         
0.000         
0.000         
0.000         
0.000         
0.000         
0.000         
0.000         
0.000         
0.000         
0.000         
0.000         
0.000         
0.000         
0.000         
0.000         
0.000         
0.000         
0.000         
0.000         
0.000         
0.000         
0.000         
0.000         
0.000         
0.000         
0.000         
0.000         
0.000         
0.000         
0.000         
0.000         
0.000         
0.000         
0.000         
0.000         
0.000         
0.000         
0.000         
0.000         
0.000         
0.000         
0.000         
0.000         
0.000         
0.000         
0.000         
0.000         
0.000         
0.000         
0.000         
0.000         
0.000         
0.000         
0.000         
0.000         
0.000         
0.000         
0.000         
0.000         
0.000         
0.000         
0.000         
0.000         
0.000         
0.000         
0.000         
0.000         
0.000         
0.000         
0.000         
0.000         
0.000         
0.000         
0.000         
0.000         
0.000         
0.000         
0.000         
0.000         
0.000         
0.000         
0.000         
0.000         
0.000         
0.000         
0.000         
0.000         
0.000         
0.000         
0.000         
0.000         
0.000         
0.000         
0.000         
0.000         
0.000         
0.000         
0.000         
0.000         
0.000         
0.000         
0.000         
0.000         
0.000         
0.000         
0.000         
0.000         
0.000         
0.000         
0.000         
0.000         
0.000         
0.000         
0.000         
0.000         
0.000         
0.000         
0.000         
0.000         
0.000         
0.000         
0.000         
0.000         
0.000         
0.000         
0.000         
0.000         
0.000         
0.000         
0.000         
0.000         
0.000         
0.000         
0.000         
0.000         
0.000         
0.000         
0.000         
0.000         
0.000         
0.000         
0.000         
0.000         
0.000         
0.000         
0.000         
0.000         
0.000         
0.000         
0.000         
0.000         
0.000         
0.000         
0.000         
0.000         
0.000         
0.000         
0.000         
0.000         
0.000         
0.000         
0.000         
0.000         
0.000         
0.000         
0.000         
0.000         
0.000         
0.000         
0.000         
0.000         
0.000         
0.000         
0.000         
0.000         
0.000         
0.000         
0.000         
0.000         
0.000         
0.000         
0.000         
0.000         
0.000         
0.000         
0.000         
0.000         
0.000         
0.000         
0.000         
0.000         
7.769         
12.185        
1.520         
13.789        
0.803         
37.133        
1.707         
3.467         
5.346         
26.379        
7.112         
0.000         
1.869         
4.361         
15.751        
0.008         
2.662         
18.879        
1.535         
0.000         
0.015         
16.379        
4.995         
17.394        
0.000         
15.349        
3.591         
2.159         
5.542         
0.052         
1.705         
32.550        
2.188         
2.318         
22.339        
25.648        
147.177       
166.125       
21.082        
21.277        
0.001         
37.800        
16.024        
0.181         
106.615       
11.744        
0.337         
63.607        
1.527         
3.409         
0.934         
0.410         
49.239        
212.703       
8.999         
65.088        
1.226         
36.153        
20.230        
14.772        
15.408        
1.401         
55.148        
55.305        
428.142       
3.009         
0.276         
0.000         
13.024        
21.947        
31.802        
27.465        
6.894         
0.143         
2.986         
20.715        
0.000         
0.000         
0.000         
0.000         
0.000         
0.000         
0.000         
0.000         
0.000         
0.000         
0.000         
0.000         
0.000         
0.000         
0.000         
0.000         
0.000         
0.000         
0.000         
0.000         
0.000         
0.000         
0.000         
0.000         
0.000         
0.000         
0.000         
0.000         
0.000         
0.000         
0.000         
0.000         
0.000         
0.000         
0.000         
0.000         
0.000         
0.000         
0.000         
0.000         
0.000         
0.000         
0.000         
0.000         
0.000         
0.000         
0.000         
0.000         
0.000         
0.000         
0.000         
0.000         
0.000         
0.000         
0.000         
0.000         
0.000         
0.000         
0.000         
0.000         
0.000         
0.000         
2.369         
3.178         
18.527        
2.430         
0.134         
10.073        
1.494         
2.407         
3.055         
0.040         
0.819         
0.000         
10.113        
17.235        
1.548         
4.920         
0.280         
2.499         
1.240         
0.139         
7.320         
0.023         
1.328         
0.114         
0.138         
0.378         
0.001         
4.861         
0.001         
0.634         
0.011         
0.001         
0.079         
8.518         
0.849         
0.069         
1.123         
0.444         
3.555         
1.294         
0.537         
0.323         
0.017         
0.543         
0.003         
1.710         
0.026         
21.662        
3.739         
8.951         
7.985         
5.906         
2.585         
4.793         
6.625         
5.858         
0.624         
5.142         
12.408        
43.197        
4.006         
0.249         
8.672         
6.328         
0.180         
0.709         
3.726         
1.358         
1.037         
0.579         
31.268        
0.602         
1.959         
0.008         
0.003         
1.366         
2.760         
0.000         
0.029         
8.802         
0.559         
55.295        
0.820         
14.275        
2.358         
6.075         
0.651         
4.505         
0.001         
0.014         
3.777         
0.549         
4.318         
58.966        
18.231        
0.001         
0.005         
2.807         
11.865        
1.256         
7.050         
6.271         
21.512        
0.909         
13.794        
1.010         
4.754         
42.610        
6.073         
18.544        
6.692         
29.328        
18.954        
3.436         
71.382        
13.232        
5.920         
2.327         
0.001         
0.240         
0.411         
7.537         
41.123        
23.024        
11.800        
34.792        
8.154         
7.339         
72.644        
3.709         
12.623        
15.218        
6.542         
2.748         
1.118         
47.803        
0.735         
6.376         
0.580         
0.522         
0.000         
0.000         
0.000         
0.000         
0.000         
0.000         
0.000         
0.000         
0.000         
0.000         
0.000         
0.000         
0.000         
0.000         
0.000         
0.000         
0.000         
0.000         
0.000         
0.000         
0.000         
0.000         
0.000         
0.000         
0.000         
0.000         
0.000         
0.000         
0.000         
0.000         
0.000         
0.000         
0.000         
0.000         
0.000         
0.000         
0.000         
0.000         
0.000         
0.000         
0.000         
0.000         
0.000         
0.000         
0.000         
0.000         
0.000         
0.000         
0.000         
0.000         
0.000         
0.000         
0.000         
0.000         
0.000         
0.000         
0.000         
0.000         
0.000         
0.000         
0.000         
0.000         
0.000         
0.000         
0.000         
0.000         
0.000         
0.000         
0.000         
0.000         
0.000         
0.000         
0.000         
0.000         
0.000         
0.000         
0.000         
0.000         
0.000         
0.000         
0.000         
0.000         
0.000         
0.000         
1.273         
2.062         
0.686         
17.543        
1.825         
12.177        
0.866         
0.663         
2.381         
3.820         
2.109         
6.024         
3.878         
3.197         
44.056        
25.896        
86.933        
22.356        
0.012         
0.150         
50.221        
0.021         
23.838        
64.844        
5.195         
2.339         
9.597         
0.386         
14.015        
1.554         
0.000         
5.665         
1.193         
1.470         
3.241         
0.003         
4.262         
1.658         
5.883         
26.059        
13.941        
0.039         
9.293         
0.622         
10.837        
77.156        
8.676         
5.064         
8.216         
34.234        
16.447        
12.250        
12.521        
8.530         
40.118        
0.229         
9.258         
59.177        
66.598        
33.826        
6.953         
2.420         
188.786       
14.298        
42.399        
14.532        
29.078        
91.625        
0.744         
3.894         
4.200         
6.580         
4.416         
24.045        
19.990        
15.930        
0.639         
11.835        
22.054        
0.245         
0.117         
4.560         
0.000         
4.158         
6.808         
5.137         
0.516         
2.823         
2.774         
0.263         
47.705        
6.472         
2.658         
4.510         
1.120         
0.024         
0.079         
14.791        
19.551        
2.197         
25.413        
37.297        
43.413        
29.071        
26.315        
12.826        
5.278         
9.941         
59.691        
23.940        
2.375         
3.707         
0.000         
0.000         
0.000         
0.000         
0.000         
0.000         
0.000         
0.000         
0.000         
0.000         
0.000         
0.000         
0.000         
0.000         
0.000         
0.000         
0.000         
0.000         
0.000         
0.000         
0.000         
0.000         
0.000         
0.000         
0.000         
0.000         
0.000         
0.000         
0.000         
0.000         
0.000         
0.000         
0.000         
0.000         
0.000         
0.000         
0.000         
0.000         
0.000         
0.000         
0.000         
0.000         
0.000         
0.000         
0.000         
0.000         
0.000         
0.000         
0.000         
0.000         
0.000         
0.000         
0.000         
0.000         
0.000         
0.000         
0.000         
0.000         
0.000         
0.000         
0.000         
0.000         
0.000         
0.000         
0.000         
0.000         
0.000         
0.000         
0.000         
0.000         
0.000         
0.000         
0.000         
0.000         
0.000         
0.000         
0.000         
0.000         
0.000         
0.000         
0.000         
0.000         
0.000         
0.000         
0.000         
0.000         
0.000         
0.000         
0.000         
0.000         
0.000         
0.000         
0.000         
0.000         
0.000         
0.000         
0.000         
0.000         
0.000         
0.000         
0.000         
0.000         
0.000         
0.000         
0.000         
0.000         
0.000         
0.000         
0.000         
0.000         
0.000         
0.000         
0.000         
0.000         
0.000         
0.000         
0.000         
0.000         
0.000         
0.000         
0.000         
0.000         
0.000         
0.000         
0.000         
0.000         
0.000         
0.000         
0.000         
0.000         
0.000         
0.000         
0.000         
0.000         
0.000         
0.000         
0.000         
0.000         
0.000         
0.000         
0.000         
0.000         
0.000         
0.000         
0.000         
0.000         
0.000         
0.000         
0.000         
0.000         
0.000         
0.000         
0.000         
0.000         
0.000         
0.000         
0.000         
0.000         
0.000         
0.000         
0.000         
0.000         
0.000         
0.000         
0.000         
0.000         
0.000         
0.000         
0.000         
0.000         
0.000         
0.000         
0.000         
0.000         
0.000         
0.000         
0.000         
0.000         
0.000         
0.000         
0.000         
0.000         
0.000         
0.000         
0.000         
0.000         
0.000         
0.000         
0.000         
0.000         
0.000         
0.000         
0.000         
0.000         
0.000         
0.000         
0.000         
0.000         
0.000         
0.000         
0.000         
0.000         
0.000         
0.000         
0.000         
0.000         
0.000         
0.000         
0.000         
0.000         
0.000         
0.000         
0.000         
0.000         
0.000         
0.000         
0.000         
0.000         
0.000         
0.000         
0.000         
0.000         
0.000         
0.000         
0.000         
0.000         
0.000         
0.000         
0.000         
0.000         
0.000         
0.000         
0.000         
0.000         
0.000         
0.000         
0.000         
0.000         
0.000         
0.000         
0.000         
0.000         
0.000         
0.000         
0.000         
0.000         
0.000         
0.000         
0.290         
0.000         
1.451         
0.305         
0.000         
8.520         
16.917        
0.249         
6.255         
13.720        
0.507         
1.132         
6.963         
13.174        
0.274         
19.583        
0.433         
10.408        
6.652         
0.011         
4.874         
0.010         
0.001         
0.000         
1.789         
0.364         
7.511         
70.831        
1.173         
2.074         
7.894         
0.926         
1.472         
0.046         
1.196         
0.000         
0.129         
0.093         
13.780        
0.355         
51.916        
0.214         
5.423         
10.864        
23.908        
5.683         
6.989         
6.956         
10.907        
7.527         
0.017         
3.157         
23.569        
64.243        
5.795         
178.127       
0.585         
110.674       
66.636        
317.212       
12.343        
61.683        
45.610        
14.175        
41.614        
132.493       
312.431       
237.373       
87.167        
3.718         
59.919        
31.401        
42.428        
9.089         
0.000         
2.267         
4.126         
11.670        
0.512         
24.895        
2.480         
1.019         
0.171         
19.025        
22.234        
0.264         
0.394         
0.010         
0.008         
0.255         
0.292         
17.039        
3.750         
7.214         
0.009         
1.760         
0.836         
0.413         
2.713         
0.969         
0.001         
5.143         
0.543         
3.812         
52.419        
3.812         
1.354         
3.869         
0.237         
0.050         
0.623         
0.236         
0.621         
4.238         
0.602         
10.503        
19.658        
10.335        
8.471         
0.813         
2.132         
6.156         
4.086         
0.334         
2.043         
10.775        
12.675        
0.690         
5.736         
14.266        
1.901         
1.923         
5.342         
2.134         
0.478         
0.329         
10.116        
3.204         
2.451         
0.128         
0.030         
3.864         
0.068         
3.018         
0.132         
28.103        
0.005         
8.794         
0.007         
0.547         
6.168         
4.202         
0.986         
3.274         
0.023         
9.023         
2.760         
0.090         
3.089         
21.962        
5.937         
11.743        
0.146         
0.000         
0.558         
0.166         
0.832         
0.133         
1.843         
10.326        
7.087         
4.066         
0.201         
0.278         
2.990         
0.385         
0.526         
0.253         
2.659         
2.571         
0.000         
0.186         
2.141         
0.872         
4.295         
0.000         
15.371        
0.454         
0.694         
3.085         
7.111         
0.001         
0.767         
0.007         
1.579         
0.039         
2.570         
4.431         
14.034        
3.226         
5.501         
0.461         
8.121         
54.423        
0.307         
0.085         
0.279         
1.125         
2.116         
0.000         
3.526         
4.175         
5.591         
3.150         
4.825         
0.003         
2.642         
1.092         
0.542         
0.145         
0.107         
3.560         
0.145         
27.529        
25.765        
0.063         
0.007         
0.086         
0.076         
0.410         
0.964         
10.896        
0.574         
0.000         
0.301         
0.014         
8.110         
0.010         
0.000         
0.021         
0.003         
7.735         
0.999         
0.017         
0.000         
0.001         
0.221         
1.253         
0.199         
9.849         
4.885         
3.004         
0.856         
0.000         
2.213         
0.018         
0.205         
0.758         
0.000         
2.428         
4.032         
31.873        
10.422        
0.181         
1.545         
0.086         
0.271         
0.639         
4.785         
23.364        
4.050         
0.152         
0.223         
0.265         
0.173         
4.775         
5.166         
5.204         
0.083         
1.303         
1.306         
26.042        
7.945         
0.063         
2.415         
0.000         
0.000         
0.000         
0.000         
0.000         
0.000         
0.000         
0.000         
0.000         
0.000         
0.000         
0.000         
0.000         
0.000         
0.000         
0.000         
0.000         
0.000         
0.000         
0.000         
0.000         
0.000         
0.000         
0.000         
0.000         
0.000         
0.000         
0.000         
0.000         
0.000         
0.000         
0.000         
0.000         
0.000         
0.000         
0.000         
0.000         
0.000         
0.000         
0.000         
0.000         
0.000         
0.000         
0.000         
0.000         
0.000         
0.000         
0.000         
0.000         
0.000         
0.000         
0.000         
0.000         
0.000         
0.000         
0.000         
0.000         
0.000         
0.000         
0.000         
0.000         
0.000         
0.000         
0.000         
0.000         
0.000         
0.000         
0.000         
0.000         
0.000         
0.000         
0.000         
0.000         
0.000         
0.000         
0.000         
0.000         
0.000         
0.000         
0.000         
0.000         
0.000         
0.000         
0.000         
0.000         
0.000         
0.000         
0.000         
0.000         
0.000         
0.000         
0.000         
0.000         
0.000         
0.000         
0.000         
0.000         
0.000         
0.000         
0.000         
0.000         
0.000         
0.000         
0.000         
0.000         
0.000         
0.000         
0.000         
0.000         
0.000         
0.000         
0.000         
0.000         
0.000         
0.000         
0.000         
0.000         
0.000         
0.000         
0.000         
0.000         
0.000         
0.000         
0.000         
0.000         
0.000         
0.000         
0.000         
0.000         
0.000         
0.000         
0.000         
0.000         
0.000         
0.000         
0.000         
0.000         
0.000         
0.000         
0.000         
0.000         
0.000         
0.000         
0.000         
0.000         
0.000         
0.000         
0.000         
0.000         
0.000         
0.000         
0.000         
0.000         
0.000         
0.000         
0.000         
0.000         
0.000         
0.000         
0.000         
0.000         
0.000         
0.000         
0.000         
0.000         
0.000         
0.000         
0.000         
0.000         
0.000         
0.000         
0.000         
0.000         
0.000         
0.000         
0.000         
0.000         
0.000         
0.000         
0.000         
0.000         
0.000         
0.000         
0.000         
0.000         
0.000         
0.000         
0.000         
0.000         
0.000         
0.000         
0.000         
0.000         
0.000         
0.000         
0.000         
0.000         
0.000         
0.000         
0.000         
0.000         
0.000         
0.000         
0.000         
0.000         
0.000         
0.000         
0.000         
0.000         
0.000         
0.000         
0.000         
0.000         
0.000         
0.000         
0.000         
0.000         
0.000         
0.000         
0.000         
0.000         
0.000         
0.000         
0.000         
0.000         
0.000         
0.000         
0.000         
0.000         
0.000         
0.000         
0.000         
0.000         
0.000         
0.000         
0.000         
0.000         
0.000         
0.000         
0.000         
0.000         
0.000         
0.000         
0.000         
0.000         
0.000         
0.000         
0.000         
0.000         
0.000         
0.000         
0.000         
0.000         
0.000         
0.000         
0.000         
0.000         
0.000         
0.000         
0.000         
0.000         
0.000         
0.000         
0.000         
0.000         
0.000         
0.000         
0.000         
0.000         
0.000         
0.000         
0.000         
0.000         
0.000         
0.000         
0.000         
0.000         
0.000         
0.000         
0.000         
0.000         
0.000         
0.000         
0.000         
0.000         
0.000         
0.000         
0.000         
0.000         
0.000         
0.000         
0.000         
0.000         
0.000         
0.000         
0.000         
0.000         
0.000         
0.000         
0.000         
0.000         
0.000         
0.000         
0.000         
0.000         
0.000         
0.000         
0.000         
0.000         
0.000         
0.000         
0.000         
0.000         
0.000         
0.000         
0.000         
0.000         
0.000         
0.000         
0.000         
0.000         
0.000         
0.000         
0.000         
0.000         
0.000         
0.000         
0.000         
0.000         
0.000         
0.000         
0.000         
0.000         
0.000         
0.000         
0.000         
0.000         
0.000         
0.000         
0.000         
0.000         
0.000         
0.000         
0.000         
0.000         
0.000         
0.000         
0.000         
0.000         
0.000         
0.000         
0.000         
0.000         
0.000         
0.000         
0.000         
0.000         
0.000         
0.000         
0.000         
0.000         
0.000         
0.000         
0.000         
0.000         
0.000         
0.000         
0.000         
0.000         
0.000         
0.000         
0.000         
0.000         
0.000         
0.000         
0.000         
0.000         
0.000         
0.000         
0.000         
0.000         
0.000         
0.000         
0.000         
0.000         
0.000         
0.000         
0.000         
0.000         
0.000         
0.000         
0.000         
0.000         
0.000         
0.000         
0.000         
0.000         
0.000         
0.000         
0.000         
0.000         
0.000         
0.000         
0.000         
0.000         
0.000         
0.000         
0.000         
0.000         
0.000         
0.000         
0.000         
0.000         
0.000         
0.000         
0.000         
0.000         
0.000         
0.000         
0.000         
0.000         
0.000         
0.000         
0.000         
0.000         
0.000         
0.000         
0.000         
0.000         
0.000         
0.000         
0.000         
0.000         
0.000         
0.000         
0.000         
0.000         
0.000         
0.000         
0.000         
0.000         
0.000         
0.000         
0.000         
0.000         
0.000         
0.000         
0.000         
0.000         
0.000         
0.000         
0.000         
0.000         
0.000         
0.000         
0.000         
0.000         
0.000         
0.000         
0.000         
0.000         
0.000         
0.000         
0.000         
0.000         
0.000         
0.000         
0.000         
0.000         
0.000         
0.000         
0.000         
0.000         
0.000         
0.000         
0.000         
0.000         
0.000         
0.000         
0.000         
0.000         
0.000         
0.000         
0.000         
0.000         
0.000         
0.000         
0.000         
0.000         
0.000         
0.000         
0.000         
0.000         
0.000         
0.000         
0.000         
0.000         
0.000         
0.000         
0.000         
0.000         
0.000         
0.000         
0.000         
0.000         
0.000         
0.000         
0.000         
0.000         
0.000         
0.000         
0.000         
0.000         
0.000         
0.000         
0.000         
0.000         
0.000         
0.000         
0.000         
0.000         
0.000         
0.000         
0.000         
0.000         
0.000         
0.000         
0.000         
0.000         
0.000         
0.000         
0.000         
0.000         
0.000         
0.000         
0.000         
0.000         
0.000         
0.000         
0.000         
0.000         
0.000         
0.000         
0.000         
0.000         
0.000         
0.000         
0.000         
0.000         
0.000         
0.000         
0.000         
0.000         
0.000         
0.000         
0.000         
0.000         
0.000         
0.000         
0.000         
0.000         
0.000         
0.000         
0.000         
0.000         
0.000         
0.000         
0.000         
0.000         
0.000         
0.000         
0.000         
0.000         
0.000         
0.000         
0.000         
0.000         
0.000         
0.000         
0.000         
0.000         
0.000         
0.000         
0.000         
0.000         
0.000         
0.000         
0.000         
0.000         
0.000         
0.000         
0.000         
0.000         
0.000         
0.000         
0.000         
0.000         
0.000         
0.000         
0.000         
0.000         
0.000         
0.000         
0.000         
0.000         
0.000         
0.000         
0.000         
0.000         
0.000         
0.000         
0.000         
0.000         
0.000         
0.000         
0.000         
0.000         
0.000         
0.000         
0.000         
0.000         
0.000         
0.000         
0.000         
0.000         
0.000         
0.000         
0.000         
0.000         
0.000         
0.000         
0.000         
0.000         
0.000         
0.000         
0.000         
0.000         
0.000         
0.000         
0.000         
0.000         
0.000         
0.000         
0.000         
0.000         
0.000         
0.000         
0.000         
0.000         
0.000         
0.000         
0.000         
0.000         
0.000         
0.000         
0.000         
0.000         
0.000         
0.000         
0.000         
0.000         
0.000         
0.000         
0.000         
0.000         
0.000         
0.000         
0.000         
0.000         
0.000         
0.000         
0.000         
0.000         
0.000         
0.000         
0.000         
0.000         
0.000         
0.000         
0.000         
0.000         
0.000         
0.000         
0.000         
0.000         
0.000         
0.000         
0.000         
0.000         
0.000         
0.000         
0.000         
0.000         
0.000         
0.000         
0.000         
0.000         
0.000         
0.000         
0.000         
0.000         
0.000         
0.000         
0.000         
0.000         
0.000         
0.000         
0.000         
0.000         
0.000         
0.000         
0.000         
0.000         
0.000         
0.000         
0.000         
0.000         
0.000         
0.000         
0.000         
0.000         
0.000         
0.000         
0.000         
0.000         
0.000         
0.000         
0.000         
0.000         
0.000         
0.000         
0.000         
0.000         
0.000         
0.000         
0.000         
0.000         
0.000         
0.000         
0.000         
0.000         
0.000         
0.000         
0.000         
0.000         
0.000         
0.000         
0.000         
0.000         
0.000         
0.000         
0.000         
0.000         
0.000         
0.000         
0.000         
0.000         
0.000         
0.000         
0.000         
0.000         
0.000         
0.000         
0.000         
0.000         
0.000         
0.000         
0.000         
0.000         
0.000         
0.000         
0.000         
0.000         
0.000         
0.000         
0.000         
0.000         
0.000         
0.000         
0.000         
0.000         
0.000         
0.000         
0.000         
0.000         
0.000         
0.000         
0.000         
0.000         
0.000         
0.000         
0.000         
0.000         
0.000         
0.000         
0.000         
0.000         
0.000         
0.000         
0.000         
0.000         
0.000         
0.000         
0.000         
0.000         
0.000         
0.000         
0.000         
0.000         
0.000         
0.000         
0.000         
0.000         
0.000         
0.000         
0.000         
0.000         
0.000         
0.000         
0.000         
0.000         
0.000         
0.000         
0.000         
0.000         
0.000         
0.000         
0.000         
0.000         
0.000         
0.000         
0.000         
0.000         
0.000         
0.000         
0.000         
0.000         
0.000         
0.000         
0.000         
0.000         
0.000         
0.000         
0.000         
0.000         
0.000         
0.000         
0.000         
0.000         
0.000         
0.000         
0.000         
0.000         
0.000         
0.000         
0.000         
0.000         
0.000         
0.000         
0.000         
0.000         
0.000         
0.000         
0.000         
0.000         
0.000         
0.000         
0.000         
0.000         
0.000         
0.000         
0.000         
0.000         
0.000         
0.000         
0.000         
0.000         
0.000         
0.000         
0.000         
0.000         
0.000         
0.000         
0.000         
0.000         
0.000         
0.000         
0.000         
0.000         
0.000         
0.000         
0.000         
0.000         
0.000         
0.000         
0.000         
0.000         
0.000         
0.000         
0.000         
0.000         
0.000         
0.000         
0.000         
0.000         
0.000         
0.000         
0.000         
0.000         
0.000         
0.000         
0.000         
0.000         
0.000         
0.000         
0.000         
0.000         
0.000         
0.000         
0.000         
0.000         
0.000         
0.000         
0.000         
0.000         
0.000         
0.000         
0.000         
0.000         
0.000         
0.000         
0.000         
0.000         
0.000         
0.000         
0.000         
0.000         
0.000         
0.000         
0.000         
0.000         
0.000         
0.000         
0.000         
0.000         
0.000         
0.000         
0.000         
0.000         
0.000         
0.000         
0.000         
0.000         
0.000         
0.000         
0.000         
0.000         
0.000         
0.000         
0.000         
0.000         
0.000         
0.000         
0.000         
0.000         
0.000         
0.000         
0.000         
0.000         
0.000         
0.000         
0.000         
0.000         
0.000         
0.000         
0.000         
0.000         
0.000         
0.000         
0.000         
0.000         
0.000         
0.000         
0.000         
0.000         
0.000         
0.000         
0.000         
0.000         
0.000         
0.000         
0.000         
0.000         
0.000         
0.000         
0.000         
0.000         
0.000         
0.000         
0.000         
0.000         
0.000         
0.000         
0.000         
0.000         
0.000         
0.000         
0.000         
0.000         
0.000         
0.000         
0.000         
0.000         
0.000         
0.000         
0.000         
0.000         
0.000         
0.000         
0.000         
0.000         
0.000         
0.000         
0.000         
0.000         
0.000         
0.000         
0.000         
0.000         
0.000         
0.000         
0.000         
0.000         
0.000         
0.000         
0.000         
0.000         
0.000         
0.000         
0.000         
0.000         
0.000         
0.000         
0.000         
0.000         
0.000         
0.000         
0.000         
0.000         
0.000         
0.000         
0.000         
0.000         
0.000         
0.000         
0.000         
0.000         
0.000         
0.000         
0.000         
0.000         
0.000         
0.000         
0.000         
0.000         
0.000         
0.000         
0.000         
0.000         
0.000         
0.000         
0.000         
0.000         
0.000         
0.000         
0.000         
0.000         
0.000         
0.000         
0.000         
0.000         
0.000         
0.000         
0.000         
0.000         
0.000         
0.000         
0.000         
0.000         
0.000         
0.000         
0.000         
0.000         
0.000         
0.000         
0.000         
0.000         
0.000         
0.000         
0.000         
0.000         
0.000         
0.000         
0.000         
0.000         
0.000         
0.000         
0.000         
0.000         
0.000         
0.000         
0.000         
0.000         
0.000         
0.000         
0.000         
0.000         
0.000         
0.000         
0.000         
0.000         
0.000         
0.000         
0.000         
0.000         
0.000         
0.000         
0.000         
0.000         
0.000         
0.000         
0.000         
0.000         
0.000         
0.000         
0.000         
0.000         
0.000         
0.000         
0.000         
0.000         
0.000         
0.000         
0.000         
0.000         
0.000         
0.000         
0.000         
0.000         
0.000         
0.000         
0.000         
0.000         
0.000         
0.000         
0.000         
0.000         
0.000         
0.000         
0.000         
0.000         
0.000         
0.000         
0.000         
0.000         
0.000         
0.000         
0.000         
0.000         
0.000         
0.000         
0.000         
0.000         
0.000         
0.000         
0.000         
0.000         
0.000         
0.000         
0.000         
0.000         
0.000         
0.000         
0.000         
0.000         
0.000         
0.000         
0.000         
0.000         
0.000         
0.000         
0.000         
0.000         
0.000         
0.000         
0.000         
0.085         
7.801         
6.137         
2.509         
7.642         
2.349         
42.578        
1.443         
0.421         
37.808        
0.466         
0.803         
0.458         
0.534         
4.373         
10.002        
3.936         
0.025         
0.473         
3.875         
3.070         
36.477        
55.023        
49.801        
1.190         
74.389        
44.415        
21.200        
7.075         
82.376        
98.852        
42.640        
33.537        
321.606       
55.345        
47.618        
43.121        
70.143        
8.361         
6.012         
40.463        
290.049       
14.455        
166.598       
34.537        
192.180       
15.746        
6.191         
24.374        
35.907        
86.873        
1.763         
13.087        
15.080        
8.552         
0.702         
1.662         
6.576         
9.860         
4.116         
76.247        
30.502        
4.260         
75.488        
18.097        
16.527        
1.504         
0.000         
0.000         
0.000         
0.000         
0.000         
0.000         
0.000         
0.000         
0.000         
0.000         
0.000         
0.000         
0.000         
0.000         
0.000         
0.000         
0.000         
0.000         
0.000         
0.000         
0.000         
0.000         
0.000         
0.000         
0.000         
0.000         
0.000         
0.000         
0.000         
0.000         
0.000         
0.000         
0.000         
0.000         
0.000         
0.000         
0.000         
0.000         
0.000         
0.000         
0.000         
0.000         
0.000         
0.000         
0.000         
0.000         
0.000         
0.000         
0.000         
0.000         
0.000         
0.000         
0.000         
0.000         
0.000         
0.000         
0.000         
0.000         
0.000         
0.000         
0.000         
0.000         
0.000         
0.000         
0.000         
0.000         
0.000         
0.000         
0.000         
0.000         
0.000         
0.000         
0.000         
0.000         
0.000         
0.000         
0.000         
0.000         
0.000         
0.000         
0.000         
0.000         
0.000         
0.000         
0.000         
0.000         
0.000         
0.000         
0.000         
0.000         
0.000         
0.000         
0.000         
0.000         
0.000         
0.000         
0.000         
0.000         
0.000         
0.000         
0.000         
0.000         
0.000         
0.000         
0.000         
0.000         
0.000         
0.000         
0.000         
0.000         
0.000         
0.000         
0.000         
0.000         
0.000         
0.000         
0.000         
17.594        
1.856         
5.611         
4.593         
5.555         
3.038         
0.254         
2.932         
2.340         
0.002         
3.830         
2.090         
7.150         
0.000         
15.633        
1.516         
0.002         
0.414         
0.288         
1.193         
1.019         
0.077         
3.009         
0.698         
0.699         
5.784         
0.008         
16.836        
0.076         
0.029         
0.000         
0.001         
0.002         
0.000         
0.045         
1.917         
0.309         
7.988         
0.528         
4.783         
4.673         
0.301         
0.007         
18.179        
34.539        
0.000         
34.456        
3.663         
9.120         
1.721         
15.176        
10.533        
60.946        
0.032         
2.837         
4.305         
1.081         
3.478         
3.223         
21.403        
16.308        
20.061        
1.040         
1.234         
1.005         
1.407         
1.298         
2.545         
5.221         
4.984         
7.840         
11.577        
62.526        
105.325       
1.876         
49.844        
21.249        
0.175         
3.805         
9.231         
0.000         
0.000         
0.000         
0.000         
0.000         
0.000         
0.000         
0.000         
0.000         
0.000         
0.000         
0.000         
0.000         
0.000         
0.000         
0.000         
0.000         
0.000         
0.000         
0.000         
0.000         
0.000         
0.000         
0.000         
0.000         
0.000         
0.000         
0.000         
0.000         
0.000         
0.000         
0.000         
0.000         
0.000         
0.000         
0.000         
0.000         
0.000         
0.000         
0.000         
0.000         
0.000         
0.000         
0.000         
0.000         
0.000         
0.000         
0.000         
0.000         
0.000         
0.000         
0.000         
0.000         
0.000         
0.000         
0.000         
0.000         
0.000         
0.000         
0.000         
0.000         
0.000         
0.000         
0.000         
0.000         
0.000         
0.000         
0.000         
0.000         
0.000         
0.000         
0.000         
0.000         
0.000         
0.000         
0.000         
0.000         
0.000         
0.000         
0.000         
0.000         
0.000         
0.000         
0.000         
0.000         
0.000         
0.000         
0.000         
0.000         
0.000         
0.000         
0.000         
0.000         
0.000         
0.000         
0.000         
0.000         
0.000         
0.000         
0.000         
0.000         
0.000         
0.000         
0.000         
0.000         
0.000         
0.000         
0.000         
0.000         
0.000         
0.000         
0.000         
0.000         
0.000         
0.000         
0.000         
0.000         
0.000         
0.000         
0.000         
0.000         
0.000         
0.000         
0.000         
0.000         
0.000         
0.000         
0.000         
0.000         
0.000         
0.000         
0.000         
0.000         
0.000         
0.000         
0.000         
0.000         
0.000         
0.000         
0.000         
0.000         
0.000         
0.000         
0.000         
0.000         
0.000         
0.000         
0.000         
0.000         
0.000         
0.000         
0.000         
0.000         
0.000         
0.000         
0.000         
0.000         
0.000         
0.000         
0.000         
0.000         
0.000         
0.000         
0.000         
0.000         
0.000         
0.000         
0.000         
0.000         
0.000         
0.000         
0.000         
0.000         
0.000         
0.000         
0.000         
0.000         
0.000         
0.000         
0.000         
0.000         
0.000         
0.000         
0.000         
0.000         
0.000         
0.000         
0.000         
0.000         
0.000         
0.000         
0.000         
0.000         
0.000         
0.000         
0.000         
0.000         
0.000         
0.000         
0.000         
0.000         
0.000         
0.000         
0.000         
0.000         
0.000         
0.000         
0.000         
0.000         
0.000         
0.000         
0.000         
0.000         
0.000         
0.000         
0.000         
0.000         
0.000         
0.000         
0.000         
0.000         
0.000         
0.000         
0.000         
0.000         
0.000         
0.000         
0.000         
0.000         
0.000         
0.000         
0.000         
0.000         
0.000         
0.000         
0.000         
0.000         
0.000         
0.000         
0.000         
0.000         
0.000         
0.000         
0.000         
0.000         
0.000         
0.000         
0.000         
0.000         
0.000         
0.000         
0.000         
0.000         
0.000         
0.000         
0.000         
0.000         
0.000         
0.000         
0.000         
0.000         
0.000         
0.000         
0.000         
0.000         
0.000         
0.000         
0.000         
0.000         
0.000         
0.000         
0.000         
0.000         
0.000         
0.000         
0.000         
0.000         
0.000         
0.000         
0.000         
0.000         
0.000         
0.000         
0.000         
0.000         
0.000         
0.000         
0.000         
0.000         
0.000         
0.000         
0.000         
0.000         
0.000         
0.000         
0.000         
0.000         
0.000         
0.000         
0.000         
0.000         
0.000         
0.000         
0.000         
0.000         
0.000         
0.000         
0.000         
0.000         
0.000         
0.000         
0.000         
0.000         
0.000         
0.000         
0.839         
6.068         
0.000         
0.218         
0.000         
0.004         
1.008         
6.848         
1.097         
14.850        
0.001         
2.671         
3.256         
29.096        
0.015         
0.063         
0.601         
11.420        
13.891        
0.000         
0.808         
0.675         
0.004         
0.061         
5.625         
0.623         
0.001         
0.230         
0.191         
0.003         
0.034         
0.080         
0.010         
3.947         
0.346         
0.003         
1.717         
0.815         
0.068         
0.086         
3.460         
0.921         
3.865         
1.339         
0.273         
13.235        
20.404        
0.515         
3.027         
5.428         
3.917         
5.521         
1.091         
0.957         
13.349        
0.000         
3.100         
6.106         
1.231         
19.925        
6.578         
3.697         
0.000         
0.029         
14.983        
28.804        
1.696         
13.432        
0.068         
0.911         
0.000         
0.000         
0.000         
0.000         
0.000         
0.000         
0.000         
0.000         
0.000         
0.000         
0.000         
0.000         
0.000         
0.000         
0.000         
0.000         
0.000         
0.000         
0.000         
0.000         
0.000         
0.000         
0.000         
0.000         
0.000         
0.000         
0.000         
0.000         
0.000         
0.000         
0.000         
0.000         
0.000         
0.000         
0.000         
0.000         
0.000         
0.000         
0.000         
0.000         
0.000         
0.000         
0.000         
0.000         
0.000         
0.000         
0.000         
0.000         
0.000         
0.000         
0.000         
1.752         
7.453         
0.819         
30.355        
5.690         
7.577         
1.514         
6.122         
17.181        
0.833         
0.256         
24.321        
0.031         
6.012         
8.164         
53.894        
105.155       
6.752         
4.824         
21.776        
28.967        
12.735        
0.000         
16.955        
0.012         
2.059         
13.696        
3.431         
12.060        
13.106        
0.352         
12.339        
12.983        
1.521         
1.232         
9.532         
12.233        
0.073         
2.380         
10.685        
7.183         
0.000         
20.609        
0.481         
0.742         
12.646        
0.297         
0.298         
1.025         
12.782        
1.631         
3.249         
30.319        
5.232         
20.276        
3.094         
5.136         
4.416         
57.794        
0.337         
36.559        
72.059        
26.432        
61.308        
208.474       
14.234        
31.713        
151.857       
63.657        
0.000         
0.000         
0.000         
0.000         
0.000         
0.000         
0.000         
0.000         
0.000         
0.000         
0.000         
0.000         
0.000         
0.000         
0.000         
0.000         
0.000         
0.000         
0.000         
0.000         
0.000         
0.000         
0.000         
0.000         
0.000         
0.000         
0.000         
0.000         
0.000         
0.000         
0.000         
0.000         
0.000         
0.000         
0.000         
0.000         
0.000         
0.000         
0.000         
0.000         
0.000         
0.000         
0.000         
0.000         
0.000         
0.000         
0.000         
0.000         
0.000         
0.000         
0.000         
0.000         
0.000         
0.000         
0.000         
0.000         
0.000         
0.000         
0.000         
0.000         
0.000         
0.000         
0.000         
0.000         
0.000         
0.000         
0.000         
0.000         
0.000         
0.000         
0.000         
0.000         
0.000         
0.000         
0.000         
0.000         
0.000         
0.000         
0.000         
0.000         
0.000         
0.000         
0.000         
0.000         
0.000         
0.000         
0.000         
0.000         
0.000         
0.000         
0.000         
0.000         
0.000         
0.000         
0.000         
0.000         
0.000         
0.000         
0.000         
0.000         
0.000         
0.000         
0.000         
0.000         
0.000         
0.000         
0.000         
0.000         
0.000         
0.000         
0.000         
0.000         
0.000         
0.000         
0.000         
0.000         
0.000         
0.000         
0.000         
0.000         
0.000         
0.000         
0.000         
0.000         
0.000         
0.000         
0.000         
0.000         
0.000         
0.000         
0.000         
0.000         
0.000         
0.000         
0.000         
0.000         
0.000         
0.000         
0.000         
0.000         
0.000         
0.000         
0.000         
0.000         
0.000         
0.000         
0.000         
0.000         
0.000         
0.000         
0.000         
0.000         
0.000         
0.000         
0.000         
0.000         
0.000         
0.000         
0.000         
0.000         
0.000         
0.000         
0.000         
0.000         
0.000         
0.000         
0.000         
0.000         
0.000         
0.000         
0.000         
0.000         
0.000         
0.000         
0.000         
0.000         
0.000         
0.000         
0.000         
0.000         
0.000         
0.000         
0.000         
0.000         
0.000         
0.000         
0.000         
0.000         
0.000         
0.000         
0.000         
0.000         
0.000         
0.000         
0.000         
0.000         
0.000         
0.000         
0.000         
0.000         
0.000         
0.000         
0.000         
0.000         
0.000         
0.000         
0.000         
0.000         
0.000         
0.000         
0.000         
0.000         
0.000         
0.000         
0.000         
0.000         
0.000         
0.000         
0.000         
0.000         
0.000         
0.000         
0.000         
0.000         
0.000         
0.000         
0.000         
0.000         
0.000         
0.000         
0.000         
0.000         
0.000         
0.000         
0.000         
0.000         
0.000         
0.000         
0.000         
0.000         
0.000         
0.000         
0.000         
0.000         
0.000         
0.000         
0.000         
0.000         
0.000         
0.000         
0.000         
0.000         
0.000         
0.000         
0.000         
0.000         
0.000         
0.000         
0.000         
0.000         
0.000         
0.000         
0.000         
0.000         
0.000         
0.000         
0.000         
0.000         
0.000         
0.000         
0.000         
0.000         
0.000         
0.000         
0.000         
0.000         
0.000         
0.000         
0.000         
0.000         
0.000         
0.000         
0.000         
0.000         
0.000         
0.000         
0.000         
0.000         
0.000         
0.000         
0.000         
0.000         
0.000         
0.000         
0.000         
0.000         
0.000         
0.000         
0.000         
0.000         
0.000         
0.000         
0.000         
0.000         
0.000         
0.000         
0.000         
0.000         
0.000         
0.000         
0.000         
0.000         
0.000         
0.000         
0.000         
0.000         
0.000         
0.000         
0.000         
0.000         
0.000         
0.000         
0.000         
0.000         
0.000         
0.000         
0.000         
0.000         
0.000         
0.000         
0.000         
0.000         
0.000         
0.000         
0.000         
0.000         
0.000         
0.000         
0.000         
0.000         
0.000         
0.000         
0.000         
0.000         
0.000         
0.000         
0.000         
0.000         
0.000         
0.000         
0.000         
0.000         
0.000         
0.000         
0.000         
0.000         
0.000         
0.000         
0.000         
0.000         
0.000         
0.000         
0.000         
0.000         
0.000         
0.000         
0.000         
0.000         
0.000         
0.000         
0.000         
0.000         
0.000         
0.000         
0.000         
0.000         
0.000         
0.000         
0.000         
0.000         
0.000         
0.000         
0.000         
0.000         
0.000         
0.000         
0.000         
0.000         
0.000         
0.000         
0.000         
0.000         
0.000         
0.000         
0.000         
0.000         
0.000         
0.000         
0.000         
0.000         
0.000         
0.000         
0.000         
0.000         
0.000         
0.000         
0.000         
0.000         
0.000         
0.000         
0.000         
0.000         
0.000         
0.000         
0.000         
0.000         
0.000         
0.000         
0.000         
0.000         
0.000         
0.000         
0.000         
0.000         
0.000         
0.000         
0.000         
0.000         
0.000         
0.000         
0.000         
0.000         
0.000         
0.000         
0.000         
0.000         
0.000         
0.000         
0.000         
0.000         
0.000         
0.000         
0.000         
0.000         
0.000         
0.000         
0.000         
0.000         
0.000         
0.000         
0.000         
0.000         
0.000         
0.000         
0.000         
0.000         
0.000         
0.000         
0.000         
0.000         
0.000         
0.000         
0.000         
0.000         
0.000         
0.000         
0.000         
0.000         
0.000         
0.000         
0.000         
0.000         
0.000         
0.000         
0.000         
0.000         
0.000         
0.000         
0.000         
0.000         
0.000         
0.000         
0.000         
0.000         
0.000         
0.000         
0.000         
0.000         
0.000         
0.000         
0.000         
0.000         
0.000         
0.000         
0.000         
0.000         
0.000         
0.000         
0.000         
0.000         
0.000         
0.000         
0.000         
0.000         
0.000         
0.000         
0.000         
0.000         
0.000         
0.000         
0.000         
0.000         
0.000         
0.000         
0.000         
0.000         
0.000         
0.000         
0.000         
0.000         
0.000         
0.000         
0.000         
0.000         
0.000         
0.000         
0.000         
0.000         
0.000         
0.000         
0.000         
0.000         
0.000         
0.000         
0.000         
0.000         
0.000         
0.000         
0.000         
0.000         
0.000         
0.000         
0.000         
0.000         
0.000         
0.000         
0.000         
0.000         
0.000         
0.000         
0.000         
0.000         
0.000         
0.000         
0.000         
0.000         
0.000         
0.000         
0.000         
0.000         
0.000         
0.000         
0.000         
0.000         
0.000         
0.000         
0.000         
0.000         
0.000         
0.000         
0.000         
0.000         
0.000         
0.000         
0.000         
0.000         
0.000         
0.000         
0.000         
0.000         
0.000         
0.000         
0.000         
0.000         
0.000         
0.000         
0.000         
0.000         
0.000         
0.000         
0.000         
0.000         
0.000         
0.000         
0.000         
0.000         
0.000         
0.000         
0.000         
0.000         
0.000         
0.000         
0.000         
0.000         
0.000         
0.000         
0.000         
0.000         
0.000         
0.000         
0.000         
0.000         
0.000         
0.000         
0.000         
0.000         
0.000         
0.000         
0.000         
0.000         
0.000         
0.000         
0.000         
0.000         
0.000         
0.000         
0.000         
0.000         
0.000         
0.000         
0.000         
0.000         
0.000         
0.000         
0.000         
0.000         
0.000         
0.000         
0.000         
0.000         
0.000         
0.000         
0.000         
0.000         
0.000         
0.000         
0.000         
0.000         
0.000         
0.000         
0.000         
0.000         
0.000         
0.000         
0.000         
0.000         
0.000         
0.000         
0.000         
0.000         
0.000         
0.000         
0.000         
0.000         
0.000         
0.000         
0.000         
0.000         
0.000         
0.000         
0.000         
0.000         
0.000         
0.000         
0.000         
0.000         
0.000         
0.000         
0.000         
0.000         
0.000         
0.000         
0.000         
0.000         
0.000         
0.000         
0.000         
0.000         
0.000         
0.000         
0.000         
0.000         
0.000         
0.000         
0.000         
0.000         
0.000         
0.000         
0.000         
0.000         
0.000         
0.000         
0.000         
0.000         
0.000         
0.000         
0.000         
0.000         
0.000         
0.000         
0.000         
0.000         
0.000         
0.000         
0.000         
0.000         
0.000         
0.000         
0.000         
0.000         
0.000         
0.000         
0.000         
0.000         
0.000         
0.000         
0.000         
0.000         
0.000         
0.000         
0.000         
0.000         
0.000         
0.000         
0.000         
0.000         
0.000         
0.000         
0.000         
0.000         
0.000         
0.000         
0.000         
0.000         
0.000         
0.000         
0.000         
0.000         
0.000         
0.000         
0.000         
0.000         
0.000         
0.000         
0.000         
0.000         
0.000         
0.000         
0.000         
0.000         
0.000         
0.000         
0.000         
0.000         
0.000         
0.000         
0.000         
0.000         
0.000         
0.000         
0.000         
0.000         
0.000         
0.000         
0.000         
0.000         
0.000         
0.000         
0.000         
0.000         
0.000         
0.000         
0.000         
0.000         
0.000         
0.000         
0.000         
0.000         
0.000         
0.000         
0.000         
0.000         
0.000         
0.000         
0.000         
0.000         
0.000         
0.000         
0.000         
0.000         
0.000         
0.000         
0.000         
0.000         
0.000         
0.000         
0.000         
0.000         
0.000         
0.000         
0.000         
0.000         
0.000         
0.000         
0.000         
0.000         
0.000         
0.000         
0.000         
0.000         
0.000         
0.000         
0.000         
0.716         
1.169         
1.691         
0.592         
0.795         
4.614         
48.462        
0.049         
0.177         
0.192         
0.003         
0.068         
0.005         
0.000         
0.171         
0.053         
0.001         
2.406         
0.178         
0.093         
0.026         
0.194         
0.021         
0.948         
0.142         
0.806         
2.861         
0.730         
0.000         
0.198         
0.175         
0.673         
0.265         
0.000         
1.052         
0.652         
0.883         
0.716         
0.000         
2.100         
2.170         
0.760         
0.220         
0.272         
7.140         
10.862        
1.180         
3.445         
57.668        
6.733         
5.013         
2.664         
0.003         
2.256         
18.288        
1.570         
0.827         
0.867         
0.617         
9.880         
0.047         
0.423         
0.001         
10.470        
3.589         
1.458         
0.000         
6.419         
0.019         
0.196         
2.303         
0.960         
1.217         
2.115         
7.391         
3.306         
0.000         
1.145         
0.737         
0.051         
3.482         
0.475         
3.035         
1.748         
8.266         
0.092         
0.072         
0.000         
0.463         
2.796         
7.747         
4.395         
5.852         
0.007         
0.448         
2.098         
1.282         
1.579         
0.834         
5.402         
10.030        
0.725         
0.000         
0.238         
2.452         
0.782         
12.680        
0.260         
0.230         
1.257         
36.529        
11.059        
1.188         
9.745         
66.597        
55.256        
1.439         
59.095        
0.594         
7.443         
2.617         
4.869         
10.500        
1.560         
1.019         
0.002         
91.358        
0.811         
8.246         
9.392         
13.299        
21.502        
1.397         
0.259         
1.791         
2.753         
11.463        
10.025        
4.524         
2.902         
2.328         
1.333         
12.568        
0.711         
0.627         
0.527         
0.952         
1.390         
1.092         
0.238         
0.374         
0.000         
0.641         
0.000         
0.000         
0.000         
0.000         
0.000         
0.000         
0.000         
0.000         
0.000         
0.000         
0.000         
0.000         
0.000         
0.000         
0.000         
0.000         
0.000         
0.000         
0.000         
0.000         
0.000         
0.000         
0.000         
0.000         
0.000         
0.000         
0.000         
0.000         
0.000         
0.000         
0.000         
0.000         
0.000         
0.000         
0.000         
0.000         
0.000         
0.000         
0.000         
0.000         
0.000         
0.000         
0.000         
0.000         
0.000         
0.000         
0.000         
0.000         
0.000         
0.000         
0.000         
0.000         
0.000         
0.000         
0.000         
0.000         
0.000         
0.000         
0.000         
0.000         
0.000         
0.000         
0.000         
0.000         
0.000         
0.000         
0.000         
0.000         
0.000         
0.000         
0.000         
0.000         
0.000         
0.000         
0.000         
0.000         
0.000         
0.000         
0.000         
0.000         
0.000         
0.000         
0.000         
0.000         
0.000         
0.000         
0.000         
0.000         
0.000         
0.000         
0.000         
0.000         
0.000         
0.000         
0.000         
0.000         
0.000         
0.000         
0.000         
0.000         
0.000         
0.000         
0.000         
0.000         
0.000         
0.000         
0.000         
0.000         
0.000         
0.000         
0.000         
0.000         
0.000         
0.000         
0.000         
0.000         
0.000         
0.000         
0.000         
0.000         
0.000         
0.000         
0.000         
0.000         
0.000         
0.000         
0.000         
0.000         
0.000         
0.000         
0.000         
0.000         
0.000         
0.000         
0.000         
0.000         
0.000         
0.000         
0.000         
0.000         
0.000         
0.000         
0.000         
0.000         
0.000         
0.000         
0.000         
0.000         
0.000         
0.000         
0.000         
0.000         
0.000         
0.000         
0.000         
0.000         
0.000         
0.000         
0.000         
0.000         
0.000         
0.000         
0.000         
0.000         
0.000         
0.000         
0.000         
0.000         
0.000         
0.000         
0.000         
0.000         
0.000         
0.000         
0.000         
0.000         
0.000         
0.000         
0.000         
0.000         
0.000         
0.000         
0.000         
0.000         
0.000         
0.000         
0.000         
0.000         
0.000         
0.000         
0.000         
0.000         
0.000         
0.000         
0.000         
0.000         
0.000         
0.000         
0.000         
0.000         
0.000         
0.000         
0.000         
0.000         
0.000         
0.000         
0.000         
0.000         
0.000         
0.000         
0.000         
0.000         
0.000         
0.000         
0.000         
0.000         
0.000         
0.000         
0.000         
0.000         
0.000         
0.000         
0.000         
0.000         
0.000         
0.000         
0.000         
0.000         
0.000         
0.000         
0.000         
0.000         
0.000         
0.000         
0.000         
0.000         
0.000         
0.000         
0.000         
0.000         
0.000         
0.000         
0.000         
0.000         
0.000         
0.000         
0.000         
0.000         
0.000         
0.000         
0.000         
0.000         
0.000         
0.000         
0.000         
0.000         
0.000         
0.000         
0.000         
0.000         
0.000         
0.000         
0.000         
0.000         
0.000         
0.000         
0.000         
0.000         
0.000         
0.000         
0.000         
0.000         
0.000         
0.000         
0.000         
0.000         
0.000         
0.000         
0.000         
0.000         
0.000         
0.000         
0.000         
0.000         
0.000         
0.000         
0.000         
0.000         
0.000         
0.000         
0.000         
0.000         
0.000         
0.000         
0.000         
0.000         
0.000         
0.000         
0.000         
0.000         
0.000         
0.000         
0.000         
0.000         
0.000         
0.000         
0.000         
0.000         
0.000         
0.000         
0.000         
0.000         
0.000         
0.000         
0.000         
0.000         
0.000         
0.000         
0.000         
0.000         
0.000         
0.000         
0.000         
0.000         
0.000         
0.000         
0.000         
0.000         
0.000         
0.000         
0.000         
0.000         
0.000         
0.000         
0.000         
0.000         
0.000         
0.000         
0.000         
0.000         
0.000         
0.000         
0.000         
0.000         
0.000         
0.000         
0.000         
0.000         
0.000         
0.000         
0.000         
0.000         
0.000         
0.000         
0.000         
0.000         
0.000         
0.000         
0.000         
0.000         
0.000         
0.000         
0.000         
0.000         
0.000         
0.000         
0.000         
0.000         
0.000         
0.000         
0.000         
0.000         
0.000         
0.000         
0.000         
0.000         
0.000         
0.000         
0.000         
0.000         
0.000         
0.000         
0.000         
0.000         
0.000         
0.000         
0.000         
0.000         
0.000         
0.000         
0.000         
0.000         
0.000         
0.000         
0.000         
0.000         
0.000         
0.000         
0.000         
0.000         
0.000         
0.000         
0.000         
0.000         
0.000         
0.000         
0.000         
0.000         
0.000         
0.000         
0.000         
0.000         
0.000         
0.000         
0.000         
0.000         
0.000         
0.000         
0.000         
0.000         
0.000         
0.000         
0.000         
0.000         
0.000         
0.000         
0.000         
0.000         
0.000         
0.000         
0.000         
0.000         
0.000         
0.000         
0.000         
0.000         
0.000         
0.000         
0.000         
0.000         
0.000         
0.000         
0.000         
0.000         
0.000         
0.000         
0.000         
0.000         
0.000         
0.000         
0.000         
0.000         
0.000         
0.000         
0.000         
0.000         
0.000         
0.000         
0.000         
0.000         
0.000         
0.000         
0.000         
0.000         
0.000         
0.000         
0.000         
0.000         
0.000         
0.000         
0.000         
0.000         
0.000         
0.000         
0.000         
0.000         
0.000         
0.000         
0.000         
0.000         
0.000         
0.000         
0.000         
0.000         
0.000         
0.000         
0.000         
0.000         
0.000         
0.000         
0.000         
0.000         
0.000         
0.000         
0.000         
0.000         
0.000         
0.000         
0.000         
0.000         
0.000         
0.000         
0.000         
0.000         
0.000         
0.000         
0.000         
0.000         
0.000         
0.000         
0.000         
0.000         
0.000         
0.000         
0.000         
0.000         
0.000         
0.000         
0.000         
0.000         
0.000         
0.000         
0.000         
0.000         
0.000         
0.000         
0.000         
0.000         
0.000         
0.000         
0.000         
0.000         
0.000         
0.000         
0.000         
0.000         
0.000         
0.000         
0.000         
0.000         
0.000         
0.000         
0.000         
0.000         
0.000         
0.000         
0.000         
0.000         
0.000         
0.000         
0.000         
0.000         
0.000         
0.000         
0.000         
0.000         
0.000         
0.000         
0.000         
0.000         
0.000         
0.000         
0.000         
0.000         
0.000         
0.000         
0.000         
0.000         
0.000         
0.000         
0.000         
0.000         
0.000         
0.000         
0.000         
0.000         
0.000         
0.000         
0.000         
0.000         
0.000         
0.000         
0.000         
0.000         
0.000         
0.000         
0.000         
0.000         
0.000         
0.000         
0.000         
0.000         
0.000         
0.000         
0.000         
0.000         
0.000         
0.000         
0.000         
0.000         
0.000         
0.000         
0.000         
0.000         
0.000         
0.000         
0.000         
0.000         
0.000         
0.000         
0.000         
0.000         
0.000         
0.000         
0.000         
0.000         
0.000         
0.000         
0.000         
0.000         
0.000         
0.000         
0.000         
0.000         
0.000         
0.000         
0.000         
0.000         
0.000         
0.000         
0.000         
0.000         
0.000         
0.000         
0.000         
0.000         
0.000         
0.000         
0.000         
0.000         
0.000         
0.000         
0.000         
0.000         
0.000         
0.000         
0.000         
0.000         
0.000         
0.000         
0.000         
0.000         
0.000         
0.000         
0.000         
0.000         
0.000         
0.000         
0.000         
0.000         
0.000         
0.000         
0.000         
0.000         
0.000         
0.000         
0.000         
0.000         
0.000         
0.000         
0.000         
0.000         
0.000         
0.000         
0.000         
0.000         
0.000         
0.000         
0.000         
0.000         
0.000         
0.000         
0.000         
0.000         
0.000         
0.000         
0.000         
0.000         
0.000         
0.000         
0.000         
0.000         
0.000         
0.000         
0.000         
0.000         
0.000         
0.000         
0.000         
0.000         
0.000         
0.000         
0.000         
0.000         
0.000         
0.000         
0.000         
0.000         
0.000         
0.000         
0.000         
0.000         
0.000         
0.000         
0.000         
0.000         
0.000         
0.000         
0.000         
0.000         
0.000         
0.000         
0.000         
0.000         
0.000         
0.000         
0.000         
0.000         
0.000         
0.000         
0.000         
0.000         
0.000         
0.000         
0.000         
0.000         
0.000         
0.000         
0.000         
0.000         
0.000         
0.000         
0.000         
0.000         
0.000         
0.000         
0.000         
0.000         
0.000         
0.000         
0.000         
0.000         
0.000         
0.000         
0.000         
0.000         
0.000         
0.000         
0.000         
0.000         
0.000         
0.000         
0.000         
0.000         
0.000         
0.000         
0.000         
0.000         
0.000         
0.000         
0.000         
0.000         
0.000         
0.000         
0.000         
0.000         
0.000         
0.000         
0.000         
0.000         
0.000         
0.000         
0.000         
0.000         
0.000         
0.000         
0.000         
0.000         
0.000         
0.000         
0.000         
0.000         
0.000         
0.000         
0.000         
0.000         
0.000         
0.000         
0.000         
0.000         
0.000         
0.000         
0.000         
0.000         
0.000         
0.000         
0.000         
0.000         
0.000         
0.000         
0.000         
0.000         
0.000         
0.000         
0.000         
0.000         
0.000         
0.000         
0.000         
0.000         
0.000         
0.000         
0.000         
0.000         
0.000         
0.000         
0.000         
0.000         
0.000         
0.000         
0.000         
0.000         
0.000         
0.000         
0.000         
0.000         
0.000         
0.000         
0.000         
0.000         
0.000         
0.000         
0.000         
0.000         
0.000         
0.000         
0.000         
0.000         
0.000         
0.000         
0.000         
0.000         
0.000         
0.000         
0.000         
0.000         
0.000         
0.000         
0.000         
0.000         
0.000         
0.000         
0.000         
0.000         
0.000         
0.000         
0.000         
0.000         
0.000         
0.000         
0.000         
0.000         
0.000         
0.000         
0.000         
0.000         
0.000         
0.000         
0.000         
0.000         
0.000         
0.000         
0.000         
0.000         
0.000         
0.000         
0.000         
0.000         
0.000         
0.000         
0.000         
0.000         
0.000         
0.000         
0.000         
0.000         
0.000         
0.000         
0.000         
0.000         
0.000         
0.000         
0.000         
0.000         
0.000         
0.000         
0.000         
0.000         
0.000         
0.000         
0.000         
0.000         
0.000         
0.000         
0.000         
0.000         
0.000         
0.000         
0.000         
0.000         
0.000         
0.000         
0.000         
0.000         
0.000         
0.000         
0.000         
0.000         
0.000         
0.000         
0.000         
0.000         
0.000         
0.000         
0.000         
0.000         
0.000         
0.000         
0.000         
0.000         
0.000         
0.000         
0.000         
0.000         
0.000         
0.000         
0.000         
0.000         
0.000         
0.000         
0.000         
0.000         
0.000         
0.000         
0.000         
0.000         
0.000         
0.000         
0.000         
0.000         
0.000         
0.000         
0.000         
0.000         
0.000         
0.000         
0.000         
0.000         
0.000         
0.000         
0.000         
0.000         
0.000         
0.000         
0.000         
0.000         
0.000         
0.000         
0.000         
0.000         
0.000         
0.000         
0.000         
0.000         
0.000         
0.000         
0.000         
0.000         
0.000         
0.000         
0.000         
0.000         
0.000         
0.000         
0.000         
0.000         
0.000         
0.000         
0.000         
0.000         
0.000         
0.000         
0.000         
0.000         
0.000         
0.000         
0.000         
0.000         
0.000         
0.000         
0.000         
0.000         
0.000         
0.000         
0.000         
0.000         
0.000         
0.000         
0.000         
0.000         
0.000         
0.000         
0.000         
0.000         
0.000         
0.000         
0.000         
0.000         
0.000         
0.000         
0.000         
0.000         
0.000         
0.000         
0.000         
0.000         
0.000         
0.000         
0.000         
0.000         
0.000         
0.000         
0.000         
0.000         
0.000         
0.000         
0.000         
0.000         
0.000         
0.000         
0.000         
0.000         
0.000         
0.000         
0.000         
0.000         
0.000         
0.000         
0.000         
0.000         
0.000         
0.000         
0.000         
0.000         
0.000         
0.000         
0.000         
0.000         
0.000         
0.000         
0.000         
0.000         
0.000         
0.000         
0.000         
0.000         
0.000         
0.000         
0.000         
0.000         
0.000         
0.000         
0.000         
0.000         
0.000         
0.000         
0.000         
0.000         
0.000         
0.000         
0.000         
0.000         
0.000         
0.000         
0.000         
0.000         
0.000         
0.000         
0.000         
0.000         
0.000         
0.000         
0.000         
0.000         
0.000         
0.000         
0.000         
0.000         
0.000         
0.000         
0.000         
0.000         
0.000         
0.000         
0.000         
0.000         
0.000         
0.000         
0.000         
0.000         
0.000         
0.000         
0.000         
0.000         
0.000         
0.000         
0.000         
0.000         
0.000         
0.000         
0.000         
0.000         
0.000         
0.000         
0.000         
0.000         
0.000         
0.000         
0.000         
0.000         
0.000         
0.000         
0.000         
0.000         
0.000         
0.000         
0.000         
0.000         
0.000         
0.000         
0.000         
0.000         
0.000         
0.000         
0.000         
0.000         
0.000         
0.000         
0.000         
0.000         
0.000         
0.000         
0.000         
0.000         
0.000         
0.000         
0.000         
0.000         
0.000         
0.000         
0.000         
0.000         
0.000         
0.000         
0.000         
0.000         
0.000         
0.000         
0.000         
0.000         
0.000         
0.000         
0.000         
0.000         
0.000         
0.000         
0.000         
0.000         
0.000         
0.000         
0.000         
0.000         
0.000         
0.000         
0.000         
0.000         
0.000         
0.000         
0.000         
0.000         
0.000         
0.000         
0.000         
0.000         
0.000         
0.000         
0.000         
0.000         
0.000         
0.000         
0.000         
0.000         
0.000         
0.000         
0.000         
0.000         
0.000         
0.000         
0.000         
0.000         
0.000         
0.000         
0.000         
0.000         
0.000         
0.000         
0.000         
0.000         
0.000         
0.000         
0.000         
0.000         
0.000         
0.000         
0.000         
0.000         
0.000         
0.000         
0.000         
0.000         
0.000         
0.000         
0.000         
0.000         
0.000         
0.000         
0.000         
0.000         
0.000         
0.000         
0.000         
0.000         
0.000         
0.000         
0.000         
0.000         
0.000         
0.000         
0.000         
0.000         
0.000         
0.000         
0.000         
0.000         
0.000         
0.000         
0.000         
0.000         
0.000         
0.000         
0.000         
0.000         
0.000         
0.000         
0.000         
0.000         
0.000         
0.000         
0.000         
0.000         
0.000         
0.000         
0.000         
0.000         
0.000         
0.000         
0.000         
0.000         
0.000         
0.000         
0.000         
0.000         
0.000         
0.000         
0.000         
0.000         
0.000         
0.000         
0.000         
0.000         
0.000         
0.000         
0.000         
0.000         
0.000         
0.000         
0.000         
0.000         
0.000         
0.000         
0.000         
0.000         
0.000         
0.000         
0.000         
0.000         
0.000         
0.000         
0.000         
0.000         
0.000         
0.000         
0.000         
0.000         
0.000         
0.000         
0.000         
0.000         
0.000         
0.000         
0.000         
0.000         
0.000         
0.000         
0.000         
0.000         
0.000         
0.000         
0.000         
0.000         
0.000         
0.000         
0.000         
0.000         
0.000         
0.000         
0.000         
0.000         
0.000         
0.000         
0.000         
0.000         
0.000         
0.000         
0.000         
0.000         
0.000         
0.000         
0.000         
0.000         
0.000         
0.000         
0.000         
0.000         
0.000         
0.073         
0.014         
3.439         
15.698        
3.416         
1.426         
3.555         
0.002         
1.147         
0.397         
2.542         
1.019         
8.763         
0.009         
0.611         
0.472         
9.759         
1.117         
13.914        
0.011         
1.573         
23.714        
0.001         
7.042         
1.746         
1.812         
6.743         
4.752         
6.013         
9.581         
0.054         
5.981         
1.297         
1.234         
0.855         
2.996         
24.617        
2.290         
6.847         
2.411         
3.290         
0.183         
1.891         
32.786        
17.812        
0.843         
25.140        
0.053         
10.644        
0.387         
0.009         
0.025         
1.474         
2.476         
3.822         
14.061        
0.370         
1.015         
1.635         
13.781        
1.878         
18.860        
3.035         
4.986         
0.056         
0.230         
0.935         
5.172         
6.881         
17.458        
0.686         
0.825         
4.376         
12.653        
17.571        
1.580         
22.300        
4.042         
25.139        
3.517         
18.739        
2.132         
0.163         
0.016         
5.967         
3.185         
0.118         
3.600         
0.142         
3.770         
0.031         
2.305         
1.088         
0.322         
2.682         
0.074         
0.067         
2.064         
8.393         
0.000         
0.000         
0.000         
0.000         
0.000         
0.000         
0.000         
0.000         
0.000         
0.000         
0.000         
0.000         
0.000         
0.000         
0.000         
0.000         
0.000         
0.000         
0.000         
0.000         
0.000         
0.000         
0.000         
0.000         
0.000         
0.000         
0.000         
0.000         
0.000         
0.000         
0.000         
0.000         
0.000         
0.000         
0.000         
0.000         
0.000         
0.000         
0.000         
0.000         
0.000         
0.000         
0.000         
0.000         
0.000         
0.000         
0.000         
0.000         
0.000         
0.000         
0.000         
0.000         
0.000         
0.000         
0.000         
0.000         
0.000         
0.000         
0.000         
0.000         
0.000         
0.000         
0.000         
0.000         
0.000         
0.000         
0.000         
0.000         
0.000         
0.000         
0.000         
0.000         
0.000         
0.000         
0.000         
0.000         
0.000         
0.236         
0.003         
4.026         
9.597         
14.317        
0.119         
2.184         
10.454        
5.272         
21.892        
2.702         
0.004         
2.484         
7.522         
4.392         
0.478         
0.001         
3.840         
69.898        
20.071        
161.690       
0.000         
0.000         
0.000         
0.000         
0.000         
0.000         
0.000         
0.000         
0.000         
0.000         
0.000         
0.000         
0.000         
0.000         
0.000         
0.000         
0.000         
0.000         
0.000         
0.000         
0.000         
0.000         
0.000         
0.000         
0.000         
0.000         
0.000         
0.000         
0.000         
0.000         
0.000         
0.000         
0.000         
0.000         
0.000         
0.000         
0.000         
0.000         
0.000         
0.000         
0.000         
0.000         
0.000         
0.000         
0.000         
0.000         
0.000         
0.000         
0.000         
0.000         
0.000         
0.000         
0.000         
0.000         
0.000         
0.000         
0.000         
0.000         
0.000         
0.000         
0.000         
0.000         
0.000         
0.000         
0.000         
0.000         
0.000         
0.000         
0.000         
0.000         
0.000         
0.000         
0.000         
0.000         
0.000         
0.000         
0.000         
0.000         
0.000         
0.000         
0.000         
0.000         
0.000         
0.000         
0.000         
0.000         
0.000         
0.000         
0.000         
0.000         
0.000         
0.000         
0.000         
0.000         
0.000         
0.000         
0.000         
0.000         
0.000         
0.000         
0.000         
0.000         
0.686         
0.227         
2.226         
0.611         
0.039         
17.651        
0.767         
21.018        
50.555        
1.604         
0.026         
9.206         
1.180         
4.701         
4.742         
0.028         
3.719         
4.541         
0.000         
0.184         
0.107         
0.329         
0.001         
0.420         
0.000         
5.076         
7.821         
0.956         
6.732         
3.289         
2.630         
1.762         
0.000         
0.008         
0.262         
0.775         
0.089         
1.455         
1.185         
3.378         
3.456         
1.827         
1.089         
0.003         
5.490         
0.000         
0.001         
0.001         
0.264         
1.467         
3.033         
4.453         
0.316         
0.878         
0.378         
0.084         
0.174         
0.077         
0.022         
7.772         
0.838         
1.188         
5.350         
0.028         
10.554        
0.810         
4.397         
4.630         
0.749         
1.617         
8.933         
5.984         
3.511         
6.049         
18.122        
0.678         
2.669         
1.348         
0.047         
5.420         
14.262        
9.027         
0.927         
1.475         
0.019         
0.000         
9.804         
0.000         
0.018         
0.000         
0.183         
1.335         
0.006         
0.148         
0.005         
0.058         
5.709         
7.772         
0.419         
0.686         
2.117         
3.347         
0.000         
2.477         
0.150         
0.094         
0.149         
0.000         
0.357         
0.707         
0.492         
0.561         
0.504         
0.454         
38.668        
10.526        
0.415         
0.438         
0.013         
74.423        
0.036         
3.461         
0.786         
10.456        
3.186         
17.105        
5.125         
3.075         
0.145         
10.840        
2.787         
32.701        
3.320         
5.225         
9.348         
13.083        
1.699         
81.429        
16.339        
6.494         
9.118         
7.657         
0.000         
0.000         
0.000         
0.000         
0.000         
0.000         
0.000         
0.000         
0.000         
0.000         
0.000         
0.000         
0.000         
0.000         
0.000         
0.000         
0.000         
0.000         
0.000         
0.000         
0.000         
0.000         
0.000         
0.000         
0.000         
0.000         
0.000         
0.000         
0.000         
0.000         
0.000         
0.000         
0.000         
0.000         
0.000         
0.000         
0.000         
0.000         
0.000         
0.000         
0.000         
0.000         
0.000         
0.000         
0.000         
0.000         
0.000         
0.000         
0.000         
0.000         
0.000         
0.000         
0.000         
0.000         
0.000         
0.000         
0.000         
0.000         
0.000         
0.000         
0.000         
0.000         
0.000         
0.000         
0.000         
0.000         
0.000         
0.000         
0.000         
0.000         
0.000         
0.000         
0.000         
0.000         
0.000         
0.000         
0.000         
0.000         
0.000         
0.000         
0.000         
0.000         
0.000         
0.000         
0.000         
0.000         
0.000         
0.000         
0.000         
0.000         
0.000         
0.000         
0.000         
0.000         
0.000         
0.000         
0.000         
0.000         
0.000         
0.000         
0.000         
0.000         
0.000         
0.000         
0.000         
0.000         
0.000         
0.000         
0.000         
0.000         
0.000         
0.000         
0.000         
0.000         
0.000         
0.000         
0.000         
0.000         
0.000         
0.000         
0.000         
0.000         
0.000         
0.000         
0.000         
0.000         
0.000         
0.000         
0.000         
0.000         
0.000         
0.000         
0.000         
0.000         
0.000         
0.000         
0.000         
0.000         
0.000         
0.000         
0.000         
0.000         
0.000         
0.000         
0.000         
0.000         
0.000         
0.000         
0.000         
0.000         
0.000         
0.000         
0.000         
0.000         
0.000         
0.000         
0.000         
0.000         
0.000         
0.000         
0.000         
0.000         
0.000         
0.000         
0.000         
0.000         
0.000         
0.000         
0.000         
0.000         
0.000         
0.000         
0.000         
0.000         
0.000         
0.000         
0.000         
0.000         
0.000         
0.000         
0.000         
0.000         
0.000         
0.000         
0.000         
0.000         
0.000         
0.000         
0.000         
0.000         
0.000         
0.000         
0.000         
0.000         
0.000         
0.000         
0.000         
0.000         
0.000         
0.000         
0.000         
0.000         
0.000         
0.000         
0.000         
0.000         
0.000         
0.000         
0.000         
0.000         
0.000         
0.000         
0.000         
0.000         
0.000         
0.000         
0.000         
0.000         
0.000         
0.000         
0.000         
0.000         
0.000         
0.000         
0.000         
0.000         
0.000         
0.000         
0.000         
0.000         
0.000         
0.000         
0.000         
0.000         
0.000         
0.000         
0.000         
0.000         
0.000         
0.000         
0.000         
0.000         
0.000         
0.000         
0.000         
0.000         
0.000         
0.000         
0.000         
0.000         
0.000         
0.000         
0.000         
0.000         
0.000         
0.000         
0.000         
0.000         
0.000         
0.000         
0.000         
0.000         
0.000         
0.000         
0.000         
0.000         
0.000         
0.000         
0.000         
0.000         
0.000         
0.000         
0.000         
0.000         
0.000         
0.000         
0.000         
0.000         
0.000         
0.000         
0.000         
0.000         
0.000         
0.000         
0.000         
0.000         
0.000         
0.000         
0.000         
0.000         
0.000         
0.000         
0.000         
0.000         
0.000         
0.000         
0.000         
0.000         
0.000         
0.000         
0.000         
0.000         
0.000         
0.000         
0.000         
0.000         
0.000         
0.000         
0.000         
0.000         
0.000         
0.000         
0.000         
0.000         
0.000         
0.000         
0.000         
0.000         
0.000         
0.000         
0.000         
0.000         
0.000         
0.000         
0.000         
0.000         
0.000         
0.000         
0.000         
0.000         
0.000         
0.000         
0.000         
0.000         
0.000         
0.000         
0.000         
0.000         
0.000         
0.000         
0.000         
0.000         
0.000         
0.000         
0.000         
0.000         
0.000         
0.000         
0.000         
0.000         
0.000         
0.000         
0.000         
0.000         
0.000         
0.000         
0.000         
0.000         
0.000         
0.000         
0.000         
0.000         
0.000         
0.000         
0.000         
0.000         
0.000         
0.000         
0.000         
0.000         
0.000         
0.000         
0.000         
0.000         
0.000         
0.000         
0.000         
0.000         
0.000         
0.000         
0.000         
0.000         
0.000         
0.000         
0.000         
0.000         
0.000         
0.000         
0.000         
0.000         
0.000         
0.000         
0.000         
0.000         
0.000         
0.000         
0.000         
0.000         
0.000         
0.000         
0.000         
0.000         
0.000         
0.000         
0.000         
0.000         
0.000         
0.000         
0.000         
0.000         
0.000         
0.000         
0.000         
0.000         
0.000         
0.000         
0.000         
0.000         
0.000         
0.000         
0.000         
0.000         
0.000         
0.000         
0.000         
0.000         
0.000         
0.000         
0.000         
0.000         
0.000         
0.000         
0.000         
0.000         
0.000         
0.000         
0.000         
0.000         
0.000         
0.000         
0.000         
0.000         
0.000         
0.000         
0.000         
0.000         
0.000         
0.000         
0.000         
0.000         
0.000         
0.000         
0.000         
0.000         
0.000         
0.000         
0.000         
0.000         
0.000         
0.000         
0.000         
0.000         
0.000         
0.000         
0.000         
0.000         
0.000         
0.000         
0.000         
0.000         
0.000         
0.000         
0.000         
0.000         
0.000         
0.000         
0.000         
0.000         
0.000         
0.000         
0.000         
0.000         
0.000         
0.000         
0.000         
0.000         
0.000         
0.000         
0.000         
0.000         
0.000         
0.000         
0.000         
0.000         
0.000         
0.000         
0.000         
0.000         
0.000         
0.000         
0.000         
0.000         
0.000         
0.000         
0.000         
0.000         
0.000         
0.000         
0.000         
0.000         
0.000         
0.000         
0.000         
0.000         
0.000         
0.000         
0.000         
0.000         
0.000         
0.000         
0.000         
0.000         
0.000         
0.000         
0.000         
0.000         
0.000         
0.000         
0.000         
0.000         
0.000         
0.000         
0.000         
0.000         
0.000         
0.000         
0.000         
0.000         
0.000         
0.000         
0.000         
0.000         
0.000         
0.000         
0.000         
0.000         
0.000         
0.000         
0.000         
0.000         
0.000         
0.000         
0.000         
0.000         
0.000         
0.000         
0.000         
0.000         
0.000         
0.000         
0.000         
0.000         
0.000         
0.000         
0.000         
0.000         
0.000         
0.000         
0.000         
0.000         
0.000         
0.000         
0.000         
0.000         
0.000         
0.000         
0.000         
0.000         
0.000         
0.000         
0.000         
0.000         
0.000         
0.000         
0.000         
0.000         
0.000         
0.000         
0.000         
0.000         
0.000         
0.000         
0.000         
0.000         
0.000         
0.000         
0.000         
0.000         
0.000         
0.000         
0.000         
0.000         
0.000         
0.000         
0.000         
0.000         
0.000         
0.000         
0.000         
0.000         
0.000         
0.000         
0.000         
0.000         
0.000         
0.000         
0.000         
0.000         
0.000         
0.000         
0.000         
0.000         
0.000         
0.000         
0.000         
0.000         
0.000         
0.000         
0.000         
0.000         
0.000         
0.000         
0.000         
0.000         
0.000         
0.000         
0.000         
0.000         
0.000         
0.000         
0.000         
0.000         
0.000         
0.000         
0.000         
0.000         
0.000         
0.000         
0.000         
0.000         
0.000         
0.000         
0.000         
0.000         
0.000         
0.000         
0.000         
0.000         
0.000         
0.000         
0.000         
0.000         
0.000         
0.000         
0.000         
0.000         
0.000         
0.000         
0.000         
0.000         
0.000         
0.000         
0.000         
0.000         
0.000         
0.000         
0.000         
0.000         
0.000         
0.000         
0.000         
0.000         
0.000         
0.000         
0.000         
0.000         
0.000         
0.000         
0.000         
0.000         
0.000         
0.000         
0.000         
0.000         
0.000         
0.000         
0.000         
0.000         
0.000         
0.000         
0.000         
0.000         
0.000         
0.000         
0.000         
0.000         
0.000         
0.000         
0.000         
0.000         
0.000         
0.000         
0.000         
0.000         
0.000         
0.000         
0.000         
0.000         
0.000         
0.000         
0.000         
0.000         
0.000         
0.000         
0.000         
0.000         
0.000         
0.000         
0.000         
0.000         
0.000         
0.000         
0.000         
0.000         
0.000         
0.000         
0.000         
0.000         
0.000         
0.000         
0.000         
0.000         
0.000         
0.000         
0.000         
0.000         
0.000         
0.000         
0.000         
0.000         
0.000         
0.000         
0.000         
0.000         
0.000         
0.000         
0.000         
0.000         
0.000         
0.000         
0.000         
0.000         
0.000         
0.000         
0.000         
0.000         
0.000         
0.000         
0.000         
0.000         
0.000         
0.000         
0.000         
0.000         
0.000         
0.000         
0.000         
0.000         
0.000         
0.000         
0.000         
0.000         
0.000         
0.000         
0.000         
0.000         
0.000         
0.000         
0.000         
0.000         
0.000         
0.000         
0.000         
0.000         
0.000         
0.000         
0.000         
0.000         
0.000         
0.000         
0.000         
0.000         
0.000         
0.000         
0.000         
0.000         
0.000         
0.000         
0.000         
0.000         
0.000         
0.000         
0.000         
26.825        
39.621        
11.727        
13.605        
0.353         
3.962         
0.982         
8.389         
3.222         
29.633        
0.334         
1.690         
30.586        
0.176         
2.786         
0.854         
16.919        
15.642        
6.232         
12.429        
49.275        
11.410        
16.292        
11.343        
0.647         
0.005         
0.140         
13.630        
0.499         
4.372         
20.776        
0.000         
4.330         
0.064         
22.585        
2.024         
2.702         
0.909         
33.121        
68.547        
32.515        
44.161        
61.465        
0.061         
0.292         
21.932        
6.973         
5.663         
14.302        
10.930        
16.170        
13.209        
5.673         
5.358         
7.827         
14.964        
85.181        
23.272        
109.595       
18.151        
20.824        
110.611       
77.020        
160.247       
186.957       
20.378        
56.240        
11.902        
0.239         
11.289        
3.926         
2.752         
0.000         
1.013         
2.870         
0.000         
0.000         
4.756         
4.343         
5.156         
24.346        
2.457         
20.066        
0.512         
20.657        
16.869        
0.093         
0.907         
2.850         
1.051         
0.139         
1.383         
0.433         
0.000         
2.581         
0.083         
0.242         
1.058         
21.829        
35.788        
8.917         
11.804        
1.445         
43.429        
7.523         
0.166         
0.346         
10.027        
9.050         
15.304        
22.863        
17.993        
3.245         
2.937         
6.496         
4.405         
9.544         
14.088        
0.496         
3.951         
4.376         
5.499         
1.621         
21.794        
5.503         
0.016         
2.225         
2.709         
9.794         
0.002         
19.187        
19.617        
0.325         
27.759        
4.152         
1.224         
3.805         
0.000         
6.214         
5.666         
0.622         
2.717         
1.946         
0.000         
6.175         
6.069         
15.571        
13.301        
9.795         
6.854         
0.273         
37.831        
5.274         
0.776         
34.682        
0.480         
4.343         
1.401         
40.648        
0.000         
0.119         
0.413         
0.004         
1.423         
0.000         
0.556         
0.011         
0.502         
0.003         
0.101         
0.000         
0.001         
0.002         
0.343         
0.014         
0.001         
0.274         
0.041         
0.616         
7.626         
0.135         
0.140         
0.094         
0.119         
0.052         
0.011         
1.295         
9.167         
0.000         
0.127         
1.206         
25.994        
0.004         
0.212         
53.419        
10.740        
33.722        
9.427         
2.266         
4.281         
46.335        
1.072         
3.027         
19.566        
19.517        
16.725        
6.640         
45.930        
4.508         
4.301         
8.294         
2.000         
32.886        
9.507         
2.860         
0.406         
0.263         
6.813         
4.992         
0.827         
2.613         
0.000         
0.123         
2.291         
3.395         
0.356         
1.613         
0.384         
21.081        
0.097         
4.971         
7.386         
5.248         
1.165         
1.156         
0.608         
0.236         
0.020         
0.384         
6.012         
1.838         
2.175         
11.754        
4.503         
4.863         
1.170         
7.710         
1.235         
1.942         
0.143         
0.129         
0.009         
1.124         
0.528         
2.351         
2.849         
0.698         
7.527         
1.751         
2.926         
0.322         
13.661        
8.061         
8.150         
5.174         
10.500        
40.278        
18.692        
10.865        
2.049         
0.001         
0.006         
2.779         
0.772         
0.276         
0.017         
12.590        
2.175         
11.349        
0.182         
0.445         
69.016        
1.505         
12.704        
16.448        
4.861         
18.140        
3.478         
3.567         
7.859         
3.580         
1.729         
0.000         
0.629         
0.000         
0.000         
0.000         
0.000         
0.000         
0.000         
0.000         
0.000         
0.000         
0.000         
0.000         
0.000         
0.000         
0.000         
0.000         
0.000         
0.000         
0.000         
0.000         
0.000         
0.000         
0.000         
0.000         
0.000         
0.000         
0.000         
0.000         
0.000         
0.000         
0.000         
0.000         
0.000         
0.000         
0.000         
0.000         
0.000         
0.000         
0.000         
0.000         
0.000         
0.000         
0.000         
0.000         
0.000         
0.000         
0.000         
0.000         
0.000         
0.000         
0.000         
0.000         
0.000         
0.000         
0.000         
0.000         
0.000         
0.000         
0.000         
0.000         
0.000         
0.000         
0.000         
0.000         
0.000         
0.000         
0.000         
0.000         
0.000         
0.000         
0.000         
0.000         
0.000         
0.000         
0.000         
0.000         
0.000         
0.000         
0.000         
0.000         
0.000         
0.000         
0.000         
0.000         
0.000         
0.000         
0.000         
0.000         
0.000         
0.000         
0.000         
0.000         
0.000         
0.000         
0.000         
0.000         
0.000         
0.000         
0.000         
0.000         
0.000         
0.000         
0.000         
0.000         
0.000         
0.000         
0.000         
0.000         
0.000         
0.000         
0.000         
0.000         
0.000         
0.000         
0.000         
0.000         
0.000         
0.000         
0.000         
0.000         
0.000         
0.000         
0.000         
0.000         
0.000         
0.000         
0.000         
0.000         
0.000         
0.000         
0.000         
0.000         
0.000         
0.000         
0.000         
0.000         
0.000         
0.000         
0.000         
0.000         
0.000         
0.000         
0.000         
0.000         
0.000         
0.000         
0.000         
0.000         
0.000         
0.000         
0.000         
0.000         
0.000         
0.000         
0.000         
0.000         
0.000         
0.000         
0.000         
0.000         
0.000         
0.000         
0.000         
0.000         
0.000         
0.000         
0.000         
0.000         
0.000         
0.000         
0.000         
0.000         
0.000         
0.000         
0.000         
0.000         
0.000         
0.000         
0.000         
0.000         
0.000         
0.000         
0.000         
0.000         
0.000         
0.000         
0.000         
0.000         
0.000         
0.000         
0.000         
0.000         
0.000         
0.000         
0.000         
0.000         
0.000         
0.000         
0.000         
0.000         
0.000         
0.000         
0.000         
0.000         
0.000         
0.000         
0.000         
0.000         
0.000         
0.000         
0.000         
0.000         
0.000         
0.000         
0.000         
0.000         
0.000         
0.000         
0.000         
0.000         
0.000         
0.000         
0.000         
0.000         
0.000         
0.000         
0.000         
0.000         
0.000         
0.000         
0.000         
0.000         
0.000         
0.000         
0.000         
0.000         
0.000         
0.000         
0.000         
0.000         
0.000         
0.000         
0.000         
0.000         
0.000         
0.000         
0.000         
0.000         
0.000         
0.000         
0.000         
0.000         
0.000         
0.000         
0.000         
0.000         
0.000         
0.000         
0.000         
0.000         
0.000         
0.000         
0.000         
0.000         
0.000         
0.000         
0.000         
0.000         
0.000         
0.000         
0.000         
0.000         
0.000         
0.000         
0.000         
0.000         
0.000         
0.000         
0.000         
0.000         
0.000         
0.000         
0.000         
0.000         
0.000         
0.000         
0.000         
0.000         
0.000         
0.000         
0.000         
0.000         
0.000         
0.000         
0.000         
0.000         
0.000         
0.000         
0.000         
0.000         
0.000         
0.000         
0.000         
0.000         
0.000         
0.000         
0.000         
0.000         
0.000         
0.000         
0.000         
0.000         
0.000         
0.000         
0.000         
0.000         
0.000         
0.000         
0.000         
0.000         
0.000         
0.000         
0.000         
0.000         
0.000         
0.000         
0.000         
0.000         
0.000         
0.000         
0.000         
0.000         
0.000         
0.000         
0.000         
0.000         
0.000         
0.000         
0.000         
0.000         
0.000         
0.000         
0.000         
0.000         
0.000         
0.000         
0.000         
0.000         
0.000         
0.000         
0.000         
0.000         
0.000         
0.000         
0.000         
0.000         
0.000         
0.000         
0.000         
0.000         
0.000         
0.000         
0.000         
0.000         
0.000         
0.000         
0.000         
0.000         
0.000         
0.000         
0.000         
0.000         
0.000         
0.000         
0.000         
0.000         
0.000         
0.000         
0.000         
0.000         
0.000         
0.000         
0.000         
0.000         
0.000         
0.000         
0.000         
0.000         
0.000         
0.000         
0.000         
0.000         
0.000         
0.000         
0.000         
0.000         
0.000         
0.000         
0.000         
0.000         
0.000         
0.000         
0.000         
0.000         
0.000         
0.000         
0.000         
0.000         
0.000         
0.000         
0.000         
0.000         
0.000         
0.000         
0.000         
0.000         
0.000         
0.000         
0.000         
0.000         
0.000         
0.000         
0.000         
0.000         
0.000         
0.000         
0.000         
0.000         
0.000         
0.000         
0.000         
0.000         
0.000         
0.000         
0.000         
0.000         
0.000         
0.000         
0.000         
0.000         
0.000         
0.000         
0.000         
0.000         
0.000         
0.000         
0.000         
0.000         
0.000         
0.000         
0.000         
0.000         
0.000         
0.000         
0.000         
0.000         
0.000         
0.000         
0.000         
0.000         
0.000         
0.000         
0.000         
0.000         
0.000         
0.000         
0.000         
0.000         
0.000         
0.000         
0.000         
0.000         
0.000         
0.000         
0.000         
0.000         
0.000         
0.000         
0.000         
0.000         
0.000         
0.000         
0.000         
0.000         
0.000         
0.000         
0.000         
0.000         
0.000         
0.000         
0.000         
0.000         
0.000         
0.000         
0.000         
0.000         
0.000         
0.000         
0.000         
0.000         
0.000         
0.000         
0.000         
0.000         
0.000         
0.000         
0.000         
0.000         
0.000         
0.000         
0.000         
0.000         
0.000         
0.000         
0.000         
0.000         
0.000         
0.000         
0.000         
0.000         
0.000         
0.000         
0.000         
0.000         
0.000         
0.000         
0.000         
0.000         
0.000         
0.000         
0.000         
0.000         
0.000         
0.000         
0.000         
0.000         
0.000         
0.000         
0.000         
0.000         
0.000         
0.000         
0.000         
0.000         
0.000         
0.000         
0.000         
0.000         
0.000         
0.000         
0.000         
0.000         
0.000         
0.000         
0.000         
0.000         
0.000         
0.000         
0.000         
0.000         
0.000         
0.000         
0.000         
0.000         
0.000         
0.000         
0.000         
0.000         
0.000         
0.000         
0.000         
0.000         
0.000         
0.000         
0.000         
0.000         
0.000         
0.000         
0.000         
0.000         
0.000         
0.000         
0.000         
0.000         
0.000         
0.000         
0.000         
0.000         
0.000         
0.000         
0.000         
0.000         
0.000         
0.000         
0.000         
0.000         
0.000         
0.000         
0.000         
0.000         
0.000         
0.000         
0.000         
0.000         
0.000         
0.000         
0.000         
0.000         
0.000         
0.000         
0.000         
0.000         
0.000         
0.000         
0.000         
0.000         
0.000         
0.000         
0.000         
0.000         
0.000         
0.000         
0.000         
0.000         
0.000         
0.000         
0.000         
0.000         
0.000         
0.000         
0.000         
0.000         
0.000         
0.000         
0.000         
0.000         
0.000         
0.000         
0.000         
0.000         
0.000         
0.000         
0.000         
0.000         
0.000         
0.000         
0.000         
0.000         
0.000         
0.000         
0.000         
0.000         
0.000         
0.000         
0.000         
0.000         
0.000         
0.000         
0.000         
0.000         
0.000         
0.000         
0.000         
0.000         
0.000         
0.000         
0.000         
0.000         
0.000         
0.000         
0.000         
0.000         
0.000         
0.000         
0.000         
0.000         
0.000         
0.000         
0.000         
0.000         
0.000         
0.000         
0.000         
0.000         
0.000         
0.000         
0.000         
0.000         
0.000         
0.000         
0.000         
0.000         
0.000         
0.000         
0.000         
0.000         
0.000         
0.000         
0.000         
0.000         
0.000         
0.000         
0.000         
0.000         
0.000         
0.000         
0.000         
0.000         
0.000         
0.000         
0.000         
0.000         
0.000         
0.000         
0.000         
0.000         
0.000         
0.000         
0.000         
0.000         
0.000         
0.000         
0.000         
0.000         
0.000         
0.000         
0.000         
0.000         
0.000         
0.000         
0.000         
0.000         
0.000         
0.000         
0.000         
0.000         
0.000         
0.000         
0.000         
0.000         
0.000         
0.000         
0.000         
0.000         
0.000         
0.000         
0.000         
0.000         
0.000         
0.000         
0.000         
0.000         
0.000         
0.000         
0.000         
0.000         
0.000         
0.000         
0.000         
0.000         
0.000         
0.000         
0.000         
0.000         
0.000         
0.000         
0.000         
0.000         
0.000         
0.000         
0.000         
0.000         
0.000         
0.000         
0.000         
0.000         
0.000         
0.000         
0.000         
0.000         
0.000         
0.000         
0.000         
0.000         
0.000         
0.000         
0.000         
0.000         
0.000         
0.000         
0.000         
0.000         
0.000         
0.000         
0.000         
0.000         
0.000         
0.000         
0.000         
0.000         
0.000         
0.000         
0.000         
0.000         
0.000         
0.000         
0.000         
0.000         
0.000         
0.000         
0.000         
0.000         
0.000         
0.000         
0.000         
0.000         
0.000         
0.000         
0.000         
0.000         
0.000         
0.000         
0.000         
0.000         
0.000         
0.000         
0.000         
0.000         
0.000         
0.000         
0.000         
0.000         
0.000         
0.000         
0.000         
0.000         
0.000         
0.000         
0.000         
0.000         
0.000         
0.000         
0.000         
0.000         
0.000         
0.000         
0.000         
0.000         
0.000         
0.000         
0.000         
0.000         
0.000         
0.000         
0.000         
0.000         
0.000         
0.000         
0.000         
0.000         
0.000         
0.000         
0.000         
0.000         
0.000         
0.000         
0.000         
0.000         
0.000         
0.000         
0.000         
0.000         
0.000         
0.000         
0.000         
0.000         
0.000         
0.000         
0.000         
0.000         
0.000         
0.000         
0.000         
0.000         
0.000         
0.000         
0.000         
0.000         
0.000         
0.000         
0.000         
0.000         
0.000         
0.000         
0.000         
0.000         
0.000         
0.000         
0.000         
0.000         
0.000         
0.000         
0.000         
0.000         
0.000         
0.000         
0.000         
0.000         
0.000         
0.000         
0.000         
0.000         
0.000         
0.000         
0.000         
0.000         
0.000         
0.000         
0.000         
0.000         
0.000         
0.000         
0.000         
0.000         
0.000         
0.000         
0.000         
0.000         
0.000         
0.000         
0.000         
0.000         
0.000         
0.000         
0.000         
0.000         
0.000         
0.000         
0.000         
0.000         
0.000         
0.000         
0.000         
0.000         
0.000         
0.000         
0.000         
0.000         
0.000         
0.000         
0.000         
0.000         
0.000         
0.000         
0.000         
0.000         
0.000         
0.000         
0.000         
0.000         
0.000         
0.000         
0.000         
0.000         
0.000         
0.000         
0.000         
0.000         
0.000         
0.000         
0.000         
0.000         
0.000         
0.000         
0.000         
0.000         
0.000         
0.000         
0.000         
0.000         
0.000         
0.000         
0.000         
0.000         
0.000         
0.000         
0.000         
0.000         
0.000         
0.000         
0.000         
0.000         
0.000         
0.000         
0.000         
0.000         
0.000         
0.000         
0.000         
0.000         
0.000         
0.000         
0.000         
0.000         
0.000         
0.000         
0.000         
0.000         
0.000         
0.000         
0.000         
0.000         
0.000         
0.000         
0.000         
0.000         
0.000         
0.000         
0.000         
0.000         
0.000         
0.000         
0.000         
0.000         
0.000         
0.000         
0.000         
0.000         
0.000         
0.000         
0.000         
0.000         
0.000         
0.000         
0.000         
0.000         
0.000         
0.000         
0.000         
0.000         
0.000         
0.000         
0.000         
0.000         
0.000         
0.000         
0.000         
0.000         
0.000         
0.000         
0.000         
0.000         
0.000         
0.000         
0.000         
0.000         
0.000         
0.000         
0.000         
0.000         
0.000         
0.000         
0.000         
0.000         
0.000         
0.000         
0.000         
0.000         
0.000         
0.000         
0.000         
0.000         
0.000         
0.000         
0.000         
0.000         
0.000         
0.000         
0.000         
0.000         
0.000         
0.000         
0.000         
0.000         
0.000         
0.000         
0.000         
0.000         
0.000         
0.000         
0.000         
0.000         
0.000         
0.000         
0.000         
0.000         
0.000         
0.000         
0.000         
0.000         
0.000         
0.000         
0.000         
0.000         
0.000         
0.000         
0.000         
0.000         
0.000         
0.000         
0.000         
0.000         
0.000         
0.000         
0.000         
0.000         
0.000         
0.000         
0.000         
0.000         
0.000         
0.000         
0.000         
0.000         
0.000         
0.000         
0.000         
0.000         
0.000         
0.000         
0.000         
0.000         
0.000         
0.000         
0.000         
0.000         
0.000         
0.000         
0.000         
0.000         
0.000         
0.000         
0.000         
0.000         
0.000         
0.000         
0.000         
0.000         
0.000         
0.000         
0.000         
0.000         
0.000         
0.000         
0.000         
0.000         
0.000         
0.000         
0.000         
0.000         
0.000         
0.000         
0.000         
0.000         
1.661         
0.000         
39.417        
20.780        
0.924         
0.034         
1.440         
0.539         
0.043         
23.507        
22.822        
2.295         
0.000         
0.000         
0.715         
0.429         
1.839         
17.313        
1.303         
0.000         
0.001         
0.363         
4.443         
9.921         
64.804        
7.540         
4.523         
0.010         
4.102         
2.943         
0.016         
25.886        
10.650        
5.833         
0.218         
20.050        
11.736        
6.380         
0.000         
0.324         
0.001         
13.142        
21.590        
42.704        
6.597         
23.592        
0.764         
46.210        
17.132        
32.179        
72.791        
35.100        
54.103        
122.672       
40.357        
1.726         
26.974        
37.487        
5.330         
7.456         
55.886        
122.735       
0.665         
4.765         
6.976         
1.504         
10.480        
11.416        
1.525         
7.051         
4.452         
23.483        
12.513        
5.735         
3.952         
0.141         
26.769        
9.968         
0.081         
3.275         
0.675         
4.091         
100.979       
1.202         
0.124         
3.834         
37.813        
31.993        
1.624         
10.670        
3.810         
25.601        
4.204         
1.599         
0.000         
4.535         
10.307        
7.203         
0.003         
0.966         
11.178        
1.836         
5.133         
2.411         
0.146         
29.652        
3.056         
4.665         
0.140         
3.006         
0.022         
17.995        
4.630         
54.943        
6.169         
0.219         
7.237         
0.112         
2.140         
15.847        
0.831         
0.179         
10.190        
20.518        
0.142         
2.522         
0.000         
1.428         
2.971         
0.000         
0.178         
0.000         
16.550        
0.030         
1.234         
0.089         
1.477         
5.260         
0.000         
1.504         
2.140         
3.036         
1.933         
1.678         
2.245         
0.030         
0.619         
1.750         
0.755         
5.019         
0.393         
1.050         
5.320         
1.830         
5.682         
3.323         
19.607        
0.000         
0.000         
5.634         
0.464         
2.154         
3.223         
3.163         
5.307         
2.555         
0.007         
0.020         
0.087         
0.004         
0.003         
0.520         
0.219         
0.001         
2.585         
2.325         
0.000         
0.194         
0.003         
0.000         
5.685         
0.000         
0.009         
0.000         
0.012         
0.015         
0.041         
0.028         
0.040         
0.912         
2.892         
0.004         
5.484         
0.705         
20.974        
10.021        
7.596         
0.411         
0.004         
1.227         
0.145         
7.872         
0.170         
0.257         
0.177         
2.405         
4.506         
12.260        
0.603         
2.421         
0.011         
5.903         
24.336        
5.203         
3.154         
21.929        
0.144         
0.000         
0.085         
0.872         
18.653        
0.518         
6.950         
0.880         
0.118         
0.046         
0.049         
10.056        
0.331         
0.037         
0.085         
5.258         
5.996         
0.869         
0.006         
78.389        
0.322         
0.072         
0.127         
0.000         
0.001         
3.520         
0.063         
0.000         
0.003         
0.002         
0.917         
1.711         
8.056         
1.212         
0.019         
0.001         
0.001         
0.025         
0.568         
2.975         
0.034         
0.267         
1.429         
5.241         
0.000         
6.673         
11.796        
2.244         
0.191         
5.812         
21.126        
0.046         
2.337         
2.001         
0.570         
0.090         
4.039         
0.187         
1.348         
4.493         
44.010        
0.464         
0.008         
7.820         
21.129        
0.000         
0.000         
0.000         
0.000         
0.000         
0.000         
0.000         
0.000         
0.000         
0.000         
0.000         
0.000         
0.000         
0.000         
0.000         
0.000         
0.000         
0.000         
0.000         
0.000         
0.000         
0.000         
0.000         
0.000         
0.000         
0.000         
0.000         
0.000         
0.000         
0.000         
0.000         
0.000         
0.000         
0.000         
0.000         
0.000         
0.000         
0.000         
0.000         
0.000         
0.000         
0.000         
0.000         
0.000         
0.000         
0.000         
0.000         
0.000         
0.000         
0.000         
0.000         
0.000         
0.000         
0.000         
0.000         
0.000         
0.000         
0.000         
0.000         
0.000         
0.000         
0.000         
0.000         
0.000         
0.000         
0.000         
0.000         
0.000         
0.000         
0.000         
0.000         
0.000         
0.000         
0.000         
0.000         
0.000         
0.000         
0.000         
0.000         
0.000         
0.000         
0.000         
0.000         
0.000         
0.000         
0.000         
0.000         
0.000         
0.000         
0.000         
0.000         
0.000         
1.234         
4.017         
30.582        
1.133         
3.569         
0.000         
4.799         
1.968         
3.293         
0.006         
14.810        
0.017         
0.140         
18.281        
7.925         
0.574         
23.789        
3.987         
0.135         
10.846        
82.266        
0.001         
0.919         
19.344        
0.783         
3.082         
0.571         
0.489         
0.025         
34.897        
20.045        
26.363        
2.284         
34.604        
0.085         
3.307         
0.876         
1.463         
1.565         
79.237        
47.945        
0.198         
55.836        
8.605         
20.640        
146.073       
12.530        
35.016        
56.720        
23.945        
27.693        
89.771        
95.448        
7.968         
44.051        
5.049         
6.816         
6.061         
8.658         
2.776         
39.489        
0.011         
0.800         
39.837        
19.796        
3.628         
0.083         
6.973         
4.833         
14.519        
31.003        
1.927         
4.698         
16.655        
0.525         
13.418        
0.116         
3.451         
0.027         
8.805         
0.130         
8.832         
2.069         
11.321        
1.277         
8.565         
0.887         
1.435         
7.562         
21.182        
11.618        
0.103         
0.064         
0.890         
18.137        
1.498         
0.001         
3.249         
0.451         
0.155         
1.521         
6.214         
7.832         
15.819        
10.640        
6.647         
0.281         
1.785         
2.175         
3.723         
15.456        
2.269         
16.773        
5.677         
4.911         
2.149         
17.996        
1.982         
7.135         
2.304         
15.887        
6.922         
5.302         
3.558         
0.628         
0.000         
4.338         
1.539         
0.032         
3.691         
0.014         
0.026         
0.124         
1.875         
1.050         
9.884         
2.517         
2.194         
0.294         
39.587        
9.827         
0.871         
11.185        
0.230         
2.394         
17.308        
4.433         
4.782         
0.000         
8.191         
0.022         
3.716         
1.170         
0.032         
0.000         
0.000         
0.000         
0.403         
0.639         
3.198         
0.000         
0.082         
0.164         
0.444         
0.357         
2.361         
15.483        
0.000         
0.047         
0.005         
0.039         
2.847         
0.185         
1.085         
0.002         
0.000         
0.259         
0.027         
0.382         
0.018         
0.143         
0.002         
0.077         
0.001         
2.840         
3.443         
0.009         
4.420         
1.440         
13.762        
15.095        
24.517        
59.294        
9.217         
28.101        
0.987         
0.059         
3.171         
1.109         
1.507         
0.046         
2.155         
8.852         
2.688         
1.199         
0.602         
1.086         
10.776        
0.101         
7.269         
0.148         
3.221         
2.542         
1.284         
10.840        
0.821         
0.008         
0.201         
8.001         
11.639        
0.268         
0.913         
1.262         
12.239        
0.560         
0.124         
0.007         
9.250         
10.007        
7.692         
1.682         
16.642        
0.015         
0.000         
18.036        
2.788         
0.000         
1.278         
1.132         
1.002         
1.440         
1.387         
0.975         
3.075         
19.905        
0.231         
1.322         
2.710         
1.021         
7.140         
2.162         
11.422        
0.000         
7.319         
2.197         
0.616         
2.272         
18.147        
31.733        
10.286        
8.515         
3.576         
2.218         
20.070        
1.358         
18.461        
0.310         
2.207         
1.257         
16.724        
80.944        
2.807         
2.128         
0.530         
4.646         
3.028         
0.000         
0.000         
0.000         
0.000         
0.000         
0.000         
0.000         
0.000         
0.000         
0.000         
0.000         
0.000         
0.000         
0.000         
0.000         
0.000         
0.000         
0.000         
0.000         
0.000         
0.000         
0.000         
0.000         
0.000         
0.000         
0.000         
0.000         
0.000         
0.000         
0.000         
0.000         
0.000         
0.000         
0.000         
0.000         
0.000         
0.000         
0.000         
0.000         
0.000         
0.000         
0.000         
0.000         
0.000         
0.000         
0.000         
0.000         
0.000         
0.000         
0.000         
0.000         
0.000         
0.000         
0.000         
0.000         
0.000         
0.000         
0.000         
0.000         
0.000         
0.000         
0.000         
0.000         
0.000         
0.000         
0.000         
0.000         
0.000         
0.000         
0.000         
0.000         
0.000         
0.000         
0.000         
0.000         
0.000         
0.000         
0.000         
0.000         
0.000         
0.000         
0.000         
0.000         
0.000         
0.000         
0.000         
0.000         
0.000         
0.000         
0.000         
0.000         
0.000         
0.000         
0.000         
0.000         
0.000         
0.000         
0.000         
0.000         
0.000         
0.000         
0.000         
0.000         
0.000         
0.000         
0.000         
0.000         
0.000         
0.000         
0.000         
0.000         
0.000         
0.000         
0.000         
0.000         
0.000         
0.000         
0.000         
0.000         
0.000         
0.000         
0.000         
0.000         
0.000         
0.000         
0.000         
0.000         
0.000         
0.000         
0.000         
0.000         
0.000         
0.000         
0.000         
0.000         
0.000         
0.000         
0.000         
0.000         
0.000         
0.000         
0.000         
0.000         
0.000         
0.000         
0.000         
0.000         
0.000         
0.000         
0.000         
0.000         
0.000         
0.000         
0.000         
0.000         
0.000         
0.000         
0.000         
0.000         
0.000         
0.000         
0.000         
0.000         
0.000         
0.000         
0.000         
0.000         
0.000         
0.000         
0.000         
0.000         
0.000         
0.000         
0.000         
0.000         
0.000         
0.000         
0.000         
0.000         
0.000         
0.000         
0.000         
0.000         
0.000         
0.000         
0.000         
0.000         
0.000         
0.000         
0.000         
0.000         
0.000         
0.000         
0.000         
0.000         
0.000         
0.000         
0.000         
0.000         
0.000         
0.000         
0.000         
0.000         
0.000         
0.000         
0.000         
0.000         
0.000         
0.000         
0.000         
0.000         
0.000         
0.000         
0.000         
0.000         
0.000         
0.000         
0.000         
0.000         
0.000         
0.000         
0.000         
0.000         
0.000         
0.000         
0.000         
0.000         
0.000         
0.000         
0.000         
0.000         
0.000         
0.000         
0.000         
0.000         
0.000         
0.000         
0.000         
0.000         
0.000         
0.000         
0.000         
0.000         
0.000         
0.000         
0.000         
0.000         
0.000         
0.000         
0.000         
0.000         
0.000         
0.000         
0.000         
0.000         
0.000         
0.000         
0.000         
0.000         
0.000         
0.000         
0.000         
0.000         
0.000         
0.000         
0.000         
0.000         
0.000         
0.000         
0.000         
0.000         
0.000         
0.000         
0.000         
0.000         
0.000         
0.000         
0.000         
0.000         
0.000         
0.000         
0.000         
0.000         
0.000         
0.000         
0.000         
0.000         
0.000         
0.000         
0.000         
0.000         
0.000         
0.000         
0.000         
0.000         
0.000         
0.000         
0.000         
0.000         
0.000         
0.000         
0.000         
0.000         
0.000         
0.000         
0.000         
0.000         
0.000         
0.000         
0.000         
0.000         
0.000         
0.000         
0.000         
0.000         
0.000         
0.000         
0.000         
0.000         
0.000         
0.000         
0.000         
0.000         
0.000         
0.000         
0.000         
0.000         
0.000         
0.000         
0.000         
0.000         
0.000         
0.000         
0.000         
0.000         
0.000         
0.000         
0.000         
0.000         
0.000         
0.000         
0.000         
0.000         
0.000         
0.000         
0.000         
0.000         
0.000         
0.000         
0.000         
0.000         
0.000         
0.000         
0.000         
0.000         
0.000         
0.000         
0.000         
0.000         
0.000         
0.000         
0.000         
0.000         
0.000         
0.000         
0.000         
0.000         
0.000         
0.000         
0.000         
0.000         
0.000         
0.000         
0.000         
0.000         
0.000         
0.000         
0.000         
0.000         
0.000         
0.000         
0.000         
0.000         
0.000         
0.000         
0.000         
0.000         
0.000         
0.000         
0.000         
0.000         
0.000         
0.000         
0.000         
0.000         
0.000         
0.000         
0.000         
0.000         
0.000         
0.000         
0.000         
0.000         
0.000         
0.000         
0.000         
0.000         
0.000         
0.000         
0.000         
0.000         
0.000         
0.000         
0.000         
0.000         
0.000         
0.000         
0.000         
0.000         
0.000         
0.000         
0.000         
0.000         
0.000         
0.000         
0.000         
0.000         
0.000         
0.000         
0.000         
0.000         
0.000         
0.000         
0.000         
0.000         
0.000         
0.000         
0.000         
0.000         
0.000         
0.000         
0.000         
0.000         
0.000         
0.000         
0.000         
0.000         
0.000         
0.000         
0.000         
0.000         
0.000         
0.000         
0.000         
0.000         
0.000         
0.000         
0.000         
0.000         
0.000         
0.000         
0.000         
0.000         
0.000         
0.000         
0.000         
0.000         
0.000         
0.000         
0.000         
0.000         
0.000         
0.000         
0.000         
0.000         
0.000         
0.000         
0.000         
0.000         
0.000         
0.000         
0.000         
0.000         
0.000         
0.000         
0.000         
0.000         
0.000         
0.000         
0.000         
0.000         
0.000         
0.000         
0.000         
0.000         
0.000         
0.000         
0.000         
0.000         
0.000         
0.000         
0.000         
0.000         
0.000         
0.000         
0.000         
0.000         
0.000         
0.000         
0.000         
0.000         
0.000         
0.000         
0.000         
0.000         
0.000         
0.000         
0.000         
0.000         
0.000         
0.000         
0.000         
0.000         
0.000         
0.000         
0.000         
0.000         
0.000         
0.000         
0.000         
0.000         
0.000         
0.000         
0.000         
0.000         
0.000         
0.000         
0.000         
0.000         
0.000         
0.000         
0.000         
0.000         
0.000         
0.000         
0.000         
0.000         
0.000         
0.000         
0.000         
0.000         
0.000         
0.000         
0.000         
0.000         
0.000         
0.000         
0.000         
0.000         
0.000         
0.000         
0.000         
0.000         
0.000         
0.000         
0.000         
0.000         
0.000         
0.000         
0.000         
0.000         
0.000         
0.000         
0.000         
0.000         
0.000         
0.000         
0.000         
0.000         
0.000         
0.000         
0.000         
0.000         
0.000         
0.000         
0.000         
0.000         
0.000         
0.000         
0.000         
0.000         
0.000         
0.307         
0.488         
0.001         
19.716        
2.132         
0.479         
0.000         
0.262         
26.552        
5.098         
4.063         
0.776         
0.041         
1.621         
0.716         
0.148         
0.002         
4.734         
1.859         
0.550         
0.288         
8.824         
0.267         
0.200         
0.476         
0.346         
0.064         
0.005         
0.013         
1.492         
9.150         
8.580         
0.099         
3.961         
0.653         
0.202         
0.001         
0.007         
0.010         
0.867         
6.719         
9.520         
0.109         
0.055         
0.014         
0.002         
1.199         
1.272         
0.064         
0.105         
2.413         
6.420         
10.232        
0.457         
1.924         
6.379         
0.295         
8.132         
12.620        
2.383         
0.000         
0.000         
0.001         
17.525        
12.651        
8.138         
8.555         
8.045         
4.043         
7.715         
9.296         
0.180         
37.476        
2.728         
0.000         
0.213         
14.088        
8.853         
0.392         
1.441         
3.352         
23.966        
0.030         
0.001         
0.227         
19.587        
6.054         
0.120         
0.880         
4.153         
5.530         
4.141         
3.544         
0.159         
3.925         
3.262         
1.881         
0.301         
0.131         
1.754         
48.760        
19.145        
3.525         
46.928        
1.366         
42.058        
1.663         
4.172         
0.010         
0.729         
11.629        
8.680         
4.692         
0.000         
1.773         
13.502        
6.841         
3.522         
0.048         
0.814         
1.452         
4.863         
7.332         
42.062        
15.167        
2.614         
0.089         
0.207         
5.019         
49.842        
3.356         
41.295        
65.880        
0.242         
1.446         
2.655         
3.008         
0.856         
0.514         
0.002         
19.544        
4.073         
4.810         
0.149         
11.230        
0.008         
0.223         
18.370        
7.362         
27.072        
30.680        
0.782         
0.616         
3.883         
14.602        
0.000         
0.000         
0.000         
0.000         
0.000         
0.000         
0.000         
0.000         
0.000         
0.000         
0.000         
0.000         
0.000         
0.000         
0.000         
0.000         
0.000         
0.000         
0.000         
0.000         
0.000         
0.000         
0.000         
0.000         
0.000         
0.000         
0.000         
0.000         
0.000         
0.000         
0.000         
0.000         
0.000         
0.000         
0.000         
0.000         
0.000         
0.000         
0.000         
0.000         
0.000         
0.000         
0.000         
0.000         
0.000         
0.000         
0.000         
30.259        
32.611        
33.280        
1.857         
26.888        
24.207        
1.299         
0.972         
0.000         
0.213         
0.077         
0.021         
0.017         
28.292        
0.000         
35.024        
2.198         
0.000         
11.953        
1.884         
3.607         
2.991         
2.075         
3.592         
4.100         
25.419        
0.001         
0.003         
0.242         
51.739        
1.881         
7.717         
33.099        
9.607         
1.250         
21.944        
1.546         
0.004         
0.003         
30.165        
0.292         
7.155         
1.886         
3.953         
28.542        
1.324         
3.008         
0.756         
5.676         
0.780         
30.541        
6.115         
8.582         
0.002         
7.309         
37.692        
13.398        
76.004        
56.651        
11.770        
33.776        
1.498         
26.573        
1.738         
6.557         
8.531         
88.963        
0.022         
297.965       
101.663       
20.250        
8.552         
16.221        
0.000         
0.000         
0.000         
0.000         
0.000         
0.000         
0.000         
0.000         
0.000         
0.000         
0.000         
0.000         
0.000         
0.000         
0.000         
0.000         
0.000         
0.000         
0.000         
0.000         
0.000         
0.000         
0.000         
0.000         
0.000         
0.000         
0.000         
0.000         
0.000         
0.000         
0.000         
0.000         
0.000         
0.000         
0.000         
0.000         
0.000         
0.000         
0.000         
0.000         
0.000         
0.000         
0.000         
0.000         
0.000         
0.000         
0.000         
0.000         
0.000         
0.000         
0.000         
0.000         
0.000         
0.000         
0.000         
0.000         
0.000         
0.000         
0.000         
0.000         
0.000         
0.000         
0.000         
0.000         
0.000         
0.000         
0.000         
0.000         
0.000         
0.000         
0.000         
0.000         
0.000         
0.000         
0.000         
0.000         
0.000         
0.000         
0.000         
0.000         
0.000         
0.000         
0.000         
0.000         
0.000         
0.000         
0.896         
0.033         
0.000         
0.040         
0.063         
0.103         
14.279        
2.747         
1.647         
0.019         
6.181         
5.164         
2.920         
0.205         
12.461        
0.007         
0.098         
0.000         
0.000         
0.000         
0.490         
1.155         
4.574         
0.323         
0.134         
0.000         
0.000         
0.001         
0.857         
0.126         
5.249         
0.139         
0.273         
0.287         
0.138         
0.000         
0.182         
0.166         
2.263         
0.384         
1.165         
0.000         
0.081         
0.113         
1.091         
0.000         
0.027         
0.086         
0.000         
0.049         
0.004         
2.262         
4.469         
9.245         
5.489         
0.289         
5.891         
0.189         
0.836         
26.147        
4.417         
4.147         
1.454         
34.143        
2.905         
1.734         
0.002         
2.016         
10.092        
27.855        
0.029         
4.534         
0.036         
16.088        
1.425         
1.411         
1.466         
9.594         
3.966         
0.461         
4.947         
0.116         
8.119         
1.496         
2.582         
1.476         
11.332        
4.051         
0.025         
3.324         
4.066         
12.357        
6.623         
0.888         
104.476       
6.494         
0.053         
0.684         
2.558         
1.237         
10.087        
22.270        
1.639         
3.586         
4.019         
0.621         
0.247         
0.683         
0.033         
0.521         
1.244         
0.090         
0.416         
3.913         
11.868        
0.000         
0.000         
0.000         
0.000         
0.000         
0.000         
0.000         
0.000         
0.000         
0.000         
0.000         
0.000         
0.000         
0.000         
0.000         
0.000         
0.000         
0.000         
0.000         
0.000         
0.000         
0.000         
0.000         
0.000         
0.000         
0.000         
0.000         
0.000         
0.000         
0.000         
0.000         
0.000         
0.000         
0.000         
0.000         
0.000         
0.000         
0.000         
0.000         
0.000         
0.000         
0.000         
0.000         
0.000         
0.000         
0.000         
0.000         
0.000         
0.000         
0.000         
0.000         
0.000         
0.000         
0.000         
0.000         
0.000         
0.000         
0.000         
0.000         
0.000         
0.000         
0.000         
0.000         
0.000         
0.000         
0.000         
0.000         
0.000         
0.000         
0.000         
0.000         
0.000         
0.000         
0.000         
0.000         
0.000         
0.000         
0.000         
0.000         
0.000         
0.000         
0.000         
0.000         
0.000         
0.000         
0.000         
0.000         
0.000         
0.000         
0.000         
0.000         
0.000         
0.000         
0.000         
0.000         
0.000         
0.000         
0.000         
0.000         
0.000         
0.000         
0.000         
0.000         
0.000         
0.000         
0.000         
0.000         
0.000         
0.000         
0.000         
0.000         
0.000         
0.000         
0.000         
0.000         
0.000         
9.934         
73.189        
0.044         
0.305         
13.060        
0.090         
2.417         
0.056         
0.195         
0.294         
18.674        
0.225         
9.361         
3.601         
2.615         
8.288         
7.544         
1.303         
3.439         
0.999         
0.670         
1.813         
5.477         
0.281         
0.188         
3.430         
3.135         
0.000         
2.638         
2.476         
0.266         
0.000         
41.018        
0.097         
0.165         
12.610        
25.253        
38.277        
11.818        
153.090       
76.993        
18.249        
23.915        
1.124         
8.833         
15.916        
14.132        
1.413         
38.826        
117.377       
21.816        
24.588        
60.934        
2.475         
29.721        
40.952        
0.031         
26.069        
4.607         
0.098         
1.666         
4.286         
68.253        
20.151        
0.000         
0.000         
0.000         
0.000         
0.000         
0.000         
0.000         
0.000         
0.000         
0.000         
0.000         
0.000         
0.000         
0.000         
0.000         
0.000         
0.000         
0.000         
0.000         
0.000         
0.000         
0.000         
0.000         
0.000         
0.000         
0.000         
0.000         
0.000         
0.000         
0.000         
0.000         
0.000         
0.000         
0.000         
0.000         
0.000         
0.000         
0.000         
0.000         
0.000         
0.000         
0.000         
0.000         
0.000         
0.000         
0.000         
0.000         
0.000         
0.000         
0.000         
0.000         
0.000         
0.000         
0.000         
0.000         
0.000         
0.000         
0.000         
0.000         
0.000         
0.000         
0.000         
0.000         
0.000         
0.000         
0.000         
0.000         
0.000         
0.000         
0.000         
0.000         
0.000         
0.000         
0.000         
0.000         
0.000         
0.000         
0.000         
0.000         
0.000         
0.000         
0.000         
0.000         
0.000         
0.000         
0.000         
0.000         
0.000         
0.000         
0.000         
0.000         
0.000         
0.000         
0.000         
0.000         
0.000         
0.000         
0.000         
0.000         
0.000         
0.000         
0.000         
0.000         
0.000         
0.000         
0.000         
0.000         
0.000         
0.000         
0.000         
0.000         
0.000         
0.000         
0.000         
0.000         
0.000         
0.000         
0.000         
0.000         
0.000         
0.000         
0.000         
0.000         
0.000         
0.000         
0.000         
0.000         
0.000         
0.000         
0.000         
0.000         
0.000         
0.000         
0.000         
0.000         
0.000         
0.000         
0.000         
0.000         
0.000         
0.000         
0.000         
0.000         
0.000         
0.000         
0.000         
0.000         
0.000         
0.000         
0.000         
0.000         
0.000         
0.000         
0.000         
0.000         
0.000         
0.000         
0.000         
0.000         
0.000         
0.000         
0.000         
0.000         
0.000         
0.000         
0.000         
0.000         
0.000         
0.000         
0.000         
0.000         
0.000         
0.000         
0.000         
0.000         
0.000         
0.000         
0.000         
0.000         
0.000         
0.000         
0.000         
0.000         
0.000         
0.000         
0.000         
0.000         
0.000         
0.000         
0.000         
0.000         
0.000         
0.000         
0.000         
0.000         
0.000         
0.000         
0.000         
0.000         
0.000         
0.000         
0.000         
0.000         
0.000         
0.000         
0.000         
0.000         
0.000         
0.000         
0.000         
0.000         
0.000         
0.000         
0.000         
0.000         
0.000         
0.000         
0.000         
0.000         
0.000         
0.000         
0.000         
0.000         
0.000         
0.000         
0.000         
0.000         
0.000         
0.000         
0.000         
0.000         
0.000         
0.000         
0.000         
0.000         
0.000         
0.000         
0.000         
0.000         
0.000         
0.000         
0.000         
0.000         
0.000         
0.000         
0.000         
0.000         
0.000         
0.000         
0.000         
0.000         
0.000         
0.000         
0.000         
0.000         
0.000         
0.000         
0.000         
0.000         
0.000         
0.000         
0.000         
0.000         
0.000         
0.000         
0.000         
0.000         
0.000         
0.000         
0.000         
0.000         
0.000         
0.000         
0.000         
0.000         
0.000         
0.000         
0.000         
0.000         
0.000         
0.000         
0.000         
0.000         
0.000         
0.000         
0.000         
0.000         
0.000         
0.000         
0.000         
0.000         
22.830        
2.483         
0.161         
0.325         
14.975        
1.341         
0.954         
0.000         
5.432         
0.054         
0.033         
2.797         
1.924         
1.599         
11.591        
0.020         
0.509         
9.023         
0.540         
1.637         
0.037         
7.992         
18.726        
1.848         
5.073         
1.805         
1.087         
1.854         
1.979         
8.837         
5.983         
23.370        
4.942         
7.551         
11.038        
3.054         
16.360        
0.106         
0.833         
1.291         
0.519         
0.432         
11.073        
5.924         
5.164         
57.626        
177.607       
3.729         
123.878       
96.801        
67.406        
60.894        
17.850        
4.441         
25.800        
217.460       
100.843       
63.518        
26.148        
1.054         
37.570        
116.617       
23.388        
18.308        
188.102       
98.252        
11.207        
69.184        
57.629        
44.556        
149.465       
0.589         
62.103        
42.237        
0.000         
4.419         
1.854         
2.315         
2.652         
34.371        
10.950        
4.080         
1.117         
18.939        
23.156        
35.500        
0.341         
1.609         
2.943         
6.938         
21.505        
0.006         
0.619         
0.205         
0.004         
0.019         
32.103        
65.475        
1.159         
47.288        
0.552         
4.629         
4.740         
2.349         
45.566        
10.083        
4.633         
71.325        
11.466        
5.981         
2.333         
0.430         
16.255        
4.151         
2.200         
3.768         
1.179         
16.310        
14.351        
9.435         
17.384        
1.307         
12.900        
37.806        
8.176         
3.528         
1.405         
0.009         
0.918         
0.042         
0.004         
1.810         
0.355         
0.043         
17.916        
0.006         
0.420         
9.163         
0.240         
2.505         
0.554         
38.365        
0.128         
0.008         
5.430         
2.581         
0.000         
0.026         
9.618         
0.297         
0.797         
3.208         
5.234         
2.730         
9.747         
0.547         
4.098         
26.881        
1.112         
23.321        
0.651         
8.459         
8.763         
0.344         
0.913         
4.647         
0.000         
1.523         
0.007         
0.000         
0.198         
0.631         
0.006         
0.260         
0.300         
0.045         
0.401         
3.067         
0.484         
0.000         
0.840         
0.000         
0.233         
1.417         
0.158         
0.004         
0.016         
0.920         
0.000         
8.139         
2.242         
2.163         
2.308         
3.018         
0.000         
0.372         
18.423        
7.339         
3.609         
1.472         
0.797         
5.054         
6.781         
0.008         
0.561         
0.000         
20.407        
0.032         
5.470         
39.167        
4.853         
3.617         
0.194         
0.020         
0.000         
0.701         
0.746         
0.031         
3.930         
3.386         
3.001         
0.875         
0.121         
0.001         
6.777         
0.302         
0.000         
0.000         
0.174         
5.481         
0.034         
3.306         
1.383         
8.040         
5.047         
2.188         
2.346         
0.373         
3.261         
6.645         
7.993         
0.173         
0.853         
4.954         
19.229        
16.422        
0.444         
0.010         
10.054        
0.354         
4.106         
8.467         
1.139         
4.492         
18.282        
0.606         
1.717         
12.429        
5.337         
4.293         
9.753         
84.192        
1.705         
0.973         
0.218         
5.216         
8.368         
0.007         
0.006         
1.637         
6.224         
30.410        
0.014         
3.093         
0.639         
0.000         
2.210         
12.579        
4.025         
0.539         
0.347         
3.388         
2.396         
0.213         
0.000         
5.045         
0.337         
0.004         
0.028         
3.913         
0.378         
7.121         
0.000         
0.000         
0.000         
0.000         
0.000         
0.000         
0.000         
0.000         
0.000         
0.000         
0.000         
0.000         
0.000         
0.000         
0.000         
0.000         
0.000         
0.000         
0.000         
0.000         
0.000         
0.000         
0.000         
0.000         
0.000         
0.000         
0.000         
0.000         
0.000         
0.000         
0.000         
0.000         
0.000         
0.000         
0.000         
0.000         
0.000         
0.000         
0.000         
0.000         
0.000         
0.000         
0.000         
0.000         
0.000         
0.000         
0.000         
0.000         
0.000         
0.000         
0.000         
0.000         
0.000         
0.000         
0.000         
0.000         
0.000         
0.000         
0.000         
0.000         
0.000         
0.000         
0.000         
0.000         
0.000         
0.000         
0.000         
0.000         
0.000         
0.000         
0.000         
0.000         
0.000         
0.000         
0.000         
0.000         
0.000         
0.000         
0.000         
0.000         
0.000         
0.000         
0.000         
0.000         
0.000         
0.000         
0.000         
0.000         
0.000         
0.000         
0.000         
0.000         
0.000         
0.000         
0.000         
0.000         
0.000         
0.000         
0.000         
0.000         
0.000         
0.000         
0.000         
0.000         
0.000         
0.000         
0.000         
0.000         
0.000         
0.000         
0.000         
0.000         
0.000         
0.000         
0.000         
0.000         
0.000         
0.000         
0.000         
0.000         
0.000         
0.000         
0.000         
0.000         
0.000         
0.000         
0.000         
0.000         
0.000         
0.000         
0.000         
0.000         
0.000         
0.000         
0.000         
0.000         
0.000         
0.000         
0.000         
0.000         
0.000         
0.000         
0.000         
0.000         
0.000         
0.000         
0.000         
0.000         
0.000         
0.000         
0.000         
0.000         
0.000         
0.000         
0.000         
0.000         
0.000         
0.000         
0.000         
0.000         
0.000         
0.000         
0.000         
0.000         
0.000         
0.000         
0.000         
0.000         
0.000         
0.000         
0.000         
0.000         
0.000         
0.000         
0.000         
0.000         
0.000         
0.000         
0.000         
0.000         
0.000         
0.000         
0.000         
0.000         
0.000         
0.000         
0.000         
0.000         
0.000         
0.000         
0.000         
0.000         
0.000         
0.000         
0.000         
0.000         
0.000         
0.000         
0.000         
0.000         
0.000         
0.000         
0.000         
0.000         
0.000         
0.000         
0.000         
0.000         
0.000         
0.000         
0.000         
0.000         
0.000         
0.000         
0.000         
0.000         
0.000         
0.000         
0.000         
0.000         
0.000         
0.000         
0.000         
0.000         
0.000         
0.000         
0.000         
0.000         
0.000         
0.000         
0.000         
0.000         
0.000         
0.000         
0.000         
0.000         
0.000         
0.000         
0.000         
0.000         
0.000         
0.000         
0.000         
0.000         
0.000         
0.000         
0.000         
0.000         
0.000         
0.000         
0.000         
0.000         
0.000         
0.000         
0.000         
0.000         
0.000         
0.000         
0.000         
0.000         
0.000         
0.000         
0.000         
0.000         
0.000         
0.000         
0.000         
0.000         
0.000         
0.000         
0.000         
0.000         
0.000         
0.000         
0.000         
0.000         
0.000         
0.000         
0.000         
0.000         
0.000         
0.000         
0.000         
0.000         
0.000         
0.000         
0.000         
0.000         
0.000         
0.000         
0.000         
0.000         
0.000         
0.000         
0.000         
0.000         
0.000         
19.168        
1.724         
0.251         
2.366         
0.821         
0.455         
2.760         
2.633         
0.048         
0.065         
3.826         
0.081         
1.880         
2.872         
2.064         
5.080         
1.798         
0.811         
4.139         
0.329         
7.692         
0.429         
5.044         
32.796        
7.151         
0.931         
0.505         
6.122         
26.985        
6.182         
11.350        
0.167         
0.799         
3.966         
14.968        
0.002         
2.506         
40.357        
5.890         
12.241        
2.852         
1.144         
0.064         
7.711         
3.393         
8.463         
0.265         
10.512        
2.089         
0.200         
8.474         
0.002         
0.000         
0.850         
11.491        
0.662         
26.841        
23.625        
4.264         
0.002         
0.168         
22.766        
2.381         
7.972         
1.161         
3.959         
4.334         
0.161         
0.184         
6.152         
0.001         
0.468         
0.913         
11.304        
0.029         
1.928         
0.872         
4.497         
0.200         
0.463         
0.153         
1.226         
10.340        
4.528         
1.396         
1.150         
3.124         
0.000         
0.000         
0.000         
0.000         
0.000         
0.000         
0.000         
0.000         
0.000         
0.000         
0.000         
0.000         
0.000         
0.000         
0.000         
0.000         
0.000         
0.000         
0.000         
0.000         
0.000         
0.000         
0.000         
0.000         
0.000         
0.000         
0.000         
0.000         
0.000         
0.000         
0.000         
0.000         
0.000         
0.000         
0.000         
0.000         
0.000         
0.000         
0.000         
0.000         
0.000         
0.000         
0.000         
0.000         
0.000         
0.000         
0.000         
0.000         
0.000         
0.000         
0.000         
0.000         
0.000         
0.000         
0.000         
0.000         
0.000         
0.000         
0.000         
0.000         
0.000         
0.000         
0.000         
0.000         
0.000         
0.000         
0.000         
0.000         
0.000         
0.000         
0.000         
0.000         
0.000         
0.000         
0.000         
0.000         
0.000         
0.000         
0.000         
0.000         
0.000         
0.000         
0.000         
0.000         
0.000         
0.000         
0.000         
0.000         
0.000         
0.000         
0.000         
0.000         
0.000         
0.000         
0.000         
0.000         
0.000         
0.000         
0.000         
0.000         
0.000         
0.000         
0.000         
0.000         
0.000         
0.000         
0.000         
0.000         
0.000         
0.000         
0.000         
0.000         
0.000         
0.000         
0.000         
0.000         
0.000         
0.000         
0.000         
0.000         
0.000         
0.000         
0.000         
0.000         
0.000         
0.000         
0.000         
0.000         
0.000         
0.000         
0.000         
0.000         
0.000         
0.000         
0.000         
0.000         
0.000         
0.000         
0.000         
0.000         
0.000         
0.000         
0.000         
0.000         
0.000         
0.000         
0.000         
0.000         
0.000         
0.000         
0.000         
0.000         
0.000         
0.000         
0.000         
0.000         
0.000         
0.000         
0.000         
0.000         
0.000         
0.000         
0.000         
0.000         
0.000         
0.000         
0.000         
0.000         
0.000         
0.000         
0.000         
0.000         
0.000         
0.000         
0.000         
0.000         
0.000         
0.000         
0.000         
0.000         
0.000         
0.000         
0.000         
0.000         
0.000         
0.000         
0.000         
0.000         
0.000         
0.000         
0.000         
0.000         
0.000         
0.000         
0.000         
0.000         
0.000         
0.000         
0.000         
0.000         
0.000         
0.000         
0.000         
0.000         
0.000         
0.000         
0.000         
0.000         
0.000         
0.000         
0.000         
0.000         
0.000         
0.000         
0.000         
0.000         
0.000         
0.000         
0.000         
0.000         
0.000         
0.000         
0.000         
0.000         
0.000         
0.000         
0.000         
0.000         
0.000         
0.000         
0.000         
0.000         
0.000         
0.000         
0.000         
0.000         
0.000         
0.000         
0.000         
0.000         
0.000         
0.000         
0.000         
0.000         
0.000         
0.000         
0.000         
0.000         
0.000         
0.000         
0.000         
0.000         
0.000         
0.000         
0.000         
0.000         
0.000         
0.000         
0.000         
0.000         
0.000         
0.000         
0.000         
0.000         
0.000         
0.000         
0.000         
0.000         
0.000         
0.000         
0.000         
0.000         
0.000         
0.000         
0.000         
0.000         
0.000         
0.000         
0.000         
0.000         
0.000         
0.000         
0.000         
0.000         
0.000         
0.000         
0.000         
0.000         
0.000         
0.000         
0.000         
0.000         
0.000         
0.000         
0.000         
0.000         
0.000         
0.000         
0.000         
0.000         
0.000         
0.000         
0.000         
0.000         
0.000         
0.000         
0.000         
0.000         
0.000         
0.000         
0.000         
0.000         
0.000         
0.000         
0.000         
0.000         
0.000         
0.000         
0.000         
0.000         
0.000         
0.000         
0.000         
0.000         
0.000         
0.000         
0.000         
0.000         
0.000         
0.000         
0.000         
0.000         
0.000         
0.000         
0.000         
0.000         
0.000         
0.000         
0.000         
0.000         
0.000         
0.000         
0.000         
0.000         
0.000         
0.000         
0.000         
0.000         
0.000         
0.000         
0.000         
0.000         
0.000         
0.000         
0.000         
0.000         
0.000         
0.000         
0.000         
0.000         
0.000         
0.000         
0.000         
0.000         
0.000         
0.000         
0.000         
0.000         
0.000         
0.000         
0.000         
0.000         
0.000         
0.000         
0.000         
0.000         
0.000         
0.000         
0.000         
0.000         
0.000         
0.000         
0.000         
0.000         
0.000         
0.000         
0.000         
0.000         
0.000         
0.000         
0.000         
0.000         
0.000         
0.000         
0.000         
0.000         
0.000         
0.000         
0.000         
0.000         
0.000         
0.000         
0.000         
0.000         
0.000         
0.000         
0.000         
0.000         
0.000         
8.409         
0.239         
7.182         
5.501         
47.022        
48.713        
6.774         
24.656        
18.749        
8.952         
0.010         
10.790        
9.620         
0.575         
26.498        
4.568         
0.660         
6.950         
0.182         
4.298         
0.000         
6.337         
0.181         
3.478         
4.648         
0.000         
7.037         
0.223         
0.647         
0.002         
0.377         
11.040        
0.057         
0.333         
0.094         
4.255         
0.075         
0.512         
13.649        
1.021         
0.019         
2.476         
0.185         
2.858         
7.681         
8.367         
31.537        
8.072         
24.216        
5.092         
2.570         
8.825         
3.672         
16.794        
21.130        
53.086        
0.937         
0.492         
187.762       
4.520         
12.793        
5.291         
2.699         
1.660         
1.353         
4.222         
17.425        
3.569         
19.682        
21.314        
6.413         
0.000         
0.000         
0.000         
0.000         
0.000         
0.000         
0.000         
0.000         
0.000         
0.000         
0.000         
0.000         
0.000         
0.000         
0.000         
0.000         
0.000         
0.000         
0.000         
0.000         
0.000         
0.000         
0.000         
0.000         
0.000         
0.000         
0.000         
0.000         
0.000         
0.000         
0.000         
0.000         
0.000         
0.000         
0.000         
0.000         
0.000         
0.000         
0.000         
0.000         
0.000         
0.000         
0.000         
0.000         
0.000         
0.000         
0.000         
0.000         
0.000         
0.000         
0.000         
0.000         
0.000         
0.000         
0.000         
0.000         
0.000         
0.000         
0.000         
0.000         
0.000         
0.000         
0.000         
0.000         
0.000         
0.000         
0.000         
0.000         
0.000         
0.000         
0.000         
0.000         
0.000         
0.000         
0.000         
0.000         
0.000         
0.000         
0.000         
0.000         
0.000         
0.000         
0.000         
0.000         
0.000         
0.000         
0.000         
0.000         
0.000         
0.000         
0.000         
0.000         
0.000         
0.000         
0.000         
0.000         
0.000         
0.000         
0.000         
0.000         
0.000         
0.000         
0.000         
0.000         
0.000         
0.000         
0.000         
0.000         
0.000         
0.000         
0.000         
0.000         
0.000         
0.000         
0.000         
0.000         
0.000         
0.000         
0.000         
0.000         
0.000         
0.000         
0.000         
0.000         
0.000         
0.000         
0.000         
0.000         
0.000         
0.000         
0.000         
0.000         
0.000         
0.000         
0.000         
0.000         
0.000         
0.000         
0.000         
0.000         
0.000         
0.000         
0.000         
0.000         
0.000         
0.000         
0.000         
0.000         
0.000         
0.000         
0.000         
0.000         
0.000         
0.000         
0.000         
0.000         
0.000         
0.000         
0.000         
0.000         
0.000         
0.000         
0.000         
0.000         
0.000         
0.000         
0.000         
0.000         
0.000         
0.000         
0.000         
0.000         
0.000         
0.000         
0.000         
0.000         
0.000         
0.000         
0.000         
0.000         
0.000         
0.000         
0.000         
0.000         
0.000         
0.000         
0.000         
0.000         
0.000         
0.000         
0.000         
0.000         
0.000         
0.000         
0.000         
0.000         
0.000         
0.000         
0.000         
0.000         
0.000         
0.000         
0.000         
0.000         
0.000         
0.000         
0.000         
0.000         
0.000         
0.000         
0.000         
0.000         
0.000         
0.000         
0.000         
0.000         
0.000         
0.000         
0.000         
0.000         
0.000         
0.000         
0.000         
0.000         
0.000         
0.000         
0.000         
0.000         
0.000         
0.000         
0.000         
0.000         
0.000         
0.000         
0.000         
0.000         
0.000         
0.000         
0.000         
0.000         
0.000         
0.000         
0.000         
0.000         
0.000         
0.000         
0.000         
0.000         
0.000         
0.000         
0.000         
0.000         
0.000         
0.000         
0.000         
0.000         
0.000         
0.000         
0.000         
0.000         
0.000         
0.000         
0.000         
0.000         
0.000         
0.000         
0.000         
0.000         
0.000         
0.000         
0.000         
0.000         
0.000         
0.000         
0.000         
0.000         
0.000         
0.000         
0.000         
0.000         
0.000         
0.000         
0.000         
0.000         
0.000         
0.000         
0.000         
0.000         
0.000         
0.000         
0.000         
0.000         
0.000         
0.000         
0.000         
0.000         
0.000         
0.000         
0.000         
0.000         
0.000         
0.000         
0.000         
0.000         
6.202         
34.458        
11.686        
103.592       
58.206        
4.996         
0.759         
0.035         
0.501         
0.938         
1.459         
21.845        
3.226         
3.937         
9.808         
0.008         
0.332         
35.875        
19.913        
0.001         
31.841        
11.686        
14.426        
13.430        
25.497        
0.005         
8.891         
0.527         
5.671         
9.572         
2.231         
0.210         
4.110         
12.597        
4.729         
1.313         
10.654        
5.792         
37.710        
51.548        
0.283         
3.535         
7.488         
0.386         
8.328         
0.001         
0.394         
39.208        
0.096         
2.485         
26.532        
1.574         
2.421         
5.196         
48.800        
60.073        
58.704        
22.787        
18.062        
8.640         
64.201        
113.736       
12.471        
27.149        
3.337         
454.512       
0.702         
52.301        
16.795        
45.106        
48.001        
180.679       
3.851         
6.590         
38.609        
0.645         
0.053         
10.558        
6.303         
22.189        
10.613        
4.381         
85.555        
10.371        
19.237        
6.582         
19.223        
6.468         
1.052         
18.158        
31.534        
2.008         
3.234         
6.522         
3.595         
6.733         
0.442         
0.130         
19.507        
0.828         
3.046         
3.441         
3.442         
7.224         
5.978         
0.956         
2.620         
3.723         
0.000         
0.000         
0.000         
0.000         
0.000         
0.000         
0.000         
0.000         
0.000         
0.000         
0.000         
0.000         
0.000         
0.000         
0.000         
0.000         
0.000         
0.000         
0.000         
0.000         
0.000         
0.000         
0.000         
0.000         
0.000         
0.000         
0.000         
0.000         
0.000         
0.000         
0.000         
0.000         
0.000         
0.000         
0.000         
0.000         
0.000         
0.000         
0.000         
0.000         
0.000         
0.000         
0.000         
0.000         
0.000         
0.000         
0.000         
0.000         
0.000         
0.000         
0.000         
0.000         
0.000         
0.000         
0.000         
0.000         
0.000         
0.000         
0.000         
0.000         
0.000         
0.000         
0.000         
0.000         
0.000         
0.000         
0.000         
0.000         
0.000         
0.000         
0.000         
0.000         
0.000         
0.000         
0.000         
0.000         
0.000         
0.000         
0.000         
0.000         
0.000         
0.000         
0.000         
0.000         
0.000         
0.000         
0.000         
4.180         
6.865         
28.058        
0.012         
0.112         
3.467         
0.992         
0.008         
12.956        
0.000         
1.253         
1.757         
0.095         
0.683         
2.013         
0.428         
0.064         
22.307        
4.957         
2.826         
5.427         
0.000         
0.128         
15.657        
0.001         
3.022         
1.469         
3.609         
1.356         
7.607         
0.186         
3.060         
15.208        
5.457         
0.000         
0.015         
1.360         
7.319         
50.061        
22.301        
13.782        
0.004         
0.280         
0.245         
0.007         
0.004         
3.910         
3.149         
3.530         
0.185         
4.209         
15.097        
23.931        
12.175        
3.411         
1.011         
2.901         
6.156         
3.222         
0.246         
0.000         
0.080         
0.165         
0.427         
8.372         
1.251         
6.816         
10.188        
2.983         
0.000         
22.296        
0.000         
2.139         
23.320        
18.865        
19.114        
3.616         
0.310         
1.428         
4.070         
6.548         
4.055         
20.304        
31.180        
7.092         
10.660        
3.163         
3.546         
14.068        
9.663         
38.972        
8.946         
4.897         
0.362         
13.971        
0.046         
0.053         
0.985         
3.066         
0.027         
0.544         
13.551        
2.852         
0.141         
9.085         
2.020         
0.000         
0.000         
0.000         
0.000         
0.000         
0.000         
0.000         
0.000         
0.000         
0.000         
0.000         
0.000         
0.000         
0.000         
0.000         
0.000         
0.000         
0.000         
0.000         
0.000         
0.000         
0.000         
0.000         
0.000         
0.000         
0.000         
0.000         
0.000         
0.000         
0.000         
0.000         
0.000         
0.000         
0.000         
0.000         
0.000         
0.000         
0.000         
0.000         
0.000         
0.000         
0.000         
0.000         
0.000         
0.000         
0.000         
0.000         
0.000         
0.000         
0.000         
0.000         
0.000         
0.000         
0.000         
0.000         
0.000         
0.000         
0.000         
0.000         
0.000         
0.000         
0.000         
0.000         
0.000         
0.000         
0.000         
0.000         
0.000         
0.000         
0.000         
0.000         
0.000         
0.000         
0.000         
0.000         
0.000         
0.000         
0.000         
0.000         
0.000         
0.000         
0.000         
0.000         
0.000         
0.000         
0.000         
0.000         
0.000         
0.000         
0.000         
0.000         
0.000         
0.000         
0.000         
0.000         
0.000         
0.000         
0.000         
0.000         
0.000         
0.000         
0.000         
0.000         
0.000         
0.000         
0.000         
0.000         
0.000         
0.000         
0.000         
0.000         
0.000         
0.000         
0.000         
0.000         
0.000         
0.000         
0.000         
0.000         
0.000         
0.000         
0.000         
0.000         
0.000         
0.000         
0.000         
0.000         
0.000         
0.000         
0.000         
0.000         
0.000         
0.000         
0.000         
0.000         
0.000         
0.000         
0.000         
0.000         
0.000         
0.000         
0.000         
0.000         
0.000         
0.000         
0.000         
0.000         
0.000         
0.000         
0.000         
0.000         
0.000         
0.000         
0.000         
0.000         
0.000         
0.000         
0.000         
0.000         
0.000         
0.000         
0.000         
0.000         
0.000         
0.000         
0.000         
0.000         
0.000         
0.000         
0.000         
0.000         
0.000         
0.000         
0.000         
0.000         
0.000         
0.000         
0.000         
0.000         
0.000         
0.000         
0.000         
0.000         
0.000         
0.000         
0.000         
0.000         
0.000         
0.000         
0.000         
0.000         
0.000         
0.000         
0.000         
0.000         
0.000         
0.000         
0.000         
0.000         
0.000         
0.000         
0.000         
0.000         
0.000         
0.000         
0.000         
0.000         
0.000         
0.000         
0.000         
0.000         
0.000         
0.000         
0.000         
0.000         
0.000         
0.945         
2.706         
0.795         
1.540         
0.358         
0.223         
0.557         
15.591        
0.249         
18.121        
3.910         
5.227         
1.066         
3.019         
0.055         
0.092         
0.123         
0.007         
0.758         
1.675         
1.031         
0.213         
1.365         
0.690         
6.525         
0.569         
5.581         
0.084         
0.769         
0.000         
0.000         
0.402         
0.328         
0.000         
1.727         
2.828         
1.442         
0.003         
0.381         
0.002         
0.119         
0.276         
0.727         
7.890         
7.473         
22.681        
0.439         
1.815         
8.645         
0.800         
0.345         
9.214         
9.926         
2.747         
0.000         
0.184         
3.218         
0.000         
5.272         
0.884         
7.896         
1.166         
9.815         
2.131         
0.016         
0.033         
0.846         
0.921         
8.509         
0.437         
1.190         
9.616         
3.235         
8.582         
0.048         
0.864         
3.177         
4.370         
0.197         
6.928         
0.260         
1.197         
1.013         
0.005         
12.987        
0.021         
0.080         
19.117        
1.470         
9.200         
1.225         
0.318         
0.000         
21.399        
8.049         
0.903         
11.250        
2.144         
0.181         
0.000         
5.387         
1.668         
2.748         
0.000         
1.446         
1.266         
4.478         
0.000         
0.031         
3.045         
0.570         
0.014         
3.871         
0.014         
39.318        
0.213         
29.997        
0.010         
10.712        
3.276         
15.705        
5.183         
7.460         
3.596         
22.714        
18.828        
17.939        
57.676        
20.947        
28.250        
42.396        
44.011        
1.294         
0.793         
0.006         
0.787         
0.646         
0.554         
0.115         
4.467         
2.802         
0.019         
8.278         
19.687        
2.954         
0.393         
0.905         
5.047         
0.202         
1.196         
4.334         
0.636         
5.276         
0.590         
28.925        
4.522         
1.980         
7.407         
0.287         
4.485         
0.020         
3.524         
1.628         
0.754         
3.559         
0.195         
3.646         
0.267         
1.068         
0.066         
1.767         
0.154         
0.055         
0.042         
0.493         
0.128         
6.544         
18.433        
13.741        
0.522         
0.115         
0.001         
4.599         
0.387         
1.669         
1.830         
0.013         
0.000         
2.004         
0.070         
15.034        
0.692         
0.047         
3.950         
16.118        
23.724        
19.074        
16.779        
1.034         
0.935         
1.896         
0.717         
3.357         
33.361        
32.035        
1.306         
23.339        
91.564        
55.590        
3.797         
0.699         
10.915        
20.169        
4.827         
40.709        
165.415       
10.380        
67.530        
15.137        
10.384        
103.301       
20.171        
3.153         
0.239         
34.319        
0.778         
1.814         
2.524         
0.016         
0.447         
0.130         
3.954         
24.832        
0.395         
0.003         
17.373        
15.696        
11.342        
27.286        
8.362         
0.010         
1.530         
7.944         
1.140         
2.300         
26.779        
1.672         
0.099         
0.544         
199.617       
22.717        
8.250         
4.173         
7.466         
0.001         
0.153         
3.165         
44.250        
8.580         
49.057        
8.361         
205.306       
59.233        
0.000         
0.000         
0.000         
0.000         
0.000         
0.000         
0.000         
0.000         
0.000         
0.000         
0.000         
0.000         
0.000         
0.000         
0.000         
0.000         
0.000         
0.000         
0.000         
0.000         
0.000         
0.000         
0.000         
0.000         
0.000         
0.000         
0.000         
0.000         
0.000         
0.000         
0.000         
0.000         
0.000         
0.000         
0.000         
0.000         
0.000         
0.000         
0.000         
0.000         
0.000         
0.000         
0.000         
0.000         
0.000         
0.000         
0.000         
0.000         
0.000         
0.000         
0.000         
0.000         
0.000         
0.000         
0.000         
0.000         
0.000         
0.000         
0.000         
0.000         
0.000         
0.000         
0.000         
0.000         
0.000         
0.000         
0.000         
0.000         
0.000         
0.000         
0.000         
0.000         
0.000         
0.000         
0.000         
0.000         
0.000         
0.000         
0.000         
0.000         
0.000         
0.000         
0.000         
0.000         
0.000         
0.000         
0.000         
0.000         
0.000         
0.000         
0.000         
0.000         
0.000         
0.000         
0.000         
0.000         
0.000         
0.000         
0.000         
0.000         
0.000         
0.000         
0.000         
0.000         
0.000         
0.000         
0.000         
0.000         
0.000         
0.000         
0.000         
0.000         
0.000         
0.000         
0.000         
0.000         
0.000         
0.000         
0.000         
0.000         
0.000         
0.000         
0.000         
0.000         
0.000         
0.000         
0.000         
0.000         
0.000         
0.000         
0.000         
0.000         
0.000         
0.000         
0.000         
0.000         
0.000         
0.000         
0.000         
0.000         
0.000         
0.000         
0.000         
0.000         
0.000         
0.000         
0.000         
0.000         
0.000         
0.000         
0.000         
0.000         
0.000         
0.000         
0.000         
0.000         
0.000         
0.000         
0.000         
0.000         
0.000         
0.000         
0.000         
0.000         
0.000         
0.000         
0.000         
0.000         
0.000         
0.000         
0.000         
0.000         
0.000         
0.000         
0.000         
0.000         
0.000         
0.000         
0.000         
0.000         
0.000         
0.000         
0.000         
0.000         
0.000         
0.000         
0.000         
0.000         
0.000         
0.000         
0.000         
0.000         
0.000         
0.000         
0.000         
0.000         
0.000         
0.000         
0.000         
0.000         
0.000         
0.000         
0.000         
0.000         
0.000         
0.000         
0.000         
0.000         
0.000         
0.000         
0.000         
0.000         
0.000         
0.000         
0.000         
0.000         
0.000         
0.000         
0.000         
0.000         
0.000         
0.000         
0.000         
0.000         
0.000         
0.000         
0.000         
0.000         
0.000         
0.000         
0.000         
0.000         
0.000         
0.000         
0.000         
0.000         
0.000         
0.000         
0.000         
0.000         
0.000         
0.000         
0.000         
0.000         
0.000         
0.000         
0.000         
0.000         
0.000         
0.000         
0.000         
0.000         
0.000         
0.000         
0.000         
0.000         
0.000         
0.000         
0.000         
0.000         
0.000         
0.000         
0.000         
0.000         
0.000         
0.000         
0.000         
0.000         
0.000         
0.000         
0.000         
0.000         
0.000         
0.000         
0.000         
0.000         
0.000         
0.000         
0.000         
0.000         
0.000         
0.000         
0.000         
0.000         
0.000         
0.000         
0.000         
0.000         
0.000         
0.000         
0.000         
0.000         
0.000         
0.000         
0.000         
0.000         
0.000         
0.000         
0.000         
0.000         
0.000         
0.000         
0.000         
0.000         
0.000         
0.000         
0.000         
0.000         
0.000         
0.000         
0.000         
0.000         
0.000         
0.000         
0.000         
0.000         
0.000         
0.000         
0.000         
0.000         
0.000         
0.000         
0.000         
0.000         
0.000         
0.000         
0.000         
0.000         
0.000         
0.000         
0.000         
0.000         
0.000         
0.000         
0.000         
0.000         
0.055         
0.115         
4.594         
23.779        
72.461        
7.500         
1.818         
4.039         
5.580         
0.043         
8.872         
46.315        
1.121         
0.704         
2.547         
27.117        
15.059        
31.207        
1.474         
0.000         
3.993         
47.370        
14.325        
174.920       
4.298         
0.000         
2.914         
1.061         
4.611         
38.452        
1.043         
0.000         
6.031         
3.724         
0.026         
6.373         
1.577         
0.341         
0.069         
5.350         
7.213         
17.975        
10.794        
7.263         
1.433         
13.152        
44.644        
6.836         
33.345        
6.927         
18.118        
17.809        
1.519         
11.528        
5.477         
10.316        
0.000         
0.015         
6.597         
2.162         
21.058        
26.013        
5.714         
13.241        
7.988         
0.000         
1.621         
0.147         
2.905         
2.745         
81.919        
13.798        
0.000         
9.926         
0.020         
0.128         
1.865         
17.257        
4.496         
17.266        
0.185         
1.437         
26.535        
2.987         
6.767         
5.493         
3.973         
0.000         
0.000         
0.000         
0.000         
0.000         
0.000         
0.000         
0.000         
0.000         
0.000         
0.000         
0.000         
0.000         
0.000         
0.000         
0.000         
0.000         
0.000         
0.000         
0.000         
0.000         
0.000         
0.000         
0.000         
0.000         
0.000         
0.000         
0.000         
0.000         
0.000         
0.000         
0.000         
0.000         
0.000         
0.000         
0.000         
0.000         
0.000         
0.000         
0.000         
0.000         
0.000         
0.000         
0.000         
0.000         
0.000         
0.000         
0.000         
0.000         
0.000         
0.000         
0.000         
0.000         
0.000         
0.000         
0.000         
0.000         
0.000         
0.000         
0.000         
0.000         
0.000         
0.000         
0.000         
0.000         
0.000         
0.000         
0.000         
0.000         
0.000         
0.000         
0.000         
0.000         
0.000         
0.000         
0.000         
0.000         
0.000         
0.000         
0.000         
0.000         
0.000         
0.000         
0.000         
0.000         
0.000         
0.000         
0.000         
0.000         
0.000         
0.000         
0.000         
0.000         
0.000         
0.000         
0.000         
0.000         
0.000         
0.000         
0.000         
0.000         
0.000         
0.000         
0.000         
0.000         
0.000         
0.000         
0.000         
0.000         
0.000         
0.000         
0.000         
0.000         
0.000         
0.000         
0.000         
0.000         
0.000         
0.000         
0.000         
0.000         
0.000         
0.000         
0.000         
0.000         
0.000         
0.000         
0.000         
0.000         
0.000         
0.000         
0.000         
0.000         
0.000         
0.000         
0.000         
0.000         
0.000         
0.000         
0.000         
0.000         
0.000         
0.000         
0.000         
0.000         
0.000         
0.000         
0.000         
0.000         
0.000         
0.000         
0.000         
0.000         
0.000         
0.000         
0.000         
0.000         
0.000         
0.000         
0.000         
0.000         
0.000         
0.000         
0.000         
0.000         
0.000         
0.000         
0.000         
0.000         
0.000         
0.000         
0.000         
0.000         
0.000         
0.000         
0.000         
0.000         
0.000         
0.000         
0.000         
0.000         
0.000         
0.000         
0.000         
0.000         
0.000         
0.000         
0.000         
0.000         
0.000         
0.000         
0.000         
0.000         
0.000         
0.000         
0.000         
0.000         
0.000         
0.000         
0.000         
0.000         
0.000         
0.000         
0.000         
0.000         
0.000         
0.000         
0.000         
0.000         
0.000         
0.000         
0.000         
0.000         
0.000         
0.000         
0.000         
0.000         
0.000         
0.000         
0.000         
0.000         
0.000         
0.000         
0.000         
0.000         
0.000         
0.000         
0.000         
0.000         
0.000         
0.000         
0.000         
0.000         
0.000         
0.000         
0.000         
0.000         
0.000         
0.000         
0.000         
0.000         
0.000         
0.000         
0.000         
0.000         
0.000         
0.000         
0.000         
0.000         
0.000         
0.000         
0.000         
0.000         
0.000         
0.000         
0.000         
0.000         
0.000         
0.000         
0.000         
0.000         
0.000         
0.000         
0.000         
0.000         
4.152         
6.627         
0.199         
0.494         
98.144        
22.376        
2.533         
17.027        
3.756         
0.189         
63.339        
0.576         
36.427        
2.759         
37.194        
0.099         
8.109         
7.282         
2.477         
5.230         
4.232         
0.954         
3.467         
33.330        
2.724         
3.768         
0.992         
0.183         
0.855         
0.458         
1.152         
0.129         
0.000         
4.624         
268.804       
63.859        
134.930       
43.581        
36.950        
7.644         
11.334        
116.211       
62.529        
98.500        
7.459         
17.298        
81.301        
67.903        
6.142         
0.694         
2.846         
2.663         
10.121        
0.123         
0.004         
3.453         
19.771        
1.848         
5.189         
4.807         
31.483        
221.556       
62.562        
94.835        
11.195        
0.227         
44.035        
12.281        
1.634         
1.784         
11.651        
0.839         
13.692        
5.494         
65.538        
30.092        
0.101         
13.762        
56.694        
1.078         
14.418        
1.693         
7.660         
0.061         
0.006         
1.072         
1.969         
0.107         
2.670         
0.235         
4.136         
12.092        
3.783         
0.103         
22.199        
0.614         
48.724        
14.975        
28.755        
5.045         
15.217        
11.193        
20.521        
12.423        
11.086        
3.678         
5.007         
9.315         
5.419         
19.686        
8.926         
13.536        
3.532         
7.033         
9.032         
1.607         
6.955         
41.959        
25.667        
0.997         
0.257         
6.493         
1.454         
4.451         
0.006         
0.082         
0.200         
0.373         
11.200        
3.378         
0.000         
0.089         
0.956         
1.862         
2.050         
0.493         
1.671         
0.204         
0.051         
0.011         
4.213         
0.000         
6.972         
2.971         
0.000         
6.212         
0.000         
0.167         
8.553         
4.069         
12.907        
0.001         
0.562         
0.004         
6.386         
65.263        
6.884         
4.216         
4.002         
0.084         
0.012         
0.373         
0.137         
0.456         
0.001         
0.043         
3.679         
2.815         
0.214         
0.915         
0.005         
1.797         
0.002         
0.052         
0.786         
0.000         
0.017         
0.547         
0.099         
0.009         
0.002         
0.000         
0.184         
1.099         
5.485         
0.002         
0.009         
14.487        
6.653         
4.658         
27.460        
1.884         
3.630         
8.640         
1.423         
0.925         
2.305         
2.699         
2.955         
0.024         
0.025         
1.622         
0.037         
0.133         
0.020         
2.959         
10.654        
0.049         
11.329        
8.677         
5.460         
8.226         
5.817         
0.213         
0.400         
1.901         
0.426         
3.916         
0.483         
5.010         
0.002         
0.060         
0.722         
5.821         
0.259         
0.005         
1.008         
0.050         
1.030         
17.637        
0.127         
0.672         
0.440         
0.001         
5.524         
1.499         
0.000         
0.015         
0.042         
0.046         
1.775         
0.259         
1.569         
33.803        
12.837        
17.839        
0.107         
25.972        
1.917         
12.077        
7.521         
0.328         
2.208         
0.208         
8.250         
9.091         
1.963         
10.964        
9.318         
0.792         
2.530         
14.642        
8.013         
5.607         
0.016         
5.624         
29.486        
16.328        
14.488        
10.577        
4.570         
0.328         
0.000         
0.000         
0.000         
0.000         
0.000         
0.000         
0.000         
0.000         
0.000         
0.000         
0.000         
0.000         
0.000         
0.000         
0.000         
0.000         
0.000         
0.000         
0.000         
0.000         
0.000         
0.000         
0.000         
0.000         
0.000         
0.000         
0.000         
0.000         
0.000         
0.000         
0.000         
0.000         
0.000         
0.000         
0.000         
0.000         
0.000         
0.000         
0.000         
0.000         
0.000         
0.000         
0.000         
0.000         
0.000         
0.000         
0.000         
0.000         
0.000         
0.000         
0.000         
0.000         
0.000         
0.000         
0.000         
0.000         
0.000         
0.000         
0.000         
0.000         
0.000         
0.000         
0.000         
0.000         
0.000         
0.000         
0.000         
0.000         
0.000         
0.000         
0.000         
0.000         
0.000         
0.000         
0.000         
0.000         
0.000         
0.000         
0.000         
0.000         
0.000         
0.000         
0.000         
0.000         
0.000         
0.000         
0.000         
0.000         
0.000         
0.000         
0.000         
0.000         
0.000         
0.000         
0.000         
0.000         
0.000         
0.000         
0.000         
0.000         
0.000         
0.000         
0.000         
0.000         
0.000         
0.000         
0.000         
0.000         
0.000         
0.000         
0.000         
0.000         
0.000         
0.000         
0.000         
0.000         
0.000         
0.000         
0.000         
0.000         
0.000         
0.000         
0.000         
0.000         
0.000         
0.000         
0.000         
0.000         
0.000         
0.000         
0.000         
0.000         
0.000         
0.000         
0.000         
0.000         
0.000         
0.000         
0.000         
0.000         
0.000         
0.000         
0.000         
0.000         
0.000         
0.000         
0.000         
0.000         
0.000         
0.000         
0.000         
0.000         
0.000         
0.000         
0.000         
0.000         
0.000         
0.000         
0.000         
0.000         
0.000         
0.000         
0.000         
0.000         
0.000         
0.000         
0.000         
0.000         
0.000         
0.000         
0.000         
0.000         
0.000         
0.000         
0.000         
0.000         
0.000         
0.000         
0.000         
0.000         
0.000         
0.000         
0.000         
0.000         
0.000         
0.000         
0.000         
0.000         
0.000         
0.000         
0.000         
0.000         
0.000         
0.000         
0.000         
0.000         
0.000         
0.000         
0.000         
0.000         
0.000         
0.000         
0.000         
0.000         
0.000         
0.000         
0.000         
0.000         
0.000         
0.000         
0.000         
0.000         
0.000         
0.000         
0.000         
0.000         
0.000         
0.000         
0.000         
0.000         
0.000         
0.000         
0.000         
0.000         
0.000         
0.000         
0.000         
0.000         
0.000         
0.000         
0.000         
0.000         
0.000         
0.000         
0.000         
0.000         
0.000         
0.000         
0.000         
0.000         
0.000         
0.000         
0.000         
0.000         
0.000         
0.000         
0.000         
0.000         
0.000         
0.000         
0.000         
0.000         
0.000         
0.000         
0.000         
0.000         
0.000         
0.000         
0.000         
0.000         
0.000         
0.000         
0.000         
0.000         
0.000         
0.000         
0.000         
0.000         
0.000         
0.000         
0.000         
0.000         
0.000         
0.000         
0.000         
0.000         
0.000         
0.000         
0.000         
0.000         
0.000         
0.000         
0.000         
0.000         
0.000         
0.000         
0.000         
0.000         
0.000         
0.000         
0.000         
0.000         
0.000         
0.000         
0.000         
0.000         
0.000         
0.000         
0.000         
0.000         
0.000         
0.000         
0.000         
0.000         
0.000         
0.000         
0.000         
0.000         
0.000         
0.000         
0.000         
0.000         
0.000         
0.000         
0.000         
0.000         
0.000         
0.000         
0.000         
0.000         
0.000         
0.000         
0.000         
0.000         
0.000         
0.000         
0.000         
0.000         
0.000         
0.000         
0.000         
0.000         
0.000         
0.000         
0.000         
0.000         
0.000         
0.000         
0.000         
0.000         
0.000         
0.000         
0.000         
0.000         
0.000         
0.000         
0.000         
0.000         
0.000         
0.000         
0.000         
0.000         
0.000         
0.000         
0.000         
0.000         
0.000         
0.000         
0.000         
0.000         
0.000         
0.000         
0.000         
0.000         
0.000         
0.000         
0.000         
0.000         
0.000         
0.000         
0.000         
0.000         
0.000         
0.000         
0.000         
0.000         
0.000         
0.000         
0.000         
0.000         
0.000         
0.000         
0.000         
0.000         
0.000         
0.000         
0.000         
0.000         
0.000         
0.000         
0.000         
0.000         
0.000         
0.000         
0.000         
0.000         
0.000         
0.000         
0.000         
0.000         
0.000         
0.000         
0.000         
0.000         
0.000         
0.000         
0.000         
0.000         
0.000         
0.000         
0.000         
0.000         
0.000         
0.000         
0.000         
0.000         
0.000         
0.000         
0.000         
0.000         
0.000         
0.000         
0.000         
0.000         
0.000         
0.000         
0.000         
0.000         
0.000         
0.000         
0.000         
0.000         
0.000         
0.000         
0.000         
0.000         
0.000         
0.000         
0.000         
0.000         
0.000         
0.000         
0.000         
0.000         
0.000         
0.000         
0.000         
0.000         
0.000         
0.000         
0.000         
0.000         
0.000         
0.000         
0.000         
0.000         
0.000         
0.000         
0.000         
0.000         
0.000         
0.000         
0.000         
0.000         
0.000         
0.000         
0.000         
0.000         
0.000         
0.000         
0.000         
0.000         
0.000         
0.000         
0.000         
0.000         
0.000         
0.000         
0.000         
0.000         
0.000         
0.000         
0.000         
0.000         
0.000         
0.000         
0.000         
0.000         
0.000         
0.000         
0.000         
0.000         
0.000         
0.000         
0.000         
0.000         
0.000         
0.000         
0.000         
0.000         
0.000         
0.000         
0.000         
0.000         
0.000         
0.000         
0.000         
0.000         
0.000         
0.000         
0.000         
0.000         
0.000         
0.000         
0.000         
0.000         
0.000         
0.000         
0.000         
0.000         
0.000         
0.000         
0.000         
0.000         
0.000         
0.000         
0.000         
0.000         
0.000         
0.000         
0.000         
0.000         
0.000         
0.000         
0.000         
0.000         
0.000         
0.000         
0.000         
0.000         
0.000         
0.000         
0.000         
0.000         
0.000         
0.000         
0.000         
0.000         
0.000         
0.000         
0.000         
0.000         
0.000         
0.000         
0.000         
0.000         
0.000         
0.000         
0.000         
0.000         
0.000         
0.000         
0.000         
0.000         
0.000         
0.000         
0.000         
0.000         
0.000         
0.000         
0.000         
0.000         
0.000         
0.000         
0.000         
0.000         
0.000         
0.000         
0.000         
0.000         
0.000         
0.000         
0.000         
0.000         
0.000         
0.000         
0.000         
0.000         
0.000         
0.000         
0.000         
0.000         
0.000         
0.000         
0.000         
0.000         
0.000         
0.000         
0.000         
0.000         
0.000         
0.000         
0.000         
0.000         
0.000         
0.000         
0.000         
0.000         
0.000         
0.000         
0.000         
0.000         
0.000         
0.000         
0.000         
0.000         
0.000         
0.000         
0.000         
0.000         
0.000         
0.000         
0.000         
0.000         
0.000         
0.000         
0.000         
0.000         
0.000         
0.000         
0.000         
0.000         
0.000         
0.000         
0.000         
0.000         
0.000         
0.000         
0.000         
0.000         
0.000         
0.000         
0.000         
0.000         
0.000         
0.000         
0.000         
0.000         
0.000         
0.000         
0.000         
0.000         
0.000         
0.000         
0.000         
0.000         
0.000         
0.000         
0.000         
0.000         
0.000         
0.000         
0.000         
0.000         
0.000         
0.000         
0.000         
0.000         
0.000         
0.000         
0.000         
0.000         
0.000         
0.000         
0.000         
0.000         
0.000         
0.000         
0.000         
0.000         
0.000         
0.000         
0.000         
0.000         
0.000         
0.000         
0.000         
0.000         
0.000         
0.000         
0.000         
0.000         
0.000         
0.000         
0.000         
0.000         
0.000         
0.000         
0.000         
0.000         
0.000         
0.000         
0.000         
0.000         
0.000         
0.000         
0.000         
0.000         
0.000         
0.000         
0.000         
0.000         
0.000         
0.000         
0.000         
0.000         
0.000         
0.000         
0.000         
0.000         
0.000         
0.000         
0.000         
0.000         
0.000         
0.000         
0.000         
0.000         
0.000         
0.000         
0.000         
0.000         
0.000         
0.000         
0.000         
0.000         
0.000         
0.000         
0.000         
0.000         
0.000         
0.000         
0.000         
0.000         
0.000         
0.000         
0.000         
0.000         
0.000         
0.000         
0.000         
0.000         
0.000         
0.000         
0.000         
0.000         
0.000         
0.000         
0.000         
0.000         
0.000         
0.000         
0.000         
0.000         
0.000         
0.000         
0.000         
0.000         
0.000         
0.000         
0.000         
0.000         
0.000         
0.000         
0.000         
0.000         
0.000         
0.000         
0.000         
0.000         
0.000         
0.000         
0.000         
0.000         
0.000         
0.000         
0.000         
0.000         
0.000         
0.000         
0.000         
0.000         
0.000         
0.000         
0.000         
0.000         
0.000         
0.000         
0.000         
0.000         
0.000         
0.000         
0.000         
0.000         
0.000         
0.000         
0.000         
0.000         
0.000         
0.000         
0.000         
0.000         
0.000         
0.000         
0.000         
0.000         
0.000         
0.000         
0.000         
0.000         
0.000         
0.000         
0.000         
0.000         
0.000         
0.000         
0.000         
0.000         
0.000         
0.000         
0.000         
0.000         
0.000         
0.000         
0.000         
0.000         
0.000         
0.000         
0.000         
0.000         
0.000         
0.000         
0.000         
0.000         
0.000         
0.000         
0.000         
0.000         
0.000         
0.000         
0.000         
0.000         
0.000         
0.000         
0.000         
0.000         
0.000         
0.000         
0.000         
0.000         
0.000         
0.000         
0.000         
0.000         
0.000         
0.000         
0.000         
0.000         
0.000         
0.000         
0.000         
0.000         
0.000         
0.000         
0.000         
0.000         
0.000         
0.000         
0.000         
0.000         
0.000         
0.000         
0.000         
0.000         
0.000         
0.000         
0.000         
0.000         
0.000         
0.000         
0.000         
0.000         
0.000         
0.000         
0.000         
0.000         
0.000         
0.000         
0.000         
0.000         
0.000         
0.000         
0.000         
0.000         
0.000         
0.000         
0.000         
0.000         
0.000         
0.000         
0.000         
0.000         
0.000         
0.000         
0.000         
0.000         
0.000         
0.000         
0.000         
0.000         
0.000         
0.000         
0.000         
0.000         
0.000         
0.000         
0.000         
0.000         
0.000         
0.000         
0.000         
0.000         
0.000         
0.000         
0.000         
0.000         
0.000         
0.000         
0.000         
0.000         
0.000         
0.000         
0.000         
0.000         
0.000         
0.000         
0.000         
0.000         
0.000         
0.000         
0.000         
0.000         
0.000         
0.000         
0.000         
0.000         
0.000         
0.000         
0.000         
0.000         
0.000         
0.000         
0.000         
0.000         
0.000         
0.000         
0.000         
0.000         
0.000         
0.000         
0.000         
0.000         
0.000         
0.000         
0.000         
0.000         
0.000         
0.000         
0.000         
0.000         
0.000         
0.000         
0.000         
0.000         
0.000         
0.000         
0.000         
0.000         
0.000         
0.000         
0.000         
0.000         
0.000         
0.000         
0.000         
0.000         
0.000         
0.000         
0.000         
0.000         
0.000         
0.000         
0.000         
0.000         
0.000         
0.000         
0.000         
0.000         
0.000         
0.000         
0.000         
0.000         
0.000         
0.000         
0.000         
0.000         
0.000         
0.000         
0.000         
0.000         
0.000         
0.000         
0.000         
0.000         
0.000         
0.000         
0.000         
0.000         
0.000         
0.000         
0.000         
0.000         
0.000         
0.000         
0.000         
0.000         
0.000         
0.000         
0.000         
0.000         
0.000         
0.000         
0.000         
0.000         
0.000         
0.000         
0.000         
0.000         
0.000         
0.000         
0.000         
0.000         
0.000         
0.000         
0.000         
0.000         
0.000         
0.000         
0.000         
0.000         
0.000         
0.000         
0.000         
0.000         
0.000         
0.000         
0.000         
0.000         
0.000         
0.000         
0.000         
0.000         
0.000         
0.000         
0.000         
0.000         
0.000         
0.000         
0.000         
0.000         
0.000         
0.000         
0.000         
0.000         
0.000         
0.000         
0.000         
0.000         
0.000         
0.000         
0.000         
0.000         
0.000         
0.000         
0.000         
0.000         
0.000         
0.000         
0.000         
0.000         
0.000         
0.000         
0.000         
0.000         
0.000         
0.000         
0.000         
0.000         
0.000         
0.000         
0.000         
0.000         
0.000         
0.000         
0.000         
0.000         
0.000         
0.000         
0.000         
0.000         
0.000         
0.000         
0.000         
0.000         
0.000         
0.000         
0.000         
0.000         
0.000         
0.000         
0.000         
0.000         
0.000         
0.000         
0.000         
0.000         
0.000         
0.000         
0.000         
0.000         
0.000         
0.000         
0.000         
0.000         
0.000         
0.000         
0.000         
0.000         
0.000         
0.000         
0.000         
0.000         
0.000         
0.000         
0.000         
0.000         
0.000         
0.000         
0.000         
0.000         
0.000         
0.000         
0.000         
0.000         
0.000         
0.000         
0.000         
0.000         
0.000         
0.000         
0.000         
0.000         
0.000         
0.000         
0.000         
0.000         
0.000         
0.000         
0.000         
0.000         
0.000         
0.000         
0.000         
0.000         
0.000         
0.000         
0.000         
0.000         
0.000         
0.000         
0.000         
0.000         
0.000         
0.000         
0.000         
0.000         
0.000         
0.000         
0.000         
0.000         
0.000         
0.000         
0.000         
0.000         
0.000         
0.000         
0.000         
0.000         
0.000         
0.000         
0.000         
0.000         
0.000         
0.000         
0.000         
0.000         
0.000         
0.000         
0.000         
0.000         
0.000         
0.000         
0.000         
0.000         
0.000         
0.000         
0.000         
0.000         
0.000         
0.000         
0.000         
0.000         
0.000         
0.000         
0.000         
0.000         
0.000         
0.000         
0.000         
0.000         
0.000         
0.000         
0.000         
0.000         
0.000         
0.000         
0.000         
0.000         
0.000         
0.000         
0.000         
0.000         
0.000         
0.000         
0.000         
0.000         
0.000         
0.000         
0.000         
0.000         
0.000         
0.000         
0.000         
0.000         
0.000         
0.000         
0.000         
0.000         
0.000         
0.000         
0.000         
0.000         
0.000         
0.000         
0.000         
0.000         
0.000         
0.000         
0.000         
0.000         
0.000         
0.000         
0.000         
0.000         
0.000         
0.000         
0.000         
0.000         
0.000         
0.000         
0.000         
0.000         
0.000         
0.000         
0.000         
0.000         
0.000         
0.000         
0.000         
0.000         
0.000         
0.000         
0.000         
0.000         
0.000         
0.000         
0.000         
0.000         
0.000         
0.000         
0.000         
0.000         
0.000         
0.000         
0.000         
0.000         
0.000         
0.000         
0.000         
0.000         
0.000         
0.000         
0.000         
0.000         
0.000         
0.000         
0.000         
0.000         
0.000         
0.000         
0.000         
0.000         
0.000         
0.000         
0.000         
0.000         
0.000         
0.000         
0.000         
0.000         
0.000         
0.000         
0.000         
0.000         
0.000         
0.000         
0.000         
0.000         
0.000         
0.000         
0.000         
0.000         
0.000         
0.000         
0.000         
0.000         
0.000         
0.000         
0.000         
0.000         
0.000         
0.000         
0.000         
0.000         
0.000         
0.000         
0.000         
0.000         
0.000         
0.000         
0.000         
0.000         
0.000         
0.000         
0.000         
0.000         
0.000         
0.000         
0.000         
0.000         
0.000         
0.000         
0.000         
0.000         
0.000         
0.000         
0.000         
0.000         
0.000         
0.000         
0.000         
0.000         
0.000         
0.000         
0.000         
0.000         
0.000         
0.000         
0.000         
0.000         
0.000         
0.000         
0.000         
0.000         
0.000         
0.000         
0.000         
0.000         
0.000         
0.000         
0.000         
0.000         
0.000         
0.000         
0.000         
0.000         
0.000         
0.000         
0.000         
0.000         
0.000         
0.000         
0.000         
0.000         
0.000         
0.000         
0.000         
0.000         
0.000         
0.000         
0.000         
0.000         
0.000         
0.000         
0.000         
0.000         
0.000         
0.000         
0.000         
0.000         
0.000         
0.000         
0.000         
0.000         
0.000         
0.000         
0.000         
0.000         
0.000         
0.000         
0.000         
0.000         
0.000         
0.000         
0.000         
0.000         
0.000         
0.000         
0.000         
0.000         
0.000         
0.000         
0.000         
0.000         
0.000         
0.000         
0.000         
0.000         
0.000         
0.000         
0.000         
0.000         
0.000         
0.000         
0.000         
0.000         
0.000         
0.000         
0.000         
0.000         
0.000         
0.000         
0.000         
0.000         
0.000         
0.000         
0.000         
0.000         
0.000         
0.000         
0.000         
0.000         
0.000         
0.000         
0.000         
0.000         
0.000         
0.000         
0.000         
0.000         
0.000         
0.000         
0.000         
0.000         
0.000         
0.000         
0.000         
0.000         
0.000         
0.000         
0.000         
0.000         
0.000         
0.000         
0.000         
0.000         
0.000         
0.000         
0.000         
0.000         
0.000         
0.000         
0.000         
0.000         
0.000         
0.000         
0.000         
0.000         
0.000         
0.000         
0.000         
0.000         
0.000         
0.000         
0.000         
0.000         
0.000         
0.000         
0.000         
0.000         
0.000         
0.000         
0.000         
0.000         
0.000         
0.000         
0.000         
0.000         
0.000         
0.000         
0.000         
0.000         
0.000         
0.000         
0.000         
0.000         
0.000         
0.000         
0.000         
0.000         
0.000         
0.000         
0.000         
0.000         
0.000         
0.000         
0.000         
0.000         
0.000         
0.000         
0.000         
0.000         
0.000         
0.000         
0.000         
0.000         
0.000         
0.000         
0.000         
0.000         
0.000         
0.000         
0.000         
0.000         
0.000         
0.000         
0.000         
0.000         
0.000         
0.000         
0.000         
0.000         
0.000         
0.000         
0.000         
0.000         
0.000         
0.000         
0.000         
0.000         
0.000         
0.000         
0.000         
0.000         
0.000         
0.000         
0.000         
0.000         
0.000         
0.000         
0.000         
0.000         
0.000         
0.000         
0.000         
0.000         
0.000         
0.000         
0.000         
0.000         
0.000         
0.000         
0.000         
0.000         
0.000         
0.000         
0.000         
0.000         
0.000         
0.000         
0.000         
0.000         
0.000         
0.000         
0.000         
0.000         
0.000         
0.000         
0.000         
0.000         
0.000         
0.000         
0.000         
0.000         
0.000         
0.000         
0.000         
0.000         
0.000         
0.000         
0.000         
0.000         
0.000         
0.000         
0.000         
0.000         
0.000         
0.000         
0.000         
0.000         
0.000         
0.000         
0.000         
0.000         
0.000         
0.000         
0.000         
0.000         
0.000         
0.000         
0.000         
0.000         
0.000         
0.000         
0.000         
0.000         
0.000         
0.000         
0.000         
0.000         
0.000         
0.000         
0.000         
0.000         
0.000         
0.000         
0.000         
0.000         
0.000         
0.000         
0.000         
0.000         
0.000         
0.000         
0.000         
0.000         
0.000         
0.000         
0.000         
0.000         
0.000         
0.000         
0.000         
0.000         
0.000         
0.000         
0.000         
0.000         
0.000         
0.000         
0.000         
0.000         
0.000         
0.000         
0.000         
0.000         
0.000         
0.000         
0.000         
0.000         
0.000         
0.000         
0.000         
0.000         
0.000         
0.000         
0.000         
0.000         
0.000         
0.000         
0.000         
0.000         
0.000         
0.000         
0.000         
0.000         
0.000         
0.000         
0.000         
0.000         
0.000         
0.000         
0.000         
0.000         
0.000         
0.000         
0.000         
0.000         
0.000         
0.000         
0.000         
0.000         
0.000         
0.000         
0.000         
0.000         
0.000         
0.000         
0.000         
0.000         
0.000         
0.000         
0.000         
0.000         
0.000         
0.000         
0.000         
0.000         
0.000         
0.000         
0.000         
0.000         
0.000         
0.000         
0.000         
0.000         
0.000         
0.000         
0.000         
0.000         
0.000         
0.000         
0.000         
0.000         
0.000         
0.000         
0.000         
0.000         
0.000         
0.000         
0.000         
0.000         
0.000         
0.000         
0.000         
0.000         
0.000         
0.000         
0.000         
0.000         
0.000         
0.000         
0.000         
0.000         
0.000         
0.000         
0.000         
0.000         
0.000         
0.000         
0.000         
0.000         
0.000         
0.000         
0.000         
0.000         
0.000         
0.000         
0.000         
0.000         
0.000         
0.000         
0.000         
0.000         
0.000         
0.000         
0.000         
0.000         
0.000         
0.000         
0.000         
0.000         
0.000         
0.000         
0.000         
0.000         
0.000         
0.000         
0.000         
0.000         
0.000         
0.000         
0.000         
0.000         
0.000         
0.000         
0.000         
0.000         
0.000         
0.000         
0.000         
0.000         
0.000         
0.000         
0.000         
0.000         
0.000         
0.000         
0.000         
0.000         
0.000         
0.000         
0.000         
0.000         
0.000         
0.000         
0.000         
0.000         
0.000         
0.000         
0.000         
0.000         
0.000         
0.000         
0.000         
0.000         
0.000         
0.000         
0.000         
0.000         
0.000         
0.000         
0.000         
0.000         
0.000         
0.000         
0.000         
0.000         
0.000         
0.000         
0.000         
0.000         
0.000         
0.000         
0.000         
0.000         
0.000         
0.000         
0.000         
0.000         
0.000         
0.000         
0.000         
0.000         
0.000         
0.000         
0.000         
0.000         
0.000         
0.000         
0.000         
0.000         
0.000         
0.000         
0.000         
0.000         
0.000         
0.000         
0.000         
0.000         
0.000         
0.000         
0.000         
0.000         
0.000         
0.000         
0.000         
0.000         
0.000         
0.000         
0.000         
0.000         
0.000         
0.000         
0.000         
0.000         
0.000         
0.000         
0.000         
0.000         
0.000         
0.000         
0.000         
0.000         
0.000         
0.000         
0.000         
0.000         
0.000         
0.000         
0.000         
0.000         
0.000         
0.000         
0.000         
0.000         
0.000         
0.000         
0.000         
0.000         
0.000         
0.000         
0.000         
0.000         
0.000         
0.000         
0.000         
0.000         
0.000         
0.000         
0.000         
0.000         
0.000         
0.000         
0.000         
0.000         
0.000         
0.000         
0.000         
0.000         
0.000         
0.000         
0.000         
0.000         
0.000         
0.000         
0.000         
0.000         
0.000         
0.000         
0.000         
0.000         
0.000         
0.000         
0.000         
0.000         
0.000         
0.000         
0.000         
0.000         
0.000         
0.000         
0.000         
0.000         
0.000         
0.000         
0.000         
0.000         
0.000         
0.000         
0.000         
0.000         
0.000         
0.000         
0.000         
0.000         
0.000         
0.000         
0.000         
0.000         
0.000         
0.000         
0.000         
0.000         
0.000         
0.000         
0.000         
0.000         
0.000         
0.000         
0.000         
0.000         
0.000         
0.000         
0.000         
0.000         
0.000         
0.000         
0.000         
0.000         
0.000         
0.000         
0.000         
0.000         
0.000         
0.000         
0.000         
0.000         
0.000         
0.000         
0.000         
0.000         
0.000         
0.000         
0.000         
0.000         
0.000         
0.000         
0.000         
0.000         
0.000         
0.000         
0.000         
0.000         
0.000         
0.000         
0.000         
0.000         
0.000         
0.000         
0.000         
0.000         
0.000         
0.000         
0.000         
0.000         
0.000         
0.000         
0.000         
0.000         
0.000         
0.000         
0.000         
0.000         
0.000         
0.000         
0.000         
0.000         
0.000         
0.000         
0.000         
0.000         
0.000         
0.000         
0.000         
0.000         
0.000         
0.000         
0.000         
0.000         
0.000         
0.000         
0.000         
0.000         
0.000         
3.739         
4.824         
1.277         
0.754         
3.023         
6.799         
3.613         
31.285        
2.432         
0.412         
0.352         
9.608         
0.320         
0.515         
39.471        
0.341         
2.251         
3.851         
1.713         
0.037         
1.853         
0.695         
1.894         
8.293         
0.546         
0.069         
8.867         
5.082         
1.232         
0.868         
0.076         
9.304         
1.086         
4.065         
32.608        
0.426         
10.671        
0.040         
11.630        
1.230         
0.109         
0.722         
0.001         
0.149         
0.723         
3.766         
8.075         
0.057         
0.428         
1.659         
0.633         
9.756         
2.677         
1.470         
2.100         
0.532         
28.288        
6.112         
0.003         
3.379         
0.005         
0.009         
0.000         
0.000         
0.000         
0.000         
0.000         
0.000         
0.000         
0.000         
0.000         
0.000         
0.000         
0.000         
0.000         
0.000         
0.000         
0.000         
0.000         
0.000         
0.000         
0.000         
0.000         
0.000         
0.000         
0.000         
0.000         
0.000         
0.000         
0.000         
0.000         
0.000         
0.000         
0.000         
0.000         
0.000         
0.000         
0.000         
0.000         
0.000         
0.000         
0.000         
0.000         
0.000         
0.000         
0.000         
0.000         
0.000         
0.000         
0.000         
0.000         
0.000         
0.000         
0.000         
0.000         
0.000         
0.000         
0.000         
0.000         
0.000         
0.000         
0.000         
0.000         
0.000         
0.000         
0.000         
0.000         
0.000         
0.000         
0.000         
0.000         
0.000         
0.000         
0.000         
0.000         
0.000         
0.000         
0.000         
0.000         
0.000         
0.000         
0.000         
0.000         
0.000         
0.000         
0.000         
0.000         
0.000         
0.000         
0.000         
0.000         
0.000         
0.000         
0.000         
0.000         
0.000         
0.000         
0.000         
0.000         
0.000         
0.000         
0.000         
0.000         
0.000         
0.000         
0.000         
0.000         
0.000         
0.000         
0.000         
0.000         
0.000         
0.000         
0.000         
0.000         
0.000         
0.000         
0.000         
0.000         
0.000         
0.000         
0.000         
0.000         
0.000         
0.000         
0.000         
0.000         
0.000         
0.000         
0.000         
0.000         
0.000         
0.000         
0.000         
0.000         
0.000         
0.000         
0.000         
0.000         
0.000         
0.000         
0.000         
0.000         
0.000         
0.000         
0.000         
0.000         
0.000         
0.000         
0.000         
0.000         
0.000         
0.000         
0.000         
0.000         
0.000         
0.000         
0.000         
0.000         
0.000         
0.000         
0.000         
0.000         
0.000         
0.000         
0.000         
0.000         
0.000         
0.000         
0.000         
0.000         
0.000         
0.000         
0.000         
0.000         
0.000         
0.000         
0.000         
0.000         
0.000         
0.000         
0.000         
0.000         
0.000         
0.000         
0.000         
0.000         
0.000         
0.000         
0.000         
0.000         
0.000         
0.000         
0.000         
0.000         
0.000         
0.000         
0.000         
0.000         
0.000         
0.000         
0.000         
0.000         
0.000         
0.000         
0.000         
0.000         
0.000         
0.000         
0.000         
0.000         
0.000         
0.000         
0.000         
0.000         
0.000         
0.000         
0.000         
0.000         
0.000         
0.000         
0.000         
0.000         
0.000         
0.000         
0.000         
0.000         
0.000         
0.000         
0.000         
0.000         
0.000         
0.000         
0.000         
0.000         
0.000         
0.000         
0.000         
0.000         
0.000         
0.000         
0.000         
0.000         
0.000         
0.000         
0.000         
0.000         
0.000         
0.000         
0.000         
0.000         
0.000         
0.000         
0.000         
0.000         
0.000         
0.000         
0.000         
0.000         
0.000         
0.000         
0.000         
0.000         
0.003         
13.189        
0.052         
0.266         
0.686         
0.018         
0.005         
0.292         
2.504         
1.033         
0.007         
0.000         
2.737         
0.155         
1.310         
0.000         
0.301         
0.006         
0.056         
0.215         
0.782         
0.704         
0.112         
0.218         
0.015         
2.338         
0.193         
0.245         
2.523         
0.751         
0.665         
2.432         
0.273         
7.423         
0.032         
0.251         
2.024         
0.625         
0.200         
7.514         
0.295         
0.053         
2.248         
10.739        
5.657         
4.600         
8.850         
3.232         
12.831        
0.601         
0.263         
17.489        
12.200        
3.263         
5.966         
0.945         
0.953         
7.597         
1.637         
0.529         
2.802         
17.443        
1.470         
2.584         
23.335        
13.530        
0.802         
0.018         
0.515         
0.390         
0.000         
0.325         
0.004         
19.623        
17.822        
0.868         
0.039         
0.198         
3.653         
16.379        
1.410         
0.717         
6.883         
2.020         
17.434        
0.057         
0.434         
4.656         
2.795         
81.525        
4.445         
0.352         
10.222        
0.034         
5.251         
1.095         
0.234         
16.649        
4.548         
3.473         
98.665        
3.846         
4.506         
0.112         
3.679         
0.245         
1.393         
2.283         
0.023         
2.893         
0.923         
2.012         
31.763        
21.377        
4.865         
3.013         
1.045         
0.984         
0.322         
3.191         
1.244         
0.228         
1.517         
1.230         
5.113         
3.359         
0.077         
19.892        
5.964         
11.289        
14.497        
13.592        
2.112         
0.061         
0.233         
3.857         
1.695         
0.587         
1.172         
0.902         
2.849         
0.647         
0.099         
3.614         
12.290        
0.000         
0.000         
0.000         
0.000         
0.000         
0.000         
0.000         
0.000         
0.000         
0.000         
0.000         
0.000         
0.000         
0.000         
0.000         
0.000         
0.000         
0.000         
0.000         
0.000         
0.000         
0.000         
0.000         
0.000         
0.000         
0.000         
0.000         
0.000         
0.000         
0.000         
0.000         
0.000         
0.000         
0.000         
0.000         
0.000         
0.000         
0.000         
0.000         
0.000         
0.000         
0.000         
0.000         
0.000         
0.000         
0.000         
0.000         
0.000         
0.000         
0.000         
0.000         
0.000         
0.000         
0.000         
0.000         
0.000         
0.000         
0.000         
0.000         
0.000         
0.000         
0.000         
0.000         
0.000         
0.000         
0.000         
0.000         
0.000         
0.000         
0.000         
0.000         
0.000         
0.000         
0.000         
0.000         
0.000         
0.000         
0.000         
0.000         
0.000         
0.000         
0.000         
0.000         
0.000         
0.000         
0.000         
0.000         
0.000         
0.000         
0.000         
0.000         
0.000         
0.000         
0.000         
0.000         
0.000         
0.000         
0.000         
0.000         
0.000         
0.000         
0.000         
0.000         
0.000         
0.000         
0.000         
0.000         
0.000         
0.000         
0.000         
0.000         
0.000         
0.000         
0.000         
0.000         
0.000         
0.000         
0.000         
0.000         
0.000         
0.000         
0.000         
0.000         
0.000         
0.000         
0.000         
0.000         
0.000         
0.000         
0.000         
0.000         
0.000         
0.000         
0.000         
0.000         
0.000         
0.000         
0.000         
0.000         
0.000         
0.000         
0.000         
0.000         
0.000         
0.000         
0.000         
0.000         
0.000         
0.000         
0.000         
0.000         
0.000         
0.000         
0.000         
0.000         
0.000         
0.000         
0.000         
0.000         
0.000         
0.000         
0.000         
0.000         
0.000         
0.000         
0.000         
0.000         
0.000         
0.000         
0.000         
0.000         
0.000         
0.000         
0.000         
0.000         
0.000         
0.000         
0.000         
0.000         
0.000         
0.000         
0.000         
0.000         
0.000         
0.000         
0.000         
0.000         
0.000         
0.000         
0.000         
0.000         
0.000         
0.000         
0.000         
0.000         
0.000         
0.000         
0.000         
0.000         
0.000         
0.000         
0.000         
0.000         
0.000         
0.000         
0.000         
0.000         
0.000         
0.000         
0.000         
0.000         
0.000         
0.000         
0.000         
0.000         
0.000         
0.000         
0.000         
0.000         
0.000         
0.000         
0.000         
0.000         
0.000         
0.000         
0.000         
0.000         
0.000         
0.000         
0.000         
0.000         
0.000         
0.000         
0.000         
0.000         
0.000         
0.000         
0.000         
0.000         
0.000         
0.000         
0.000         
0.000         
0.000         
0.000         
0.000         
0.000         
0.000         
0.000         
0.000         
0.000         
0.000         
0.000         
0.000         
0.000         
0.000         
0.000         
0.000         
0.000         
0.000         
0.000         
0.000         
0.000         
0.000         
0.000         
0.000         
0.000         
0.000         
0.000         
0.000         
0.000         
0.000         
0.000         
0.000         
0.000         
0.000         
0.000         
0.000         
0.000         
0.000         
0.000         
0.000         
24.859        
0.238         
1.828         
0.040         
0.003         
1.651         
3.218         
3.640         
77.342        
19.470        
12.357        
6.064         
0.188         
3.403         
0.001         
10.327        
12.963        
0.104         
3.904         
10.529        
0.021         
8.105         
19.744        
0.003         
0.221         
24.217        
6.737         
1.196         
8.306         
37.691        
8.633         
0.651         
0.000         
5.458         
0.003         
0.000         
0.184         
18.421        
8.173         
0.140         
0.005         
0.007         
3.241         
0.000         
19.937        
0.182         
8.361         
0.466         
2.531         
2.671         
0.173         
0.261         
4.823         
38.021        
4.256         
0.284         
8.114         
2.019         
3.919         
1.799         
5.062         
0.445         
0.001         
4.758         
9.643         
2.169         
8.331         
3.678         
2.789         
3.637         
6.480         
0.197         
0.000         
0.457         
5.784         
24.900        
5.621         
1.135         
0.051         
0.034         
0.841         
0.759         
0.646         
4.788         
6.123         
0.097         
1.637         
0.057         
0.000         
0.470         
0.061         
0.030         
0.401         
0.770         
0.000         
0.000         
0.000         
0.000         
0.000         
0.000         
0.000         
0.000         
0.000         
0.000         
0.000         
0.000         
0.000         
0.000         
0.000         
0.000         
0.000         
0.000         
0.000         
0.000         
0.000         
0.000         
0.000         
0.000         
0.000         
0.000         
0.000         
0.000         
0.000         
0.000         
0.000         
0.000         
0.000         
0.000         
0.000         
0.000         
0.000         
0.000         
0.000         
0.000         
0.000         
0.000         
0.000         
0.000         
0.000         
0.000         
0.000         
0.000         
0.000         
0.000         
0.000         
0.000         
0.000         
0.000         
0.000         
0.000         
0.000         
0.000         
0.000         
0.000         
0.000         
0.000         
0.000         
0.000         
0.000         
0.000         
0.000         
0.000         
0.000         
0.000         
0.000         
0.000         
0.000         
0.000         
0.000         
0.000         
0.000         
0.000         
0.000         
0.000         
0.000         
0.000         
0.000         
0.000         
0.000         
0.000         
0.000         
0.000         
0.000         
0.000         
0.000         
0.000         
0.000         
0.000         
0.000         
0.000         
0.000         
0.000         
0.000         
0.000         
0.000         
0.000         
0.000         
0.000         
0.000         
0.000         
0.000         
0.000         
0.000         
0.000         
0.000         
0.000         
0.000         
0.000         
0.000         
0.000         
0.000         
0.000         
0.000         
0.000         
0.000         
0.000         
0.000         
0.000         
0.000         
0.000         
0.000         
0.000         
0.000         
0.000         
0.000         
0.000         
0.000         
0.000         
0.000         
0.000         
0.000         
0.000         
0.000         
0.000         
0.000         
0.000         
0.000         
0.000         
0.000         
0.000         
0.000         
0.000         
0.000         
0.000         
0.000         
0.000         
0.000         
0.000         
0.000         
0.000         
0.000         
0.000         
0.000         
0.000         
0.000         
0.000         
0.000         
0.000         
0.000         
0.000         
0.000         
0.000         
0.000         
0.000         
0.000         
0.000         
0.000         
0.000         
0.000         
0.000         
0.000         
0.000         
0.000         
0.000         
0.000         
0.000         
0.000         
0.000         
0.000         
0.000         
0.000         
0.000         
0.000         
0.000         
0.000         
0.000         
0.000         
0.000         
0.000         
0.000         
0.000         
0.000         
0.000         
0.000         
0.000         
0.000         
0.000         
0.000         
0.000         
0.000         
0.000         
0.000         
0.000         
0.000         
0.000         
0.000         
0.000         
0.000         
0.000         
0.000         
0.000         
0.000         
0.000         
0.000         
0.000         
0.000         
0.000         
0.000         
0.000         
0.000         
0.000         
0.000         
0.000         
0.000         
0.000         
0.000         
0.000         
0.000         
0.000         
0.000         
0.000         
0.000         
0.000         
0.000         
0.000         
0.000         
0.000         
0.000         
0.000         
0.000         
0.000         
0.000         
0.000         
0.000         
0.000         
0.000         
0.000         
0.000         
0.000         
0.000         
0.000         
0.000         
0.000         
0.000         
0.000         
0.000         
0.000         
0.000         
0.000         
0.000         
0.000         
0.000         
0.000         
0.000         
0.000         
0.000         
0.000         
0.000         
0.000         
0.000         
0.000         
0.000         
0.000         
0.000         
0.000         
0.000         
0.000         
0.000         
0.000         
0.000         
0.000         
0.000         
0.000         
0.000         
0.000         
0.000         
0.000         
0.000         
0.000         
0.000         
0.000         
0.000         
0.000         
0.000         
0.000         
0.000         
0.000         
0.000         
0.000         
0.000         
0.000         
0.000         
0.000         
0.000         
0.000         
0.000         
0.000         
0.000         
0.000         
0.000         
0.000         
0.000         
0.000         
0.000         
0.000         
0.000         
0.000         
0.000         
0.000         
0.000         
0.000         
0.000         
0.000         
0.000         
0.000         
0.000         
0.000         
0.000         
0.000         
0.000         
0.000         
0.000         
0.000         
0.000         
0.000         
0.000         
0.000         
0.000         
0.000         
0.000         
0.000         
0.000         
0.000         
0.000         
0.000         
0.000         
0.000         
0.000         
0.000         
0.000         
0.000         
0.000         
0.000         
0.000         
0.000         
0.000         
0.000         
0.000         
0.000         
0.000         
0.000         
0.000         
0.000         
0.000         
0.000         
0.000         
0.000         
0.000         
0.000         
0.000         
0.000         
0.000         
0.000         
0.000         
0.000         
0.000         
0.000         
0.000         
0.000         
0.000         
0.000         
0.000         
0.000         
0.000         
0.000         
0.000         
0.000         
0.000         
0.000         
0.000         
0.000         
0.000         
0.000         
0.000         
0.000         
0.000         
0.000         
0.000         
0.000         
0.000         
0.000         
0.000         
0.000         
0.000         
0.000         
0.000         
0.000         
0.000         
0.000         
0.000         
0.000         
0.000         
0.000         
0.000         
0.000         
0.000         
0.000         
0.000         
0.000         
0.000         
0.000         
0.000         
0.000         
0.000         
0.000         
0.000         
0.000         
0.000         
0.000         
0.000         
0.000         
0.000         
0.000         
0.000         
0.000         
0.000         
0.000         
0.000         
0.000         
0.000         
0.000         
0.000         
0.000         
0.000         
0.000         
0.000         
0.000         
0.000         
0.000         
0.000         
0.000         
0.000         
0.000         
0.000         
0.000         
0.000         
0.000         
0.000         
0.000         
0.000         
0.000         
0.000         
0.000         
0.000         
0.000         
0.000         
0.000         
0.000         
0.000         
0.000         
0.000         
0.000         
0.000         
0.000         
0.000         
0.000         
0.000         
0.000         
0.000         
0.000         
0.000         
0.000         
0.000         
0.000         
0.000         
0.000         
0.000         
0.000         
0.000         
0.000         
0.000         
0.000         
0.000         
0.000         
0.000         
0.000         
0.000         
0.000         
0.000         
0.000         
0.000         
0.000         
0.000         
0.000         
0.000         
0.000         
0.000         
0.000         
0.000         
0.000         
0.000         
0.000         
0.000         
0.000         
0.000         
0.000         
0.000         
0.000         
0.000         
0.000         
0.000         
0.000         
0.000         
0.000         
0.000         
0.000         
0.000         
0.000         
0.000         
0.000         
0.000         
0.000         
0.000         
0.000         
0.000         
0.000         
0.000         
0.000         
0.000         
0.000         
0.000         
0.000         
0.000         
0.000         
0.000         
0.000         
0.000         
0.000         
0.000         
0.000         
0.000         
0.000         
0.000         
0.000         
0.000         
0.000         
0.000         
0.000         
0.000         
0.000         
0.000         
0.000         
0.000         
0.000         
0.000         
0.000         
0.000         
0.000         
0.000         
0.000         
0.000         
0.000         
0.000         
0.000         
0.000         
0.000         
0.000         
0.000         
0.000         
0.000         
0.000         
0.000         
0.000         
0.000         
0.000         
0.000         
0.000         
0.000         
0.000         
0.000         
0.000         
0.000         
0.000         
0.000         
0.000         
0.000         
0.000         
0.000         
0.000         
0.000         
0.000         
0.000         
0.000         
0.000         
0.000         
0.000         
0.000         
0.000         
0.000         
0.000         
0.000         
0.000         
0.000         
0.000         
0.000         
0.000         
0.000         
0.000         
0.000         
0.000         
0.000         
0.000         
0.000         
0.000         
0.000         
0.000         
0.000         
0.000         
0.000         
0.000         
0.000         
0.000         
0.000         
0.000         
0.000         
0.000         
0.000         
0.000         
0.000         
0.000         
0.000         
0.000         
0.000         
0.000         
0.000         
0.000         
0.000         
0.000         
0.000         
0.000         
0.000         
0.000         
0.000         
0.000         
0.000         
0.000         
0.000         
0.000         
0.000         
0.000         
0.000         
0.000         
0.000         
0.000         
0.000         
0.000         
0.000         
0.000         
0.000         
0.000         
0.000         
0.000         
0.000         
0.000         
0.000         
0.000         
0.000         
0.000         
0.000         
0.000         
0.000         
0.000         
0.000         
0.000         
0.000         
0.000         
0.000         
0.000         
0.000         
0.000         
0.000         
0.000         
0.000         
0.000         
0.000         
0.000         
0.000         
0.000         
0.000         
0.000         
0.000         
0.000         
0.000         
0.000         
0.000         
0.000         
0.000         
0.000         
0.000         
0.000         
0.000         
0.000         
0.000         
0.000         
0.000         
0.000         
0.000         
0.000         
0.000         
0.000         
0.000         
0.000         
0.000         
0.000         
0.000         
0.000         
0.000         
0.000         
0.000         
0.000         
0.000         
0.000         
0.000         
0.000         
0.000         
0.000         
0.000         
0.000         
0.000         
0.000         
0.000         
0.000         
0.000         
0.000         
0.000         
0.000         
0.000         
0.000         
0.000         
0.000         
0.000         
0.000         
0.000         
0.000         
0.000         
0.000         
0.000         
0.000         
0.000         
0.000         
0.000         
0.000         
0.000         
0.000         
0.000         
0.000         
0.000         
0.000         
0.000         
0.000         
0.000         
0.000         
0.000         
0.000         
0.000         
0.000         
0.000         
0.000         
0.000         
0.000         
0.000         
0.000         
0.000         
0.126         
67.849        
30.875        
33.992        
3.236         
0.610         
0.046         
1.193         
0.047         
8.446         
2.873         
0.385         
4.450         
4.336         
0.236         
3.448         
0.062         
4.667         
0.023         
1.679         
2.371         
0.709         
2.506         
12.183        
3.352         
10.054        
2.726         
1.632         
8.690         
1.457         
16.747        
0.177         
0.548         
0.518         
2.736         
39.676        
3.535         
10.188        
3.030         
78.097        
0.000         
0.000         
0.000         
0.000         
0.000         
0.000         
0.000         
0.000         
0.000         
0.000         
0.000         
0.000         
0.000         
0.000         
0.000         
0.000         
0.000         
0.000         
0.000         
0.000         
0.000         
0.000         
0.000         
0.000         
0.000         
0.000         
0.000         
0.000         
0.000         
0.000         
0.000         
0.000         
0.000         
0.000         
0.000         
0.000         
0.000         
0.000         
0.000         
0.000         
0.000         
0.000         
0.000         
0.000         
0.000         
0.000         
0.000         
0.000         
0.000         
0.000         
0.000         
0.000         
0.000         
0.000         
0.000         
0.000         
0.000         
0.000         
0.000         
0.000         
0.000         
0.000         
0.000         
0.000         
0.000         
0.000         
0.000         
0.000         
0.000         
0.000         
0.000         
0.000         
0.000         
0.000         
0.000         
0.000         
0.000         
0.000         
0.000         
0.000         
0.000         
0.000         
0.000         
0.000         
0.000         
0.000         
0.000         
0.000         
0.000         
0.000         
0.000         
0.000         
0.000         
0.000         
0.000         
0.000         
0.000         
0.000         
0.000         
0.000         
0.000         
0.000         
0.000         
0.000         
0.000         
0.000         
0.000         
0.000         
0.000         
0.000         
0.000         
0.000         
0.000         
0.000         
0.000         
0.000         
0.000         
0.000         
0.000         
0.000         
0.000         
0.000         
0.000         
0.000         
0.000         
0.000         
0.000         
0.000         
0.000         
0.000         
0.000         
0.000         
0.000         
0.000         
0.000         
0.000         
0.000         
0.000         
0.000         
0.000         
0.000         
0.000         
0.000         
0.000         
0.000         
0.000         
0.000         
0.000         
0.000         
0.000         
0.000         
0.000         
0.000         
0.000         
0.000         
0.000         
0.000         
0.000         
0.000         
0.000         
0.000         
0.000         
0.000         
0.000         
0.000         
0.000         
0.000         
0.000         
0.000         
0.000         
0.000         
0.000         
0.000         
0.000         
0.000         
0.000         
0.000         
0.000         
0.000         
0.000         
0.000         
0.000         
0.000         
0.000         
0.000         
0.000         
0.000         
0.000         
0.000         
0.000         
0.000         
0.000         
0.000         
0.000         
0.000         
0.000         
0.000         
0.000         
0.000         
0.000         
0.000         
0.000         
0.000         
0.000         
0.000         
0.000         
0.000         
0.000         
0.000         
0.000         
0.000         
0.000         
0.000         
0.000         
0.000         
0.000         
0.000         
0.000         
0.000         
0.000         
0.000         
0.000         
0.000         
0.000         
0.000         
0.000         
0.000         
0.000         
0.000         
0.000         
0.000         
0.000         
0.000         
0.000         
0.000         
0.000         
0.000         
0.000         
0.000         
0.000         
0.000         
0.000         
0.000         
0.000         
0.000         
0.000         
0.000         
0.000         
0.000         
0.000         
0.000         
0.000         
0.000         
0.000         
0.000         
0.000         
0.000         
0.000         
0.000         
0.000         
0.000         
0.000         
0.000         
0.000         
0.000         
0.000         
0.000         
0.000         
0.000         
0.000         
0.000         
0.000         
0.000         
0.000         
0.000         
0.000         
0.000         
0.000         
0.000         
0.000         
0.000         
0.000         
0.000         
0.000         
0.000         
0.000         
0.000         
0.000         
0.000         
0.000         
0.000         
0.000         
0.000         
0.000         
0.000         
0.000         
0.000         
0.000         
0.000         
0.000         
0.000         
0.000         
0.000         
0.000         
0.000         
0.000         
0.000         
0.000         
0.000         
0.000         
0.000         
0.000         
0.000         
0.000         
0.000         
0.000         
0.000         
0.000         
0.000         
0.000         
0.000         
0.000         
0.000         
0.000         
0.000         
0.000         
0.000         
0.000         
0.000         
0.000         
0.000         
0.000         
0.000         
0.000         
0.000         
0.000         
0.000         
0.000         
0.000         
0.000         
0.000         
0.000         
0.000         
0.000         
0.000         
0.000         
0.000         
0.000         
0.000         
0.000         
0.000         
0.000         
0.000         
0.000         
0.000         
0.000         
0.000         
0.000         
0.000         
0.000         
0.000         
0.000         
0.000         
0.000         
0.000         
0.000         
0.000         
0.000         
0.000         
0.000         
0.000         
0.000         
0.000         
0.000         
0.000         
0.000         
0.000         
0.000         
0.000         
0.000         
0.000         
0.000         
0.000         
0.000         
0.000         
0.000         
0.000         
0.000         
0.000         
0.000         
0.000         
0.000         
0.000         
0.000         
0.000         
0.000         
0.000         
0.000         
0.000         
0.000         
0.000         
0.000         
0.000         
0.000         
0.000         
0.000         
0.000         
0.000         
0.000         
0.000         
0.000         
0.000         
0.000         
0.000         
0.000         
0.000         
0.000         
0.000         
0.000         
0.000         
0.000         
0.000         
0.000         
0.000         
0.000         
0.000         
0.000         
0.000         
0.000         
0.000         
0.000         
0.000         
0.000         
0.000         
0.000         
0.000         
0.000         
0.000         
0.000         
0.000         
0.000         
0.000         
0.000         
0.000         
0.000         
0.000         
0.000         
0.000         
0.000         
0.000         
0.000         
0.000         
0.000         
0.000         
0.000         
0.000         
0.000         
0.000         
0.000         
0.000         
0.000         
0.000         
0.000         
0.000         
0.000         
0.000         
0.000         
0.000         
0.000         
0.000         
0.000         
0.000         
0.000         
0.000         
0.000         
0.000         
0.000         
0.000         
0.000         
0.000         
0.000         
0.000         
0.000         
0.000         
0.000         
0.000         
0.000         
0.000         
0.000         
0.000         
0.000         
0.000         
0.000         
0.000         
0.000         
0.000         
0.000         
0.000         
0.000         
0.000         
0.000         
0.000         
0.000         
0.000         
0.000         
0.000         
0.000         
0.000         
0.000         
0.000         
0.000         
0.000         
0.000         
0.000         
0.000         
0.000         
0.000         
0.000         
0.000         
0.000         
0.000         
0.000         
0.000         
0.000         
0.000         
0.000         
0.000         
0.000         
0.000         
0.000         
0.000         
0.000         
0.000         
0.000         
0.000         
0.000         
0.000         
0.000         
0.000         
0.000         
0.000         
0.000         
0.000         
0.000         
0.000         
0.000         
0.000         
0.000         
0.000         
0.000         
0.000         
0.000         
0.000         
0.000         
0.000         
0.000         
0.000         
0.000         
0.000         
0.000         
0.000         
0.000         
0.000         
0.000         
0.000         
0.000         
0.000         
0.000         
0.000         
0.000         
0.000         
0.000         
0.000         
0.000         
0.000         
0.000         
0.000         
0.000         
0.000         
0.000         
0.000         
0.000         
0.000         
0.000         
0.000         
0.000         
0.000         
0.000         
0.000         
0.000         
0.000         
0.000         
0.000         
0.000         
0.000         
0.000         
0.000         
0.000         
0.000         
0.000         
0.000         
0.000         
0.000         
0.000         
0.000         
0.000         
0.000         
0.000         
0.000         
0.000         
0.000         
0.000         
0.000         
0.000         
0.000         
0.000         
0.000         
0.000         
0.000         
0.000         
0.000         
0.000         
0.000         
0.000         
0.000         
0.000         
0.000         
0.000         
0.000         
0.000         
0.000         
0.000         
0.000         
0.000         
0.000         
0.000         
0.000         
0.000         
0.000         
0.000         
0.000         
0.000         
0.000         
0.000         
0.000         
0.000         
0.000         
0.000         
0.000         
0.000         
0.000         
0.000         
0.000         
0.000         
0.000         
0.000         
0.000         
0.000         
0.000         
0.000         
0.000         
0.000         
0.000         
0.000         
0.000         
0.000         
0.000         
0.000         
0.000         
0.000         
0.000         
0.000         
0.000         
0.000         
0.000         
0.000         
0.000         
0.000         
0.000         
0.000         
0.000         
0.000         
0.000         
0.000         
0.000         
0.000         
0.000         
0.000         
0.000         
0.000         
0.000         
0.000         
0.000         
0.000         
0.000         
0.000         
0.000         
0.000         
0.000         
0.000         
0.000         
0.000         
0.000         
0.000         
0.000         
0.000         
0.000         
0.000         
0.000         
0.000         
0.000         
0.000         
0.000         
0.000         
0.000         
0.000         
0.000         
0.000         
0.000         
0.000         
0.000         
0.000         
0.000         
0.000         
0.000         
0.079         
11.585        
0.001         
1.633         
2.250         
16.623        
5.882         
2.505         
8.594         
8.391         
9.894         
20.177        
26.937        
283.534       
8.190         
300.331       
21.217        
97.080        
50.678        
33.315        
113.294       
66.181        
37.386        
69.282        
37.904        
105.978       
57.186        
0.000         
0.000         
0.000         
0.000         
0.000         
0.000         
0.000         
0.000         
0.000         
0.000         
0.000         
0.000         
0.000         
0.000         
0.000         
0.000         
0.000         
0.000         
0.000         
0.000         
0.000         
0.000         
0.000         
0.000         
0.000         
0.000         
0.000         
0.000         
0.000         
0.000         
0.000         
0.000         
0.000         
0.000         
0.000         
0.000         
0.000         
0.000         
0.000         
0.000         
0.000         
0.000         
0.000         
0.000         
0.000         
0.000         
0.000         
0.000         
0.000         
0.000         
0.000         
0.000         
0.000         
0.000         
0.000         
0.000         
0.000         
0.000         
0.000         
0.000         
0.000         
0.000         
0.000         
0.000         
0.000         
0.000         
0.000         
0.000         
0.000         
0.000         
0.000         
0.000         
0.000         
0.000         
0.000         
0.000         
0.000         
0.000         
0.000         
0.000         
0.000         
0.000         
0.000         
0.000         
0.000         
0.000         
0.000         
0.000         
0.000         
0.000         
0.000         
0.000         
0.000         
0.000         
0.000         
0.000         
0.000         
0.000         
0.000         
0.000         
0.000         
0.000         
0.000         
0.000         
0.000         
0.000         
0.000         
0.000         
0.000         
0.000         
0.000         
0.000         
0.000         
0.000         
0.000         
0.000         
0.000         
0.000         
0.000         
0.000         
0.000         
0.000         
0.000         
0.000         
0.000         
0.000         
0.000         
0.000         
0.000         
0.000         
0.000         
0.000         
0.000         
0.000         
0.000         
0.000         
0.000         
0.000         
0.000         
0.000         
0.000         
0.000         
0.000         
0.000         
0.000         
0.000         
0.000         
0.000         
0.000         
0.000         
0.000         
0.000         
0.000         
0.000         
0.000         
0.000         
0.000         
0.000         
0.000         
0.000         
0.000         
0.000         
0.000         
0.000         
0.000         
0.000         
0.000         
0.000         
0.000         
0.000         
0.000         
0.000         
0.000         
0.000         
0.000         
0.000         
0.000         
0.000         
0.000         
0.000         
0.000         
0.000         
0.000         
0.000         
0.000         
0.000         
0.000         
0.000         
0.000         
0.000         
0.000         
0.000         
0.000         
0.000         
0.000         
0.000         
0.000         
0.000         
0.000         
0.000         
0.000         
0.000         
0.000         
0.000         
0.000         
0.000         
0.000         
0.000         
0.000         
0.000         
0.000         
0.000         
0.000         
0.000         
0.000         
0.000         
0.000         
0.000         
0.000         
0.000         
0.000         
0.000         
0.000         
0.000         
0.000         
0.000         
0.000         
0.000         
0.000         
0.000         
0.000         
0.000         
0.000         
0.000         
0.000         
0.000         
0.000         
0.000         
0.000         
0.000         
0.000         
0.000         
0.000         
0.000         
0.000         
0.000         
0.000         
0.000         
0.000         
0.000         
0.000         
0.000         
0.000         
0.000         
0.000         
0.000         
0.000         
0.000         
0.000         
0.000         
0.000         
0.000         
0.000         
0.000         
0.000         
0.000         
0.000         
0.000         
0.000         
0.000         
0.000         
0.000         
0.000         
0.000         
0.000         
0.000         
0.000         
0.000         
0.000         
0.000         
0.000         
0.000         
0.000         
0.000         
0.000         
0.000         
0.000         
0.000         
0.000         
0.000         
0.000         
0.000         
0.000         
0.000         
0.000         
0.000         
0.000         
0.000         
0.000         
0.000         
0.000         
0.000         
3.024         
21.168        
0.032         
1.251         
28.325        
0.044         
4.719         
4.244         
1.234         
0.000         
20.712        
7.863         
2.344         
22.109        
0.839         
2.361         
36.074        
0.035         
8.878         
25.113        
1.769         
50.240        
1.324         
0.001         
18.546        
18.961        
0.064         
22.286        
0.002         
0.770         
0.024         
20.076        
6.178         
0.975         
8.228         
32.777        
0.105         
14.108        
3.873         
27.893        
11.037        
103.755       
8.545         
3.320         
90.418        
18.820        
4.543         
10.127        
31.013        
12.977        
0.056         
87.880        
6.563         
58.262        
27.962        
1.429         
43.419        
138.882       
0.000         
0.000         
0.000         
0.000         
0.000         
0.000         
0.000         
0.000         
0.000         
0.000         
0.000         
0.000         
0.000         
0.000         
0.000         
0.000         
0.000         
0.000         
0.000         
0.000         
0.000         
0.000         
0.000         
0.000         
0.000         
0.000         
0.000         
0.000         
0.000         
0.000         
0.000         
0.000         
0.000         
0.000         
0.000         
0.000         
0.000         
0.000         
0.000         
0.000         
0.000         
0.000         
0.000         
0.000         
0.000         
0.000         
0.000         
0.000         
0.000         
0.000         
0.000         
0.000         
0.000         
0.000         
0.000         
0.000         
0.000         
0.000         
0.000         
0.000         
0.000         
0.000         
0.000         
0.000         
0.000         
0.000         
0.000         
0.000         
0.000         
0.000         
0.000         
0.000         
0.000         
0.000         
0.000         
0.000         
0.000         
0.000         
0.000         
0.000         
0.000         
0.000         
0.000         
0.000         
0.000         
0.000         
0.000         
0.000         
0.000         
0.000         
0.000         
0.000         
0.000         
0.000         
0.000         
0.000         
0.000         
0.000         
0.000         
0.000         
0.000         
0.000         
0.000         
0.000         
0.000         
0.000         
0.000         
0.000         
0.000         
0.000         
0.000         
0.000         
0.000         
0.000         
0.000         
0.000         
0.000         
0.000         
0.000         
0.000         
0.000         
0.000         
0.000         
0.000         
0.000         
0.000         
0.000         
0.000         
0.000         
0.000         
0.000         
0.000         
0.000         
0.000         
0.000         
0.000         
0.000         
0.000         
0.000         
0.000         
0.000         
0.000         
0.000         
0.000         
0.000         
0.000         
0.000         
0.000         
0.000         
0.000         
0.000         
0.000         
0.000         
0.000         
0.000         
0.000         
0.000         
0.000         
0.000         
0.000         
0.000         
0.000         
0.000         
0.000         
0.000         
0.000         
0.000         
0.000         
0.000         
0.000         
0.000         
0.000         
0.000         
0.000         
0.000         
0.000         
0.000         
0.000         
0.000         
0.000         
0.000         
0.000         
0.000         
0.000         
0.000         
0.000         
0.000         
0.000         
0.000         
0.000         
0.000         
0.000         
0.000         
0.000         
0.000         
0.000         
0.000         
0.000         
0.000         
0.000         
0.000         
0.000         
0.000         
0.000         
0.000         
0.000         
0.000         
0.000         
0.000         
0.000         
0.000         
0.000         
0.000         
0.000         
0.000         
0.000         
0.000         
0.000         
0.000         
0.000         
0.000         
0.000         
0.000         
0.000         
0.000         
0.000         
0.000         
0.000         
0.000         
0.000         
0.000         
0.000         
0.000         
0.000         
0.000         
0.000         
0.000         
0.000         
0.000         
0.000         
0.000         
0.000         
0.000         
0.000         
0.000         
0.000         
0.000         
0.000         
0.000         
0.000         
0.000         
0.000         
0.000         
0.000         
0.000         
0.000         
0.000         
0.000         
0.000         
0.000         
0.000         
0.000         
0.000         
0.000         
0.000         
0.000         
0.000         
0.000         
0.000         
0.000         
0.000         
0.000         
0.000         
0.000         
0.000         
0.000         
0.000         
0.000         
0.000         
0.000         
0.000         
0.000         
0.000         
0.000         
0.000         
0.000         
0.000         
0.000         
0.000         
0.000         
0.000         
0.000         
0.000         
0.000         
0.000         
0.000         
0.000         
0.000         
0.000         
0.000         
0.000         
0.000         
0.000         
0.000         
0.000         
0.000         
0.000         
0.000         
0.000         
0.000         
0.000         
0.000         
0.000         
0.000         
0.000         
0.000         
0.000         
0.000         
0.000         
0.000         
0.000         
0.000         
0.000         
0.000         
0.000         
0.000         
0.000         
0.000         
0.000         
0.000         
0.000         
0.000         
0.000         
0.000         
0.000         
0.000         
0.000         
0.000         
0.000         
0.000         
0.000         
0.000         
0.000         
0.000         
0.000         
0.000         
0.000         
0.000         
0.000         
0.000         
0.000         
0.000         
0.000         
0.000         
0.000         
0.000         
0.000         
0.000         
0.000         
0.000         
0.000         
0.000         
0.000         
0.000         
0.000         
0.000         
0.000         
0.000         
0.000         
0.000         
0.000         
0.000         
0.000         
0.000         
0.000         
0.000         
0.000         
0.000         
0.000         
0.000         
0.000         
0.000         
0.000         
0.000         
0.000         
0.000         
0.000         
0.000         
0.000         
0.000         
0.000         
0.000         
0.000         
0.000         
0.000         
0.000         
0.000         
0.000         
0.000         
0.000         
0.000         
0.000         
0.000         
0.000         
0.000         
0.000         
0.000         
0.000         
0.000         
0.000         
0.000         
0.000         
0.000         
0.000         
0.000         
0.000         
0.000         
0.000         
0.000         
0.000         
0.000         
0.000         
0.000         
0.000         
0.000         
0.000         
0.000         
0.000         
0.000         
0.000         
0.000         
0.000         
0.000         
0.000         
0.000         
0.000         
0.000         
0.000         
0.000         
0.000         
0.000         
0.000         
0.000         
0.000         
0.000         
0.000         
0.000         
0.000         
0.000         
0.000         
0.000         
0.000         
0.000         
0.000         
0.000         
0.000         
0.000         
0.000         
0.000         
0.000         
0.000         
0.000         
0.000         
0.000         
0.000         
0.000         
0.000         
0.000         
0.000         
0.000         
0.000         
0.000         
0.000         
0.000         
0.000         
0.000         
0.000         
0.000         
0.000         
0.000         
0.000         
0.000         
0.000         
0.000         
0.000         
0.000         
0.000         
0.000         
0.000         
0.000         
0.000         
0.000         
0.000         
0.000         
0.000         
0.000         
0.000         
0.000         
0.000         
0.000         
0.000         
0.000         
0.000         
0.000         
0.000         
0.000         
0.000         
0.000         
0.000         
0.000         
0.000         
0.000         
0.000         
0.000         
0.000         
0.000         
0.000         
0.000         
0.000         
0.000         
0.000         
0.000         
0.000         
0.000         
0.000         
0.000         
0.000         
0.000         
0.000         
0.000         
0.000         
0.000         
0.000         
0.000         
0.000         
0.000         
0.000         
0.000         
0.000         
0.000         
0.000         
0.000         
0.000         
0.000         
0.000         
0.000         
0.000         
0.000         
0.000         
0.000         
0.000         
0.000         
0.000         
0.000         
0.000         
0.000         
0.000         
0.000         
0.000         
0.000         
0.000         
0.000         
0.000         
0.000         
0.000         
0.000         
0.000         
0.000         
0.000         
0.000         
0.000         
0.000         
0.000         
0.000         
0.000         
0.000         
0.000         
0.000         
0.000         
0.000         
0.000         
0.000         
0.000         
0.000         
0.000         
0.000         
0.000         
0.000         
0.000         
0.000         
0.000         
0.000         
0.000         
0.000         
0.000         
0.000         
0.000         
0.000         
0.000         
0.000         
0.000         
0.000         
0.000         
0.000         
0.000         
0.000         
0.000         
0.000         
0.000         
0.000         
0.000         
0.000         
0.000         
0.000         
0.000         
0.000         
0.000         
0.000         
0.000         
0.000         
0.000         
0.000         
0.000         
0.000         
0.000         
0.000         
0.000         
0.000         
0.000         
0.000         
0.000         
0.000         
0.000         
0.000         
0.000         
0.000         
0.000         
0.000         
0.000         
0.000         
0.000         
0.000         
0.000         
0.000         
0.000         
0.000         
0.000         
0.000         
0.000         
0.000         
0.000         
0.000         
0.000         
0.000         
0.000         
0.000         
0.000         
0.000         
0.000         
0.000         
0.000         
0.000         
0.000         
0.000         
0.000         
0.000         
0.000         
0.000         
0.000         
0.000         
0.000         
0.000         
0.000         
0.000         
0.000         
0.000         
0.000         
0.000         
0.000         
0.000         
0.000         
0.000         
0.000         
0.000         
0.000         
0.000         
0.000         
0.000         
0.000         
0.000         
0.000         
0.000         
0.000         
0.000         
0.000         
0.000         
0.000         
0.000         
0.000         
0.000         
0.000         
0.000         
0.000         
0.000         
0.000         
0.000         
0.000         
0.000         
0.000         
0.000         
0.000         
0.000         
0.000         
0.000         
0.000         
0.000         
0.000         
0.000         
0.000         
0.000         
0.000         
0.000         
0.000         
0.000         
0.000         
0.000         
0.000         
0.000         
0.000         
0.000         
0.000         
0.000         
0.000         
0.000         
0.000         
0.000         
0.000         
0.000         
0.000         
0.000         
0.000         
0.000         
0.000         
0.000         
0.000         
0.000         
0.000         
0.000         
0.000         
0.000         
0.000         
0.000         
0.000         
0.000         
0.000         
0.000         
0.000         
0.000         
0.000         
0.000         
0.000         
0.000         
0.000         
0.000         
0.000         
0.000         
0.000         
0.000         
0.000         
0.000         
0.000         
0.000         
0.000         
0.000         
0.000         
0.000         
0.000         
0.000         
0.000         
0.000         
0.000         
0.000         
0.000         
0.000         
0.000         
0.000         
0.000         
0.000         
0.000         
0.000         
0.000         
0.000         
0.000         
0.000         
0.000         
0.000         
0.000         
0.000         
0.000         
0.000         
0.000         
0.000         
0.000         
0.000         
0.000         
0.000         
0.000         
0.000         
0.000         
0.000         
0.000         
0.000         
0.000         
0.000         
0.000         
0.000         
0.000         
0.000         
0.000         
0.000         
0.000         
0.000         
0.000         
0.000         
0.000         
0.000         
0.000         
0.000         
0.000         
0.000         
0.000         
0.000         
0.000         
0.000         
0.000         
0.000         
0.000         
0.000         
0.000         
0.000         
0.000         
0.000         
0.000         
0.000         
0.000         
0.000         
0.000         
0.000         
0.000         
0.000         
0.000         
0.000         
0.000         
0.000         
0.000         
0.000         
0.000         
0.000         
0.000         
0.000         
0.000         
0.000         
0.000         
0.000         
0.000         
0.000         
0.000         
0.000         
0.000         
0.000         
0.000         
0.000         
0.000         
0.000         
0.000         
0.000         
0.000         
0.000         
0.000         
0.000         
0.000         
0.000         
0.000         
0.000         
0.000         
0.000         
0.000         
0.000         
0.000         
0.000         
0.000         
0.000         
0.000         
0.000         
0.000         
0.000         
0.000         
0.000         
0.000         
0.000         
0.000         
0.000         
0.000         
0.000         
0.000         
0.000         
0.000         
0.000         
0.000         
0.000         
0.000         
0.000         
0.000         
0.000         
0.000         
0.000         
0.000         
0.000         
0.000         
0.000         
0.000         
0.000         
0.000         
0.000         
0.000         
0.000         
0.000         
0.000         
0.000         
0.000         
0.000         
0.000         
0.000         
0.000         
0.000         
0.000         
0.000         
0.000         
0.000         
0.000         
0.000         
0.000         
0.000         
0.000         
0.000         
0.000         
0.000         
0.000         
0.000         
0.000         
0.000         
0.000         
0.000         
0.000         
0.000         
0.000         
0.000         
0.000         
0.000         
0.000         
0.000         
0.000         
0.000         
0.000         
0.000         
0.000         
0.000         
0.000         
0.000         
0.000         
0.000         
0.000         
0.000         
0.000         
0.000         
0.000         
0.000         
0.000         
0.000         
0.000         
0.000         
0.000         
0.000         
0.000         
0.000         
0.000         
0.000         
0.000         
0.000         
0.000         
0.000         
0.000         
0.000         
0.000         
0.000         
0.000         
0.000         
0.000         
0.000         
0.000         
0.000         
0.000         
0.000         
0.000         
0.000         
0.000         
0.000         
0.000         
0.000         
0.000         
0.000         
0.000         
0.000         
0.000         
0.000         
0.000         
0.000         
0.000         
0.000         
0.000         
0.000         
0.000         
0.000         
0.000         
0.000         
0.000         
0.000         
0.000         
0.000         
0.000         
0.000         
0.000         
0.000         
0.000         
0.000         
0.000         
0.000         
0.000         
0.000         
0.000         
0.000         
0.000         
0.000         
0.000         
0.000         
0.000         
0.000         
0.000         
0.000         
0.000         
0.000         
0.000         
0.000         
0.000         
0.000         
0.000         
0.000         
0.000         
0.000         
0.000         
0.000         
0.000         
0.000         
0.000         
0.000         
0.000         
0.000         
0.000         
0.000         
0.000         
0.000         
0.000         
0.000         
0.000         
0.000         
0.000         
0.000         
0.000         
0.000         
0.000         
0.000         
0.000         
0.000         
0.000         
0.000         
0.000         
0.000         
0.000         
0.000         
0.000         
0.000         
0.000         
0.000         
0.000         
0.000         
0.000         
0.000         
0.000         
0.000         
0.000         
0.000         
0.000         
0.000         
0.000         
0.000         
0.000         
0.000         
0.000         
0.000         
0.000         
0.000         
0.000         
0.000         
0.000         
0.000         
0.000         
0.000         
0.000         
0.000         
0.000         
0.000         
0.000         
0.000         
0.000         
0.000         
0.000         
0.000         
0.000         
0.000         
0.000         
0.000         
0.000         
0.000         
0.000         
0.000         
0.000         
0.000         
0.000         
0.000         
0.000         
0.000         
0.000         
0.000         
0.000         
0.000         
0.000         
0.000         
0.000         
0.000         
0.000         
0.000         
0.000         
0.000         
0.000         
0.000         
0.000         
0.000         
0.000         
0.000         
0.000         
0.000         
0.000         
0.000         
0.000         
0.000         
0.000         
0.000         
0.000         
0.000         
0.000         
0.000         
0.000         
0.000         
0.000         
0.000         
0.000         
0.000         
0.000         
0.000         
0.000         
0.000         
0.000         
0.000         
0.000         
0.000         
0.000         
0.000         
0.000         
0.000         
0.000         
0.000         
0.000         
0.000         
0.000         
0.000         
0.000         
0.000         
0.000         
0.000         
0.000         
0.000         
0.000         
0.000         
0.000         
0.000         
0.000         
0.000         
0.000         
0.000         
0.000         
0.000         
0.000         
0.000         
0.000         
0.000         
0.000         
0.000         
0.000         
0.000         
0.000         
0.000         
0.000         
0.000         
0.000         
0.000         
0.000         
0.000         
0.000         
0.000         
0.000         
0.000         
0.000         
0.000         
0.000         
0.000         
0.000         
0.000         
0.000         
0.000         
0.000         
0.000         
0.000         
0.000         
0.000         
0.000         
0.000         
0.000         
0.000         
0.000         
0.000         
0.000         
0.000         
0.000         
0.000         
0.000         
0.000         
0.000         
0.000         
0.000         
0.000         
0.000         
0.000         
0.000         
0.000         
0.000         
0.000         
0.000         
0.000         
0.000         
0.000         
0.000         
0.000         
0.000         
0.000         
0.000         
0.000         
0.000         
0.000         
0.000         
0.000         
0.000         
0.000         
0.000         
0.000         
0.000         
0.000         
0.000         
0.000         
0.000         
0.000         
0.000         
0.000         
0.000         
0.000         
0.000         
0.000         
0.000         
0.000         
0.000         
0.000         
0.000         
0.000         
0.000         
0.000         
0.000         
0.000         
0.000         
0.000         
0.000         
0.000         
0.000         
0.000         
0.000         
0.000         
0.000         
0.000         
0.000         
0.000         
0.000         
0.000         
0.000         
0.000         
0.000         
0.000         
0.000         
0.000         
0.000         
0.000         
0.000         
0.000         
0.000         
0.000         
0.000         
0.000         
0.000         
0.000         
0.000         
0.000         
0.000         
0.000         
0.000         
0.000         
0.000         
0.000         
0.000         
0.000         
0.000         
0.000         
0.000         
0.000         
0.000         
0.000         
0.000         
0.000         
0.000         
0.000         
0.000         
0.000         
0.000         
0.000         
0.000         
0.000         
0.000         
0.000         
0.000         
0.000         
0.000         
0.000         
0.000         
0.000         
0.000         
0.000         
0.000         
0.000         
0.000         
0.000         
0.000         
0.000         
0.000         
0.000         
0.000         
0.000         
0.000         
0.000         
0.000         
0.000         
0.000         
0.000         
0.000         
0.000         
0.000         
0.000         
0.000         
0.000         
0.000         
0.000         
0.000         
0.000         
0.000         
0.000         
0.000         
0.000         
0.000         
0.000         
0.000         
0.000         
0.000         
0.000         
0.000         
0.000         
0.000         
0.000         
0.000         
0.000         
0.000         
0.000         
0.000         
0.000         
0.000         
0.000         
0.000         
0.000         
0.000         
0.000         
0.000         
0.000         
0.000         
0.000         
0.000         
0.000         
0.000         
0.000         
0.000         
0.000         
0.000         
0.000         
0.000         
0.000         
0.000         
0.000         
0.000         
0.000         
0.000         
0.000         
0.000         
0.000         
0.000         
0.000         
0.000         
0.000         
0.000         
0.000         
0.000         
0.000         
0.000         
0.000         
0.000         
0.000         
0.000         
0.000         
0.000         
0.000         
0.000         
0.000         
0.000         
0.000         
0.000         
0.000         
0.000         
0.000         
0.000         
0.000         
0.000         
0.000         
0.000         
0.000         
0.000         
0.000         
0.000         
0.000         
0.000         
0.000         
0.000         
0.000         
0.000         
0.000         
0.000         
0.000         
0.000         
0.000         
0.000         
0.000         
0.000         
0.000         
0.000         
0.000         
0.000         
0.000         
0.000         
0.000         
0.000         
0.000         
0.000         
0.000         
0.000         
0.000         
0.000         
0.000         
0.000         
0.000         
0.000         
0.000         
0.000         
0.000         
0.000         
0.000         
0.000         
0.000         
0.000         
0.000         
0.000         
0.000         
0.000         
0.000         
0.000         
0.000         
0.000         
0.000         
0.000         
0.000         
0.000         
0.000         
0.000         
0.000         
0.000         
0.000         
0.000         
0.000         
0.000         
0.000         
0.000         
0.000         
0.000         
0.000         
0.000         
0.000         
0.000         
0.000         
0.000         
0.000         
0.000         
0.000         
0.000         
0.000         
0.000         
0.000         
0.000         
0.000         
0.000         
0.000         
0.000         
0.000         
0.000         
0.000         
0.000         
0.000         
0.000         
0.000         
0.000         
0.000         
0.000         
0.000         
0.000         
0.000         
0.000         
0.000         
0.000         
0.000         
0.000         
0.000         
0.000         
0.000         
0.000         
0.000         
0.000         
0.000         
0.000         
0.000         
0.000         
0.000         
0.000         
0.000         
0.000         
0.000         
0.000         
0.000         
0.000         
0.000         
0.000         
0.000         
0.000         
0.000         
0.000         
0.000         
0.000         
0.000         
3.302         
13.370        
11.283        
12.542        
2.352         
13.343        
1.434         
0.797         
10.719        
1.853         
17.014        
0.327         
0.005         
0.892         
13.787        
0.017         
6.975         
13.240        
33.824        
12.035        
0.466         
10.151        
0.190         
0.000         
0.025         
0.000         
0.097         
0.000         
0.312         
0.028         
0.037         
73.230        
0.728         
0.002         
0.000         
0.000         
7.648         
1.739         
10.857        
0.059         
0.821         
0.421         
0.000         
0.293         
0.000         
0.076         
5.889         
3.269         
48.305        
1.573         
0.008         
0.897         
4.856         
0.755         
0.277         
14.884        
7.905         
1.015         
16.141        
1.119         
6.331         
5.564         
14.498        
15.048        
6.432         
34.714        
11.759        
2.558         
35.288        
28.123        
21.745        
1.499         
0.942         
9.908         
3.086         
11.801        
4.169         
0.707         
3.378         
2.369         
0.428         
0.000         
0.000         
0.000         
0.000         
0.000         
0.000         
0.000         
0.000         
0.000         
0.000         
0.000         
0.000         
0.000         
0.000         
0.000         
0.000         
0.000         
0.000         
0.000         
0.000         
0.000         
0.000         
0.000         
0.000         
0.000         
0.000         
0.000         
0.000         
0.000         
0.000         
0.000         
0.000         
0.000         
0.000         
0.000         
0.000         
0.000         
0.000         
0.000         
0.000         
0.000         
0.000         
0.000         
0.000         
0.000         
0.000         
0.000         
0.000         
0.000         
0.000         
0.000         
0.000         
0.000         
0.000         
0.000         
0.000         
0.000         
0.000         
0.000         
0.000         
0.000         
0.000         
0.000         
0.000         
0.000         
0.000         
0.000         
17.848        
3.506         
1.897         
0.843         
4.821         
3.313         
9.962         
2.259         
89.961        
42.484        
21.631        
81.743        
88.841        
19.257        
149.078       
0.490         
13.639        
0.865         
8.832         
0.731         
3.144         
12.890        
0.034         
26.235        
3.547         
8.787         
5.166         
0.000         
12.718        
6.223         
12.144        
3.050         
55.380        
8.364         
1.090         
17.162        
0.633         
0.069         
0.005         
0.016         
0.244         
11.906        
19.985        
0.152         
0.049         
1.188         
0.008         
0.332         
0.006         
9.547         
0.510         
4.193         
0.057         
10.223        
41.040        
15.014        
38.622        
8.688         
5.883         
10.727        
76.094        
0.081         
16.112        
62.796        
6.374         
42.819        
47.106        
151.642       
8.452         
136.726       
25.568        
119.732       
5.980         
18.477        
10.916        
14.158        
22.952        
41.469        
22.557        
1.998         
2.430         
1.320         
25.098        
80.616        
1.377         
21.616        
8.155         
14.416        
51.331        
7.246         
52.797        
83.655        
35.268        
5.269         
22.089        
3.911         
0.503         
0.105         
27.181        
1.861         
7.175         
2.459         
6.406         
2.823         
0.756         
17.988        
0.000         
0.000         
0.000         
0.000         
0.000         
0.000         
0.000         
0.000         
0.000         
0.000         
0.000         
0.000         
0.000         
0.000         
0.000         
0.000         
0.000         
0.000         
0.000         
0.000         
0.000         
0.000         
0.000         
0.000         
0.000         
0.000         
0.000         
0.000         
0.000         
0.000         
0.000         
0.000         
0.000         
0.000         
0.000         
0.000         
0.000         
0.000         
0.000         
0.000         
0.000         
0.000         
0.000         
0.000         
0.000         
0.000         
0.000         
0.000         
0.000         
0.000         
0.000         
0.000         
0.000         
0.000         
0.000         
0.000         
0.000         
0.000         
0.000         
0.000         
0.000         
0.000         
0.000         
0.000         
0.000         
0.000         
0.000         
0.000         
0.000         
0.000         
0.000         
0.000         
0.000         
0.000         
0.000         
0.000         
0.000         
0.000         
0.000         
0.000         
0.000         
0.000         
0.000         
0.000         
0.000         
0.000         
0.000         
0.000         
0.000         
0.000         
0.000         
0.000         
0.000         
0.000         
0.000         
0.000         
0.000         
0.000         
0.000         
0.000         
0.000         
0.000         
0.000         
0.000         
0.000         
0.000         
0.000         
0.000         
0.000         
0.000         
0.000         
0.000         
0.000         
0.000         
0.000         
0.000         
0.000         
0.000         
0.000         
0.000         
0.000         
0.000         
0.000         
0.000         
0.000         
0.000         
0.000         
0.000         
0.000         
0.000         
0.000         
0.000         
0.000         
0.000         
0.000         
0.000         
0.000         
0.000         
0.000         
0.000         
0.000         
0.000         
0.000         
0.000         
0.000         
0.000         
0.000         
0.000         
0.000         
0.000         
0.000         
0.000         
0.000         
0.000         
0.000         
0.000         
0.000         
0.000         
0.000         
0.000         
0.000         
0.000         
0.000         
0.000         
0.000         
0.000         
0.000         
0.000         
0.000         
0.000         
0.000         
0.000         
0.000         
0.000         
0.000         
0.000         
0.000         
0.000         
0.000         
0.000         
0.000         
0.000         
0.000         
0.000         
0.000         
0.000         
0.000         
0.000         
0.000         
0.000         
0.000         
0.000         
0.000         
0.000         
0.000         
0.000         
0.000         
0.000         
0.000         
0.000         
0.000         
0.000         
0.000         
0.000         
0.000         
0.000         
0.000         
0.000         
0.000         
0.000         
0.000         
0.000         
0.000         
0.000         
0.000         
0.000         
0.000         
0.000         
0.000         
0.000         
0.000         
0.000         
0.000         
0.000         
0.000         
0.000         
0.000         
0.000         
0.000         
0.000         
0.000         
0.000         
0.000         
0.000         
0.000         
0.000         
0.000         
0.000         
0.000         
0.000         
0.000         
0.000         
0.000         
0.000         
0.000         
0.000         
0.000         
0.000         
0.000         
0.000         
0.000         
0.000         
0.000         
0.000         
0.000         
0.000         
0.000         
0.000         
0.000         
0.000         
0.000         
0.000         
0.000         
0.000         
0.000         
0.000         
0.000         
0.000         
0.000         
0.000         
0.000         
0.000         
0.000         
0.000         
0.000         
0.000         
0.000         
0.000         
0.000         
0.000         
0.000         
0.000         
0.000         
0.000         
0.000         
0.000         
0.000         
0.000         
0.000         
0.000         
0.000         
0.000         
0.000         
0.000         
0.000         
0.000         
0.000         
0.000         
0.000         
0.000         
0.000         
0.000         
0.000         
0.000         
0.000         
93.030        
8.017         
0.019         
6.023         
2.310         
0.143         
4.655         
222.957       
0.000         
0.000         
0.000         
0.000         
0.000         
0.000         
0.000         
0.000         
0.000         
0.000         
0.000         
0.000         
0.000         
0.000         
0.000         
0.000         
0.000         
0.000         
0.000         
0.000         
0.000         
0.000         
0.000         
0.000         
0.000         
0.000         
0.000         
0.000         
0.000         
0.000         
0.000         
0.000         
0.000         
0.000         
0.000         
0.000         
0.000         
0.000         
0.000         
0.000         
0.000         
0.000         
0.000         
0.000         
0.000         
0.000         
0.000         
0.000         
0.000         
0.000         
0.000         
0.000         
0.000         
0.000         
0.000         
0.000         
0.000         
0.000         
0.000         
0.000         
0.000         
0.000         
0.000         
0.000         
0.000         
0.000         
0.000         
0.000         
0.000         
0.000         
0.000         
0.000         
0.000         
0.000         
0.000         
0.000         
0.000         
0.000         
0.000         
0.000         
0.000         
0.000         
0.000         
0.000         
0.000         
0.000         
0.000         
0.000         
0.000         
0.000         
0.000         
0.000         
0.000         
0.000         
0.000         
0.000         
0.000         
0.000         
0.000         
0.000         
0.000         
0.000         
0.000         
0.000         
0.000         
0.000         
0.000         
0.000         
0.000         
0.000         
0.000         
0.000         
0.000         
0.000         
0.000         
0.000         
0.000         
0.000         
0.000         
0.000         
0.000         
0.000         
0.000         
0.000         
0.000         
0.000         
0.000         
0.000         
0.000         
0.000         
0.000         
0.000         
0.000         
0.000         
0.000         
0.000         
0.000         
0.000         
0.000         
0.000         
0.000         
0.000         
0.000         
0.000         
0.000         
0.000         
0.000         
0.000         
0.000         
0.000         
0.000         
0.000         
0.000         
0.000         
0.000         
0.000         
0.000         
0.000         
0.000         
0.000         
0.000         
0.000         
0.000         
0.000         
0.000         
0.000         
0.000         
0.000         
0.000         
0.000         
0.000         
0.000         
0.000         
0.000         
0.000         
0.000         
0.000         
0.000         
0.000         
0.000         
0.000         
0.000         
0.000         
0.000         
0.000         
0.000         
0.000         
0.000         
0.000         
0.000         
0.000         
0.000         
0.000         
0.000         
0.000         
0.000         
0.000         
0.000         
0.000         
0.000         
0.000         
0.000         
0.000         
0.000         
0.000         
0.000         
0.000         
0.000         
0.000         
0.000         
0.000         
0.000         
0.000         
0.000         
0.000         
0.000         
0.000         
0.000         
0.000         
0.000         
0.000         
0.000         
0.000         
0.000         
0.000         
0.000         
0.000         
0.000         
0.000         
0.000         
0.000         
0.000         
0.000         
0.000         
0.000         
0.000         
0.000         
0.000         
0.000         
0.000         
0.000         
0.000         
0.000         
0.000         
0.000         
0.000         
0.000         
0.000         
0.000         
0.000         
0.000         
0.000         
0.000         
0.000         
0.000         
0.000         
0.000         
0.000         
0.000         
0.000         
0.000         
0.000         
0.000         
0.000         
0.000         
0.000         
0.000         
0.000         
0.000         
0.000         
0.000         
0.000         
0.000         
0.000         
0.000         
0.000         
0.000         
0.000         
0.000         
0.000         
0.000         
0.000         
0.000         
0.000         
0.000         
0.000         
0.000         
0.000         
0.000         
0.000         
0.000         
0.000         
0.000         
0.000         
0.000         
0.000         
0.000         
0.000         
0.000         
0.000         
0.000         
0.000         
0.000         
0.000         
0.000         
0.000         
0.000         
0.000         
0.000         
0.000         
0.000         
0.000         
0.000         
0.000         
0.000         
0.000         
0.000         
0.000         
0.000         
0.000         
0.000         
0.000         
0.000         
0.000         
0.000         
0.000         
0.000         
0.000         
0.000         
0.000         
0.000         
0.000         
0.000         
0.000         
0.000         
0.000         
0.000         
0.000         
0.000         
0.000         
0.000         
0.000         
0.000         
0.000         
0.000         
0.000         
0.000         
0.000         
0.000         
0.000         
0.000         
0.000         
0.000         
0.000         
0.000         
0.000         
0.000         
0.000         
0.000         
0.000         
0.000         
0.000         
0.000         
0.000         
0.000         
0.000         
0.000         
0.000         
0.000         
0.000         
0.000         
0.000         
0.000         
0.000         
0.000         
0.000         
0.000         
0.000         
0.000         
0.000         
0.000         
0.000         
0.000         
0.000         
0.000         
0.000         
0.000         
0.000         
0.000         
0.000         
0.000         
0.000         
0.000         
0.000         
0.000         
0.000         
0.000         
0.000         
0.000         
0.000         
0.000         
0.000         
0.000         
0.000         
0.000         
0.000         
0.000         
0.000         
0.000         
0.000         
0.000         
0.000         
0.000         
0.000         
0.000         
0.000         
0.000         
0.000         
0.000         
0.000         
0.000         
0.000         
0.000         
0.000         
0.000         
0.000         
0.000         
0.000         
0.000         
0.000         
0.000         
0.000         
0.000         
0.000         
0.000         
0.000         
0.000         
0.000         
0.000         
0.000         
0.000         
0.000         
0.000         
0.000         
0.000         
0.000         
0.000         
0.000         
0.000         
0.000         
0.000         
0.000         
0.000         
0.000         
0.000         
0.000         
0.000         
0.000         
0.000         
0.000         
0.000         
0.000         
0.000         
0.000         
0.000         
0.000         
0.000         
0.000         
0.000         
0.000         
0.000         
0.000         
0.000         
0.000         
0.000         
0.000         
0.000         
0.000         
0.000         
0.000         
0.000         
0.000         
0.000         
0.000         
0.000         
0.000         
0.000         
0.000         
0.000         
0.000         
0.000         
0.000         
0.000         
0.000         
0.000         
0.000         
0.000         
0.000         
0.000         
0.000         
0.000         
0.000         
0.000         
0.000         
0.000         
0.000         
0.000         
0.000         
0.000         
0.000         
0.000         
0.000         
0.000         
0.000         
0.000         
0.000         
0.000         
0.000         
0.000         
0.000         
0.000         
0.000         
0.000         
0.000         
0.000         
0.000         
0.000         
0.000         
0.000         
0.000         
0.000         
0.000         
0.000         
0.000         
0.000         
0.000         
0.000         
0.000         
0.000         
0.000         
0.000         
0.000         
0.000         
0.000         
0.000         
0.000         
0.000         
0.000         
0.000         
0.000         
0.000         
0.000         
0.000         
0.000         
0.000         
0.000         
0.000         
0.000         
0.000         
0.000         
0.000         
0.000         
0.000         
0.000         
0.000         
0.000         
0.000         
0.000         
0.000         
0.000         
0.000         
0.000         
0.000         
0.000         
0.000         
0.000         
0.000         
0.000         
0.000         
0.000         
0.000         
0.000         
0.000         
0.000         
0.000         
0.000         
0.000         
0.000         
0.000         
0.000         
0.000         
0.000         
0.000         
0.000         
0.000         
0.000         
0.000         
0.000         
0.000         
0.000         
0.000         
0.000         
0.000         
0.000         
0.000         
0.000         
0.000         
0.000         
0.000         
0.000         
0.000         
0.000         
0.000         
0.000         
0.000         
0.000         
0.000         
0.000         
0.000         
0.000         
0.000         
0.000         
0.000         
0.000         
0.000         
0.000         
0.000         
0.000         
0.000         
0.000         
0.000         
0.000         
0.000         
0.000         
0.000         
0.000         
0.000         
0.000         
0.000         
0.000         
0.000         
0.000         
0.000         
0.000         
0.000         
0.000         
0.000         
0.000         
0.000         
0.000         
0.000         
0.000         
0.000         
0.000         
0.000         
0.000         
0.000         
0.000         
0.000         
0.000         
0.000         
0.000         
0.000         
0.000         
0.000         
0.000         
0.000         
0.000         
0.000         
0.000         
0.000         
0.000         
0.000         
0.000         
0.000         
0.000         
0.000         
0.000         
0.000         
0.000         
0.000         
0.000         
0.000         
0.000         
0.000         
0.000         
0.000         
0.000         
0.000         
0.000         
0.000         
0.000         
0.000         
0.000         
0.000         
0.000         
0.000         
0.000         
0.000         
0.000         
0.000         
0.000         
0.000         
0.000         
0.000         
0.000         
0.000         
0.000         
0.000         
0.000         
0.000         
0.000         
0.000         
0.000         
0.000         
0.000         
0.000         
0.000         
0.000         
0.000         
0.000         
0.000         
0.000         
0.000         
0.000         
0.000         
0.000         
0.000         
0.000         
0.000         
0.000         
0.000         
0.000         
0.000         
0.000         
0.000         
0.000         
0.000         
0.000         
0.000         
0.000         
0.000         
0.000         
0.000         
0.000         
0.000         
0.000         
0.000         
0.000         
0.000         
0.000         
0.000         
0.000         
0.000         
0.000         
0.000         
0.000         
0.000         
0.000         
0.000         
0.000         
0.000         
0.000         
0.000         
0.000         
0.000         
0.000         
0.000         
0.000         
0.000         
0.000         
0.000         
0.000         
0.000         
0.000         
0.000         
0.000         
0.000         
0.000         
0.000         
0.000         
0.000         
0.000         
0.000         
0.000         
0.000         
0.000         
0.000         
0.000         
0.000         
0.000         
0.000         
0.000         
0.000         
0.000         
0.000         
0.000         
0.000         
0.000         
0.000         
0.000         
0.000         
0.000         
0.000         
0.000         
0.000         
0.000         
0.000         
0.000         
0.000         
0.000         
0.000         
0.000         
0.000         
0.000         
0.000         
0.000         
0.000         
0.000         
0.000         
0.000         
0.000         
0.000         
0.000         
0.000         
0.000         
0.000         
0.000         
0.000         
0.000         
0.000         
0.000         
0.000         
0.000         
0.000         
0.000         
0.000         
0.000         
0.000         
0.000         
0.000         
0.000         
0.000         
0.000         
0.000         
0.000         
0.000         
0.000         
0.000         
0.000         
0.000         
0.000         
0.000         
0.000         
0.000         
0.000         
0.000         
0.000         
0.000         
0.000         
0.000         
0.000         
0.000         
0.000         
0.000         
0.000         
0.000         
0.000         
0.000         
0.000         
0.000         
0.000         
0.000         
0.000         
0.000         
0.000         
0.000         
0.000         
0.000         
0.000         
0.000         
0.000         
0.000         
0.000         
0.000         
0.000         
0.000         
0.000         
0.000         
0.000         
0.000         
0.000         
0.000         
0.000         
0.000         
0.000         
0.000         
0.000         
0.000         
0.000         
0.000         
0.000         
0.000         
0.000         
0.000         
0.000         
0.000         
0.000         
0.000         
0.000         
0.000         
0.000         
0.000         
0.000         
0.000         
0.000         
0.000         
0.000         
0.000         
0.000         
0.000         
0.000         
0.000         
0.000         
0.000         
0.000         
0.000         
0.000         
0.000         
0.000         
0.000         
0.000         
0.000         
0.000         
0.000         
0.000         
0.000         
0.000         
0.000         
0.000         
0.000         
0.000         
0.000         
0.000         
0.000         
0.000         
0.000         
0.000         
0.000         
0.000         
0.000         
0.000         
0.000         
0.000         
0.000         
0.000         
0.000         
0.000         
0.000         
0.000         
0.000         
0.000         
0.000         
0.000         
0.000         
0.000         
0.000         
0.000         
0.000         
0.000         
0.000         
0.000         
0.000         
0.000         
0.000         
0.000         
0.000         
0.000         
0.000         
0.000         
0.000         
0.000         
0.000         
0.000         
0.000         
0.000         
0.000         
0.000         
0.000         
0.000         
0.000         
0.000         
0.000         
0.000         
0.000         
0.000         
0.000         
0.000         
0.000         
0.000         
0.000         
0.000         
0.000         
0.000         
0.000         
0.000         
0.000         
0.000         
0.000         
0.000         
0.000         
0.000         
0.000         
0.000         
0.000         
0.000         
0.000         
0.000         
0.000         
0.000         
0.000         
0.000         
0.000         
0.000         
0.000         
0.000         
0.000         
0.000         
0.000         
0.000         
0.000         
0.000         
0.000         
0.000         
0.000         
0.000         
0.000         
0.000         
0.000         
0.000         
0.000         
0.000         
0.000         
0.000         
0.000         
0.000         
0.000         
0.000         
0.000         
0.000         
0.000         
0.000         
0.000         
0.000         
0.000         
0.000         
0.000         
0.000         
0.000         
0.000         
0.000         
0.000         
0.000         
0.000         
0.000         
0.000         
0.000         
0.000         
0.000         
0.000         
0.000         
0.000         
0.000         
0.000         
0.000         
0.000         
0.000         
0.000         
0.000         
0.000         
0.000         
0.000         
0.000         
0.000         
0.000         
0.000         
0.000         
0.000         
0.000         
0.000         
0.000         
0.000         
0.000         
0.000         
0.000         
0.000         
0.000         
0.000         
0.000         
0.000         
0.000         
0.000         
0.000         
0.000         
0.000         
0.000         
0.000         
0.000         
0.000         
0.000         
0.000         
0.000         
0.000         
0.000         
0.000         
0.000         
0.000         
0.000         
0.000         
0.000         
0.000         
0.000         
0.000         
0.000         
0.000         
0.000         
0.000         
0.000         
0.000         
0.000         
0.000         
0.000         
0.000         
0.000         
0.000         
0.000         
0.000         
0.000         
0.000         
0.000         
0.000         
0.000         
0.000         
0.000         
0.000         
0.000         
0.000         
0.000         
0.000         
0.000         
0.000         
0.000         
0.000         
0.000         
0.000         
0.000         
0.000         
0.000         
0.000         
0.000         
0.000         
0.000         
0.000         
0.000         
0.000         
0.000         
0.000         
0.000         
0.000         
0.000         
0.000         
0.000         
0.000         
0.000         
0.000         
0.000         
0.000         
0.000         
0.000         
0.000         
0.000         
0.000         
0.000         
0.000         
0.000         
0.000         
0.000         
0.000         
0.000         
0.000         
0.000         
0.000         
0.000         
0.000         
0.000         
0.051         
47.274        
45.086        
0.014         
0.328         
0.263         
1.083         
0.118         
0.043         
113.067       
0.399         
3.446         
18.503        
1.003         
0.002         
0.025         
47.535        
0.293         
0.027         
4.330         
0.383         
0.346         
10.974        
5.044         
8.126         
4.000         
1.562         
1.990         
2.197         
0.252         
0.054         
0.883         
1.025         
0.578         
2.051         
1.611         
0.000         
0.083         
0.167         
0.010         
0.915         
0.068         
3.646         
0.031         
0.087         
0.583         
0.582         
0.136         
2.442         
3.559         
0.106         
0.002         
13.652        
2.211         
4.223         
5.055         
22.929        
4.239         
23.743        
11.619        
9.586         
16.279        
0.068         
7.521         
28.715        
10.437        
4.494         
9.192         
28.250        
2.330         
23.960        
9.894         
2.529         
2.853         
7.205         
8.752         
1.845         
4.743         
0.000         
3.262         
0.511         
0.138         
0.020         
12.680        
5.111         
0.884         
0.037         
0.928         
9.830         
0.175         
8.640         
8.390         
1.462         
3.119         
0.001         
2.573         
3.363         
2.073         
0.443         
0.005         
57.973        
0.015         
5.062         
0.330         
0.022         
0.047         
2.390         
4.417         
1.818         
0.033         
0.000         
0.398         
4.465         
0.036         
5.445         
1.288         
0.015         
8.728         
9.303         
0.766         
26.408        
1.269         
24.811        
2.929         
2.987         
3.053         
3.262         
13.155        
17.123        
0.066         
0.163         
7.413         
14.359        
4.276         
2.372         
0.052         
9.006         
2.223         
6.111         
2.520         
0.660         
0.594         
0.598         
8.694         
2.684         
22.394        
7.755         
0.734         
7.284         
11.766        
0.000         
0.000         
0.000         
0.000         
0.000         
0.000         
0.000         
0.000         
0.000         
0.000         
0.000         
0.000         
0.000         
0.000         
0.000         
0.000         
0.000         
0.000         
0.000         
0.000         
0.000         
0.000         
0.000         
0.000         
0.000         
0.000         
0.000         
0.000         
0.000         
0.000         
0.000         
0.000         
0.000         
0.000         
0.000         
0.000         
0.000         
0.000         
0.000         
0.000         
0.000         
0.000         
0.000         
0.000         
0.000         
0.000         
0.000         
0.000         
0.000         
0.000         
0.000         
0.000         
0.000         
0.000         
0.000         
0.000         
0.000         
0.000         
0.000         
0.000         
0.000         
0.000         
0.000         
0.000         
0.000         
0.000         
0.000         
0.000         
0.000         
0.000         
0.000         
0.000         
0.000         
0.000         
0.000         
0.000         
0.000         
0.000         
0.000         
0.000         
0.000         
0.000         
0.000         
0.000         
0.000         
0.000         
0.000         
0.000         
0.000         
0.000         
0.000         
0.000         
0.000         
0.000         
0.000         
0.000         
0.000         
0.000         
0.000         
0.000         
0.000         
0.000         
0.000         
0.000         
0.000         
0.000         
0.000         
0.000         
0.000         
0.000         
0.000         
0.000         
0.000         
0.000         
0.000         
0.000         
0.000         
0.000         
0.000         
0.000         
0.000         
0.000         
0.000         
0.000         
0.000         
0.000         
0.000         
0.000         
0.000         
0.000         
0.000         
0.000         
0.000         
0.000         
0.000         
0.000         
0.000         
0.000         
0.000         
0.000         
0.000         
0.000         
0.000         
0.000         
0.000         
0.000         
0.000         
0.000         
0.000         
0.000         
0.000         
0.000         
0.000         
0.000         
0.000         
0.000         
0.000         
0.000         
0.000         
0.000         
0.000         
0.000         
0.000         
0.000         
0.000         
0.000         
0.000         
0.000         
0.000         
0.000         
0.000         
0.000         
0.000         
0.000         
0.000         
0.000         
0.000         
0.000         
0.000         
0.000         
0.000         
0.000         
0.000         
0.000         
0.000         
0.000         
0.000         
0.000         
0.000         
0.000         
0.000         
0.000         
0.000         
0.000         
0.000         
0.000         
0.000         
0.000         
0.000         
0.000         
0.000         
0.000         
0.000         
0.000         
0.000         
0.000         
0.000         
0.000         
0.000         
0.000         
0.000         
0.000         
0.000         
0.000         
0.000         
0.000         
0.000         
0.000         
0.000         
0.000         
0.000         
0.000         
0.000         
0.000         
0.000         
0.000         
0.000         
0.000         
0.000         
0.000         
0.000         
0.000         
0.000         
0.000         
0.000         
0.000         
0.000         
0.000         
0.000         
0.000         
0.000         
0.000         
0.000         
0.000         
0.000         
0.000         
0.000         
0.000         
0.000         
0.000         
0.000         
0.000         
0.000         
0.000         
0.000         
0.000         
0.000         
0.000         
0.000         
0.000         
0.000         
0.000         
0.000         
0.000         
0.000         
0.000         
0.000         
0.000         
0.000         
0.000         
0.000         
0.000         
0.000         
0.000         
0.000         
0.000         
0.000         
0.000         
0.000         
0.000         
0.000         
0.000         
0.000         
0.000         
0.000         
0.000         
0.000         
0.000         
0.000         
0.000         
0.000         
0.000         
0.000         
0.000         
0.000         
0.000         
0.000         
0.000         
0.000         
0.000         
0.000         
0.000         
0.000         
0.000         
0.000         
0.000         
0.000         
0.000         
0.000         
0.000         
0.000         
0.000         
0.000         
0.000         
0.000         
0.000         
0.000         
0.000         
0.000         
0.000         
0.000         
0.000         
0.000         
0.000         
0.000         
0.000         
0.000         
0.000         
0.000         
0.000         
0.000         
0.000         
0.000         
0.000         
0.000         
0.000         
0.000         
0.000         
0.000         
0.000         
0.000         
0.000         
0.000         
0.000         
0.000         
0.000         
0.000         
0.000         
0.000         
0.000         
0.000         
0.000         
0.000         
0.000         
0.000         
0.000         
0.000         
0.000         
0.000         
0.000         
0.000         
0.000         
0.000         
0.000         
0.000         
0.000         
0.000         
0.000         
0.000         
0.000         
0.000         
0.000         
0.000         
0.000         
0.000         
0.000         
0.000         
0.000         
0.000         
0.000         
0.000         
0.000         
0.000         
0.000         
0.000         
0.000         
0.000         
0.000         
0.000         
0.000         
0.000         
0.000         
0.000         
0.000         
0.000         
0.000         
0.000         
0.000         
0.000         
0.000         
0.000         
0.000         
0.000         
0.000         
0.000         
0.000         
0.000         
0.000         
0.000         
0.000         
0.000         
0.000         
0.000         
0.000         
0.000         
0.000         
0.000         
0.000         
0.000         
0.000         
0.000         
0.000         
0.000         
0.000         
0.000         
0.000         
0.000         
0.000         
0.000         
0.000         
0.000         
0.000         
0.000         
0.000         
0.000         
0.000         
0.000         
0.000         
0.000         
0.000         
0.000         
0.000         
0.000         
0.000         
0.000         
0.000         
0.000         
0.000         
0.000         
0.000         
0.000         
0.000         
0.000         
0.000         
0.000         
0.000         
0.000         
0.000         
0.000         
0.000         
0.000         
0.000         
0.000         
0.000         
0.000         
0.000         
0.000         
0.000         
0.000         
0.000         
0.000         
0.000         
0.000         
0.000         
0.000         
0.000         
0.000         
0.000         
0.000         
0.000         
0.000         
0.000         
0.000         
0.000         
0.000         
0.000         
0.000         
0.000         
0.000         
0.000         
0.000         
0.000         
0.000         
0.000         
0.000         
0.000         
0.000         
0.000         
0.000         
0.000         
0.000         
0.000         
0.000         
0.000         
0.000         
0.000         
0.000         
0.000         
0.000         
0.000         
0.000         
0.000         
0.000         
0.000         
0.000         
0.000         
0.000         
0.000         
0.000         
0.000         
0.000         
0.000         
0.000         
0.000         
0.000         
0.000         
0.000         
0.000         
0.000         
0.000         
0.000         
0.000         
0.000         
0.000         
0.000         
0.000         
0.000         
0.000         
0.000         
0.000         
0.000         
0.000         
0.000         
0.000         
0.000         
0.000         
0.000         
0.000         
0.000         
0.000         
0.000         
0.000         
0.000         
0.000         
0.000         
0.000         
0.000         
0.000         
0.000         
0.000         
0.000         
0.000         
0.000         
0.000         
0.000         
0.000         
0.000         
0.000         
0.000         
0.000         
0.000         
0.000         
0.000         
0.000         
0.000         
0.000         
0.000         
0.000         
0.000         
0.000         
0.000         
0.000         
0.000         
0.000         
0.000         
0.000         
0.000         
0.000         
0.000         
0.000         
0.000         
0.000         
0.000         
0.000         
0.000         
0.000         
0.000         
0.000         
0.000         
0.000         
0.000         
0.000         
0.000         
0.000         
0.000         
0.000         
0.000         
0.000         
0.000         
0.000         
0.000         
0.000         
0.000         
0.000         
0.000         
0.000         
0.000         
0.000         
0.000         
0.000         
0.000         
0.000         
0.000         
0.000         
0.000         
0.000         
0.000         
0.000         
0.000         
0.000         
0.000         
0.000         
0.000         
0.000         
0.000         
0.000         
0.000         
0.000         
0.000         
0.000         
0.000         
0.000         
0.000         
0.000         
0.000         
0.000         
0.000         
0.000         
0.000         
0.000         
0.000         
0.000         
0.000         
0.000         
0.000         
0.000         
0.000         
0.000         
0.000         
0.000         
0.000         
0.000         
0.000         
0.000         
0.000         
0.000         
0.000         
0.000         
0.000         
0.000         
0.000         
0.000         
0.000         
0.000         
0.000         
0.000         
0.000         
0.000         
0.000         
0.000         
0.000         
0.000         
0.000         
0.000         
0.000         
0.000         
0.000         
0.000         
0.000         
0.000         
0.000         
0.000         
0.000         
0.000         
0.000         
0.000         
0.000         
0.000         
0.000         
0.000         
0.000         
0.000         
0.000         
0.000         
0.000         
0.000         
0.000         
0.000         
0.000         
0.000         
0.000         
0.000         
0.000         
0.000         
0.000         
0.000         
0.000         
0.000         
0.000         
0.000         
0.000         
0.000         
0.000         
0.000         
0.000         
0.000         
0.000         
0.000         
0.000         
0.000         
0.000         
0.000         
0.000         
0.000         
0.000         
0.000         
0.000         
0.000         
0.000         
0.000         
0.000         
0.000         
0.000         
0.000         
0.000         
0.000         
0.000         
0.000         
0.000         
0.000         
0.000         
0.000         
0.000         
0.000         
0.000         
0.000         
0.000         
0.000         
0.000         
0.000         
0.000         
0.000         
0.000         
0.000         
0.000         
0.000         
0.000         
0.000         
0.000         
0.000         
0.000         
0.000         
0.000         
0.000         
0.000         
0.000         
0.000         
0.000         
0.000         
0.000         
0.000         
0.000         
0.000         
0.000         
0.000         
0.000         
0.000         
0.000         
0.000         
0.000         
0.000         
0.000         
0.000         
0.000         
0.000         
0.000         
0.000         
0.000         
0.000         
0.000         
0.000         
0.000         
0.000         
0.000         
0.000         
0.000         
0.000         
0.000         
0.000         
0.000         
0.000         
0.000         
0.000         
0.000         
0.000         
0.000         
0.000         
0.000         
0.000         
0.000         
0.000         
0.000         
0.000         
0.000         
0.000         
0.000         
0.000         
0.000         
0.000         
0.000         
0.000         
0.000         
0.000         
0.000         
0.000         
0.000         
0.000         
0.000         
0.000         
0.000         
0.000         
0.000         
0.000         
0.000         
0.000         
0.000         
0.000         
0.000         
0.000         
0.000         
0.000         
0.000         
0.000         
0.000         
0.000         
0.000         
0.000         
0.000         
0.000         
0.000         
0.000         
0.000         
0.000         
0.000         
0.000         
0.000         
0.000         
0.000         
0.000         
0.000         
0.000         
0.000         
0.000         
0.000         
0.000         
0.000         
0.000         
0.000         
0.000         
0.000         
0.000         
0.000         
0.000         
0.000         
0.000         
0.000         
0.000         
0.000         
0.000         
0.000         
0.000         
0.000         
0.000         
0.000         
0.000         
0.000         
0.000         
0.000         
0.000         
0.000         
0.000         
0.000         
0.000         
0.000         
0.000         
0.000         
0.000         
0.000         
0.000         
0.000         
0.000         
0.000         
0.000         
0.000         
0.000         
0.000         
0.000         
0.000         
0.000         
0.000         
0.000         
0.000         
0.000         
0.000         
0.000         
0.000         
0.000         
0.000         
0.000         
0.000         
0.000         
0.000         
0.000         
0.000         
0.000         
0.000         
0.000         
0.000         
0.000         
0.000         
0.000         
0.000         
0.000         
0.000         
0.000         
0.000         
0.000         
0.000         
0.000         
0.000         
0.000         
0.000         
0.000         
0.000         
0.000         
0.000         
0.000         
0.000         
0.000         
0.000         
0.000         
0.000         
0.000         
0.000         
0.000         
0.000         
0.000         
0.000         
0.000         
0.000         
0.000         
0.000         
0.000         
0.000         
0.000         
0.000         
0.000         
0.000         
0.000         
0.000         
0.000         
0.000         
0.000         
0.000         
0.000         
0.000         
0.000         
0.000         
0.000         
0.000         
0.000         
0.000         
0.000         
0.000         
0.000         
0.000         
0.000         
0.000         
0.000         
0.000         
0.000         
0.000         
0.000         
0.000         
0.000         
4.435         
0.109         
2.805         
0.702         
9.876         
4.421         
0.068         
0.016         
6.102         
11.266        
17.602        
17.276        
1.246         
3.024         
8.161         
0.081         
5.875         
14.967        
2.538         
2.339         
6.246         
6.711         
3.100         
0.000         
0.286         
0.371         
0.009         
15.752        
14.455        
5.863         
2.696         
0.001         
1.039         
4.858         
0.020         
0.011         
0.001         
0.027         
0.015         
0.058         
0.403         
0.000         
0.133         
0.000         
0.397         
0.000         
0.033         
6.027         
1.216         
6.809         
2.461         
0.014         
0.217         
40.783        
4.603         
7.235         
17.924        
2.703         
3.538         
11.648        
38.467        
26.710        
33.952        
1.313         
11.612        
3.066         
2.634         
0.000         
15.476        
0.184         
0.165         
2.760         
5.191         
3.819         
8.831         
2.819         
0.568         
42.534        
0.496         
1.533         
16.123        
35.708        
1.628         
1.317         
3.820         
0.000         
0.000         
0.000         
0.000         
0.000         
0.000         
0.000         
0.000         
0.000         
0.000         
0.000         
0.000         
0.000         
0.000         
0.000         
0.000         
0.000         
0.000         
0.000         
0.000         
0.000         
0.000         
0.000         
0.000         
0.000         
0.000         
0.000         
0.000         
0.000         
0.000         
0.000         
0.000         
0.000         
0.000         
0.000         
0.000         
0.000         
0.000         
0.000         
0.000         
0.000         
0.000         
0.000         
0.000         
0.000         
0.000         
0.000         
0.000         
0.000         
0.000         
0.000         
0.000         
0.000         
0.000         
0.000         
0.000         
0.000         
0.000         
0.000         
0.000         
0.000         
0.000         
0.000         
0.000         
0.000         
0.000         
0.000         
0.000         
0.000         
0.000         
0.000         
0.000         
0.000         
0.000         
0.000         
0.000         
0.000         
0.000         
0.000         
0.000         
0.000         
0.000         
0.000         
0.000         
0.000         
0.000         
0.000         
0.000         
0.000         
0.000         
0.000         
0.000         
0.000         
0.000         
0.000         
0.000         
0.000         
0.000         
0.000         
0.000         
0.000         
0.000         
0.000         
0.000         
0.000         
0.000         
0.000         
0.000         
0.000         
0.000         
0.000         
0.000         
0.000         
0.000         
0.000         
0.000         
0.000         
0.000         
0.000         
0.000         
0.000         
0.000         
0.000         
0.000         
0.000         
0.000         
0.000         
0.000         
0.000         
0.000         
0.000         
0.000         
0.000         
0.000         
0.000         
0.000         
0.000         
0.000         
0.000         
0.000         
0.000         
0.000         
0.000         
0.000         
0.000         
0.000         
0.000         
0.000         
0.000         
0.000         
0.000         
0.000         
0.000         
0.000         
0.000         
0.000         
0.000         
0.000         
0.000         
0.000         
0.000         
0.000         
0.000         
0.000         
0.000         
0.000         
0.000         
0.000         
0.000         
0.000         
0.000         
0.000         
0.000         
0.000         
0.000         
0.000         
0.000         
0.000         
0.000         
0.000         
0.000         
0.000         
0.000         
0.000         
0.000         
0.000         
0.000         
0.000         
0.000         
0.000         
0.000         
0.000         
0.000         
0.000         
0.000         
0.000         
0.000         
0.000         
0.000         
0.000         
0.000         
0.000         
0.000         
0.000         
0.000         
0.000         
0.000         
0.000         
0.000         
0.000         
0.000         
0.000         
0.000         
0.000         
0.000         
0.000         
0.000         
0.000         
0.000         
0.000         
0.000         
0.000         
0.000         
0.000         
0.000         
0.000         
0.000         
0.000         
0.000         
0.000         
0.000         
0.000         
0.000         
0.000         
0.000         
0.000         
0.000         
0.000         
0.000         
0.000         
0.000         
0.000         
0.000         
0.000         
0.000         
0.000         
0.000         
0.000         
0.000         
0.000         
0.000         
0.000         
0.000         
0.000         
0.000         
0.000         
0.000         
0.000         
0.000         
0.000         
0.000         
0.000         
0.000         
0.000         
0.000         
0.000         
0.000         
0.000         
0.000         
0.000         
0.000         
0.000         
0.000         
0.000         
0.000         
0.000         
0.000         
0.000         
0.000         
0.000         
0.000         
0.000         
0.000         
0.000         
0.000         
0.000         
0.000         
0.000         
0.000         
0.000         
0.000         
0.000         
0.000         
0.000         
0.000         
0.000         
0.000         
0.000         
0.000         
0.000         
0.000         
0.000         
0.000         
0.000         
0.000         
0.000         
0.000         
0.000         
0.000         
0.000         
0.000         
0.000         
0.000         
0.000         
0.000         
0.000         
0.000         
0.000         
0.000         
0.000         
0.849         
4.264         
13.290        
0.005         
1.294         
0.296         
0.480         
0.308         
55.995        
0.000         
0.727         
0.263         
6.442         
5.598         
0.851         
15.467        
18.620        
14.677        
1.895         
6.057         
21.331        
4.479         
0.520         
0.117         
11.209        
2.377         
0.668         
26.511        
2.180         
31.222        
2.390         
0.666         
5.171         
5.528         
9.284         
1.321         
0.045         
118.978       
3.270         
19.271        
10.257        
30.610        
28.872        
6.277         
0.071         
22.407        
2.842         
2.927         
37.676        
11.740        
0.000         
0.000         
0.000         
0.000         
0.000         
0.000         
0.000         
0.000         
0.000         
0.000         
0.000         
0.000         
0.000         
0.000         
0.000         
0.000         
0.000         
0.000         
0.000         
0.000         
0.000         
0.000         
0.000         
0.000         
0.000         
0.000         
0.000         
0.000         
0.000         
0.000         
0.000         
0.000         
0.000         
0.000         
0.000         
0.000         
0.000         
0.000         
0.000         
0.000         
0.000         
0.000         
0.000         
0.000         
0.000         
0.000         
0.000         
0.000         
0.000         
0.000         
0.000         
0.000         
0.000         
0.000         
0.000         
0.000         
0.000         
0.000         
0.000         
0.000         
0.000         
0.000         
0.000         
0.000         
0.000         
0.000         
0.000         
0.000         
0.000         
0.000         
0.000         
0.000         
0.000         
0.000         
0.000         
0.000         
0.000         
0.000         
0.000         
0.000         
1.049         
12.861        
2.991         
7.397         
1.227         
1.732         
11.013        
2.636         
0.356         
0.073         
0.817         
9.875         
0.089         
0.802         
15.200        
75.445        
16.739        
2.586         
37.141        
38.064        
6.580         
10.742        
34.361        
4.581         
2.586         
0.296         
8.648         
0.342         
0.233         
4.119         
0.468         
1.697         
37.214        
1.443         
123.784       
38.315        
16.968        
4.617         
5.956         
53.750        
38.731        
25.825        
64.734        
167.240       
7.291         
17.780        
5.555         
42.470        
6.176         
66.725        
51.608        
21.401        
40.762        
64.035        
7.832         
2.077         
71.069        
95.395        
12.690        
35.106        
101.198       
45.253        
6.532         
110.643       
12.900        
0.000         
17.943        
0.736         
2.419         
8.722         
0.000         
0.000         
0.000         
0.000         
0.000         
0.000         
0.000         
0.000         
0.000         
0.000         
0.000         
0.000         
0.000         
0.000         
0.000         
0.000         
0.000         
0.000         
0.000         
0.000         
0.000         
0.000         
0.000         
0.000         
0.000         
0.000         
0.000         
0.000         
0.000         
0.000         
0.000         
0.000         
0.000         
0.000         
0.000         
0.000         
0.000         
0.000         
0.000         
0.000         
0.000         
0.000         
0.000         
0.000         
0.000         
0.000         
0.000         
0.000         
0.000         
0.000         
0.000         
0.000         
0.000         
0.000         
0.000         
0.000         
0.000         
0.000         
0.000         
0.000         
0.000         
0.000         
0.000         
0.000         
0.000         
0.000         
0.000         
0.000         
0.000         
0.000         
0.000         
0.000         
0.000         
0.000         
0.000         
0.000         
0.000         
0.000         
0.000         
0.000         
0.000         
0.000         
0.000         
0.000         
0.000         
0.000         
0.000         
0.000         
0.000         
0.000         
0.000         
0.000         
0.000         
0.000         
0.000         
0.000         
0.000         
0.000         
0.000         
0.000         
0.000         
0.000         
0.000         
0.000         
0.000         
0.000         
0.000         
0.000         
0.000         
0.000         
0.000         
0.000         
0.000         
0.000         
0.000         
0.000         
0.000         
0.000         
0.000         
0.000         
0.000         
0.000         
0.000         
0.000         
0.000         
0.000         
0.000         
0.000         
0.000         
0.000         
0.000         
0.000         
0.000         
0.000         
0.000         
0.000         
0.000         
0.000         
0.000         
0.000         
0.000         
0.000         
0.000         
0.000         
0.000         
0.000         
0.000         
0.000         
0.000         
0.000         
0.000         
0.000         
0.000         
0.000         
0.000         
0.000         
0.000         
0.000         
0.000         
0.000         
0.000         
0.000         
0.000         
0.000         
0.000         
0.000         
0.000         
0.000         
0.000         
0.000         
0.000         
0.000         
0.000         
0.000         
0.000         
0.000         
0.000         
0.000         
0.000         
0.000         
0.000         
0.000         
0.000         
0.000         
0.000         
0.000         
0.000         
0.000         
0.000         
0.000         
0.000         
0.000         
0.000         
0.000         
0.000         
0.000         
0.000         
0.000         
0.000         
0.000         
0.000         
0.000         
0.000         
0.000         
0.000         
0.000         
0.000         
0.000         
0.000         
0.000         
0.000         
0.000         
0.000         
0.000         
0.000         
0.000         
0.000         
0.000         
0.000         
0.000         
0.000         
0.000         
0.000         
0.000         
0.000         
0.000         
0.000         
0.000         
0.000         
0.000         
0.000         
0.000         
0.000         
0.000         
0.000         
0.000         
0.000         
0.000         
0.000         
0.000         
0.000         
0.000         
0.000         
0.000         
0.000         
0.000         
0.000         
0.000         
0.000         
0.000         
0.000         
0.000         
0.000         
0.000         
0.000         
0.000         
0.000         
0.000         
0.000         
0.000         
0.000         
0.000         
0.000         
0.000         
0.000         
0.000         
0.000         
0.000         
0.000         
0.000         
0.000         
0.000         
0.000         
0.000         
0.000         
0.000         
0.000         
0.000         
0.000         
0.000         
0.000         
0.000         
0.000         
0.000         
0.000         
0.000         
0.000         
0.000         
0.000         
0.000         
0.000         
0.000         
0.000         
0.000         
0.000         
0.000         
0.000         
0.000         
0.000         
0.000         
0.000         
0.000         
0.000         
0.000         
0.000         
0.000         
0.000         
0.000         
0.000         
0.000         
0.000         
0.000         
0.000         
0.000         
0.000         
0.000         
0.000         
0.000         
0.000         
0.000         
0.000         
0.000         
0.000         
0.000         
0.000         
0.000         
0.000         
0.000         
0.000         
0.000         
0.000         
0.000         
0.000         
0.000         
0.000         
0.000         
0.000         
0.000         
0.000         
0.000         
0.000         
0.000         
0.000         
0.000         
0.000         
0.000         
0.000         
0.000         
0.000         
0.000         
0.000         
0.000         
0.000         
0.000         
0.000         
0.000         
0.000         
0.000         
0.000         
0.000         
0.000         
0.000         
0.000         
0.000         
0.000         
0.000         
0.000         
0.000         
0.000         
0.000         
0.000         
0.000         
0.000         
0.000         
0.000         
0.000         
0.000         
0.000         
0.000         
0.000         
0.000         
0.000         
0.000         
0.000         
0.000         
0.000         
0.000         
0.000         
0.000         
0.000         
0.000         
0.000         
0.000         
0.000         
0.000         
0.000         
0.000         
0.000         
0.000         
0.000         
0.000         
0.000         
0.000         
0.000         
0.000         
0.000         
0.000         
0.000         
0.000         
0.000         
0.000         
0.000         
0.000         
0.000         
0.000         
0.000         
0.000         
0.000         
0.000         
0.000         
0.000         
0.000         
0.000         
0.000         
0.000         
0.000         
0.000         
0.000         
0.000         
0.000         
0.000         
0.000         
0.000         
0.000         
0.000         
0.000         
0.000         
0.000         
0.000         
0.000         
0.000         
0.000         
0.000         
0.000         
0.000         
0.000         
0.000         
0.000         
0.000         
0.000         
0.000         
0.000         
0.000         
0.000         
0.000         
0.000         
0.000         
0.000         
0.000         
0.000         
0.000         
0.000         
0.000         
0.000         
0.000         
0.000         
0.000         
0.000         
0.000         
0.000         
0.000         
0.000         
0.000         
0.000         
0.000         
0.000         
0.000         
0.000         
0.000         
0.000         
0.000         
0.000         
0.000         
0.000         
0.000         
0.000         
0.000         
0.000         
0.000         
0.000         
0.000         
0.000         
0.000         
0.000         
0.000         
0.000         
0.000         
0.000         
0.000         
0.000         
0.000         
0.000         
0.000         
0.000         
0.000         
0.000         
0.000         
0.000         
0.000         
0.000         
0.000         
0.000         
0.000         
0.000         
0.000         
0.000         
0.000         
0.000         
0.000         
0.000         
0.000         
0.000         
0.000         
0.000         
0.000         
0.000         
0.000         
0.000         
0.000         
0.000         
0.000         
0.000         
0.000         
0.000         
0.000         
0.000         
0.000         
0.000         
0.000         
0.000         
0.000         
0.000         
0.000         
0.000         
0.000         
0.000         
0.000         
0.000         
0.000         
0.000         
0.000         
0.000         
0.000         
0.000         
0.000         
0.000         
0.000         
0.000         
0.000         
0.000         
0.000         
0.000         
0.000         
0.000         
0.000         
0.000         
0.000         
0.000         
0.000         
0.000         
0.000         
0.000         
0.000         
0.000         
0.000         
0.000         
0.000         
0.000         
0.000         
0.000         
0.000         
0.000         
0.000         
0.000         
0.000         
0.000         
0.000         
0.000         
0.000         
0.000         
0.000         
0.000         
0.000         
0.000         
0.000         
0.000         
0.000         
0.000         
0.000         
0.000         
0.000         
0.000         
0.000         
0.000         
0.000         
0.000         
0.000         
0.000         
0.000         
0.000         
0.000         
0.000         
0.000         
0.000         
0.000         
0.000         
0.000         
0.000         
0.000         
0.000         
0.000         
0.000         
0.000         
0.000         
0.000         
0.000         
0.000         
0.000         
0.000         
0.000         
0.000         
0.000         
0.000         
0.000         
0.000         
0.000         
0.000         
0.000         
0.000         
0.000         
0.000         
0.000         
0.000         
0.000         
0.000         
0.000         
0.000         
0.000         
0.000         
0.000         
0.000         
0.000         
0.000         
0.000         
0.000         
0.000         
0.000         
0.000         
0.000         
0.000         
0.000         
57.856        
25.787        
16.496        
1.654         
21.519        
2.242         
9.261         
0.018         
2.989         
0.099         
34.187        
2.612         
0.452         
0.301         
0.034         
4.253         
1.121         
0.126         
0.735         
9.342         
0.363         
0.137         
0.249         
37.343        
1.380         
0.642         
9.251         
43.642        
1.312         
6.674         
0.268         
1.765         
1.147         
97.581        
19.070        
6.156         
0.454         
10.929        
24.397        
11.584        
14.023        
1.019         
1.534         
3.054         
43.335        
46.249        
42.283        
19.528        
54.964        
122.919       
8.521         
330.995       
111.237       
1.310         
1.963         
55.928        
77.546        
66.875        
12.256        
13.063        
21.391        
16.293        
0.000         
0.000         
0.000         
0.000         
0.000         
0.000         
0.000         
0.000         
0.000         
0.000         
0.000         
0.000         
0.000         
0.000         
0.000         
0.000         
0.000         
0.000         
0.000         
0.000         
0.000         
0.000         
0.000         
0.000         
0.000         
0.000         
0.000         
0.000         
0.000         
0.000         
0.000         
0.000         
0.000         
0.000         
0.000         
0.000         
0.000         
0.000         
0.000         
0.000         
0.000         
0.000         
0.000         
0.000         
0.000         
0.000         
0.000         
0.000         
0.000         
0.000         
0.000         
0.000         
0.000         
0.000         
0.000         
0.000         
0.000         
0.000         
0.000         
0.000         
0.000         
0.000         
0.000         
0.000         
0.000         
0.000         
0.000         
0.000         
0.000         
0.000         
0.000         
0.000         
0.000         
0.000         
0.000         
0.000         
0.000         
0.000         
0.000         
0.000         
0.000         
0.000         
0.000         
0.000         
0.000         
0.000         
0.000         
0.000         
0.000         
0.000         
0.000         
0.000         
0.000         
0.000         
0.000         
0.000         
0.000         
0.000         
0.000         
0.000         
0.000         
0.000         
0.000         
0.000         
0.000         
0.000         
0.000         
0.000         
0.000         
0.000         
0.000         
0.000         
0.000         
0.000         
0.000         
0.000         
0.000         
0.000         
0.000         
0.000         
0.000         
0.000         
0.000         
0.000         
0.000         
0.000         
0.000         
0.000         
0.000         
0.000         
0.000         
0.000         
0.000         
0.000         
0.000         
0.000         
0.000         
0.000         
0.000         
0.000         
0.000         
0.000         
0.000         
0.000         
0.000         
0.000         
0.000         
0.000         
0.000         
0.000         
0.000         
0.000         
0.000         
0.000         
0.000         
0.000         
0.000         
0.000         
0.000         
0.000         
0.000         
0.000         
0.000         
0.000         
0.000         
0.000         
0.000         
0.000         
0.000         
0.000         
0.000         
0.000         
0.000         
0.000         
0.000         
0.000         
0.000         
0.000         
0.000         
0.000         
0.000         
0.000         
0.000         
0.000         
0.000         
0.000         
0.000         
0.000         
0.000         
0.000         
0.000         
0.000         
0.000         
0.000         
0.000         
0.000         
0.000         
0.000         
0.000         
0.000         
0.000         
0.000         
0.000         
0.000         
0.000         
0.000         
0.000         
0.000         
0.000         
0.000         
0.000         
0.000         
0.000         
0.000         
0.000         
0.000         
0.000         
0.000         
0.000         
0.000         
0.000         
0.000         
0.000         
0.000         
0.000         
0.000         
0.000         
0.000         
0.000         
0.000         
0.000         
0.000         
0.000         
0.000         
0.000         
0.000         
0.000         
0.000         
0.000         
0.000         
0.000         
0.000         
0.000         
0.000         
0.000         
0.000         
0.000         
0.000         
0.000         
0.000         
0.000         
0.000         
0.000         
0.000         
0.000         
0.000         
0.000         
0.000         
0.000         
0.000         
0.000         
0.000         
0.000         
0.000         
0.000         
0.000         
0.000         
0.000         
0.000         
0.000         
0.000         
0.000         
0.000         
0.000         
0.000         
0.000         
0.000         
0.000         
0.000         
0.000         
0.000         
0.000         
0.000         
0.000         
0.000         
0.000         
0.000         
0.000         
0.000         
0.000         
0.000         
0.000         
0.000         
0.000         
0.000         
24.193        
19.301        
3.672         
16.646        
22.539        
4.349         
10.928        
61.866        
42.075        
19.573        
0.059         
19.111        
24.365        
8.007         
4.295         
3.941         
0.798         
1.223         
4.976         
18.662        
1.509         
33.297        
15.025        
1.024         
74.206        
1.129         
3.480         
42.312        
0.212         
10.397        
2.809         
0.481         
0.017         
1.283         
0.085         
4.045         
0.323         
6.714         
5.309         
10.671        
7.501         
24.966        
8.842         
2.678         
115.646       
6.470         
1.967         
0.013         
48.470        
6.455         
1.198         
3.659         
0.000         
1.191         
39.582        
18.297        
0.320         
34.766        
3.397         
7.141         
186.195       
122.609       
4.938         
2.149         
69.762        
85.597        
15.245        
0.044         
13.803        
46.767        
72.570        
198.219       
3.205         
1.438         
10.128        
0.216         
0.151         
2.346         
18.283        
0.941         
6.071         
23.606        
8.435         
0.919         
0.000         
0.000         
0.000         
0.000         
0.000         
0.000         
0.000         
0.000         
0.000         
0.000         
0.000         
0.000         
0.000         
0.000         
0.000         
0.000         
0.000         
0.000         
0.000         
0.000         
0.000         
0.000         
0.000         
0.000         
0.000         
0.000         
0.000         
0.000         
0.000         
0.000         
0.000         
0.000         
0.000         
0.000         
0.000         
0.000         
0.000         
0.000         
0.000         
0.000         
0.000         
0.000         
0.000         
0.000         
0.000         
0.000         
0.000         
0.000         
0.000         
0.000         
0.000         
0.000         
0.000         
0.000         
0.000         
0.000         
0.000         
0.000         
0.000         
0.000         
0.000         
0.000         
0.000         
0.000         
0.000         
0.000         
0.000         
0.000         
0.000         
0.000         
0.000         
0.000         
0.000         
0.000         
0.000         
0.000         
0.000         
0.000         
0.000         
0.000         
0.000         
0.000         
0.000         
0.000         
0.000         
0.000         
0.000         
0.000         
0.000         
0.000         
0.000         
0.000         
0.000         
0.000         
0.000         
0.000         
0.000         
0.000         
0.000         
0.000         
0.000         
0.000         
0.000         
0.000         
0.000         
0.000         
0.000         
0.000         
0.000         
0.000         
0.000         
0.000         
0.000         
0.000         
0.000         
0.000         
2.520         
0.650         
0.300         
8.688         
2.158         
8.603         
5.412         
0.024         
8.461         
0.499         
1.825         
22.804        
15.729        
3.718         
25.493        
12.054        
6.961         
17.564        
2.289         
20.497        
32.641        
23.150        
2.301         
0.010         
2.003         
0.145         
0.786         
30.368        
0.000         
0.000         
4.042         
1.259         
0.829         
9.073         
5.744         
0.030         
0.013         
2.807         
0.524         
0.000         
1.899         
9.531         
8.129         
1.645         
2.910         
0.077         
1.620         
1.732         
91.411        
2.344         
8.320         
5.978         
11.704        
1.491         
4.219         
0.000         
0.002         
0.032         
0.145         
0.276         
1.268         
9.235         
7.973         
24.060        
18.996        
0.337         
22.020        
3.284         
3.839         
6.725         
0.043         
0.003         
0.469         
0.341         
0.438         
0.001         
0.000         
4.938         
1.727         
12.810        
1.327         
1.049         
15.727        
34.057        
1.485         
0.065         
17.008        
2.225         
8.468         
13.633        
7.330         
0.000         
0.000         
0.000         
0.000         
0.000         
0.000         
0.000         
0.000         
0.000         
0.000         
0.000         
0.000         
0.000         
0.000         
0.000         
0.000         
0.000         
0.000         
0.000         
0.000         
0.000         
0.000         
0.000         
0.000         
0.000         
0.000         
0.000         
0.000         
0.000         
0.000         
0.000         
0.000         
0.000         
0.000         
0.000         
0.000         
0.000         
0.000         
0.000         
0.000         
0.000         
0.000         
0.000         
0.000         
0.000         
0.000         
0.000         
0.000         
0.000         
0.000         
0.000         
0.000         
0.000         
0.000         
0.000         
0.000         
0.000         
0.000         
0.000         
0.000         
0.000         
0.000         
0.000         
0.000         
0.000         
0.000         
0.000         
0.000         
0.000         
0.000         
0.000         
0.000         
0.000         
0.000         
0.000         
0.000         
0.000         
0.000         
0.000         
0.000         
0.000         
0.000         
0.000         
0.000         
0.000         
0.000         
0.000         
0.000         
0.000         
0.000         
0.000         
0.000         
0.000         
0.000         
0.000         
0.000         
0.000         
0.000         
0.000         
0.000         
0.000         
0.000         
0.000         
0.000         
0.000         
0.000         
0.000         
0.000         
0.000         
0.000         
0.000         
0.000         
0.000         
0.000         
0.000         
0.000         
0.000         
0.000         
0.000         
0.000         
0.000         
0.000         
0.000         
0.000         
0.000         
0.000         
0.000         
0.000         
0.000         
0.000         
0.000         
0.000         
0.000         
0.000         
0.000         
0.000         
0.000         
0.000         
0.000         
0.000         
0.000         
0.000         
0.000         
0.000         
0.000         
0.000         
0.000         
0.000         
0.000         
0.000         
0.000         
0.000         
0.000         
0.000         
0.000         
0.000         
0.000         
0.000         
0.000         
0.000         
0.000         
0.000         
0.000         
0.000         
0.000         
0.000         
0.000         
0.000         
0.000         
0.000         
0.000         
0.000         
0.000         
0.000         
0.000         
0.000         
0.000         
0.000         
0.000         
0.000         
0.000         
0.000         
0.000         
0.000         
0.000         
0.000         
0.000         
0.000         
0.000         
0.000         
0.000         
0.000         
0.000         
0.000         
0.000         
0.000         
0.000         
0.000         
0.000         
0.000         
0.000         
0.000         
0.000         
0.000         
0.000         
0.000         
0.000         
0.000         
0.000         
0.000         
0.000         
0.000         
0.000         
0.000         
0.000         
0.000         
0.000         
0.000         
0.000         
0.842         
14.388        
1.115         
0.025         
0.000         
0.000         
0.012         
0.544         
0.163         
3.190         
6.256         
39.480        
0.140         
0.986         
0.366         
0.106         
15.895        
6.411         
0.992         
0.355         
0.033         
19.151        
1.304         
4.933         
8.442         
0.000         
0.012         
8.179         
0.423         
0.018         
0.024         
0.001         
0.048         
3.786         
0.130         
1.203         
0.000         
0.070         
0.171         
0.121         
0.102         
3.213         
0.001         
2.213         
1.725         
0.306         
0.949         
0.362         
0.019         
6.119         
1.698         
0.002         
0.495         
2.661         
0.265         
1.145         
3.823         
4.203         
1.362         
59.852        
8.866         
1.109         
0.572         
11.779        
0.423         
0.725         
1.033         
0.613         
4.517         
0.000         
0.072         
0.934         
4.425         
3.166         
1.565         
0.023         
3.979         
0.794         
0.013         
0.254         
5.271         
0.688         
1.364         
4.437         
0.395         
10.846        
10.390        
0.002         
1.408         
11.411        
0.087         
5.574         
0.371         
28.119        
33.610        
3.404         
29.737        
0.163         
0.738         
0.001         
0.492         
0.124         
10.610        
16.592        
3.986         
0.996         
34.488        
5.236         
0.050         
3.348         
2.300         
0.205         
20.492        
1.251         
14.233        
6.484         
8.051         
0.019         
0.000         
4.364         
28.054        
0.879         
15.587        
0.095         
4.293         
0.535         
23.831        
1.748         
23.252        
1.125         
7.261         
0.716         
2.805         
7.293         
2.170         
10.796        
30.849        
10.392        
3.070         
0.288         
0.003         
0.920         
0.068         
0.002         
0.000         
0.001         
2.916         
0.037         
39.276        
1.073         
19.506        
0.000         
0.000         
0.000         
0.000         
0.000         
0.000         
0.000         
0.000         
0.000         
0.000         
0.000         
0.000         
0.000         
0.000         
0.000         
0.000         
0.000         
0.000         
0.000         
0.000         
0.000         
0.000         
0.000         
0.000         
0.000         
0.000         
0.000         
0.000         
0.000         
0.000         
0.000         
0.000         
0.000         
0.000         
0.000         
0.000         
0.000         
0.000         
0.000         
0.000         
0.000         
0.000         
0.000         
0.000         
0.000         
0.000         
0.000         
0.000         
0.000         
0.000         
0.000         
0.000         
0.000         
0.000         
0.000         
0.000         
0.000         
0.000         
0.000         
0.000         
0.000         
0.000         
0.000         
0.000         
0.000         
0.000         
0.000         
0.000         
0.000         
0.000         
0.000         
0.000         
0.000         
0.000         
0.000         
0.000         
0.000         
0.000         
0.000         
0.000         
0.000         
0.000         
0.000         
0.000         
0.000         
0.000         
0.000         
0.000         
0.000         
0.000         
0.000         
0.000         
0.000         
0.000         
0.000         
0.000         
0.000         
0.000         
0.000         
0.000         
0.000         
0.000         
0.000         
0.000         
0.000         
0.000         
0.000         
0.000         
0.000         
0.000         
0.000         
0.000         
0.000         
0.000         
0.000         
0.000         
0.000         
0.000         
0.000         
0.000         
0.000         
0.000         
0.000         
0.000         
0.000         
0.000         
0.000         
0.000         
0.000         
0.000         
0.000         
0.000         
0.000         
0.000         
0.000         
0.000         
0.000         
0.000         
0.000         
0.000         
0.000         
0.000         
0.000         
0.000         
0.000         
0.000         
0.000         
0.000         
0.000         
0.000         
0.000         
0.000         
0.000         
0.000         
0.000         
0.000         
0.000         
0.000         
0.000         
0.000         
0.000         
0.000         
0.000         
0.000         
0.000         
0.000         
0.000         
0.000         
0.000         
0.000         
0.000         
0.000         
0.000         
0.000         
0.000         
0.000         
0.000         
0.000         
0.000         
0.000         
0.000         
0.000         
0.000         
0.000         
0.000         
0.000         
0.000         
0.000         
0.000         
0.000         
0.000         
0.000         
0.000         
0.000         
0.000         
0.000         
0.000         
0.000         
0.000         
0.000         
0.000         
0.000         
0.000         
0.000         
0.000         
0.000         
0.000         
0.000         
0.000         
0.000         
0.000         
0.000         
0.000         
0.000         
0.000         
0.000         
0.000         
0.000         
0.000         
0.000         
0.000         
0.000         
0.000         
0.000         
0.000         
0.000         
0.000         
0.000         
0.000         
0.000         
0.000         
0.000         
0.000         
0.000         
0.000         
0.000         
0.000         
0.000         
0.000         
0.000         
0.000         
0.000         
0.000         
0.000         
0.000         
0.000         
0.000         
0.000         
0.000         
0.000         
0.000         
0.000         
0.000         
0.000         
0.000         
0.000         
0.000         
0.000         
0.000         
0.000         
0.000         
0.000         
0.000         
0.000         
0.000         
0.000         
0.000         
0.000         
0.000         
0.000         
0.000         
0.000         
0.000         
0.000         
0.000         
0.000         
0.000         
0.000         
0.000         
0.000         
0.000         
0.000         
0.000         
0.000         
0.000         
0.000         
0.000         
0.000         
0.000         
0.000         
0.000         
0.000         
0.000         
0.000         
0.000         
0.000         
0.000         
0.000         
0.000         
0.000         
0.000         
0.000         
0.000         
0.000         
0.000         
0.000         
0.000         
0.000         
0.000         
0.000         
0.000         
0.000         
0.000         
0.000         
0.000         
0.000         
0.000         
0.000         
0.000         
0.000         
0.000         
0.000         
0.000         
0.000         
0.000         
0.000         
0.000         
0.000         
0.000         
0.000         
0.000         
0.000         
0.000         
0.000         
0.000         
0.000         
0.000         
0.000         
0.000         
0.000         
0.000         
0.000         
0.000         
0.000         
0.000         
0.000         
0.000         
0.000         
0.000         
0.000         
0.000         
0.000         
0.000         
0.000         
0.000         
0.000         
0.000         
0.000         
0.000         
0.000         
0.000         
0.000         
0.000         
0.000         
0.000         
0.000         
0.000         
0.000         
0.000         
0.000         
0.000         
0.000         
0.000         
0.000         
0.000         
0.000         
0.000         
0.000         
0.000         
0.000         
0.000         
0.000         
0.000         
0.000         
0.000         
0.000         
0.000         
0.000         
0.000         
0.000         
0.000         
0.000         
0.000         
0.000         
0.000         
0.000         
0.000         
0.000         
0.000         
0.000         
0.000         
0.000         
0.000         
0.000         
0.000         
0.000         
0.000         
0.000         
0.000         
0.000         
0.000         
0.000         
0.000         
0.000         
0.000         
0.000         
0.000         
0.000         
0.000         
0.000         
0.000         
0.000         
0.000         
0.000         
0.000         
0.000         
0.000         
0.000         
0.000         
0.000         
0.000         
0.000         
0.000         
0.000         
0.000         
0.000         
0.000         
0.000         
0.000         
0.000         
0.000         
0.000         
0.000         
0.000         
0.000         
0.000         
0.000         
0.000         
0.000         
0.000         
0.000         
0.000         
0.000         
0.000         
0.000         
0.000         
0.000         
0.000         
0.000         
0.000         
0.000         
0.000         
0.000         
0.000         
0.000         
0.000         
0.000         
0.000         
0.000         
0.000         
0.000         
0.000         
0.000         
0.000         
0.000         
0.000         
0.000         
0.000         
0.000         
0.000         
0.000         
0.000         
0.000         
0.000         
0.000         
0.000         
0.000         
0.000         
0.000         
0.000         
0.000         
0.000         
0.000         
0.000         
0.000         
0.000         
0.000         
0.000         
0.000         
0.000         
0.000         
0.000         
0.000         
0.000         
0.000         
0.000         
0.000         
0.000         
0.000         
0.000         
0.000         
0.000         
0.000         
0.000         
0.000         
0.000         
0.000         
0.000         
0.000         
0.000         
0.000         
0.000         
0.000         
0.000         
0.000         
0.000         
0.000         
0.000         
0.000         
0.000         
0.000         
0.000         
0.000         
0.000         
0.000         
0.000         
0.000         
0.000         
0.000         
0.000         
0.000         
0.000         
0.000         
0.000         
0.000         
0.000         
0.000         
0.000         
0.000         
0.000         
0.000         
0.000         
0.000         
0.000         
0.000         
0.000         
0.000         
0.000         
0.000         
0.000         
0.000         
0.000         
0.000         
0.000         
0.000         
0.000         
0.000         
0.000         
0.000         
0.000         
0.000         
0.000         
0.000         
0.000         
0.000         
0.000         
0.000         
0.000         
0.000         
0.000         
0.000         
0.000         
0.000         
0.000         
0.000         
0.000         
0.000         
0.000         
0.000         
0.000         
0.000         
0.000         
0.000         
0.000         
0.000         
0.000         
0.000         
0.000         
0.000         
0.000         
0.000         
0.000         
0.000         
0.000         
0.000         
0.000         
0.000         
0.000         
0.000         
0.000         
0.000         
0.000         
0.000         
0.000         
0.000         
0.000         
0.000         
0.000         
0.000         
0.000         
0.000         
0.000         
0.000         
0.000         
0.000         
0.000         
0.000         
0.000         
0.000         
0.000         
0.000         
0.000         
0.000         
0.000         
0.000         
0.000         
0.000         
0.000         
0.000         
0.000         
0.000         
0.000         
0.000         
0.000         
0.000         
0.000         
0.000         
0.000         
0.000         
0.000         
0.000         
0.000         
0.000         
0.000         
0.000         
0.000         
0.000         
0.000         
0.000         
0.003         
0.002         
12.062        
0.001         
0.000         
5.499         
0.095         
0.035         
14.892        
13.094        
0.659         
16.556        
0.201         
0.498         
4.936         
5.244         
0.898         
0.012         
0.006         
2.442         
6.039         
2.951         
12.137        
3.372         
1.603         
3.278         
4.979         
1.588         
7.405         
0.014         
13.709        
9.177         
6.646         
2.142         
7.929         
4.704         
50.475        
75.631        
2.196         
21.489        
17.847        
5.435         
39.797        
5.504         
48.993        
12.824        
1.619         
70.123        
15.207        
23.778        
14.248        
0.717         
51.132        
56.262        
5.149         
19.422        
10.883        
17.289        
33.915        
3.619         
0.929         
0.173         
8.622         
11.192        
0.996         
1.523         
18.434        
1.088         
1.326         
0.301         
0.000         
0.000         
0.000         
0.000         
0.000         
0.000         
0.000         
0.000         
0.000         
0.000         
0.000         
0.000         
0.000         
0.000         
0.000         
0.000         
0.000         
0.000         
0.000         
0.000         
0.000         
0.000         
0.000         
0.000         
0.000         
0.000         
0.000         
0.000         
0.000         
0.000         
0.000         
0.000         
0.000         
0.000         
0.000         
0.000         
0.000         
0.000         
0.000         
0.000         
0.000         
0.000         
0.000         
0.000         
0.000         
0.000         
0.000         
0.000         
0.000         
0.000         
0.000         
0.000         
0.000         
0.000         
0.000         
0.000         
0.000         
0.000         
0.000         
0.000         
0.000         
0.000         
0.000         
0.000         
0.000         
6.486         
0.109         
146.320       
38.079        
0.031         
29.429        
21.755        
4.264         
9.901         
1.280         
2.911         
2.116         
11.052        
0.779         
44.265        
13.205        
40.675        
2.376         
7.734         
10.381        
0.038         
0.018         
16.611        
0.986         
15.847        
0.003         
26.951        
7.676         
3.196         
25.626        
2.098         
16.650        
0.610         
3.632         
0.086         
0.000         
5.543         
30.688        
6.345         
0.004         
4.101         
8.103         
0.846         
7.097         
2.853         
15.778        
63.451        
102.608       
137.253       
11.199        
40.334        
18.573        
25.568        
21.022        
98.990        
107.318       
72.771        
208.345       
133.281       
151.483       
90.316        
435.783       
32.566        
0.000         
0.000         
0.000         
0.000         
0.000         
0.000         
0.000         
0.000         
0.000         
0.000         
0.000         
0.000         
0.000         
0.000         
0.000         
0.000         
0.000         
0.000         
0.000         
0.000         
0.000         
0.000         
0.000         
0.000         
0.000         
0.000         
0.000         
0.000         
0.000         
0.000         
0.000         
0.000         
0.000         
0.000         
0.000         
0.000         
0.000         
0.000         
0.000         
0.000         
0.000         
0.000         
0.000         
0.000         
0.000         
0.000         
0.000         
0.000         
0.000         
0.000         
0.000         
0.000         
0.000         
0.000         
0.000         
0.000         
0.000         
0.000         
0.000         
0.000         
0.000         
0.000         
0.000         
0.000         
0.000         
0.000         
0.000         
0.000         
0.000         
0.000         
0.000         
0.000         
0.000         
0.000         
0.000         
0.000         
0.000         
0.000         
0.000         
0.000         
0.000         
0.000         
0.000         
0.000         
0.000         
0.000         
0.000         
0.000         
0.000         
0.000         
0.000         
0.000         
0.000         
0.000         
0.000         
0.000         
0.000         
0.000         
0.000         
0.000         
0.000         
0.000         
0.000         
0.000         
0.000         
0.000         
0.000         
0.000         
0.000         
0.000         
0.000         
0.000         
0.000         
0.000         
0.000         
0.000         
0.000         
0.000         
0.000         
0.000         
0.000         
0.000         
0.000         
0.000         
0.000         
0.000         
0.000         
0.000         
0.000         
0.000         
0.000         
0.000         
0.000         
0.000         
0.000         
0.000         
0.000         
0.000         
0.000         
0.000         
0.000         
0.000         
0.000         
0.000         
0.000         
0.000         
0.000         
0.000         
0.000         
0.000         
0.000         
0.000         
0.000         
0.000         
0.000         
0.000         
0.000         
0.000         
0.000         
0.000         
0.000         
0.000         
0.000         
0.000         
0.000         
0.000         
0.000         
0.000         
0.000         
0.000         
0.000         
0.000         
0.000         
0.000         
0.000         
0.000         
0.000         
0.000         
0.000         
0.000         
0.000         
0.000         
0.000         
0.000         
0.000         
0.000         
0.000         
0.000         
0.000         
0.000         
0.000         
0.000         
0.000         
0.000         
0.000         
0.000         
0.000         
0.000         
0.000         
0.000         
0.000         
0.000         
0.000         
0.000         
0.000         
0.000         
0.000         
0.000         
0.000         
0.000         
0.000         
0.000         
0.000         
0.000         
0.000         
0.000         
0.000         
0.000         
0.000         
0.000         
0.000         
0.000         
0.000         
0.000         
0.000         
0.000         
0.000         
0.000         
0.000         
0.000         
0.000         
0.000         
0.000         
0.000         
0.000         
0.000         
0.000         
0.000         
0.000         
0.000         
0.000         
0.000         
0.000         
0.000         
0.000         
0.000         
0.000         
0.000         
0.000         
0.000         
0.000         
0.000         
0.000         
0.000         
0.000         
0.000         
0.000         
0.000         
0.000         
0.000         
0.000         
0.000         
0.000         
0.000         
0.000         
0.000         
0.000         
0.000         
0.000         
0.000         
0.000         
0.000         
0.000         
0.000         
0.000         
0.000         
0.000         
0.000         
0.000         
0.000         
0.000         
0.000         
0.000         
0.000         
0.000         
0.000         
0.000         
0.000         
0.000         
0.000         
0.000         
0.000         
0.000         
0.000         
0.000         
0.000         
0.000         
0.000         
0.000         
0.000         
0.000         
0.000         
0.000         
0.000         
0.000         
0.000         
0.000         
0.000         
0.000         
0.000         
0.000         
0.000         
0.000         
0.000         
0.000         
0.000         
0.000         
0.000         
0.000         
0.000         
0.000         
0.000         
0.000         
0.000         
0.000         
0.000         
0.000         
0.000         
0.000         
0.000         
0.000         
0.000         
0.000         
0.000         
0.000         
0.000         
0.000         
0.000         
0.000         
0.000         
0.000         
0.000         
0.000         
0.000         
0.000         
0.000         
0.000         
0.000         
0.000         
0.000         
0.000         
0.000         
0.000         
0.000         
0.000         
0.000         
0.000         
0.000         
0.000         
0.000         
0.000         
0.000         
0.000         
0.000         
0.000         
0.000         
0.000         
0.000         
0.000         
0.000         
0.000         
0.000         
0.000         
0.000         
0.000         
0.000         
0.000         
0.000         
0.000         
0.000         
0.000         
0.000         
0.000         
0.000         
0.000         
0.000         
0.000         
0.000         
0.000         
0.000         
0.000         
0.000         
0.000         
0.000         
0.000         
0.000         
0.000         
0.000         
0.000         
0.000         
0.000         
0.000         
0.000         
0.000         
0.000         
0.000         
0.000         
0.000         
0.000         
0.000         
0.000         
0.000         
0.000         
0.000         
0.000         
0.000         
0.000         
0.000         
0.000         
0.000         
0.000         
0.000         
0.000         
0.000         
0.000         
0.000         
0.000         
0.000         
0.000         
0.000         
0.000         
0.000         
0.000         
0.000         
0.000         
0.000         
0.000         
0.000         
0.000         
0.000         
0.000         
0.000         
0.000         
0.000         
0.000         
0.000         
0.000         
0.000         
0.000         
0.000         
0.000         
0.000         
0.000         
0.000         
0.000         
0.000         
0.000         
0.000         
0.000         
0.000         
0.000         
0.000         
0.000         
0.000         
0.000         
0.000         
0.000         
0.000         
0.000         
0.000         
0.000         
0.000         
0.000         
0.000         
0.000         
0.000         
0.000         
0.000         
0.000         
0.000         
0.000         
0.000         
0.000         
0.000         
0.000         
0.000         
0.000         
0.000         
0.000         
0.000         
0.000         
0.000         
0.000         
0.000         
0.000         
0.000         
0.000         
0.000         
0.000         
0.000         
0.000         
0.000         
0.000         
0.000         
0.000         
0.000         
0.000         
0.000         
0.000         
0.000         
0.000         
0.000         
0.000         
0.000         
0.000         
0.000         
0.000         
0.000         
0.000         
0.000         
0.000         
0.000         
0.000         
0.000         
0.000         
0.000         
0.000         
0.000         
0.000         
0.000         
0.000         
0.000         
0.000         
0.000         
0.000         
0.000         
0.000         
0.000         
0.000         
0.000         
0.000         
0.000         
0.000         
0.000         
0.000         
0.000         
0.000         
0.000         
0.000         
0.000         
0.000         
0.000         
0.000         
0.000         
0.000         
0.000         
0.000         
0.000         
0.000         
0.000         
0.000         
0.000         
0.000         
0.000         
0.000         
0.000         
0.000         
0.000         
0.000         
0.000         
0.000         
0.000         
0.000         
0.000         
0.000         
0.000         
0.000         
0.000         
0.000         
0.000         
0.000         
0.000         
0.000         
0.000         
0.000         
0.000         
0.000         
0.000         
0.000         
0.000         
0.000         
0.000         
0.000         
0.000         
0.000         
0.000         
0.000         
0.000         
0.000         
0.000         
0.000         
0.000         
0.000         
0.000         
0.000         
0.000         
0.000         
0.000         
0.000         
0.000         
0.000         
0.000         
0.000         
0.000         
0.000         
0.000         
0.000         
0.000         
0.000         
0.000         
0.000         
0.000         
0.000         
0.000         
0.000         
0.000         
0.000         
0.000         
0.000         
0.000         
0.000         
0.000         
0.000         
0.000         
0.000         
0.000         
0.000         
0.000         
0.000         
0.000         
0.000         
0.000         
0.000         
0.000         
0.000         
0.000         
0.000         
0.000         
0.000         
0.000         
0.000         
0.000         
0.000         
0.000         
0.000         
0.000         
0.000         
0.000         
0.000         
0.000         
0.000         
0.000         
0.000         
0.000         
0.000         
0.000         
0.000         
0.000         
0.000         
0.000         
0.000         
0.000         
0.000         
0.000         
0.000         
0.000         
0.000         
0.000         
0.000         
0.000         
0.000         
0.000         
0.000         
0.000         
0.000         
0.000         
0.000         
0.000         
0.000         
0.000         
0.000         
0.000         
0.000         
0.000         
0.000         
0.000         
0.000         
0.000         
0.000         
0.000         
0.000         
0.000         
0.000         
0.000         
0.000         
0.000         
0.000         
0.000         
0.000         
0.000         
0.000         
0.000         
0.000         
0.000         
0.000         
0.000         
0.000         
0.000         
0.000         
0.000         
0.000         
0.000         
0.000         
0.000         
0.000         
0.000         
0.000         
0.000         
0.000         
0.000         
0.000         
0.000         
0.000         
0.000         
0.000         
0.000         
0.000         
0.000         
0.000         
0.000         
0.000         
0.000         
0.000         
0.000         
0.000         
0.000         
0.000         
0.000         
0.000         
0.000         
0.000         
0.000         
0.000         
0.000         
0.000         
0.000         
0.000         
0.000         
0.000         
0.000         
0.000         
0.000         
0.000         
0.000         
0.000         
0.000         
0.000         
0.000         
0.000         
0.000         
0.000         
0.000         
0.000         
0.000         
0.000         
0.000         
0.000         
0.000         
0.000         
0.000         
0.000         
0.000         
0.000         
0.000         
0.000         
0.000         
0.000         
0.000         
0.000         
0.000         
0.000         
0.000         
0.000         
0.000         
0.000         
0.000         
0.000         
0.000         
0.000         
0.000         
0.000         
0.000         
0.000         
0.000         
0.000         
0.000         
0.000         
0.000         
0.000         
0.000         
0.000         
0.000         
0.000         
0.000         
0.000         
0.000         
0.000         
0.000         
0.000         
0.000         
0.000         
0.000         
0.000         
0.000         
0.000         
0.000         
0.000         
0.000         
0.000         
0.000         
0.000         
0.000         
0.000         
0.000         
0.000         
0.000         
0.000         
0.000         
0.000         
0.000         
0.000         
0.000         
0.000         
0.000         
0.000         
0.000         
0.000         
0.000         
0.000         
0.000         
0.000         
0.000         
0.000         
0.000         
0.000         
0.000         
0.000         
0.000         
0.000         
0.000         
0.000         
0.000         
0.000         
0.000         
0.000         
0.000         
0.000         
0.000         
0.000         
0.000         
0.000         
0.000         
0.000         
0.000         
0.000         
0.000         
0.000         
0.000         
0.000         
0.000         
0.000         
0.000         
0.000         
0.000         
0.000         
0.000         
0.000         
0.000         
0.000         
0.000         
0.000         
0.000         
0.000         
0.000         
0.000         
0.000         
0.000         
0.000         
0.000         
0.000         
0.000         
0.000         
0.000         
0.000         
0.000         
0.000         
0.000         
0.000         
0.000         
0.000         
0.000         
0.000         
0.000         
0.000         
0.000         
0.000         
0.000         
0.000         
0.000         
0.000         
0.000         
0.000         
0.000         
0.000         
0.000         
0.000         
0.000         
0.000         
0.000         
0.000         
0.000         
0.000         
0.000         
0.000         
0.000         
0.000         
0.000         
0.000         
0.000         
0.000         
0.000         
0.000         
0.000         
0.000         
0.000         
0.000         
0.000         
0.000         
0.000         
0.000         
0.000         
0.000         
0.000         
0.000         
0.000         
0.000         
0.000         
0.000         
0.000         
0.000         
0.000         
0.000         
0.000         
0.000         
0.000         
0.000         
0.000         
0.000         
0.000         
0.000         
0.000         
0.000         
0.000         
0.000         
0.000         
0.000         
0.000         
0.000         
0.000         
0.000         
0.000         
0.000         
0.000         
0.000         
0.000         
0.000         
0.000         
0.000         
0.000         
0.000         
0.000         
0.000         
0.000         
0.000         
0.000         
0.000         
0.000         
0.000         
0.000         
0.000         
0.000         
0.000         
0.000         
0.000         
0.000         
0.000         
0.000         
0.000         
0.000         
0.000         
0.000         
0.000         
0.000         
0.000         
0.000         
0.000         
0.000         
0.000         
0.000         
0.000         
0.000         
0.000         
0.000         
0.000         
0.000         
0.000         
0.000         
0.000         
0.000         
0.000         
0.000         
0.000         
0.000         
0.000         
3.145         
1.352         
7.321         
4.768         
28.532        
39.784        
0.454         
0.284         
0.175         
4.636         
1.499         
1.827         
3.258         
0.018         
43.378        
15.365        
0.313         
0.032         
2.582         
41.240        
11.810        
0.742         
0.406         
71.274        
76.313        
0.568         
1.786         
61.804        
0.380         
1.232         
3.584         
7.552         
1.075         
73.623        
30.842        
3.892         
6.374         
18.062        
1.410         
2.957         
0.111         
43.039        
13.510        
0.312         
24.786        
95.397        
23.996        
36.675        
0.090         
25.655        
10.059        
37.470        
17.880        
389.496       
360.029       
21.819        
90.381        
18.237        
28.998        
72.439        
2.045         
0.383         
19.241        
251.179       
210.373       
0.000         
0.000         
0.000         
0.000         
0.000         
0.000         
0.000         
0.000         
0.000         
0.000         
0.000         
0.000         
0.000         
0.000         
0.000         
0.000         
0.000         
0.000         
0.000         
0.000         
0.000         
0.000         
0.000         
0.000         
0.000         
0.000         
0.000         
0.000         
0.000         
0.000         
0.000         
0.000         
0.000         
0.000         
0.000         
0.000         
0.000         
0.000         
0.000         
0.000         
0.000         
0.000         
0.000         
0.000         
0.000         
0.000         
0.000         
0.000         
0.000         
0.000         
0.000         
0.000         
0.000         
0.000         
0.000         
0.000         
0.000         
0.000         
0.000         
0.000         
0.000         
0.000         
0.000         
0.000         
0.000         
0.000         
0.000         
0.000         
0.000         
0.000         
0.000         
0.000         
0.000         
0.000         
0.000         
0.000         
0.000         
0.000         
0.000         
0.000         
0.000         
0.000         
0.000         
0.000         
0.000         
0.000         
0.000         
0.000         
0.000         
0.000         
0.000         
0.000         
0.000         
0.000         
0.000         
0.000         
0.000         
0.000         
0.000         
0.000         
0.000         
0.000         
0.000         
0.000         
0.000         
0.000         
0.000         
0.000         
0.000         
0.000         
0.000         
0.000         
0.000         
0.000         
0.000         
0.000         
0.000         
0.000         
0.000         
0.000         
0.000         
0.000         
0.000         
0.000         
0.000         
0.000         
0.000         
0.000         
0.000         
0.000         
0.000         
0.000         
0.000         
0.000         
0.000         
0.000         
0.000         
0.000         
0.000         
0.000         
0.000         
0.000         
0.000         
0.000         
0.000         
0.000         
0.000         
0.000         
0.000         
0.000         
0.000         
0.000         
0.000         
0.000         
0.000         
0.000         
0.000         
0.000         
0.000         
0.000         
0.000         
0.000         
0.000         
0.000         
0.000         
0.000         
0.000         
0.000         
0.000         
0.000         
0.000         
0.000         
0.000         
0.000         
0.000         
0.000         
0.000         
0.000         
0.000         
0.000         
0.000         
0.000         
0.000         
0.000         
0.000         
0.000         
0.000         
0.000         
0.000         
0.000         
0.000         
0.000         
0.000         
0.000         
0.000         
0.000         
0.000         
0.000         
0.000         
0.000         
0.000         
0.000         
0.000         
0.000         
0.000         
0.000         
0.000         
0.000         
0.000         
0.000         
0.000         
0.000         
0.000         
0.000         
0.000         
0.000         
0.000         
0.000         
0.000         
0.000         
0.000         
0.000         
0.000         
0.000         
0.000         
0.000         
0.000         
0.000         
0.000         
0.000         
0.000         
0.000         
0.000         
0.000         
0.000         
0.000         
0.000         
0.000         
0.000         
0.000         
0.000         
0.000         
0.000         
0.000         
0.000         
0.000         
0.000         
0.000         
0.000         
0.000         
0.000         
0.000         
0.000         
0.000         
0.000         
0.000         
0.000         
0.000         
0.000         
0.000         
0.000         
0.000         
0.000         
0.000         
0.000         
0.000         
0.000         
0.000         
0.000         
0.000         
0.000         
0.000         
0.000         
0.000         
0.000         
0.000         
0.000         
0.000         
0.000         
0.000         
0.000         
0.000         
0.000         
0.000         
0.000         
0.000         
0.000         
0.000         
0.000         
0.000         
0.000         
0.000         
0.000         
0.000         
0.000         
0.000         
0.000         
0.000         
0.000         
0.000         
8.426         
5.626         
0.817         
17.888        
8.487         
12.184        
33.424        
22.230        
0.241         
0.840         
44.597        
38.238        
33.304        
3.181         
1.544         
1.047         
0.029         
6.753         
1.900         
19.393        
2.779         
8.518         
1.889         
6.103         
0.009         
3.200         
0.000         
4.909         
4.941         
4.930         
46.037        
23.203        
12.439        
3.221         
4.480         
14.922        
1.621         
1.391         
1.850         
0.065         
14.208        
0.000         
3.819         
9.352         
12.003        
2.825         
52.561        
24.300        
2.102         
0.270         
5.353         
0.043         
19.274        
14.632        
4.419         
5.241         
15.904        
2.100         
10.077        
66.493        
25.511        
0.839         
1.797         
18.300        
107.697       
80.188        
27.776        
9.968         
2.653         
37.945        
61.619        
72.874        
22.023        
2.626         
33.636        
0.088         
4.708         
47.460        
0.760         
8.586         
0.076         
34.776        
7.188         
28.562        
8.084         
0.002         
2.959         
27.082        
0.460         
1.297         
0.012         
0.010         
9.875         
17.911        
5.719         
3.371         
3.247         
20.635        
40.377        
10.863        
8.265         
0.225         
0.257         
35.073        
2.291         
13.215        
4.574         
9.280         
34.757        
3.465         
5.484         
13.921        
1.070         
10.915        
8.775         
0.339         
2.400         
4.380         
10.978        
3.123         
4.285         
4.992         
17.094        
21.582        
1.854         
0.771         
0.311         
2.125         
0.271         
1.443         
8.436         
0.000         
0.000         
0.000         
0.000         
0.000         
0.000         
0.000         
0.000         
0.000         
0.000         
0.000         
0.000         
0.000         
0.000         
0.000         
0.000         
0.000         
0.000         
0.000         
0.000         
0.000         
0.000         
0.000         
0.000         
0.000         
0.000         
0.000         
0.000         
0.000         
0.000         
0.000         
0.000         
0.000         
0.000         
0.000         
0.000         
0.000         
0.000         
0.000         
0.000         
0.000         
0.000         
0.000         
0.000         
0.000         
0.000         
0.000         
0.000         
0.000         
0.000         
0.000         
0.000         
0.000         
0.000         
0.000         
0.000         
0.000         
0.000         
0.000         
0.000         
0.000         
0.000         
0.000         
0.000         
0.000         
0.000         
0.000         
0.000         
0.000         
0.000         
0.000         
0.000         
0.000         
0.000         
0.000         
0.000         
0.000         
0.000         
0.000         
0.000         
0.000         
0.000         
0.000         
0.000         
0.000         
0.000         
0.000         
0.000         
0.000         
0.000         
0.000         
0.000         
0.000         
0.000         
0.000         
0.000         
0.000         
0.000         
0.000         
0.000         
0.000         
0.000         
0.000         
0.000         
0.000         
0.000         
0.000         
0.000         
0.000         
0.000         
0.000         
0.000         
0.000         
0.000         
0.000         
0.000         
0.000         
0.000         
0.000         
0.000         
0.000         
0.000         
0.000         
0.000         
0.000         
0.000         
0.000         
0.000         
0.000         
0.000         
0.000         
0.000         
0.000         
0.000         
0.000         
0.000         
0.000         
0.000         
0.000         
0.000         
0.000         
0.000         
0.000         
0.000         
0.000         
0.000         
0.000         
0.000         
0.000         
0.000         
0.000         
0.000         
0.000         
0.000         
0.000         
0.000         
0.000         
0.000         
0.000         
0.000         
0.000         
0.000         
0.000         
0.000         
0.000         
0.000         
0.000         
0.000         
0.000         
0.000         
0.000         
0.000         
0.000         
0.000         
0.000         
0.000         
0.000         
0.000         
0.000         
0.000         
0.000         
0.000         
0.000         
0.000         
0.000         
0.000         
0.000         
0.000         
0.000         
0.000         
0.000         
0.000         
0.000         
0.000         
0.000         
0.000         
0.000         
0.000         
0.000         
0.000         
0.000         
0.000         
0.000         
0.000         
0.000         
0.000         
0.000         
0.000         
0.000         
0.000         
0.000         
0.000         
0.000         
0.000         
0.000         
0.000         
0.000         
0.000         
0.000         
0.000         
0.000         
0.000         
0.000         
0.000         
0.000         
0.000         
0.000         
0.000         
0.000         
0.000         
0.000         
0.000         
0.000         
0.000         
0.000         
0.000         
0.000         
0.000         
0.000         
0.000         
0.000         
0.000         
0.000         
0.000         
0.000         
0.000         
0.000         
0.000         
0.000         
0.000         
0.000         
0.000         
0.000         
0.000         
0.000         
0.000         
0.000         
0.000         
0.000         
0.000         
0.000         
0.000         
0.000         
0.000         
0.000         
0.000         
0.000         
0.000         
0.000         
0.000         
0.000         
0.000         
0.000         
0.000         
0.000         
0.000         
0.000         
0.000         
0.000         
0.000         
0.000         
0.000         
0.000         
0.000         
0.000         
0.000         
0.000         
0.000         
0.000         
0.000         
0.000         
0.000         
0.000         
0.000         
0.000         
0.000         
0.000         
0.000         
0.000         
0.000         
0.000         
0.000         
0.000         
0.000         
0.000         
0.000         
0.000         
0.000         
0.000         
0.000         
0.000         
0.000         
0.000         
0.000         
0.000         
0.000         
0.000         
0.000         
0.000         
0.000         
0.000         
0.000         
0.000         
0.000         
0.000         
0.000         
0.000         
0.000         
0.000         
0.000         
0.000         
0.000         
0.000         
0.000         
0.000         
0.000         
0.000         
0.000         
0.000         
0.000         
0.000         
0.000         
0.000         
0.000         
0.000         
0.000         
0.000         
0.000         
0.000         
0.000         
0.000         
0.000         
0.000         
0.000         
0.000         
0.000         
0.000         
0.000         
0.000         
0.000         
0.000         
0.000         
0.000         
0.000         
0.000         
0.000         
0.000         
0.000         
0.000         
0.000         
0.000         
0.000         
0.000         
0.000         
0.000         
0.000         
0.000         
0.000         
0.000         
0.000         
0.000         
0.000         
0.000         
0.000         
0.000         
0.000         
0.000         
0.000         
0.000         
0.000         
0.000         
0.000         
0.000         
0.000         
0.000         
0.000         
0.000         
0.000         
0.000         
0.000         
0.000         
0.000         
0.000         
0.000         
0.000         
0.000         
0.000         
0.000         
0.000         
0.000         
0.000         
0.000         
0.000         
0.000         
0.000         
0.000         
0.000         
0.000         
0.000         
0.000         
0.000         
0.000         
0.000         
0.000         
0.000         
0.000         
0.000         
0.000         
0.000         
0.000         
0.000         
0.000         
0.000         
0.000         
0.000         
0.000         
0.000         
0.000         
0.000         
0.000         
0.000         
0.000         
0.000         
0.000         
0.000         
0.000         
0.000         
0.000         
0.000         
0.000         
0.000         
0.000         
0.000         
0.000         
0.000         
0.000         
0.000         
0.000         
0.000         
0.000         
0.000         
0.000         
0.000         
0.000         
0.000         
0.000         
0.000         
0.000         
0.000         
0.000         
0.000         
0.000         
0.000         
0.000         
0.000         
0.000         
0.000         
0.000         
0.000         
0.000         
0.000         
0.000         
0.000         
0.000         
0.000         
0.000         
0.000         
0.000         
0.000         
0.000         
0.000         
0.000         
0.000         
0.000         
0.000         
0.000         
0.000         
0.000         
0.000         
0.000         
0.000         
0.000         
0.000         
0.000         
0.000         
0.000         
0.000         
0.000         
0.000         
0.000         
0.000         
0.000         
0.000         
0.000         
0.000         
0.000         
0.000         
0.000         
0.000         
0.000         
0.000         
0.000         
0.000         
0.000         
0.000         
0.000         
0.000         
0.000         
0.000         
0.000         
0.000         
0.000         
0.000         
0.000         
0.000         
0.000         
0.000         
0.000         
0.000         
0.000         
0.000         
0.000         
0.000         
0.000         
0.000         
0.000         
0.000         
0.000         
0.000         
0.000         
0.000         
0.000         
0.000         
0.000         
0.000         
0.000         
0.000         
0.000         
0.000         
0.000         
0.000         
0.000         
0.000         
0.000         
0.000         
0.000         
0.000         
0.000         
0.000         
0.000         
0.000         
0.000         
0.000         
0.000         
0.000         
0.000         
0.000         
0.000         
0.000         
0.000         
0.000         
0.000         
0.000         
0.000         
0.000         
0.000         
0.000         
0.000         
0.000         
0.000         
0.000         
0.000         
0.000         
0.000         
0.000         
0.000         
0.000         
0.000         
0.000         
0.000         
0.000         
0.000         
0.000         
0.000         
0.000         
0.000         
0.000         
0.000         
0.000         
0.000         
0.000         
0.000         
0.000         
0.000         
0.000         
0.000         
0.000         
0.000         
0.000         
0.000         
0.000         
0.000         
0.000         
0.000         
0.000         
0.000         
0.000         
0.000         
0.000         
0.000         
0.000         
0.000         
0.000         
0.000         
0.000         
0.000         
0.000         
0.000         
0.000         
0.000         
0.000         
0.000         
0.000         
0.000         
0.000         
0.000         
0.000         
0.000         
0.000         
0.000         
0.000         
0.000         
0.000         
0.000         
0.000         
0.000         
0.000         
0.000         
0.000         
0.000         
0.000         
0.000         
0.000         
0.000         
0.000         
0.000         
0.000         
0.000         
0.000         
0.000         
0.000         
0.000         
0.000         
0.000         
0.000         
0.000         
0.000         
0.000         
0.000         
0.000         
0.000         
0.000         
0.000         
0.000         
0.000         
0.000         
0.000         
0.000         
0.000         
0.000         
0.000         
0.000         
0.000         
0.000         
0.000         
0.000         
0.000         
0.000         
0.000         
0.000         
0.000         
0.000         
0.000         
0.000         
0.000         
0.000         
0.000         
0.000         
0.000         
0.000         
0.000         
0.000         
0.000         
0.000         
0.000         
0.000         
0.000         
0.000         
0.000         
0.000         
0.000         
0.000         
0.000         
0.000         
0.000         
0.000         
0.000         
0.000         
0.000         
0.000         
0.000         
0.000         
0.000         
0.000         
0.000         
0.000         
0.000         
0.000         
0.000         
0.000         
0.000         
0.000         
0.000         
0.000         
0.000         
0.000         
0.000         
0.000         
0.000         
0.000         
0.000         
0.000         
0.000         
0.000         
0.000         
0.000         
0.000         
0.000         
0.000         
0.000         
0.000         
0.000         
0.000         
0.000         
0.000         
0.000         
0.000         
0.000         
0.000         
0.000         
0.000         
0.000         
0.000         
0.000         
0.000         
0.000         
0.000         
0.000         
0.000         
0.000         
0.000         
0.000         
0.000         
0.000         
0.000         
0.000         
0.000         
0.000         
0.000         
0.000         
0.000         
0.000         
0.000         
0.000         
0.000         
0.000         
0.000         
0.000         
0.000         
0.000         
0.000         
0.000         
0.000         
0.000         
0.000         
0.000         
0.000         
0.000         
0.000         
0.000         
0.000         
0.000         
0.000         
0.000         
0.000         
0.000         
0.000         
0.000         
0.000         
0.000         
0.000         
0.000         
0.000         
0.000         
0.000         
0.000         
0.000         
0.000         
0.000         
0.000         
0.000         
0.000         
0.000         
0.000         
0.000         
0.000         
0.000         
0.000         
0.000         
0.000         
0.000         
0.000         
0.000         
0.000         
0.000         
0.000         
0.000         
0.000         
0.000         
0.000         
0.000         
0.000         
0.000         
0.000         
0.000         
0.000         
0.000         
0.000         
0.000         
0.000         
0.000         
0.000         
0.000         
0.000         
0.000         
0.000         
0.000         
0.000         
0.000         
0.000         
0.000         
0.000         
0.000         
0.000         
0.000         
0.000         
0.000         
0.000         
0.000         
0.000         
0.000         
0.000         
0.000         
0.000         
0.000         
0.000         
0.000         
0.000         
0.000         
0.000         
0.000         
0.000         
0.000         
0.000         
0.000         
0.000         
0.000         
0.000         
0.000         
0.000         
0.000         
0.000         
0.000         
0.000         
0.000         
0.000         
0.000         
0.000         
0.000         
0.000         
0.000         
0.000         
0.000         
0.000         
0.000         
0.000         
0.000         
0.000         
0.000         
0.000         
0.000         
0.000         
0.000         
0.000         
0.000         
0.000         
0.000         
0.000         
0.000         
0.000         
0.000         
0.000         
0.000         
0.000         
0.000         
0.000         
0.000         
0.000         
0.000         
0.000         
0.000         
0.000         
0.000         
0.000         
0.000         
0.000         
0.000         
0.000         
0.000         
0.000         
0.000         
0.000         
0.000         
0.000         
0.000         
0.000         
0.000         
0.000         
0.000         
0.000         
0.000         
0.000         
0.000         
0.000         
0.000         
0.000         
0.000         
0.000         
0.000         
0.000         
0.000         
0.000         
0.000         
0.000         
0.000         
0.000         
0.000         
0.000         
0.000         
0.000         
0.000         
0.000         
0.000         
0.000         
0.000         
0.018         
20.628        
4.540         
3.579         
18.885        
0.527         
0.162         
0.219         
30.350        
3.725         
0.190         
16.090        
28.313        
0.635         
0.084         
0.488         
0.718         
0.000         
8.970         
4.273         
0.086         
32.182        
15.509        
1.738         
27.695        
78.985        
163.838       
40.743        
13.750        
0.188         
54.548        
25.882        
59.017        
19.324        
80.017        
51.518        
140.790       
40.165        
98.856        
0.559         
44.534        
0.456         
0.043         
2.307         
39.116        
16.866        
105.614       
14.764        
0.401         
5.185         
95.557        
28.894        
91.266        
69.372        
21.219        
26.768        
0.119         
0.028         
1.241         
2.778         
41.321        
0.001         
13.241        
7.961         
2.414         
1.658         
13.392        
2.247         
0.023         
55.653        
8.197         
0.689         
0.282         
7.981         
5.819         
21.003        
3.885         
5.750         
5.221         
1.307         
25.420        
5.131         
1.740         
7.697         
3.553         
5.753         
44.796        
8.047         
9.293         
7.071         
2.914         
1.135         
0.204         
2.390         
49.986        
24.064        
4.360         
1.420         
1.549         
40.313        
15.282        
7.901         
7.324         
22.512        
0.000         
0.000         
0.000         
0.000         
0.000         
0.000         
0.000         
0.000         
0.000         
0.000         
0.000         
0.000         
0.000         
0.000         
0.000         
0.000         
0.000         
0.000         
0.000         
0.000         
0.000         
0.000         
0.000         
0.000         
0.000         
0.000         
0.000         
0.000         
0.000         
0.000         
0.000         
0.000         
0.000         
0.000         
0.000         
0.000         
0.000         
0.000         
0.000         
0.000         
0.000         
0.000         
0.000         
0.000         
0.000         
0.000         
0.000         
0.000         
0.000         
0.000         
0.000         
0.000         
0.000         
0.000         
0.000         
0.000         
0.000         
0.000         
0.000         
0.000         
0.000         
0.000         
0.000         
0.000         
0.000         
0.000         
0.000         
0.000         
0.000         
0.000         
0.000         
0.000         
0.000         
0.000         
0.000         
0.000         
0.000         
0.000         
0.000         
0.000         
0.000         
0.000         
0.000         
0.000         
0.000         
0.000         
0.000         
0.000         
0.000         
0.000         
0.000         
0.000         
0.000         
0.000         
0.000         
0.000         
0.000         
0.000         
0.000         
0.000         
0.000         
0.000         
0.000         
0.000         
0.000         
0.000         
0.000         
0.000         
0.000         
0.000         
0.000         
0.000         
0.000         
0.000         
0.000         
0.000         
0.000         
0.000         
0.000         
0.000         
0.000         
0.000         
0.000         
0.000         
0.000         
0.000         
0.000         
0.000         
0.000         
0.000         
0.000         
0.000         
0.000         
0.000         
0.000         
0.000         
0.000         
0.000         
0.000         
0.000         
0.000         
0.000         
0.000         
0.000         
0.000         
0.000         
0.000         
0.000         
0.000         
0.000         
0.000         
0.000         
0.000         
0.000         
0.000         
0.000         
0.000         
0.000         
0.000         
0.000         
0.000         
0.000         
0.000         
0.000         
0.000         
0.000         
0.000         
0.000         
0.000         
0.000         
0.000         
0.000         
0.000         
0.000         
0.000         
0.000         
0.000         
0.000         
0.000         
0.000         
0.000         
0.000         
0.000         
0.000         
0.000         
0.000         
0.000         
0.000         
0.000         
0.000         
0.000         
0.000         
0.000         
0.000         
0.000         
0.000         
0.000         
0.000         
0.000         
0.000         
0.000         
0.000         
0.000         
0.000         
0.000         
0.000         
0.000         
0.000         
0.000         
0.000         
0.000         
0.000         
0.000         
0.000         
0.000         
0.000         
0.000         
0.000         
0.000         
0.000         
0.000         
0.000         
0.000         
0.000         
0.000         
0.000         
0.000         
0.000         
0.000         
0.000         
0.000         
0.000         
0.000         
0.000         
0.000         
0.000         
0.000         
0.000         
0.000         
0.000         
0.000         
0.000         
0.000         
0.000         
0.000         
0.000         
0.000         
0.000         
0.000         
0.000         
0.000         
0.000         
0.000         
0.000         
0.000         
0.000         
0.000         
0.000         
0.000         
0.000         
0.000         
0.000         
0.000         
0.000         
0.000         
0.000         
0.000         
0.000         
0.000         
0.000         
0.000         
0.000         
0.000         
0.000         
0.000         
0.000         
0.000         
0.000         
0.000         
0.000         
0.000         
0.000         
0.000         
0.000         
0.000         
0.000         
0.000         
0.000         
0.000         
0.000         
0.000         
0.000         
0.000         
0.000         
0.000         
0.000         
0.000         
0.000         
0.000         
0.000         
0.000         
0.000         
0.000         
0.000         
0.000         
0.000         
0.000         
0.000         
0.000         
0.000         
0.000         
0.000         
0.000         
0.000         
0.000         
0.000         
0.000         
0.000         
0.000         
0.000         
0.000         
0.000         
0.000         
0.000         
0.000         
0.000         
0.000         
0.000         
0.000         
0.000         
0.000         
0.000         
0.000         
0.000         
0.000         
0.000         
0.000         
0.000         
0.000         
0.000         
0.000         
0.000         
0.000         
0.000         
0.000         
0.000         
0.000         
0.000         
0.000         
0.000         
0.000         
0.000         
0.000         
0.000         
0.000         
0.000         
0.000         
0.000         
0.000         
0.000         
0.000         
0.000         
0.000         
0.000         
0.000         
0.000         
0.000         
0.000         
0.000         
0.000         
0.000         
0.000         
0.000         
0.000         
0.000         
0.000         
0.000         
0.000         
0.000         
0.000         
0.000         
0.000         
0.000         
0.000         
0.000         
0.000         
0.000         
0.000         
0.000         
0.000         
0.000         
0.000         
0.000         
0.000         
0.000         
0.000         
0.000         
0.000         
0.000         
0.000         
0.000         
0.000         
0.000         
0.000         
0.000         
0.000         
0.000         
0.000         
0.000         
0.000         
0.000         
0.000         
0.000         
0.000         
0.000         
0.000         
0.000         
0.000         
0.000         
0.000         
0.000         
0.000         
0.000         
0.000         
0.000         
0.000         
0.000         
0.000         
0.000         
0.000         
0.000         
0.000         
0.000         
0.000         
0.000         
0.000         
0.000         
