0.000         
0.000         
0.000         
0.000         
0.000         
0.000         
0.000         
0.000         
0.000         
0.000         
0.000         
0.000         
0.000         
0.000         
0.000         
0.000         
0.000         
0.000         
0.000         
0.000         
0.000         
0.000         
0.000         
0.000         
0.000         
0.000         
0.000         
0.000         
0.000         
0.000         
0.000         
0.000         
0.000         
0.000         
0.000         
0.000         
0.000         
0.000         
0.000         
0.000         
0.000         
0.000         
0.000         
0.000         
0.000         
0.000         
0.000         
0.000         
0.000         
0.000         
0.000         
0.000         
0.000         
0.000         
0.000         
0.000         
0.000         
0.000         
0.000         
0.000         
0.000         
0.000         
0.000         
0.000         
0.000         
0.000         
0.000         
0.000         
0.000         
0.000         
0.000         
0.000         
0.000         
0.000         
0.000         
0.000         
0.000         
0.000         
0.000         
0.000         
0.000         
0.000         
0.000         
0.000         
0.000         
0.000         
0.000         
0.000         
0.000         
0.000         
0.000         
0.000         
0.000         
0.000         
0.000         
0.000         
0.000         
0.000         
0.000         
0.000         
0.000         
0.000         
0.000         
0.000         
0.000         
0.000         
0.000         
0.000         
0.000         
0.000         
0.000         
0.000         
0.000         
0.000         
0.000         
0.000         
0.000         
0.000         
0.000         
0.000         
0.000         
0.000         
0.000         
0.000         
0.000         
0.000         
0.000         
0.000         
0.000         
0.000         
0.000         
0.000         
0.000         
0.000         
0.000         
0.000         
0.000         
0.000         
0.000         
0.000         
0.000         
0.000         
0.000         
0.000         
0.000         
0.000         
0.000         
0.000         
0.000         
0.000         
0.000         
0.000         
0.000         
0.000         
0.000         
0.000         
0.000         
0.000         
0.000         
0.000         
0.000         
0.000         
0.000         
0.000         
0.000         
0.000         
0.000         
0.000         
0.000         
0.000         
0.000         
0.000         
0.000         
0.000         
0.000         
0.000         
0.000         
0.000         
0.000         
0.000         
0.000         
0.000         
0.000         
0.000         
0.000         
0.000         
0.000         
0.000         
0.000         
0.000         
0.000         
0.000         
0.000         
0.000         
0.000         
0.000         
0.000         
0.000         
0.000         
0.000         
0.000         
0.000         
0.000         
0.000         
0.000         
0.000         
0.000         
0.000         
0.000         
0.000         
0.000         
0.000         
0.000         
0.000         
0.000         
0.000         
0.000         
0.000         
0.000         
0.000         
0.000         
0.000         
0.000         
0.000         
0.000         
0.000         
0.000         
0.000         
0.000         
0.000         
0.000         
0.000         
0.000         
0.000         
0.000         
0.000         
0.000         
0.000         
0.000         
0.000         
0.000         
0.000         
0.000         
0.000         
0.000         
0.000         
0.000         
0.000         
0.000         
0.000         
0.000         
0.000         
0.000         
0.000         
0.000         
0.000         
0.000         
0.000         
0.000         
0.000         
0.000         
0.000         
0.000         
0.000         
0.000         
0.000         
0.000         
0.000         
0.000         
0.000         
0.000         
0.000         
0.000         
0.000         
0.000         
0.000         
0.000         
0.000         
0.000         
0.000         
0.000         
0.000         
0.000         
0.000         
0.000         
0.000         
0.000         
0.000         
0.000         
0.000         
0.000         
0.000         
0.000         
0.000         
0.000         
0.000         
0.000         
0.000         
0.000         
0.000         
0.000         
0.000         
0.000         
0.000         
0.000         
0.000         
0.000         
0.000         
0.000         
0.000         
0.000         
0.000         
0.000         
0.000         
0.000         
0.000         
0.000         
0.000         
0.000         
0.000         
0.000         
0.000         
0.000         
0.000         
0.000         
0.000         
0.000         
0.000         
0.000         
0.000         
0.000         
0.000         
0.000         
0.000         
0.000         
0.000         
0.000         
0.000         
0.000         
0.000         
0.000         
0.000         
0.000         
0.000         
0.000         
0.000         
0.000         
0.000         
0.000         
0.000         
0.000         
0.000         
0.000         
0.000         
0.000         
0.000         
0.000         
0.000         
0.000         
0.000         
0.000         
0.000         
0.000         
0.000         
0.000         
0.000         
0.000         
0.000         
0.000         
0.000         
0.000         
0.000         
0.000         
0.000         
0.000         
0.000         
0.000         
0.000         
0.000         
0.000         
0.000         
0.000         
0.000         
0.000         
0.000         
0.000         
0.000         
0.000         
0.000         
0.000         
0.000         
0.000         
0.000         
0.000         
0.000         
0.000         
0.000         
0.000         
0.000         
0.000         
0.000         
0.000         
0.000         
0.000         
0.000         
0.000         
0.000         
0.000         
0.000         
0.000         
0.000         
0.000         
0.000         
0.000         
0.000         
0.000         
0.000         
0.000         
0.000         
0.000         
0.000         
0.000         
0.000         
0.000         
0.000         
0.000         
0.000         
0.000         
0.000         
0.000         
0.000         
0.000         
0.000         
0.000         
0.000         
0.000         
0.000         
0.000         
0.000         
0.000         
0.000         
0.000         
0.000         
0.000         
0.000         
0.000         
0.000         
0.000         
0.000         
0.000         
0.000         
0.000         
0.000         
0.000         
0.000         
0.000         
0.000         
0.000         
0.000         
0.000         
0.000         
0.000         
0.000         
0.000         
0.000         
0.000         
0.000         
0.000         
0.000         
0.000         
0.000         
0.000         
0.000         
0.000         
0.000         
0.000         
0.000         
0.000         
0.000         
0.000         
0.000         
0.000         
0.000         
0.000         
0.000         
0.000         
0.000         
0.000         
0.000         
0.000         
0.000         
0.000         
0.000         
0.000         
0.000         
0.000         
0.000         
0.000         
0.000         
0.000         
0.000         
0.000         
0.000         
0.000         
0.000         
0.000         
0.000         
0.000         
0.000         
0.000         
0.000         
0.000         
0.000         
0.000         
0.000         
0.000         
0.000         
0.000         
0.000         
0.000         
0.000         
0.000         
0.000         
0.000         
0.000         
0.000         
0.000         
0.000         
0.000         
0.000         
0.000         
0.000         
0.000         
0.000         
0.000         
0.000         
0.000         
0.000         
0.000         
0.000         
0.000         
0.000         
0.000         
0.000         
0.000         
0.000         
0.000         
0.000         
0.000         
0.000         
0.000         
0.000         
0.000         
0.000         
0.000         
0.000         
0.000         
0.000         
0.000         
0.000         
0.000         
0.000         
0.000         
0.000         
0.000         
0.000         
0.000         
0.000         
0.000         
0.000         
0.000         
0.000         
0.000         
0.000         
0.000         
0.000         
0.000         
0.000         
0.000         
0.000         
0.000         
0.000         
0.000         
0.000         
0.000         
0.000         
0.000         
0.000         
0.000         
0.000         
0.000         
0.000         
0.000         
0.000         
0.000         
0.000         
0.000         
0.000         
0.000         
0.000         
0.000         
0.000         
0.000         
0.000         
0.000         
0.000         
0.000         
0.000         
0.000         
0.000         
0.000         
0.000         
0.000         
0.000         
0.000         
0.000         
0.000         
0.000         
0.000         
0.000         
0.000         
0.000         
0.000         
0.000         
0.000         
0.000         
0.000         
0.000         
0.000         
0.000         
0.000         
0.000         
0.000         
0.000         
0.000         
0.000         
0.000         
0.000         
0.000         
0.000         
0.000         
0.000         
0.000         
0.000         
0.000         
0.000         
0.000         
0.000         
0.000         
0.000         
0.000         
0.000         
0.000         
0.000         
0.000         
0.000         
0.000         
0.000         
0.000         
0.000         
0.000         
0.000         
0.000         
0.000         
0.000         
0.000         
0.000         
0.000         
0.000         
0.000         
0.000         
0.000         
0.000         
0.000         
0.000         
0.000         
0.000         
0.000         
0.000         
0.000         
0.000         
0.000         
0.000         
0.000         
0.000         
0.000         
0.000         
0.000         
0.000         
0.000         
0.000         
0.000         
0.000         
0.000         
0.000         
0.000         
0.000         
0.000         
0.000         
0.000         
0.000         
0.000         
0.000         
0.000         
0.000         
0.000         
0.000         
0.000         
0.000         
0.000         
0.000         
0.000         
0.000         
0.000         
0.000         
0.000         
0.000         
0.000         
0.000         
0.000         
0.000         
0.000         
0.000         
0.000         
0.000         
0.000         
0.000         
0.000         
0.000         
0.000         
0.000         
0.000         
0.000         
0.000         
0.000         
0.000         
0.000         
0.000         
0.000         
0.000         
0.000         
0.000         
0.000         
0.000         
0.000         
0.000         
0.000         
0.000         
0.000         
0.000         
0.000         
0.000         
0.000         
0.000         
0.000         
0.000         
0.000         
0.000         
0.000         
0.000         
0.000         
0.000         
0.000         
0.000         
0.000         
0.000         
0.000         
0.000         
0.000         
0.000         
0.000         
0.000         
0.000         
0.000         
0.000         
0.000         
0.000         
0.000         
0.000         
0.000         
0.000         
0.000         
0.000         
0.000         
0.000         
0.000         
0.000         
0.000         
0.000         
0.000         
0.000         
0.000         
0.000         
0.000         
0.000         
0.000         
0.000         
0.000         
0.000         
0.000         
0.000         
0.000         
0.000         
0.000         
0.000         
0.000         
0.000         
0.000         
0.000         
0.000         
0.000         
0.000         
0.000         
0.000         
0.000         
0.000         
0.000         
0.000         
0.000         
0.000         
0.000         
0.000         
0.000         
0.000         
0.000         
0.000         
0.000         
0.000         
0.000         
0.000         
0.000         
0.000         
0.000         
0.000         
0.000         
0.000         
0.000         
0.000         
0.000         
0.000         
0.000         
0.000         
0.000         
0.000         
0.000         
0.000         
0.000         
0.000         
0.000         
0.000         
0.000         
0.000         
0.000         
0.000         
0.000         
0.000         
0.000         
0.000         
0.000         
0.000         
0.000         
0.000         
0.000         
0.000         
0.000         
0.000         
0.000         
0.000         
0.000         
0.000         
0.000         
0.000         
0.000         
0.000         
0.000         
0.000         
0.000         
0.000         
0.000         
0.000         
0.000         
0.000         
9.878         
1.232         
0.196         
1.740         
0.198         
6.062         
0.900         
2.494         
2.248         
0.112         
10.877        
11.379        
0.025         
6.422         
0.340         
9.079         
0.327         
2.631         
2.417         
0.087         
0.123         
0.002         
5.657         
0.004         
3.429         
10.866        
7.140         
26.728        
3.187         
0.213         
2.188         
1.597         
2.609         
14.486        
0.391         
23.833        
0.070         
0.823         
1.968         
0.012         
12.015        
0.704         
48.244        
2.373         
1.021         
28.770        
0.575         
3.881         
1.779         
0.714         
0.120         
0.771         
1.301         
0.487         
0.190         
1.826         
5.099         
0.375         
0.272         
6.698         
7.890         
0.000         
0.000         
0.000         
0.000         
0.000         
0.000         
0.000         
0.000         
0.000         
0.000         
0.000         
0.000         
0.000         
0.000         
0.000         
0.000         
0.000         
0.000         
0.000         
0.000         
0.000         
0.000         
0.000         
0.000         
0.000         
0.000         
0.000         
0.000         
0.000         
0.000         
0.000         
0.000         
0.000         
0.000         
0.000         
0.000         
0.000         
0.000         
0.000         
0.000         
0.000         
0.000         
0.000         
0.000         
0.000         
0.000         
0.000         
0.000         
0.000         
0.000         
0.000         
0.000         
0.000         
0.000         
0.000         
0.000         
0.000         
0.000         
0.000         
0.000         
0.000         
0.000         
0.000         
0.000         
0.000         
0.000         
0.000         
0.000         
0.000         
0.000         
0.000         
0.000         
0.000         
0.000         
0.000         
0.000         
0.000         
0.000         
0.000         
0.000         
0.000         
0.000         
0.000         
0.000         
0.000         
0.000         
0.000         
0.000         
0.000         
0.000         
0.000         
0.000         
0.000         
0.000         
0.000         
0.000         
0.000         
0.000         
0.000         
0.000         
0.000         
0.000         
1.831         
0.638         
2.194         
5.063         
9.111         
0.054         
0.001         
0.004         
0.026         
0.465         
1.254         
3.461         
0.000         
2.613         
10.798        
0.006         
2.894         
13.674        
0.224         
0.434         
2.081         
26.028        
0.057         
0.001         
0.905         
0.116         
0.017         
2.633         
0.103         
0.000         
0.089         
3.913         
0.416         
0.003         
0.336         
0.050         
0.168         
0.787         
1.212         
0.125         
0.164         
1.334         
1.126         
0.541         
0.008         
0.764         
0.001         
8.224         
0.001         
0.072         
0.000         
23.903        
17.555        
28.741        
8.860         
2.562         
27.140        
60.223        
5.644         
5.853         
22.101        
5.801         
6.992         
19.565        
2.272         
4.858         
4.249         
18.271        
36.099        
78.633        
8.851         
0.872         
1.398         
2.056         
62.447        
14.211        
0.045         
0.643         
17.547        
8.416         
0.944         
0.002         
0.035         
17.994        
8.134         
10.632        
0.584         
0.308         
0.118         
0.023         
1.456         
0.001         
0.007         
0.000         
0.831         
0.001         
0.085         
0.583         
0.030         
3.869         
0.000         
0.631         
4.308         
0.054         
0.133         
4.770         
0.025         
14.655        
0.000         
0.351         
0.158         
2.925         
0.016         
0.098         
0.002         
8.840         
4.546         
1.324         
0.000         
0.680         
0.000         
25.242        
0.174         
2.240         
0.445         
0.007         
1.863         
2.703         
0.034         
4.571         
0.208         
0.033         
0.000         
0.598         
1.217         
0.101         
5.025         
0.003         
0.000         
0.161         
12.646        
19.611        
1.275         
0.502         
14.764        
9.617         
1.399         
0.025         
0.519         
2.311         
1.830         
1.801         
11.604        
15.210        
13.467        
1.676         
8.949         
0.017         
0.022         
5.406         
0.323         
0.007         
0.000         
1.736         
2.864         
19.363        
0.124         
12.219        
1.233         
7.447         
1.057         
0.537         
0.304         
0.086         
9.576         
0.101         
2.984         
3.560         
0.526         
1.374         
6.312         
1.757         
0.452         
14.132        
3.142         
0.176         
4.264         
0.221         
3.879         
0.469         
2.776         
0.049         
0.480         
1.899         
0.096         
0.050         
0.058         
0.144         
1.267         
16.356        
3.341         
64.589        
100.514       
32.348        
23.780        
29.991        
5.782         
25.078        
26.164        
1.679         
12.809        
0.517         
3.014         
0.424         
9.294         
17.375        
0.218         
28.050        
28.531        
5.260         
3.478         
0.491         
17.274        
2.689         
0.589         
10.760        
0.183         
0.000         
0.017         
18.565        
2.527         
0.046         
0.009         
0.961         
0.261         
0.256         
0.228         
0.000         
13.049        
30.170        
56.173        
75.579        
16.109        
0.000         
0.000         
1.822         
5.529         
0.114         
2.232         
0.003         
11.058        
2.894         
45.431        
0.417         
0.503         
0.092         
1.430         
5.624         
1.063         
1.354         
49.999        
0.120         
55.112        
17.720        
2.799         
8.812         
0.310         
0.010         
5.962         
5.891         
9.197         
49.124        
15.319        
1.955         
3.357         
1.742         
19.453        
28.750        
0.055         
2.153         
0.067         
9.490         
15.153        
56.842        
0.281         
19.151        
6.035         
10.151        
23.350        
0.137         
3.880         
24.849        
65.036        
0.234         
7.088         
2.594         
0.355         
0.000         
0.000         
0.000         
0.000         
0.000         
0.000         
0.000         
0.000         
0.000         
0.000         
0.000         
0.000         
0.000         
0.000         
0.000         
0.000         
0.000         
0.000         
0.000         
0.000         
0.000         
0.000         
0.000         
0.000         
0.000         
0.000         
0.000         
0.000         
0.000         
0.000         
0.000         
0.000         
0.000         
0.000         
0.000         
0.000         
0.000         
0.000         
0.000         
0.000         
0.000         
0.000         
0.000         
0.000         
0.000         
0.000         
0.000         
0.000         
0.000         
0.000         
0.000         
0.000         
0.000         
0.000         
0.000         
0.000         
0.000         
0.000         
0.000         
0.000         
0.000         
0.000         
0.000         
0.000         
0.000         
0.000         
0.000         
0.000         
0.000         
0.000         
0.000         
0.000         
0.000         
0.000         
0.000         
0.000         
0.000         
0.000         
0.000         
0.000         
0.000         
0.000         
0.000         
0.000         
0.000         
0.000         
0.000         
0.000         
0.000         
0.000         
0.000         
0.000         
0.000         
0.000         
0.000         
0.000         
0.000         
0.000         
0.000         
0.000         
0.000         
0.000         
0.000         
0.000         
0.000         
0.000         
0.000         
0.000         
0.000         
0.000         
0.000         
0.000         
0.000         
0.000         
0.000         
0.000         
0.000         
0.000         
0.000         
0.000         
0.000         
0.000         
0.000         
0.000         
0.000         
0.000         
0.000         
0.000         
0.000         
0.000         
0.000         
0.000         
0.000         
0.000         
0.000         
0.000         
0.000         
0.000         
0.000         
0.000         
0.000         
0.000         
0.000         
0.000         
0.000         
0.000         
0.000         
0.000         
0.000         
0.000         
0.000         
0.000         
0.000         
0.000         
0.000         
0.000         
0.000         
0.000         
0.000         
0.000         
0.000         
0.000         
0.000         
0.000         
0.000         
0.000         
0.000         
0.000         
0.000         
0.000         
0.000         
0.000         
0.000         
0.000         
0.000         
0.000         
0.000         
0.000         
0.000         
0.000         
0.000         
0.000         
0.000         
0.000         
0.000         
0.000         
0.000         
0.000         
0.000         
0.000         
0.000         
0.000         
0.000         
0.000         
0.000         
0.000         
0.000         
0.000         
0.000         
0.000         
0.000         
0.000         
0.000         
0.000         
0.000         
0.000         
0.000         
0.000         
0.000         
0.000         
0.000         
0.000         
0.000         
0.000         
0.000         
0.000         
0.000         
0.000         
0.000         
0.000         
0.000         
0.000         
0.000         
0.000         
0.000         
0.000         
0.000         
0.000         
0.000         
0.000         
0.000         
0.000         
0.000         
0.000         
0.000         
0.000         
0.000         
0.000         
0.000         
0.000         
0.000         
0.000         
0.000         
0.000         
0.000         
0.000         
0.000         
0.000         
0.000         
0.000         
0.000         
0.000         
0.000         
0.000         
0.000         
0.000         
0.000         
0.000         
0.000         
0.000         
0.000         
0.000         
0.000         
0.000         
0.000         
0.000         
0.000         
0.000         
0.000         
0.000         
0.000         
0.000         
0.000         
0.000         
0.000         
0.000         
0.000         
0.000         
0.000         
0.000         
0.000         
0.000         
0.000         
0.000         
0.000         
0.000         
0.000         
0.000         
0.000         
0.000         
0.000         
0.000         
0.000         
0.000         
0.000         
0.000         
0.000         
0.000         
0.000         
0.000         
0.000         
0.000         
0.000         
0.000         
0.000         
0.000         
0.000         
0.000         
0.000         
0.000         
0.000         
0.000         
0.000         
0.000         
0.000         
0.000         
0.000         
0.000         
0.000         
0.000         
0.000         
0.000         
0.000         
0.000         
0.000         
0.000         
0.000         
0.000         
0.000         
0.000         
0.000         
0.000         
0.000         
0.000         
0.000         
0.000         
0.000         
0.000         
0.000         
0.000         
0.000         
0.000         
0.000         
0.000         
0.000         
0.000         
0.000         
0.000         
0.000         
0.000         
0.000         
0.000         
0.000         
0.000         
0.000         
0.000         
0.000         
0.000         
0.000         
0.000         
0.000         
0.000         
0.000         
0.000         
0.000         
0.000         
0.000         
0.000         
0.000         
0.000         
0.000         
0.000         
0.000         
0.000         
0.000         
0.000         
0.000         
0.000         
0.000         
0.000         
0.000         
0.000         
0.000         
0.000         
0.000         
0.000         
0.000         
0.000         
0.000         
0.000         
0.000         
0.000         
0.000         
0.000         
0.000         
0.000         
0.000         
0.000         
0.000         
0.000         
0.000         
0.000         
0.000         
0.000         
0.000         
0.000         
0.000         
0.000         
0.000         
0.000         
0.000         
0.000         
0.000         
0.000         
0.000         
0.000         
0.000         
0.000         
0.000         
0.000         
0.000         
0.000         
0.000         
0.000         
0.000         
0.000         
0.000         
0.000         
0.000         
0.000         
0.000         
0.000         
0.000         
0.000         
0.000         
0.000         
0.000         
0.000         
0.000         
0.000         
0.000         
0.000         
0.000         
0.000         
0.000         
0.000         
0.000         
0.000         
0.000         
0.000         
0.000         
0.000         
0.000         
0.000         
0.000         
0.000         
0.000         
0.000         
0.000         
0.000         
0.000         
0.000         
0.000         
0.000         
0.000         
0.000         
0.000         
0.000         
0.000         
0.000         
0.000         
0.000         
0.000         
0.000         
0.000         
0.000         
0.000         
0.000         
0.000         
0.000         
0.000         
0.000         
0.000         
0.000         
0.000         
0.000         
0.000         
0.000         
0.000         
0.000         
0.000         
0.000         
0.000         
0.000         
0.000         
0.000         
0.000         
0.000         
0.000         
0.000         
0.000         
0.000         
0.000         
0.000         
0.000         
0.000         
0.000         
0.000         
0.000         
0.000         
0.000         
0.000         
0.000         
0.000         
0.000         
0.000         
0.000         
0.000         
0.000         
0.000         
0.000         
0.000         
0.000         
0.000         
0.000         
0.000         
0.000         
0.000         
0.000         
0.000         
0.000         
0.000         
0.000         
0.000         
0.000         
0.000         
0.000         
0.000         
0.000         
0.000         
0.000         
0.000         
0.000         
0.000         
0.000         
0.000         
0.000         
0.000         
0.000         
0.000         
0.000         
0.000         
0.000         
0.000         
0.000         
0.000         
0.000         
0.000         
0.000         
0.000         
0.000         
0.000         
0.000         
0.000         
0.000         
0.000         
0.000         
0.000         
0.000         
0.000         
0.000         
0.000         
0.000         
0.000         
0.000         
0.000         
0.000         
0.000         
0.000         
0.000         
0.000         
0.000         
0.000         
0.000         
0.000         
0.000         
0.000         
0.000         
0.000         
0.000         
0.000         
0.000         
0.000         
0.000         
0.000         
0.000         
0.000         
0.000         
0.000         
0.000         
0.000         
0.000         
0.000         
0.000         
0.000         
0.000         
0.000         
0.000         
0.000         
0.000         
0.000         
0.000         
0.000         
0.000         
0.000         
0.000         
0.000         
0.000         
0.000         
0.000         
0.000         
0.000         
0.000         
0.000         
0.000         
0.000         
0.000         
0.000         
0.000         
0.000         
0.000         
0.000         
0.000         
0.000         
0.000         
0.000         
0.000         
0.000         
0.000         
0.000         
0.000         
0.000         
0.000         
0.000         
0.000         
0.000         
0.000         
0.000         
0.000         
0.000         
0.000         
0.000         
0.000         
0.000         
0.000         
0.000         
0.000         
0.000         
0.000         
0.000         
0.000         
0.000         
0.000         
0.000         
0.000         
0.000         
0.000         
0.000         
0.000         
0.000         
0.000         
0.000         
0.000         
0.000         
0.000         
0.000         
0.000         
0.000         
0.000         
0.000         
0.000         
0.000         
0.000         
0.000         
0.000         
0.000         
0.000         
0.000         
0.000         
0.000         
0.000         
0.000         
0.000         
0.000         
0.000         
0.000         
0.000         
0.000         
0.000         
0.000         
0.000         
0.000         
0.000         
0.000         
0.000         
0.000         
0.000         
0.000         
0.000         
0.000         
0.000         
0.000         
0.000         
0.000         
0.000         
0.000         
0.000         
0.000         
0.000         
0.000         
0.000         
0.000         
0.000         
0.000         
0.000         
0.000         
0.000         
0.000         
0.000         
0.000         
0.000         
0.000         
0.000         
0.000         
0.000         
0.000         
0.000         
0.000         
0.000         
0.000         
0.000         
0.000         
0.000         
0.000         
0.000         
0.000         
0.000         
0.000         
0.000         
0.000         
0.000         
0.000         
0.000         
0.000         
0.000         
0.000         
0.000         
0.000         
0.000         
0.000         
0.000         
0.000         
0.000         
0.000         
0.000         
0.000         
0.000         
0.000         
0.000         
0.000         
0.000         
0.000         
0.000         
0.000         
0.000         
0.000         
0.000         
0.000         
0.000         
0.000         
0.000         
0.000         
0.000         
0.000         
0.000         
0.000         
0.000         
0.000         
0.000         
0.000         
0.000         
0.000         
0.000         
0.001         
1.807         
0.048         
0.256         
4.860         
14.987        
15.372        
4.626         
7.578         
1.484         
6.947         
3.385         
31.029        
0.001         
0.007         
0.000         
0.172         
3.654         
1.611         
0.490         
0.598         
6.737         
7.772         
0.587         
0.003         
0.167         
0.001         
0.337         
2.747         
0.078         
2.818         
0.003         
9.524         
7.614         
0.002         
1.160         
0.000         
0.172         
0.002         
0.000         
0.011         
7.889         
0.067         
0.057         
0.108         
0.928         
0.097         
0.002         
0.000         
0.009         
0.466         
1.624         
3.095         
0.616         
1.251         
0.001         
2.957         
17.134        
0.082         
0.570         
1.442         
1.006         
0.991         
2.654         
8.605         
3.057         
5.774         
8.576         
2.743         
0.443         
1.788         
1.053         
0.265         
0.230         
8.654         
1.185         
0.241         
3.260         
6.803         
0.441         
4.206         
6.391         
1.813         
0.607         
10.498        
27.909        
15.493        
0.929         
0.129         
5.035         
2.473         
3.610         
0.028         
1.010         
2.904         
0.051         
2.037         
0.029         
0.664         
0.000         
5.640         
0.001         
0.195         
10.802        
0.011         
1.881         
19.060        
1.683         
0.262         
0.033         
0.010         
5.733         
7.715         
0.543         
0.047         
3.803         
17.133        
12.576        
4.346         
0.000         
4.239         
11.971        
4.544         
39.258        
90.238        
0.000         
0.000         
0.000         
0.000         
0.000         
0.000         
0.000         
0.000         
0.000         
0.000         
0.000         
0.000         
0.000         
0.000         
0.000         
0.000         
0.000         
0.000         
0.000         
0.000         
0.000         
0.000         
0.000         
0.000         
0.000         
0.000         
0.000         
0.000         
0.000         
0.000         
0.000         
0.000         
0.000         
0.000         
0.000         
0.000         
0.000         
0.000         
0.000         
0.000         
0.000         
0.000         
0.000         
0.000         
0.000         
0.000         
0.000         
0.000         
0.000         
0.000         
0.000         
0.000         
0.000         
0.000         
0.000         
0.000         
0.000         
0.000         
0.000         
0.000         
0.000         
0.000         
0.000         
0.000         
0.000         
0.000         
0.000         
0.000         
0.000         
0.000         
0.000         
0.000         
0.000         
0.000         
0.000         
0.000         
0.000         
0.000         
0.000         
0.000         
0.000         
0.000         
0.000         
0.000         
0.000         
0.000         
0.000         
0.000         
0.000         
0.000         
0.000         
0.000         
0.000         
0.000         
0.000         
0.000         
0.000         
0.058         
0.404         
0.221         
23.991        
30.651        
0.264         
0.034         
0.001         
8.893         
6.955         
17.526        
0.000         
1.252         
0.134         
16.657        
7.061         
33.093        
9.071         
14.328        
0.004         
0.043         
0.008         
3.439         
0.740         
19.989        
0.189         
13.607        
0.609         
0.002         
3.877         
1.443         
10.281        
2.279         
0.211         
0.347         
0.214         
1.370         
6.545         
8.446         
29.479        
10.613        
5.319         
8.487         
5.521         
13.740        
1.509         
0.902         
58.061        
146.828       
9.891         
21.620        
0.617         
0.807         
40.607        
10.017        
130.863       
48.039        
15.689        
0.000         
0.000         
0.000         
0.000         
0.000         
0.000         
0.000         
0.000         
0.000         
0.000         
0.000         
0.000         
0.000         
0.000         
0.000         
0.000         
0.000         
0.000         
0.000         
0.000         
0.000         
0.000         
0.000         
0.000         
0.000         
0.000         
0.000         
0.000         
0.000         
0.000         
0.000         
0.000         
0.000         
0.000         
0.000         
0.000         
0.000         
0.000         
0.000         
0.000         
0.000         
0.000         
0.000         
0.000         
0.000         
0.000         
0.000         
0.000         
0.000         
0.000         
0.000         
0.000         
0.000         
0.000         
0.000         
0.000         
0.000         
0.000         
0.000         
0.000         
0.000         
0.000         
0.000         
0.000         
0.000         
0.000         
0.000         
0.000         
0.000         
0.000         
0.000         
0.000         
0.000         
0.000         
0.000         
0.000         
0.000         
0.000         
0.000         
0.000         
0.000         
0.000         
0.000         
0.000         
0.000         
0.000         
0.000         
0.000         
0.000         
0.000         
0.000         
0.000         
0.000         
0.000         
0.000         
0.000         
0.000         
0.000         
0.000         
0.000         
0.000         
0.000         
0.000         
0.000         
0.000         
0.000         
0.000         
0.000         
0.000         
0.000         
0.000         
0.000         
0.000         
0.000         
0.000         
0.000         
0.000         
0.000         
0.000         
0.000         
0.000         
0.000         
0.000         
0.000         
0.000         
0.000         
0.000         
0.000         
0.000         
0.000         
0.000         
0.000         
0.000         
0.000         
0.000         
0.000         
0.000         
0.000         
0.000         
0.000         
0.000         
0.000         
0.000         
0.000         
0.000         
0.000         
0.000         
0.000         
0.000         
0.000         
0.000         
0.000         
0.000         
0.000         
0.000         
0.000         
0.000         
0.000         
0.000         
0.000         
0.000         
0.000         
0.000         
0.000         
0.000         
0.000         
0.000         
0.000         
0.000         
0.000         
0.000         
0.000         
0.000         
0.000         
0.000         
0.000         
0.000         
0.000         
0.000         
0.000         
0.000         
0.000         
0.000         
0.000         
0.000         
0.000         
0.000         
0.000         
0.000         
0.000         
0.000         
0.000         
0.000         
0.000         
0.000         
0.000         
0.000         
0.000         
0.000         
0.000         
0.000         
0.000         
0.000         
0.000         
0.000         
0.000         
0.000         
0.000         
0.000         
0.000         
0.000         
0.000         
0.000         
0.000         
0.000         
0.000         
0.000         
0.000         
0.000         
0.000         
0.000         
0.000         
0.000         
0.000         
0.000         
0.000         
0.000         
0.000         
0.000         
0.000         
0.000         
0.000         
0.000         
0.000         
0.000         
0.000         
0.000         
0.000         
0.000         
0.000         
0.000         
0.000         
0.000         
0.000         
0.000         
0.000         
0.000         
0.000         
0.000         
0.000         
0.000         
0.000         
0.000         
0.000         
0.000         
0.000         
0.000         
0.000         
0.000         
0.000         
0.000         
0.000         
0.000         
0.000         
0.000         
0.000         
0.000         
0.000         
0.000         
0.000         
0.000         
0.000         
0.000         
0.000         
0.000         
0.000         
0.000         
0.000         
0.000         
0.000         
0.000         
0.000         
0.000         
0.000         
0.000         
0.000         
0.000         
0.000         
0.000         
0.000         
0.000         
0.000         
0.000         
0.000         
0.000         
0.000         
0.000         
0.000         
0.000         
0.000         
0.000         
0.000         
0.000         
0.000         
0.000         
0.000         
0.000         
0.000         
0.000         
0.000         
0.000         
0.000         
0.000         
0.000         
1.934         
10.093        
5.930         
3.284         
2.966         
0.350         
14.192        
32.549        
6.659         
24.409        
11.552        
0.036         
0.495         
0.008         
17.086        
26.343        
0.003         
25.759        
2.244         
0.092         
2.231         
2.741         
75.105        
14.403        
5.218         
10.534        
0.207         
0.000         
17.794        
55.959        
11.231        
4.028         
10.689        
4.908         
4.770         
1.227         
0.000         
0.209         
3.569         
0.342         
1.741         
10.105        
4.560         
12.210        
309.099       
89.878        
15.297        
3.747         
2.658         
13.797        
86.141        
32.594        
31.325        
15.586        
66.666        
9.664         
11.598        
145.403       
6.429         
68.105        
82.783        
9.696         
0.000         
0.000         
0.000         
0.000         
0.000         
0.000         
0.000         
0.000         
0.000         
0.000         
0.000         
0.000         
0.000         
0.000         
0.000         
0.000         
0.000         
0.000         
0.000         
0.000         
0.000         
0.000         
0.000         
0.000         
0.000         
0.000         
0.000         
0.000         
0.000         
0.000         
0.000         
0.000         
0.000         
0.000         
0.000         
0.000         
0.000         
0.000         
0.000         
0.000         
0.000         
0.000         
0.000         
0.000         
0.000         
0.000         
0.000         
0.000         
0.000         
0.000         
0.000         
0.000         
0.000         
0.000         
0.000         
0.000         
0.000         
0.000         
0.000         
0.000         
0.000         
0.000         
0.000         
0.000         
0.000         
0.000         
0.000         
0.000         
0.000         
0.000         
0.000         
0.000         
0.000         
0.000         
0.000         
0.000         
0.000         
0.000         
0.000         
0.000         
0.000         
0.000         
0.000         
0.000         
0.000         
0.000         
0.000         
0.000         
0.000         
0.000         
0.000         
0.000         
0.000         
0.000         
0.000         
0.000         
0.000         
0.000         
0.000         
0.000         
0.000         
0.000         
0.000         
0.000         
0.000         
0.000         
0.000         
0.000         
0.000         
0.000         
0.000         
0.000         
0.000         
0.000         
0.000         
0.000         
0.000         
0.000         
0.000         
0.000         
0.000         
0.000         
0.000         
0.000         
0.000         
0.000         
0.000         
0.000         
0.000         
0.000         
0.000         
0.000         
0.000         
0.000         
0.000         
0.000         
0.000         
0.000         
0.000         
0.000         
0.000         
0.000         
0.000         
0.000         
0.000         
0.000         
0.000         
0.000         
0.000         
0.000         
0.000         
0.000         
0.000         
0.000         
0.000         
0.000         
0.000         
0.000         
2.255         
8.621         
0.557         
0.084         
2.294         
0.031         
12.679        
0.054         
0.051         
16.032        
0.588         
0.480         
2.154         
2.005         
0.003         
1.443         
1.752         
0.520         
0.072         
0.076         
8.354         
1.017         
0.240         
2.827         
0.572         
1.682         
0.177         
0.112         
0.000         
0.000         
1.444         
0.462         
1.037         
5.445         
1.262         
10.772        
1.155         
0.418         
2.244         
0.079         
19.351        
24.005        
5.944         
0.086         
0.563         
0.000         
8.231         
4.205         
7.029         
0.111         
4.614         
0.083         
0.123         
7.284         
0.745         
1.647         
0.014         
0.008         
1.667         
10.428        
0.607         
0.000         
0.000         
0.000         
0.000         
0.000         
0.000         
0.000         
0.000         
0.000         
0.000         
0.000         
0.000         
0.000         
0.000         
0.000         
0.000         
0.000         
0.000         
0.000         
0.000         
0.000         
0.000         
0.000         
0.000         
0.000         
0.000         
0.000         
0.000         
0.000         
0.000         
0.000         
0.000         
0.000         
0.000         
0.000         
0.000         
0.000         
0.000         
0.000         
0.000         
0.000         
0.000         
0.000         
0.000         
0.000         
0.000         
0.000         
0.000         
0.000         
0.000         
0.000         
0.000         
0.000         
0.000         
0.000         
0.000         
0.000         
0.000         
0.000         
0.000         
0.000         
0.000         
0.000         
0.000         
0.000         
0.000         
0.000         
0.000         
0.000         
0.000         
0.000         
0.000         
0.000         
0.000         
0.000         
0.000         
0.000         
0.000         
0.000         
0.000         
0.000         
0.000         
0.000         
0.000         
0.000         
0.000         
0.000         
0.000         
0.000         
0.000         
26.563        
3.875         
19.460        
2.441         
0.001         
0.140         
18.653        
3.787         
15.958        
36.933        
0.005         
0.170         
0.000         
0.159         
1.694         
14.097        
7.528         
0.155         
7.640         
22.216        
6.058         
19.409        
0.001         
16.655        
2.816         
5.928         
7.196         
26.795        
1.769         
61.149        
0.391         
12.371        
74.143        
7.247         
9.354         
0.000         
0.000         
0.000         
0.000         
0.000         
0.000         
0.000         
0.000         
0.000         
0.000         
0.000         
0.000         
0.000         
0.000         
0.000         
0.000         
0.000         
0.000         
0.000         
0.000         
0.000         
0.000         
0.000         
0.000         
0.000         
0.000         
0.000         
0.000         
0.000         
0.000         
0.000         
0.000         
0.000         
0.000         
0.000         
0.000         
0.000         
0.000         
0.000         
0.000         
0.000         
0.000         
0.000         
0.000         
0.000         
0.000         
0.000         
0.000         
0.000         
0.000         
0.000         
0.000         
0.000         
0.000         
0.000         
0.000         
0.000         
0.000         
0.000         
0.000         
0.000         
0.000         
0.000         
0.000         
0.000         
0.000         
0.000         
0.000         
0.000         
0.000         
0.000         
0.000         
0.000         
0.000         
0.000         
0.000         
0.000         
0.000         
0.000         
0.000         
0.000         
0.000         
0.000         
0.000         
0.000         
0.000         
0.000         
0.000         
0.000         
0.000         
0.000         
0.000         
0.000         
0.000         
0.000         
0.000         
0.000         
0.000         
0.000         
0.000         
0.000         
0.000         
0.000         
0.000         
0.000         
0.000         
0.000         
0.000         
0.000         
0.000         
0.000         
0.000         
0.000         
0.000         
0.000         
0.000         
0.000         
0.000         
0.000         
0.000         
0.000         
0.000         
0.000         
0.000         
0.000         
0.000         
0.000         
0.000         
0.000         
0.000         
0.000         
0.000         
0.000         
0.000         
0.000         
0.000         
0.000         
0.000         
0.000         
0.000         
0.000         
0.000         
0.000         
0.000         
0.000         
0.000         
0.000         
0.000         
0.000         
0.000         
0.000         
0.000         
0.000         
0.000         
0.000         
0.000         
0.000         
0.000         
0.000         
0.000         
0.000         
0.000         
0.000         
0.000         
0.000         
0.000         
0.000         
0.000         
0.000         
0.000         
0.000         
0.000         
0.000         
0.000         
0.000         
0.000         
0.000         
0.000         
0.000         
0.000         
0.000         
0.000         
0.000         
0.000         
0.000         
0.000         
0.000         
0.000         
0.000         
0.000         
0.000         
0.000         
0.000         
0.000         
0.000         
0.000         
0.000         
0.000         
0.000         
0.002         
19.557        
42.006        
8.630         
12.999        
11.659        
2.508         
8.952         
0.534         
0.002         
0.015         
0.000         
16.912        
0.786         
0.466         
0.600         
68.924        
1.746         
0.317         
0.124         
5.970         
0.000         
0.401         
7.391         
0.055         
18.817        
1.672         
0.021         
1.648         
25.844        
16.938        
13.927        
0.020         
3.631         
0.057         
0.119         
0.015         
2.105         
0.001         
16.458        
0.396         
1.097         
14.701        
1.136         
35.473        
13.495        
0.043         
9.830         
4.375         
4.114         
0.146         
7.762         
2.404         
70.836        
0.423         
2.639         
1.811         
24.648        
17.693        
1.935         
3.315         
2.285         
0.524         
4.095         
0.064         
1.100         
0.800         
10.968        
0.871         
0.004         
0.000         
0.000         
0.000         
0.000         
0.000         
0.000         
0.000         
0.000         
0.000         
0.000         
0.000         
0.000         
0.000         
0.000         
0.000         
0.000         
0.000         
0.000         
0.000         
0.000         
0.000         
0.000         
0.000         
0.000         
0.000         
0.000         
0.000         
0.000         
0.000         
0.000         
0.000         
0.000         
0.000         
0.000         
0.000         
0.000         
0.000         
0.000         
0.000         
0.000         
0.000         
0.000         
0.000         
0.000         
0.000         
0.000         
0.000         
0.000         
0.000         
0.000         
0.000         
0.000         
0.000         
0.000         
0.000         
0.000         
0.000         
0.000         
0.000         
0.000         
0.000         
0.000         
0.000         
0.000         
0.000         
0.000         
0.000         
0.000         
0.000         
0.000         
0.000         
0.000         
0.000         
0.000         
0.000         
0.000         
0.000         
0.000         
0.000         
0.000         
0.000         
0.000         
0.000         
0.000         
0.000         
0.000         
0.000         
0.000         
0.000         
0.000         
0.000         
0.000         
0.000         
0.000         
0.000         
0.000         
0.000         
0.000         
0.000         
0.000         
0.000         
0.000         
0.000         
0.000         
0.000         
0.000         
0.000         
0.000         
0.000         
0.000         
0.000         
0.000         
0.000         
0.000         
0.000         
0.000         
0.000         
0.000         
0.000         
0.000         
0.000         
0.000         
0.000         
0.000         
0.000         
0.000         
0.000         
0.000         
0.000         
0.000         
0.000         
0.000         
0.000         
0.000         
0.000         
0.000         
0.000         
0.000         
0.000         
0.000         
0.000         
0.000         
0.000         
0.000         
0.000         
0.000         
0.000         
0.000         
0.000         
0.000         
0.000         
0.000         
0.000         
0.000         
0.000         
0.000         
0.000         
0.000         
0.000         
0.000         
0.000         
0.000         
0.000         
0.000         
0.000         
0.000         
0.000         
0.000         
0.000         
0.000         
0.000         
0.000         
0.000         
0.000         
0.000         
0.000         
0.000         
0.000         
0.000         
0.000         
0.000         
0.000         
0.000         
0.000         
0.000         
0.000         
0.000         
0.000         
0.000         
0.000         
0.000         
0.000         
0.000         
0.000         
0.000         
0.000         
0.000         
0.000         
0.000         
0.000         
0.000         
0.000         
0.000         
0.000         
0.000         
0.000         
0.000         
0.000         
0.000         
0.000         
0.000         
0.000         
0.000         
0.000         
0.000         
0.000         
0.000         
0.000         
0.000         
0.000         
0.000         
0.000         
0.000         
0.000         
0.000         
0.000         
0.000         
0.000         
0.000         
0.000         
0.000         
0.000         
0.000         
0.000         
0.000         
0.000         
0.000         
0.000         
0.000         
0.000         
0.000         
0.000         
0.000         
0.000         
0.000         
0.000         
0.000         
0.000         
0.000         
0.000         
0.000         
0.000         
0.000         
0.000         
0.000         
0.000         
0.000         
0.000         
0.000         
0.000         
0.000         
0.000         
0.000         
0.000         
0.000         
0.000         
0.000         
0.000         
0.000         
0.000         
0.000         
0.000         
0.000         
0.000         
0.000         
0.000         
0.000         
0.000         
0.000         
0.000         
0.000         
0.000         
0.000         
0.000         
0.000         
0.000         
0.000         
0.000         
0.000         
0.000         
0.000         
0.000         
0.000         
0.000         
0.000         
0.000         
0.000         
0.000         
0.000         
0.000         
0.000         
0.000         
0.000         
0.000         
0.000         
0.000         
0.000         
0.000         
0.000         
0.000         
0.000         
0.000         
0.000         
0.000         
0.000         
0.000         
0.000         
0.000         
0.000         
0.000         
0.000         
0.000         
0.000         
0.000         
0.000         
0.000         
0.000         
0.000         
0.000         
0.000         
0.000         
0.000         
0.000         
0.000         
0.000         
0.000         
0.000         
0.000         
0.000         
0.000         
0.000         
0.000         
0.000         
0.000         
0.000         
0.000         
0.000         
0.000         
0.000         
0.000         
0.000         
0.000         
0.000         
0.000         
0.000         
0.000         
0.000         
0.000         
0.000         
0.000         
0.000         
0.000         
0.000         
0.000         
0.000         
0.000         
0.000         
0.000         
0.000         
0.000         
0.000         
0.000         
0.000         
0.000         
0.000         
0.000         
0.000         
0.000         
0.000         
0.000         
0.000         
0.000         
0.000         
0.000         
0.000         
0.000         
0.000         
0.000         
0.000         
0.000         
0.000         
0.000         
0.000         
0.000         
0.000         
0.000         
0.000         
0.000         
0.000         
0.000         
0.000         
0.000         
0.000         
0.000         
0.000         
0.000         
0.000         
0.000         
0.000         
0.000         
0.000         
0.000         
0.000         
0.000         
0.000         
0.000         
0.000         
0.000         
0.000         
0.000         
0.000         
0.000         
0.000         
0.000         
0.000         
0.000         
0.000         
0.000         
0.000         
0.000         
0.000         
0.000         
0.000         
0.000         
0.000         
0.000         
0.000         
0.000         
0.000         
0.000         
0.000         
0.000         
0.000         
0.000         
0.000         
0.000         
0.000         
0.000         
0.000         
0.000         
0.000         
0.000         
0.000         
0.000         
0.000         
0.000         
0.000         
0.000         
0.000         
0.000         
0.000         
0.000         
0.000         
0.000         
0.000         
0.000         
0.000         
0.000         
0.000         
0.000         
0.000         
0.000         
0.000         
0.000         
0.000         
0.000         
0.000         
0.000         
0.000         
0.000         
0.000         
0.000         
0.000         
0.000         
0.000         
0.000         
0.000         
0.000         
0.000         
0.000         
0.000         
0.000         
0.000         
0.000         
0.000         
0.000         
0.000         
0.000         
0.000         
0.000         
0.000         
0.000         
0.000         
0.000         
0.000         
0.000         
0.000         
0.000         
0.000         
0.000         
0.000         
0.000         
0.000         
0.000         
0.000         
0.000         
0.000         
0.000         
0.000         
0.000         
0.000         
0.000         
0.000         
0.000         
0.000         
0.000         
0.000         
0.000         
0.000         
0.000         
0.000         
0.000         
0.000         
0.000         
0.000         
0.000         
0.000         
0.000         
0.000         
0.000         
0.000         
0.000         
0.000         
0.000         
0.000         
0.000         
0.000         
0.000         
0.000         
0.000         
0.000         
0.000         
0.000         
0.000         
0.000         
0.000         
0.000         
0.000         
0.000         
0.000         
0.000         
0.000         
0.000         
0.000         
0.000         
0.000         
0.000         
0.000         
0.000         
0.000         
0.000         
0.000         
0.000         
0.000         
0.000         
0.000         
0.000         
0.000         
0.000         
0.000         
0.000         
0.000         
0.000         
0.000         
0.000         
0.000         
0.000         
0.000         
0.000         
0.000         
0.000         
0.000         
0.000         
0.000         
0.000         
0.000         
0.000         
0.000         
0.000         
0.000         
0.000         
0.000         
0.000         
0.000         
0.000         
0.000         
0.000         
0.000         
0.000         
0.000         
0.000         
0.000         
0.000         
0.000         
0.000         
0.000         
0.000         
0.000         
0.000         
0.000         
0.000         
0.000         
0.000         
0.000         
0.000         
0.000         
0.000         
0.000         
0.000         
0.000         
0.000         
0.000         
0.000         
0.000         
0.000         
0.000         
0.000         
0.000         
0.000         
0.000         
0.000         
0.000         
0.000         
0.000         
0.000         
0.000         
0.000         
0.000         
0.000         
0.000         
0.000         
0.000         
0.000         
0.000         
0.000         
0.000         
0.000         
0.000         
0.000         
0.000         
0.000         
0.000         
0.000         
0.000         
0.000         
0.000         
0.000         
0.000         
0.000         
0.000         
0.000         
0.000         
0.000         
0.000         
0.000         
0.000         
0.000         
0.000         
0.000         
0.000         
0.000         
0.000         
0.000         
0.000         
0.000         
0.000         
0.000         
0.000         
0.000         
0.000         
0.000         
0.000         
0.000         
0.000         
0.000         
0.000         
0.000         
0.000         
0.000         
0.000         
0.000         
0.000         
0.000         
0.000         
0.000         
0.000         
0.000         
0.000         
0.000         
0.000         
0.000         
0.000         
0.000         
0.000         
0.000         
0.000         
0.000         
0.000         
0.000         
0.000         
0.000         
0.000         
0.000         
0.000         
0.000         
0.000         
0.000         
0.000         
0.000         
0.000         
0.000         
0.000         
0.000         
0.000         
0.000         
0.000         
0.000         
0.000         
0.000         
0.000         
0.000         
0.000         
0.000         
0.000         
0.000         
0.000         
0.000         
0.000         
0.000         
0.000         
0.000         
0.000         
0.000         
0.000         
0.000         
0.000         
0.000         
0.000         
0.000         
0.000         
0.000         
0.000         
0.000         
0.000         
0.000         
0.000         
0.000         
0.000         
0.000         
0.000         
0.000         
0.000         
0.000         
0.000         
0.000         
0.000         
0.000         
0.000         
0.000         
0.000         
0.000         
0.000         
0.000         
0.000         
0.000         
0.000         
0.000         
0.000         
0.000         
0.000         
0.000         
0.000         
0.000         
0.000         
0.000         
0.000         
0.000         
0.000         
0.000         
0.000         
0.000         
0.000         
0.000         
0.000         
0.000         
0.000         
0.000         
0.000         
0.000         
0.000         
0.000         
0.000         
0.000         
0.000         
0.000         
0.000         
0.000         
0.000         
0.000         
0.000         
0.000         
0.000         
0.000         
0.000         
0.000         
0.000         
0.000         
0.000         
0.000         
0.000         
0.000         
0.000         
0.000         
0.000         
0.000         
0.000         
0.000         
0.000         
0.000         
0.000         
0.000         
0.000         
0.000         
0.000         
0.000         
0.000         
0.000         
0.000         
0.000         
0.000         
0.000         
0.000         
0.000         
0.000         
0.000         
0.000         
0.000         
0.000         
0.000         
0.000         
0.000         
0.000         
0.000         
0.000         
0.000         
0.000         
0.000         
0.000         
0.000         
0.000         
0.000         
0.000         
0.000         
0.000         
0.000         
0.000         
0.000         
0.000         
0.000         
0.000         
0.000         
0.000         
0.000         
0.000         
0.000         
0.000         
0.000         
0.000         
0.000         
0.000         
0.000         
0.000         
0.000         
0.000         
0.000         
0.000         
0.000         
0.000         
0.000         
0.000         
0.000         
0.000         
0.000         
0.000         
0.000         
0.000         
0.000         
0.000         
0.000         
0.000         
0.000         
0.000         
0.000         
0.000         
0.000         
0.000         
0.000         
0.000         
0.000         
0.000         
0.000         
0.000         
0.000         
0.000         
0.000         
0.000         
0.000         
0.000         
0.000         
0.000         
0.000         
0.000         
0.000         
0.000         
0.000         
0.000         
0.000         
0.000         
0.000         
0.000         
0.000         
0.000         
0.000         
0.000         
0.000         
0.000         
0.000         
0.000         
0.000         
0.000         
0.000         
0.000         
0.000         
0.000         
0.000         
0.000         
0.000         
0.000         
0.000         
0.000         
0.000         
0.000         
0.000         
0.000         
0.000         
0.000         
0.000         
0.000         
0.000         
0.000         
0.000         
0.000         
0.000         
0.000         
0.000         
0.000         
0.000         
0.000         
0.000         
0.000         
0.000         
0.000         
0.000         
0.000         
0.000         
0.000         
0.000         
0.000         
0.000         
0.000         
0.000         
0.000         
0.000         
0.000         
0.000         
0.000         
0.000         
0.000         
0.000         
0.000         
0.000         
0.000         
0.000         
0.000         
0.000         
0.000         
0.000         
0.000         
0.000         
0.000         
0.000         
0.000         
0.000         
0.000         
0.000         
0.000         
0.000         
0.000         
0.000         
0.000         
0.000         
0.000         
0.000         
0.000         
0.000         
0.000         
0.000         
0.000         
0.000         
0.000         
0.000         
0.000         
0.000         
0.000         
0.000         
0.000         
0.000         
0.000         
0.000         
0.000         
0.000         
0.000         
0.000         
0.000         
0.000         
0.000         
0.000         
0.000         
0.000         
0.000         
0.000         
0.000         
0.000         
0.000         
0.000         
0.000         
0.000         
0.000         
0.000         
0.000         
0.000         
0.000         
0.000         
0.000         
0.000         
0.000         
0.000         
0.000         
0.000         
0.000         
0.000         
0.000         
0.000         
0.000         
0.000         
0.000         
0.000         
0.000         
0.000         
0.000         
0.000         
0.000         
0.000         
0.000         
0.000         
0.000         
0.000         
0.000         
0.000         
0.000         
0.000         
0.000         
0.000         
0.000         
0.000         
0.000         
0.000         
0.000         
0.000         
0.000         
0.000         
0.000         
0.000         
0.000         
0.000         
0.000         
0.000         
0.000         
0.000         
0.000         
0.000         
0.000         
0.000         
0.000         
0.000         
0.000         
0.000         
0.000         
0.000         
0.000         
0.000         
0.000         
0.000         
0.000         
0.000         
0.000         
0.000         
0.000         
0.000         
0.000         
0.000         
0.000         
0.000         
0.000         
0.000         
18.661        
3.078         
1.357         
30.049        
0.033         
0.444         
3.335         
0.082         
0.014         
0.515         
15.111        
2.629         
23.583        
2.089         
8.459         
3.782         
67.585        
36.422        
16.518        
1.136         
13.761        
2.324         
13.085        
0.087         
0.023         
0.378         
0.015         
0.985         
1.121         
0.054         
65.583        
19.349        
3.469         
0.153         
2.067         
0.268         
0.823         
0.052         
12.541        
0.000         
0.537         
0.255         
0.008         
3.404         
0.000         
2.922         
10.404        
2.577         
1.085         
0.021         
3.168         
10.761        
37.620        
88.028        
52.010        
121.512       
11.378        
50.002        
0.000         
0.000         
0.000         
0.000         
0.000         
0.000         
0.000         
0.000         
0.000         
0.000         
0.000         
0.000         
0.000         
0.000         
0.000         
0.000         
0.000         
0.000         
0.000         
0.000         
0.000         
0.000         
0.000         
0.000         
0.000         
0.000         
0.000         
0.000         
0.000         
0.000         
0.000         
0.000         
0.000         
0.000         
0.000         
0.000         
0.000         
0.000         
0.000         
0.000         
0.000         
0.000         
0.000         
0.000         
0.000         
0.000         
0.000         
0.000         
0.000         
0.000         
0.000         
0.000         
0.000         
0.000         
0.000         
0.000         
0.000         
0.000         
0.000         
0.000         
0.000         
0.000         
0.000         
0.000         
0.000         
0.000         
0.000         
0.000         
0.000         
0.000         
0.000         
0.000         
0.000         
0.000         
0.000         
0.000         
0.000         
0.000         
0.000         
0.000         
0.000         
0.000         
0.000         
0.000         
0.000         
0.000         
0.000         
0.000         
0.000         
0.000         
0.000         
0.000         
0.000         
0.000         
0.000         
0.000         
0.000         
0.000         
0.000         
0.000         
0.000         
0.000         
0.000         
0.000         
0.000         
0.000         
0.000         
0.000         
0.000         
0.000         
0.000         
0.000         
0.000         
0.000         
0.000         
0.000         
0.000         
0.000         
0.000         
0.000         
0.000         
0.000         
0.000         
0.000         
0.000         
0.000         
0.000         
0.000         
0.000         
0.000         
0.000         
0.000         
0.000         
0.000         
0.000         
0.000         
0.000         
0.000         
0.000         
0.000         
0.000         
0.000         
0.000         
0.000         
0.000         
0.000         
0.000         
0.000         
0.000         
0.000         
0.000         
0.000         
0.000         
0.000         
0.000         
0.000         
0.000         
0.000         
0.000         
0.000         
0.000         
0.000         
0.000         
0.000         
0.000         
0.000         
0.000         
0.000         
0.000         
0.000         
0.000         
0.000         
0.000         
0.000         
0.000         
0.000         
0.000         
0.000         
0.000         
0.000         
0.000         
0.000         
0.000         
0.000         
0.000         
0.000         
0.000         
0.000         
0.000         
0.000         
0.000         
0.000         
0.000         
0.000         
0.000         
0.000         
0.000         
0.000         
0.000         
0.000         
0.000         
0.000         
0.000         
0.000         
0.000         
0.000         
0.000         
0.000         
0.000         
0.000         
0.000         
0.000         
0.000         
0.000         
0.000         
0.000         
0.000         
0.000         
0.000         
0.000         
0.000         
0.000         
0.000         
0.000         
0.000         
0.000         
0.000         
0.000         
0.000         
0.000         
0.000         
0.000         
0.000         
0.000         
0.000         
0.000         
0.000         
0.000         
0.000         
0.000         
0.000         
0.000         
0.000         
0.000         
0.000         
0.000         
0.000         
0.000         
0.000         
0.000         
0.000         
0.000         
0.000         
0.000         
0.000         
0.000         
0.000         
0.000         
0.000         
0.000         
0.000         
0.000         
0.000         
0.000         
0.000         
0.000         
0.000         
0.000         
0.000         
0.000         
0.000         
0.000         
0.000         
0.000         
0.000         
0.000         
0.000         
0.000         
0.000         
0.000         
0.000         
0.000         
0.000         
0.000         
0.000         
0.000         
0.000         
0.000         
0.000         
0.000         
0.000         
0.000         
0.000         
0.000         
0.000         
0.000         
0.000         
0.000         
0.000         
0.000         
0.000         
0.000         
0.000         
0.000         
0.000         
0.000         
0.000         
0.000         
0.000         
0.000         
0.000         
0.000         
0.000         
0.000         
0.000         
0.000         
0.000         
0.000         
0.000         
0.000         
0.000         
0.000         
0.000         
0.000         
0.000         
0.000         
0.000         
0.000         
0.000         
0.000         
0.000         
0.000         
0.000         
0.000         
0.000         
0.000         
0.000         
0.000         
0.000         
0.000         
0.000         
0.000         
0.000         
0.000         
0.000         
0.000         
0.000         
0.000         
0.000         
0.000         
0.000         
0.000         
0.000         
0.000         
0.000         
0.000         
0.000         
0.000         
0.000         
0.000         
0.000         
0.000         
0.000         
0.000         
0.000         
0.000         
0.000         
0.000         
0.000         
0.000         
0.000         
0.000         
0.000         
0.000         
0.000         
0.000         
0.000         
0.000         
0.000         
0.000         
0.000         
0.000         
0.000         
0.000         
0.000         
0.000         
0.000         
0.000         
0.000         
0.000         
0.000         
0.000         
0.000         
0.000         
0.000         
0.000         
0.000         
0.000         
0.000         
0.000         
0.000         
0.000         
0.000         
0.000         
0.000         
0.000         
0.000         
0.000         
0.000         
0.000         
0.000         
0.000         
0.000         
0.000         
0.000         
0.000         
0.000         
0.000         
0.000         
0.000         
0.000         
0.000         
0.000         
0.000         
0.000         
0.000         
0.000         
0.000         
0.000         
0.000         
0.000         
0.000         
0.000         
0.000         
0.000         
0.000         
0.000         
0.000         
0.000         
0.000         
0.000         
0.000         
0.000         
0.000         
0.000         
0.000         
0.000         
0.000         
0.000         
0.000         
0.000         
0.000         
0.000         
0.000         
0.000         
0.000         
0.000         
0.000         
0.000         
0.000         
0.000         
0.000         
0.000         
0.000         
0.000         
0.000         
0.000         
0.000         
0.000         
0.000         
0.000         
0.000         
3.846         
1.069         
0.118         
0.044         
0.122         
0.324         
4.881         
5.130         
1.746         
6.189         
1.128         
0.391         
0.143         
0.031         
3.570         
0.032         
0.724         
0.129         
0.006         
0.744         
0.014         
0.004         
0.001         
0.004         
0.001         
1.392         
0.041         
0.001         
0.000         
0.068         
0.092         
0.002         
0.542         
0.809         
0.001         
0.000         
3.771         
1.342         
0.007         
0.000         
4.211         
1.633         
1.307         
1.420         
6.389         
3.551         
23.406        
2.400         
1.138         
1.734         
0.043         
17.168        
2.984         
9.273         
2.611         
1.649         
12.245        
6.225         
0.077         
0.544         
3.401         
6.429         
0.842         
8.597         
9.006         
19.754        
0.016         
0.354         
11.190        
9.037         
2.630         
28.492        
0.082         
0.006         
0.000         
10.451        
1.039         
6.468         
9.127         
6.787         
0.360         
1.754         
0.002         
0.619         
7.776         
4.525         
7.393         
2.040         
2.979         
15.313        
0.002         
7.387         
0.029         
0.000         
1.193         
0.086         
0.215         
0.024         
29.179        
0.024         
0.079         
1.091         
0.377         
0.028         
13.116        
0.011         
0.000         
11.651        
0.003         
0.000         
0.470         
3.466         
4.065         
1.007         
28.892        
8.267         
1.298         
2.034         
28.610        
19.586        
0.240         
2.204         
7.649         
6.680         
7.084         
3.514         
6.793         
2.165         
14.068        
3.550         
1.336         
10.334        
16.086        
3.194         
1.697         
5.602         
3.436         
38.786        
5.112         
5.682         
1.065         
0.981         
0.514         
0.000         
0.493         
7.119         
9.197         
0.253         
5.630         
18.389        
15.237        
0.000         
0.000         
0.000         
0.000         
0.000         
0.000         
0.000         
0.000         
0.000         
0.000         
0.000         
0.000         
0.000         
0.000         
0.000         
0.000         
0.000         
0.000         
0.000         
0.000         
0.000         
0.000         
0.000         
0.000         
0.000         
0.000         
0.000         
0.000         
0.000         
0.000         
0.000         
0.000         
0.000         
0.000         
0.000         
0.000         
0.000         
0.000         
0.000         
0.000         
0.000         
0.000         
0.000         
0.000         
0.000         
0.000         
0.000         
0.000         
0.000         
0.000         
0.000         
0.000         
0.000         
0.000         
0.000         
0.000         
0.000         
0.000         
0.000         
0.000         
0.000         
0.000         
0.000         
0.000         
0.000         
0.000         
0.000         
0.000         
0.000         
0.000         
0.000         
0.000         
0.000         
0.000         
0.000         
0.000         
0.000         
0.000         
0.000         
0.000         
0.000         
0.000         
0.000         
0.000         
0.000         
0.000         
0.000         
0.000         
0.000         
0.000         
0.000         
0.000         
0.000         
0.000         
0.000         
0.000         
0.000         
0.000         
0.000         
0.000         
0.000         
0.000         
0.000         
0.000         
0.000         
0.000         
0.000         
0.000         
0.000         
0.000         
0.000         
0.000         
0.000         
0.000         
0.000         
0.000         
0.000         
0.000         
0.000         
0.000         
0.000         
0.000         
0.000         
0.000         
0.000         
0.000         
0.000         
0.000         
0.000         
0.000         
0.000         
0.000         
0.000         
0.000         
0.000         
0.000         
0.000         
0.000         
0.000         
0.000         
0.000         
0.000         
0.000         
0.000         
0.000         
0.000         
0.000         
0.000         
0.000         
0.000         
0.000         
0.000         
0.000         
0.000         
0.000         
0.000         
0.000         
0.000         
0.000         
0.000         
0.000         
0.000         
0.000         
0.000         
0.000         
0.000         
0.000         
0.000         
0.000         
0.000         
0.000         
0.000         
0.000         
0.000         
0.000         
0.000         
0.000         
0.000         
0.000         
0.000         
0.000         
0.000         
0.000         
0.000         
0.000         
0.000         
0.000         
0.000         
0.000         
0.000         
0.000         
0.000         
0.000         
0.000         
0.000         
0.000         
0.000         
0.000         
0.000         
0.000         
0.000         
0.000         
0.000         
0.000         
0.000         
0.000         
0.000         
0.000         
0.000         
0.000         
0.000         
0.000         
0.000         
0.000         
0.000         
0.000         
0.000         
0.000         
0.000         
0.000         
0.000         
0.000         
0.000         
0.000         
0.000         
0.000         
0.000         
0.000         
0.000         
0.000         
0.000         
0.000         
0.000         
0.000         
0.000         
0.000         
0.000         
0.000         
0.000         
0.000         
0.000         
0.000         
0.000         
0.000         
0.000         
0.000         
0.000         
0.000         
0.000         
0.000         
0.000         
0.000         
0.000         
0.000         
0.000         
0.000         
0.000         
0.000         
0.000         
0.000         
0.000         
0.000         
0.000         
0.000         
0.000         
0.000         
0.000         
0.000         
0.000         
0.000         
0.000         
0.000         
0.000         
0.000         
0.000         
0.000         
0.000         
0.000         
0.000         
0.000         
0.000         
0.000         
0.000         
0.000         
0.000         
0.000         
0.000         
0.000         
0.000         
0.000         
0.000         
0.000         
0.000         
0.000         
0.000         
0.000         
0.000         
0.000         
0.000         
0.000         
0.000         
0.000         
0.000         
0.000         
0.000         
0.000         
0.000         
0.000         
0.000         
0.000         
0.000         
0.000         
0.000         
0.000         
0.000         
0.000         
0.000         
0.000         
0.000         
0.000         
0.000         
0.000         
0.000         
0.000         
0.000         
0.000         
0.000         
0.000         
0.000         
0.000         
0.000         
0.000         
0.000         
0.000         
0.000         
0.000         
0.000         
0.000         
0.000         
0.000         
0.000         
0.000         
0.000         
0.000         
0.000         
0.000         
0.000         
0.000         
0.000         
0.000         
0.000         
0.000         
0.000         
0.000         
0.000         
0.000         
0.000         
0.000         
0.000         
0.000         
0.000         
0.000         
0.000         
0.000         
0.000         
0.000         
0.000         
0.000         
0.000         
0.000         
0.000         
0.000         
0.000         
0.000         
0.000         
0.000         
0.000         
0.000         
0.000         
0.000         
0.000         
0.000         
0.000         
0.000         
0.000         
0.000         
0.000         
0.000         
0.000         
0.000         
0.000         
0.000         
0.000         
0.000         
0.000         
0.000         
0.000         
0.000         
0.000         
0.000         
0.000         
0.000         
0.000         
0.000         
0.000         
0.000         
0.000         
0.000         
0.000         
0.000         
0.000         
0.000         
0.000         
0.000         
0.000         
0.000         
0.000         
0.000         
0.000         
0.000         
0.000         
0.000         
0.000         
0.943         
0.326         
1.669         
15.035        
0.000         
2.409         
3.114         
1.502         
0.003         
1.492         
13.282        
4.412         
58.973        
3.888         
41.539        
1.686         
7.694         
0.004         
0.660         
11.185        
5.442         
5.453         
0.504         
11.330        
3.629         
0.306         
0.619         
3.782         
13.077        
0.836         
2.682         
39.511        
0.022         
0.984         
24.696        
0.198         
0.096         
7.177         
5.731         
4.914         
3.794         
3.758         
1.577         
16.818        
27.552        
64.777        
49.081        
48.796        
0.094         
5.143         
1.844         
119.368       
2.806         
54.592        
12.341        
0.757         
3.295         
2.944         
11.314        
5.017         
11.117        
8.998         
0.892         
14.134        
29.162        
70.953        
25.503        
108.481       
50.457        
8.697         
40.929        
55.386        
0.077         
0.593         
11.166        
26.271        
28.192        
8.145         
8.398         
3.308         
1.198         
0.245         
3.709         
14.075        
10.019        
0.401         
12.805        
11.594        
13.704        
0.011         
0.834         
3.896         
0.885         
4.765         
2.706         
1.033         
8.419         
10.472        
0.519         
2.534         
0.731         
0.000         
0.000         
0.000         
0.000         
0.000         
0.000         
0.000         
0.000         
0.000         
0.000         
0.000         
0.000         
0.000         
0.000         
0.000         
0.000         
0.000         
0.000         
0.000         
0.000         
0.000         
0.000         
0.000         
0.000         
0.000         
0.000         
0.000         
0.000         
0.000         
0.000         
0.000         
0.000         
0.000         
0.000         
0.000         
0.000         
0.000         
0.000         
0.000         
0.000         
0.000         
0.000         
0.000         
0.000         
0.000         
0.000         
0.000         
0.000         
0.000         
0.000         
0.000         
0.000         
0.000         
0.000         
0.000         
0.000         
0.000         
0.000         
0.000         
0.000         
0.000         
0.000         
0.000         
0.000         
0.000         
0.000         
0.000         
0.000         
0.000         
0.000         
0.000         
0.000         
0.000         
0.000         
0.000         
0.000         
0.000         
0.000         
0.000         
0.000         
0.000         
0.000         
0.000         
0.000         
0.000         
0.000         
0.000         
0.000         
0.000         
0.000         
0.000         
0.000         
0.000         
0.000         
0.000         
0.000         
0.000         
0.000         
0.000         
0.000         
0.000         
0.000         
0.000         
0.000         
0.000         
0.000         
0.000         
0.000         
0.000         
0.000         
0.000         
0.000         
0.000         
0.000         
0.000         
0.000         
0.000         
0.000         
0.000         
0.000         
0.000         
0.000         
0.000         
0.000         
0.000         
0.000         
0.000         
0.000         
0.000         
0.000         
0.000         
0.000         
0.000         
0.000         
0.000         
0.000         
0.000         
0.000         
0.000         
0.000         
0.000         
0.000         
0.000         
0.000         
0.000         
0.000         
0.000         
0.000         
0.000         
0.000         
0.000         
0.000         
0.000         
0.000         
0.000         
0.000         
0.000         
0.000         
0.000         
0.000         
0.000         
0.000         
0.000         
0.000         
0.000         
0.000         
0.000         
0.000         
0.000         
0.000         
0.000         
0.000         
0.000         
0.000         
0.000         
0.000         
0.000         
0.000         
0.000         
0.000         
0.000         
0.000         
0.000         
0.000         
0.000         
0.000         
0.000         
0.000         
0.000         
0.000         
0.000         
0.000         
0.000         
0.000         
0.000         
0.000         
0.000         
0.000         
0.000         
0.000         
0.000         
0.000         
0.000         
0.000         
0.000         
0.000         
0.000         
0.000         
0.000         
0.000         
0.000         
0.000         
0.000         
0.000         
0.000         
0.000         
0.000         
0.000         
0.000         
0.000         
0.000         
0.000         
0.000         
0.000         
0.000         
0.000         
0.000         
0.000         
0.000         
0.000         
0.000         
0.000         
0.000         
0.000         
0.000         
0.000         
0.000         
0.000         
0.000         
0.000         
0.000         
0.000         
0.000         
0.000         
0.000         
0.000         
0.000         
0.000         
0.000         
0.000         
0.000         
0.000         
0.000         
0.000         
0.000         
0.000         
0.000         
0.000         
0.000         
0.000         
0.000         
0.000         
0.000         
0.000         
0.000         
0.000         
0.000         
0.000         
0.000         
0.000         
3.658         
0.033         
17.251        
4.366         
7.606         
14.390        
3.705         
0.016         
0.000         
3.195         
26.679        
6.131         
0.115         
1.753         
0.548         
5.905         
16.762        
0.148         
0.593         
5.838         
14.858        
6.600         
1.817         
0.004         
4.554         
6.558         
16.243        
31.233        
0.000         
12.672        
7.101         
33.893        
0.534         
0.004         
101.012       
1.531         
7.024         
19.449        
90.542        
96.434        
0.085         
1.318         
0.006         
14.072        
6.965         
3.937         
59.802        
0.067         
30.469        
128.804       
0.000         
0.000         
0.000         
0.000         
0.000         
0.000         
0.000         
0.000         
0.000         
0.000         
0.000         
0.000         
0.000         
0.000         
0.000         
0.000         
0.000         
0.000         
0.000         
0.000         
0.000         
0.000         
0.000         
0.000         
0.000         
0.000         
0.000         
0.000         
0.000         
0.000         
0.000         
0.000         
0.000         
0.000         
0.000         
0.000         
0.000         
0.000         
0.000         
0.000         
0.000         
0.000         
0.000         
0.000         
0.000         
0.000         
0.000         
0.000         
0.000         
0.000         
0.000         
0.000         
0.000         
0.000         
0.000         
0.000         
0.000         
0.000         
0.000         
0.000         
0.000         
0.000         
0.000         
0.000         
0.000         
0.000         
0.000         
0.000         
0.000         
0.000         
0.000         
0.000         
0.000         
0.000         
0.000         
0.000         
0.000         
0.000         
0.000         
0.000         
0.000         
0.000         
0.000         
0.000         
0.000         
0.000         
0.000         
0.000         
0.000         
0.000         
0.000         
0.000         
0.000         
0.000         
0.000         
0.000         
0.000         
0.000         
0.000         
0.000         
0.000         
0.000         
0.000         
0.000         
0.000         
0.000         
0.000         
0.000         
0.000         
0.000         
0.000         
0.000         
0.000         
0.000         
0.000         
0.000         
0.000         
0.000         
0.000         
0.000         
0.000         
0.000         
0.000         
0.000         
0.000         
0.000         
0.000         
0.000         
0.000         
0.000         
0.000         
0.000         
0.000         
0.000         
0.000         
0.000         
0.000         
0.000         
0.000         
0.000         
0.000         
0.000         
0.000         
0.000         
0.000         
0.000         
0.000         
0.000         
0.000         
0.000         
0.000         
0.000         
0.000         
0.000         
0.000         
0.000         
0.000         
0.000         
0.000         
0.000         
0.000         
0.000         
0.000         
0.000         
0.000         
0.000         
0.000         
0.000         
0.000         
0.000         
0.000         
0.000         
0.000         
0.000         
0.000         
0.000         
0.000         
0.000         
0.000         
0.000         
0.000         
0.000         
0.000         
0.000         
0.000         
0.000         
0.000         
0.000         
0.000         
0.000         
0.000         
0.000         
0.000         
0.000         
0.000         
0.000         
0.000         
0.000         
0.000         
0.000         
0.000         
0.000         
0.000         
0.000         
0.000         
0.000         
0.000         
0.000         
0.000         
0.000         
0.000         
0.000         
0.000         
0.000         
0.000         
0.000         
0.000         
0.000         
0.000         
0.000         
0.000         
0.000         
0.000         
0.000         
0.000         
0.000         
0.000         
0.000         
0.000         
0.000         
0.000         
0.000         
0.000         
0.000         
0.000         
0.000         
0.000         
0.000         
0.000         
0.000         
0.000         
0.000         
0.000         
0.000         
0.000         
0.000         
0.000         
0.000         
0.000         
0.000         
0.000         
0.000         
0.000         
0.000         
0.000         
0.000         
0.000         
0.000         
0.000         
0.000         
0.000         
0.000         
0.000         
0.000         
0.000         
0.000         
0.000         
0.000         
0.000         
0.000         
0.000         
0.000         
0.000         
0.000         
0.000         
0.000         
0.000         
0.000         
0.000         
0.000         
0.000         
0.000         
0.000         
0.000         
0.000         
0.000         
0.000         
0.000         
0.000         
0.000         
0.000         
0.000         
0.000         
0.000         
0.000         
0.000         
0.000         
0.000         
0.000         
0.000         
0.000         
0.000         
0.000         
0.000         
0.000         
0.000         
0.000         
0.000         
0.000         
0.000         
0.000         
0.000         
0.000         
0.000         
0.000         
0.000         
0.000         
0.000         
0.000         
0.000         
0.000         
0.000         
0.000         
0.000         
0.000         
0.000         
0.000         
0.000         
0.000         
0.000         
0.000         
0.000         
0.000         
0.000         
0.000         
0.000         
0.000         
0.000         
0.000         
0.000         
0.000         
0.000         
0.000         
0.000         
0.000         
0.000         
0.000         
0.000         
0.000         
0.000         
0.000         
0.000         
0.000         
0.000         
0.000         
0.000         
0.000         
0.000         
0.000         
0.000         
0.000         
0.000         
0.000         
0.000         
0.000         
0.000         
0.000         
0.000         
0.000         
0.000         
0.000         
0.000         
0.000         
0.000         
0.000         
0.000         
0.000         
0.000         
0.000         
0.000         
0.000         
0.000         
0.000         
0.000         
0.000         
0.000         
0.000         
0.000         
0.000         
0.000         
0.000         
0.000         
0.000         
0.000         
0.000         
0.000         
0.000         
0.000         
0.000         
0.000         
0.000         
0.000         
0.000         
0.000         
0.000         
0.000         
0.000         
0.000         
0.000         
0.000         
0.000         
0.000         
0.000         
0.000         
0.000         
0.000         
0.000         
0.000         
0.000         
0.000         
0.000         
0.000         
0.000         
0.000         
0.000         
0.000         
0.000         
0.000         
0.000         
0.000         
0.000         
0.000         
0.000         
0.000         
0.000         
0.000         
0.000         
0.000         
0.000         
0.000         
0.000         
0.000         
0.000         
0.000         
0.000         
0.000         
0.000         
0.000         
0.000         
0.000         
0.000         
0.000         
0.000         
0.000         
0.000         
1.687         
0.040         
1.151         
0.016         
0.415         
0.001         
0.009         
0.009         
0.000         
0.141         
6.448         
10.123        
0.015         
1.007         
0.005         
14.475        
3.182         
17.050        
2.422         
7.809         
1.336         
1.000         
1.061         
0.177         
7.207         
0.395         
0.198         
0.000         
0.082         
1.698         
0.065         
15.302        
0.686         
6.134         
0.271         
0.013         
0.002         
0.001         
0.064         
7.750         
1.959         
0.300         
0.830         
1.571         
3.163         
6.695         
0.465         
7.906         
16.317        
1.896         
0.479         
2.755         
1.585         
1.239         
1.328         
6.909         
9.933         
2.259         
4.726         
15.733        
1.178         
13.291        
12.062        
15.008        
1.842         
2.640         
17.222        
2.394         
9.893         
11.293        
19.007        
9.130         
11.721        
52.692        
2.638         
11.251        
7.092         
0.003         
1.040         
0.414         
0.224         
0.351         
0.516         
0.016         
0.000         
0.013         
3.214         
1.227         
2.428         
0.481         
0.000         
0.172         
20.333        
2.424         
2.811         
0.685         
1.416         
0.194         
0.581         
15.985        
3.845         
0.575         
4.517         
17.057        
0.031         
1.578         
0.000         
0.164         
0.000         
0.040         
7.200         
0.148         
0.090         
1.674         
0.040         
1.146         
0.013         
1.284         
13.530        
0.806         
0.475         
0.625         
1.158         
2.340         
4.478         
0.387         
19.540        
17.759        
0.831         
14.347        
2.678         
0.593         
0.001         
6.578         
0.047         
0.196         
2.174         
2.323         
8.939         
5.017         
4.081         
15.315        
19.695        
59.973        
5.695         
5.776         
0.054         
2.511         
3.895         
46.267        
5.515         
0.080         
2.780         
18.773        
44.051        
3.954         
47.414        
2.855         
0.776         
2.269         
87.977        
0.858         
0.844         
7.078         
0.453         
0.396         
7.342         
22.161        
0.006         
0.000         
0.000         
0.000         
0.000         
0.000         
0.000         
0.000         
0.000         
0.000         
0.000         
0.000         
0.000         
0.000         
0.000         
0.000         
0.000         
0.000         
0.000         
0.000         
0.000         
0.000         
0.000         
0.000         
0.000         
0.000         
0.000         
0.000         
0.000         
0.000         
0.000         
0.000         
0.000         
0.000         
0.000         
0.000         
0.000         
0.000         
0.000         
0.000         
0.000         
0.000         
0.000         
0.000         
0.000         
0.000         
0.000         
0.000         
0.000         
0.000         
0.000         
0.000         
0.000         
0.000         
0.000         
0.000         
0.000         
0.000         
0.000         
0.000         
0.000         
0.000         
0.000         
0.000         
0.000         
0.000         
0.000         
0.000         
0.000         
0.000         
0.000         
0.000         
0.000         
0.000         
0.000         
0.000         
0.000         
0.000         
0.000         
0.000         
0.000         
0.000         
0.000         
0.000         
0.000         
0.000         
0.000         
0.000         
0.000         
0.000         
0.000         
0.000         
0.000         
0.000         
0.000         
0.000         
0.000         
0.000         
0.000         
0.000         
0.000         
0.000         
0.000         
0.000         
0.000         
0.000         
0.000         
0.000         
0.000         
0.000         
0.000         
0.000         
0.000         
0.000         
0.000         
0.000         
0.000         
0.000         
0.000         
0.000         
0.000         
0.000         
0.000         
0.000         
0.000         
0.000         
0.000         
0.000         
0.000         
0.000         
0.000         
0.000         
0.000         
0.000         
0.000         
0.000         
0.000         
0.000         
0.000         
0.000         
0.000         
0.000         
0.000         
0.000         
0.000         
0.000         
0.000         
0.000         
0.000         
0.000         
0.000         
0.000         
0.000         
0.000         
0.000         
0.000         
0.000         
0.000         
0.000         
0.000         
0.000         
0.000         
0.000         
0.000         
0.000         
0.000         
0.000         
0.000         
0.000         
0.000         
0.000         
0.000         
0.000         
0.000         
0.000         
0.000         
0.000         
0.000         
0.000         
0.000         
0.000         
0.000         
0.000         
0.000         
0.000         
0.000         
0.000         
0.000         
0.000         
0.000         
0.000         
0.000         
0.000         
0.000         
0.000         
0.000         
0.000         
0.000         
0.000         
0.000         
0.000         
0.000         
0.000         
0.000         
0.000         
0.000         
0.000         
0.000         
0.000         
0.000         
0.000         
0.000         
0.000         
0.000         
0.000         
0.000         
0.000         
0.000         
0.000         
0.000         
0.000         
0.000         
0.000         
0.000         
0.000         
0.000         
0.000         
0.000         
0.000         
0.000         
0.000         
0.000         
0.000         
0.000         
0.000         
0.000         
0.000         
0.000         
0.000         
0.000         
0.000         
0.000         
0.000         
0.000         
0.000         
0.000         
0.000         
0.000         
0.000         
0.000         
0.000         
0.000         
0.000         
0.000         
0.000         
0.000         
0.000         
0.000         
0.000         
0.000         
0.000         
0.000         
0.000         
0.000         
0.000         
0.000         
0.000         
0.000         
0.000         
0.000         
0.000         
0.000         
0.000         
0.000         
0.000         
0.000         
0.000         
0.000         
0.000         
0.000         
0.000         
0.000         
0.000         
0.000         
0.000         
0.000         
0.000         
0.000         
0.000         
0.000         
0.000         
0.000         
0.000         
0.000         
0.000         
0.000         
0.000         
0.000         
0.000         
0.000         
0.000         
0.000         
0.000         
0.000         
0.000         
0.000         
0.000         
0.000         
0.000         
0.000         
0.000         
0.000         
0.000         
0.000         
0.000         
0.000         
0.000         
0.000         
0.000         
0.000         
0.000         
0.000         
0.000         
0.000         
0.000         
0.000         
0.000         
0.000         
0.000         
0.000         
0.000         
0.000         
0.000         
0.000         
0.000         
0.000         
0.000         
0.000         
0.000         
0.000         
0.000         
0.000         
0.000         
0.000         
0.000         
0.000         
0.000         
0.000         
0.000         
0.000         
0.000         
0.000         
0.000         
0.000         
0.000         
0.000         
0.000         
0.000         
0.000         
0.000         
0.000         
0.000         
0.000         
0.000         
0.000         
0.000         
0.000         
0.000         
0.000         
0.000         
0.000         
0.000         
0.000         
0.000         
0.000         
0.000         
0.000         
0.000         
0.000         
0.000         
0.000         
0.000         
0.000         
0.000         
0.000         
0.000         
0.000         
0.000         
0.000         
0.000         
0.000         
0.000         
0.000         
0.000         
0.000         
0.000         
0.000         
0.000         
0.000         
0.000         
0.000         
0.000         
0.000         
0.000         
0.000         
0.000         
0.000         
0.000         
0.000         
0.000         
0.000         
0.000         
0.000         
0.000         
0.000         
0.000         
0.000         
0.000         
0.000         
0.000         
0.000         
0.000         
0.000         
0.000         
0.000         
0.000         
0.000         
0.000         
0.000         
0.000         
0.000         
0.000         
0.000         
0.000         
0.000         
0.000         
0.000         
0.000         
0.000         
0.000         
0.000         
0.000         
0.000         
0.000         
0.000         
0.000         
0.000         
0.000         
0.000         
0.000         
0.000         
0.000         
0.000         
0.000         
0.000         
0.000         
0.000         
0.000         
0.000         
0.000         
0.000         
0.000         
0.000         
0.000         
0.000         
0.000         
0.000         
0.000         
0.000         
0.000         
0.000         
0.000         
0.000         
0.000         
0.000         
0.000         
0.000         
0.000         
0.000         
0.000         
0.000         
0.000         
0.000         
0.000         
0.000         
0.000         
0.000         
0.000         
0.000         
0.000         
0.000         
0.000         
0.000         
0.000         
0.000         
0.000         
0.000         
0.000         
0.000         
0.000         
0.000         
0.000         
0.000         
0.000         
0.000         
0.000         
0.000         
0.000         
0.000         
0.000         
0.000         
0.000         
0.000         
0.000         
0.000         
0.000         
0.000         
0.000         
0.000         
0.000         
0.000         
0.000         
0.000         
0.000         
0.000         
0.000         
0.000         
0.000         
0.000         
0.000         
0.000         
0.000         
0.000         
0.000         
0.000         
0.000         
0.000         
0.000         
0.000         
0.000         
0.000         
0.000         
0.000         
0.000         
0.000         
0.000         
0.000         
0.000         
0.000         
0.000         
0.000         
0.000         
0.000         
0.000         
0.000         
0.000         
0.000         
0.000         
0.000         
0.000         
0.000         
0.000         
0.000         
0.000         
0.000         
0.000         
0.000         
0.000         
0.000         
0.000         
0.000         
0.000         
0.000         
0.000         
0.000         
0.000         
0.000         
0.000         
0.000         
0.000         
0.000         
0.000         
0.000         
0.000         
0.000         
0.000         
0.000         
0.000         
0.000         
0.000         
0.000         
0.000         
0.000         
0.000         
0.000         
0.000         
0.000         
0.000         
0.000         
0.000         
0.000         
0.000         
0.000         
0.000         
0.000         
0.000         
0.000         
0.000         
0.000         
0.000         
0.000         
0.000         
0.000         
0.000         
0.000         
0.000         
0.000         
0.000         
0.000         
0.000         
0.000         
0.000         
0.000         
0.000         
0.000         
0.000         
0.000         
0.000         
0.000         
0.000         
0.000         
0.000         
0.000         
0.000         
0.000         
0.000         
0.000         
0.000         
0.000         
0.000         
0.000         
0.000         
0.000         
0.000         
0.000         
0.000         
0.000         
0.000         
0.000         
0.000         
0.000         
0.000         
0.000         
0.000         
0.000         
0.000         
0.000         
0.000         
0.000         
0.000         
0.000         
0.000         
0.000         
0.000         
0.000         
0.000         
0.000         
0.000         
0.000         
0.000         
0.000         
0.000         
0.000         
0.000         
0.000         
0.000         
0.000         
0.000         
0.000         
0.000         
0.000         
0.000         
0.000         
0.000         
0.000         
0.000         
0.000         
0.000         
0.000         
0.000         
0.000         
0.000         
0.000         
0.000         
0.000         
0.000         
0.000         
0.000         
0.000         
0.000         
0.000         
0.000         
0.000         
0.000         
0.000         
0.000         
0.000         
0.000         
0.000         
0.000         
0.000         
0.000         
0.000         
0.000         
0.000         
0.000         
0.000         
0.000         
0.000         
0.000         
0.000         
0.000         
0.000         
0.000         
0.000         
0.000         
0.000         
0.000         
0.000         
0.000         
0.000         
0.000         
0.000         
0.000         
0.000         
0.000         
0.000         
0.000         
0.000         
0.000         
0.000         
0.000         
0.000         
0.000         
0.000         
0.000         
0.000         
0.000         
0.000         
0.000         
0.000         
0.000         
0.000         
0.000         
0.000         
0.000         
0.000         
0.000         
0.000         
0.000         
0.000         
0.000         
0.000         
0.000         
0.000         
0.000         
0.000         
0.000         
0.000         
0.000         
0.000         
0.000         
0.000         
0.000         
0.000         
0.000         
0.000         
0.000         
0.000         
0.000         
0.000         
0.000         
0.000         
0.000         
0.000         
0.000         
0.000         
0.000         
0.000         
0.000         
0.000         
0.000         
0.000         
0.000         
0.000         
0.000         
0.000         
0.000         
0.000         
0.000         
0.000         
0.000         
0.000         
0.000         
0.000         
0.000         
0.000         
0.000         
0.000         
0.000         
0.000         
0.000         
0.000         
0.000         
0.000         
0.000         
0.000         
0.000         
0.000         
0.000         
0.000         
0.000         
0.000         
0.000         
0.000         
0.000         
0.000         
0.000         
0.000         
0.000         
0.000         
0.000         
0.000         
0.000         
0.000         
0.000         
0.000         
0.000         
0.000         
0.000         
0.000         
0.000         
0.000         
0.000         
0.000         
0.000         
0.000         
0.000         
0.000         
0.000         
0.000         
0.000         
0.000         
0.000         
0.000         
0.000         
0.000         
0.000         
0.000         
0.000         
0.000         
0.000         
0.000         
0.000         
0.000         
0.000         
0.000         
0.000         
0.000         
0.000         
0.000         
0.000         
0.000         
0.000         
0.000         
0.000         
0.000         
0.000         
0.000         
0.000         
0.000         
0.000         
0.000         
0.000         
0.000         
0.000         
0.000         
0.000         
0.000         
0.000         
0.000         
0.000         
0.000         
0.000         
0.000         
0.000         
0.000         
0.000         
0.000         
0.000         
0.000         
0.000         
0.000         
0.000         
0.000         
0.000         
0.000         
0.000         
0.000         
0.000         
0.000         
0.000         
0.000         
0.000         
0.000         
0.000         
0.000         
0.000         
0.000         
0.000         
0.000         
0.000         
0.000         
0.000         
0.000         
0.000         
0.000         
0.000         
0.000         
0.000         
0.000         
0.000         
0.000         
0.000         
0.000         
0.000         
0.000         
0.000         
0.000         
0.000         
0.000         
0.000         
0.000         
0.000         
0.000         
0.000         
0.000         
0.000         
0.000         
0.000         
0.000         
0.000         
0.000         
0.000         
0.000         
0.000         
0.000         
0.000         
0.000         
0.000         
0.000         
0.000         
0.000         
0.000         
0.000         
0.000         
0.000         
0.000         
0.000         
0.000         
0.000         
0.000         
0.000         
0.000         
0.000         
0.000         
0.000         
0.000         
0.000         
0.000         
0.000         
0.000         
0.000         
0.000         
0.000         
0.000         
0.000         
0.000         
0.000         
0.000         
0.000         
0.000         
0.000         
0.000         
0.000         
0.000         
0.000         
0.000         
0.000         
0.000         
0.000         
0.000         
0.000         
0.000         
0.000         
0.000         
0.000         
0.000         
0.000         
0.000         
0.000         
0.000         
0.000         
0.000         
0.000         
0.000         
0.000         
0.000         
0.000         
0.000         
0.000         
0.000         
0.000         
0.000         
0.000         
0.000         
0.000         
0.000         
0.000         
0.000         
0.000         
0.000         
0.000         
0.000         
0.000         
0.000         
0.000         
0.000         
0.000         
0.000         
0.000         
0.000         
0.000         
0.000         
0.000         
0.000         
0.000         
0.000         
0.000         
0.000         
0.000         
0.000         
0.000         
0.000         
0.000         
0.000         
0.000         
0.000         
0.000         
0.000         
0.000         
0.000         
0.000         
0.000         
0.000         
0.000         
0.000         
0.000         
0.000         
0.000         
0.000         
0.000         
0.000         
0.000         
0.000         
0.000         
0.000         
0.000         
0.000         
0.000         
0.000         
0.000         
0.000         
0.000         
0.000         
0.000         
0.000         
0.000         
0.000         
0.000         
0.000         
0.000         
0.000         
0.000         
0.000         
0.000         
0.000         
0.000         
0.000         
0.000         
0.000         
0.000         
0.000         
0.000         
0.000         
0.000         
0.000         
0.000         
0.000         
0.000         
0.000         
0.000         
0.000         
0.000         
0.000         
0.000         
0.000         
0.000         
0.000         
0.000         
0.000         
0.000         
0.000         
0.000         
0.000         
0.000         
0.000         
0.000         
0.000         
0.000         
0.000         
0.000         
0.000         
0.000         
0.000         
0.000         
0.000         
0.000         
0.000         
0.000         
0.000         
0.000         
0.000         
0.000         
0.000         
0.000         
0.000         
0.000         
0.000         
0.000         
0.000         
0.000         
0.000         
0.000         
0.000         
0.000         
0.000         
0.000         
0.000         
0.000         
0.000         
0.000         
0.000         
0.000         
0.000         
0.000         
0.000         
0.000         
0.000         
0.000         
0.000         
0.000         
0.000         
0.000         
0.000         
0.000         
0.000         
0.000         
0.000         
0.000         
0.000         
0.000         
0.000         
0.000         
0.000         
0.000         
0.000         
0.000         
0.000         
0.000         
0.000         
0.000         
0.000         
0.000         
0.000         
0.000         
0.000         
0.000         
0.000         
0.000         
0.000         
0.000         
0.000         
0.000         
0.000         
0.000         
0.000         
0.000         
0.000         
0.000         
0.000         
0.000         
0.000         
0.000         
0.000         
0.000         
0.000         
0.000         
0.000         
0.000         
0.000         
0.000         
0.000         
0.000         
0.000         
0.000         
0.000         
0.000         
0.000         
0.000         
0.000         
0.000         
0.000         
0.000         
0.000         
0.000         
0.000         
0.000         
0.000         
0.000         
0.000         
0.000         
0.000         
0.000         
0.000         
0.000         
0.000         
0.000         
0.000         
0.000         
0.000         
0.000         
0.000         
0.000         
0.000         
0.000         
0.000         
0.000         
0.000         
0.000         
0.000         
0.000         
0.000         
0.000         
0.000         
0.000         
0.000         
0.000         
0.000         
0.000         
0.000         
0.000         
0.000         
0.000         
0.000         
0.000         
0.000         
0.000         
0.000         
0.000         
0.000         
0.000         
0.000         
0.000         
0.000         
0.000         
0.000         
0.000         
0.000         
0.000         
0.000         
0.000         
0.000         
0.000         
0.000         
6.764         
0.015         
14.104        
0.311         
0.027         
0.000         
0.677         
0.076         
6.054         
1.444         
0.274         
16.798        
6.843         
0.008         
0.302         
0.024         
0.184         
0.001         
0.002         
0.026         
0.265         
3.194         
0.020         
0.001         
0.193         
1.386         
1.230         
8.176         
1.800         
0.885         
0.121         
7.964         
16.928        
0.390         
0.186         
0.025         
0.058         
0.000         
0.516         
0.117         
1.515         
0.191         
0.000         
0.011         
1.004         
0.135         
0.002         
0.060         
2.027         
5.791         
20.241        
0.636         
5.029         
2.843         
20.626        
0.041         
0.530         
1.011         
0.006         
0.515         
1.712         
0.122         
0.019         
0.014         
6.326         
0.612         
0.052         
2.925         
0.540         
0.948         
0.116         
0.019         
0.001         
0.980         
0.390         
32.817        
0.110         
3.628         
0.259         
1.217         
0.167         
0.054         
0.052         
0.341         
10.686        
1.314         
0.000         
0.620         
3.392         
24.324        
8.260         
2.939         
2.141         
1.504         
1.183         
0.022         
10.375        
8.215         
2.344         
0.000         
0.382         
8.401         
32.644        
66.206        
13.773        
20.227        
9.791         
14.886        
11.913        
0.005         
5.753         
1.246         
16.613        
0.120         
0.013         
11.195        
0.259         
5.998         
11.509        
1.692         
0.479         
0.001         
1.916         
0.083         
10.763        
4.399         
1.564         
1.325         
8.145         
0.061         
10.046        
32.467        
21.574        
0.238         
3.283         
1.203         
2.844         
2.869         
1.461         
19.349        
9.217         
0.967         
0.003         
6.597         
0.001         
8.390         
7.074         
25.895        
2.466         
12.417        
0.025         
0.171         
69.301        
9.958         
0.002         
5.142         
0.234         
0.000         
0.035         
12.992        
5.704         
3.496         
0.889         
20.802        
0.467         
0.001         
0.029         
0.924         
0.002         
2.147         
5.020         
3.275         
1.134         
24.861        
3.395         
0.001         
0.554         
1.723         
0.113         
4.007         
0.009         
0.175         
0.284         
1.833         
7.050         
2.170         
4.562         
0.307         
4.409         
14.521        
0.547         
2.057         
0.000         
1.093         
0.316         
10.582        
0.084         
4.992         
0.111         
4.605         
2.101         
88.314        
14.405        
8.505         
12.971        
11.844        
16.173        
0.041         
0.897         
4.763         
7.827         
14.651        
1.055         
0.000         
1.321         
22.561        
1.200         
11.361        
20.934        
12.457        
0.145         
16.190        
4.048         
0.001         
0.270         
0.000         
12.775        
0.041         
1.382         
0.749         
14.623        
37.765        
4.042         
0.005         
0.046         
1.854         
63.606        
0.183         
0.015         
5.375         
23.338        
0.222         
0.007         
7.109         
0.387         
74.909        
0.001         
0.841         
0.580         
0.525         
0.014         
113.987       
20.535        
0.264         
0.784         
0.036         
0.000         
1.092         
2.407         
18.816        
0.018         
2.478         
51.942        
22.363        
46.160        
14.031        
56.951        
9.778         
317.556       
17.539        
66.180        
38.074        
43.233        
35.033        
22.462        
2.790         
6.369         
35.138        
19.220        
51.691        
3.664         
258.286       
33.498        
284.864       
101.765       
65.143        
226.026       
62.071        
11.999        
58.525        
47.500        
5.247         
25.801        
90.631        
4.824         
11.050        
1.595         
0.000         
0.760         
2.556         
9.609         
2.935         
2.111         
8.256         
21.861        
0.742         
6.359         
0.343         
0.675         
79.435        
2.488         
42.085        
2.181         
6.340         
10.117        
1.487         
28.847        
0.024         
8.276         
1.330         
7.663         
0.195         
9.009         
36.334        
7.049         
2.706         
23.615        
2.171         
30.936        
1.872         
1.314         
56.208        
3.568         
8.688         
0.616         
0.218         
2.845         
3.212         
2.351         
3.198         
0.025         
3.616         
0.000         
0.921         
0.744         
3.218         
3.098         
3.563         
1.019         
0.362         
4.835         
9.608         
4.297         
0.178         
3.448         
0.221         
2.601         
2.550         
0.000         
12.604        
0.105         
5.989         
0.001         
0.193         
0.000         
0.015         
0.414         
3.272         
32.631        
0.447         
12.081        
7.344         
0.013         
27.722        
0.159         
0.459         
0.007         
0.041         
0.162         
1.289         
6.624         
25.092        
0.013         
0.035         
0.001         
0.002         
0.148         
0.033         
0.076         
0.000         
4.068         
1.154         
0.000         
0.041         
0.253         
0.028         
0.119         
0.036         
0.102         
0.030         
0.255         
0.037         
0.000         
0.047         
0.063         
0.001         
0.002         
0.447         
0.053         
0.032         
0.012         
5.508         
10.626        
21.656        
0.305         
8.335         
17.215        
20.659        
10.448        
0.490         
31.421        
1.839         
29.433        
14.012        
7.449         
11.589        
27.771        
10.978        
19.568        
27.599        
27.857        
15.332        
26.761        
9.935         
0.657         
8.849         
25.053        
0.527         
9.161         
0.158         
1.650         
5.876         
0.959         
0.001         
0.017         
0.789         
6.313         
0.634         
23.714        
0.026         
7.415         
0.543         
0.017         
3.368         
2.512         
3.742         
0.961         
0.006         
0.000         
0.393         
22.580        
0.002         
0.000         
0.242         
1.743         
0.000         
8.707         
2.011         
0.123         
0.006         
0.001         
0.002         
0.297         
5.583         
20.281        
6.981         
3.697         
4.186         
0.000         
0.000         
0.000         
0.000         
0.000         
0.000         
0.000         
0.000         
0.000         
0.000         
0.000         
0.000         
0.000         
0.000         
0.000         
0.000         
0.000         
0.000         
0.000         
0.000         
0.000         
0.000         
0.000         
0.000         
0.000         
0.000         
0.000         
0.000         
0.000         
0.000         
0.000         
0.000         
0.000         
0.000         
0.000         
0.000         
0.000         
0.000         
0.000         
0.000         
0.000         
0.000         
0.000         
0.000         
0.000         
0.000         
0.000         
0.000         
0.000         
0.000         
0.000         
0.000         
0.000         
0.000         
0.000         
0.000         
0.000         
0.000         
0.000         
0.000         
0.000         
0.000         
0.000         
0.000         
0.000         
0.000         
0.000         
0.000         
0.000         
0.000         
0.000         
0.000         
0.000         
0.000         
0.000         
0.000         
0.000         
0.000         
0.000         
0.000         
0.000         
0.000         
0.000         
0.000         
0.000         
0.000         
0.000         
0.000         
0.000         
0.000         
0.000         
1.074         
0.055         
32.897        
65.581        
31.852        
2.058         
19.967        
3.430         
7.533         
35.013        
0.034         
4.270         
14.127        
8.515         
24.619        
0.002         
0.510         
3.159         
2.791         
1.198         
7.867         
3.374         
3.870         
25.098        
1.466         
26.710        
1.267         
3.277         
26.026        
5.954         
2.335         
7.856         
34.719        
0.001         
1.552         
15.186        
0.007         
0.268         
0.018         
0.085         
4.235         
15.862        
0.929         
20.335        
2.677         
0.858         
11.070        
0.015         
2.477         
0.000         
0.142         
0.004         
7.652         
14.960        
0.003         
1.008         
58.769        
105.309       
24.038        
20.827        
17.429        
23.636        
34.055        
33.905        
39.906        
18.815        
165.048       
0.000         
0.000         
0.000         
0.000         
0.000         
0.000         
0.000         
0.000         
0.000         
0.000         
0.000         
0.000         
0.000         
0.000         
0.000         
0.000         
0.000         
0.000         
0.000         
0.000         
0.000         
0.000         
0.000         
0.000         
0.000         
0.000         
0.000         
0.000         
0.000         
0.000         
0.000         
0.000         
0.000         
0.000         
0.000         
0.000         
0.000         
0.000         
0.000         
0.000         
0.000         
0.000         
0.000         
0.000         
0.000         
0.000         
0.000         
0.000         
0.000         
0.000         
0.000         
0.000         
0.000         
0.000         
0.000         
0.000         
0.000         
0.000         
0.000         
0.000         
0.000         
0.000         
0.000         
0.000         
0.000         
0.000         
0.000         
0.000         
0.000         
0.000         
0.000         
0.000         
0.000         
0.000         
0.000         
0.000         
0.000         
0.000         
0.000         
0.000         
0.000         
0.000         
0.000         
0.000         
0.000         
0.000         
0.000         
0.000         
0.000         
0.000         
0.000         
0.000         
0.000         
0.000         
0.000         
0.000         
0.000         
0.000         
0.000         
0.000         
0.000         
0.000         
0.000         
0.000         
0.000         
0.000         
0.000         
0.000         
0.000         
0.000         
0.000         
0.000         
0.000         
0.000         
0.000         
0.000         
0.000         
0.000         
0.000         
0.000         
0.000         
0.000         
0.000         
0.000         
0.000         
0.000         
0.000         
0.000         
0.000         
0.000         
0.000         
0.000         
0.000         
0.000         
0.000         
0.000         
0.000         
0.000         
0.000         
0.000         
0.000         
0.000         
0.000         
0.000         
0.000         
0.000         
0.000         
0.000         
0.000         
0.000         
0.000         
0.000         
0.000         
0.000         
0.000         
0.000         
0.000         
0.000         
0.000         
0.000         
0.000         
0.000         
0.000         
0.000         
0.000         
0.000         
0.000         
0.000         
0.000         
0.000         
0.000         
0.000         
0.000         
0.000         
0.000         
0.000         
0.000         
0.000         
0.000         
0.000         
0.000         
0.000         
0.000         
0.000         
0.000         
0.000         
0.000         
0.000         
0.000         
0.000         
0.000         
0.000         
0.000         
0.000         
0.000         
0.000         
0.000         
0.000         
0.000         
0.000         
0.000         
0.000         
0.000         
0.000         
0.000         
0.000         
0.000         
0.000         
0.000         
0.000         
0.000         
0.000         
0.000         
0.000         
0.000         
0.000         
0.000         
0.000         
0.000         
0.000         
0.000         
0.000         
0.000         
0.000         
0.000         
0.000         
0.000         
0.000         
0.000         
0.000         
0.000         
0.000         
0.000         
0.000         
0.000         
0.000         
0.000         
0.000         
0.000         
0.000         
0.000         
0.000         
0.000         
0.000         
0.000         
0.000         
0.000         
0.000         
0.000         
0.000         
0.000         
0.000         
0.000         
0.000         
0.000         
0.000         
0.000         
0.000         
0.000         
0.000         
0.000         
0.000         
0.000         
0.000         
0.000         
0.000         
0.000         
0.000         
0.000         
0.000         
0.000         
0.000         
0.000         
0.000         
0.000         
0.000         
0.000         
0.000         
0.000         
0.000         
0.000         
0.000         
0.000         
0.000         
0.000         
0.000         
0.000         
0.000         
0.000         
0.000         
0.000         
0.000         
0.000         
0.000         
0.000         
0.000         
0.000         
0.000         
0.000         
0.000         
0.000         
0.000         
0.000         
0.000         
0.000         
0.000         
0.000         
0.000         
0.000         
0.000         
0.000         
0.000         
0.000         
0.000         
0.000         
0.000         
0.000         
0.000         
0.000         
0.000         
0.000         
0.000         
0.000         
0.000         
0.000         
0.000         
0.000         
0.000         
0.000         
0.000         
0.000         
0.000         
0.000         
0.000         
0.000         
0.000         
0.000         
0.000         
0.000         
0.000         
0.000         
0.000         
0.000         
0.000         
0.000         
0.000         
0.000         
0.000         
0.000         
0.000         
0.000         
0.000         
0.000         
0.000         
0.000         
0.000         
0.000         
0.000         
0.000         
0.000         
0.000         
0.000         
0.000         
0.000         
0.000         
0.000         
0.000         
0.000         
0.000         
0.000         
0.000         
0.000         
0.000         
0.000         
0.000         
0.000         
0.000         
0.000         
0.000         
0.000         
0.000         
0.000         
0.000         
0.000         
0.000         
0.000         
0.000         
0.000         
0.000         
0.000         
0.000         
0.000         
0.000         
0.000         
0.000         
0.000         
0.000         
0.000         
0.000         
0.000         
0.000         
0.000         
0.000         
0.000         
0.000         
0.000         
0.000         
0.000         
0.000         
0.000         
0.000         
0.000         
0.000         
0.000         
0.000         
0.000         
0.000         
0.000         
0.000         
0.000         
0.000         
0.000         
0.000         
0.000         
0.000         
0.000         
0.000         
0.000         
0.000         
0.000         
0.000         
0.000         
0.000         
0.000         
0.000         
0.000         
0.000         
0.000         
0.000         
0.000         
0.000         
0.000         
0.000         
0.000         
0.000         
0.000         
0.000         
0.000         
0.000         
0.000         
0.000         
0.000         
0.000         
0.000         
0.000         
0.000         
0.000         
0.000         
0.000         
0.000         
0.000         
0.000         
0.000         
0.000         
0.000         
0.000         
0.000         
0.000         
0.000         
0.000         
0.000         
0.000         
0.000         
0.000         
0.000         
0.000         
0.000         
0.000         
0.000         
0.000         
0.000         
0.000         
0.000         
0.000         
0.000         
0.000         
0.000         
0.000         
0.000         
0.000         
0.000         
0.000         
0.000         
0.000         
0.000         
0.000         
0.000         
0.000         
0.000         
0.000         
0.000         
0.000         
0.000         
0.000         
0.000         
0.000         
0.000         
0.000         
0.000         
0.000         
0.000         
0.000         
0.000         
0.000         
0.000         
0.000         
0.000         
0.000         
0.000         
0.000         
0.000         
0.000         
0.000         
0.000         
0.000         
0.000         
0.000         
0.000         
0.000         
0.000         
0.000         
0.000         
0.000         
0.000         
0.000         
0.000         
0.000         
0.000         
0.000         
0.000         
0.000         
0.000         
0.000         
0.000         
0.000         
0.000         
0.000         
0.000         
0.000         
0.000         
0.000         
0.000         
0.000         
0.000         
0.000         
0.000         
0.000         
0.000         
0.000         
0.000         
0.000         
0.000         
0.000         
0.000         
0.000         
0.000         
0.000         
0.000         
0.000         
0.000         
0.000         
0.000         
0.000         
0.000         
0.000         
0.000         
0.000         
0.000         
0.000         
0.000         
0.000         
0.000         
0.000         
0.000         
0.000         
0.000         
0.000         
0.000         
0.000         
0.000         
0.000         
0.000         
0.000         
0.000         
0.000         
0.000         
0.000         
0.000         
0.000         
0.000         
0.000         
0.000         
0.000         
0.000         
0.000         
0.000         
0.000         
0.000         
0.000         
0.000         
0.000         
0.000         
0.000         
0.000         
0.000         
0.000         
0.000         
0.000         
0.000         
0.000         
0.000         
0.000         
0.000         
0.000         
0.000         
0.000         
0.000         
0.000         
0.000         
0.000         
0.000         
0.000         
0.000         
0.000         
0.000         
0.000         
0.000         
0.000         
0.000         
0.000         
0.000         
0.000         
0.000         
0.000         
0.000         
0.000         
0.000         
0.000         
0.000         
0.000         
0.000         
0.000         
0.000         
0.000         
0.000         
0.000         
0.000         
0.000         
0.000         
0.000         
0.000         
0.000         
0.000         
0.000         
0.000         
0.000         
0.000         
0.000         
0.000         
0.000         
0.000         
0.000         
0.000         
0.000         
0.000         
0.000         
0.000         
0.000         
0.000         
0.000         
0.000         
0.000         
0.000         
0.000         
0.000         
0.000         
0.000         
0.000         
0.000         
0.000         
0.000         
0.000         
0.000         
0.000         
0.000         
0.000         
0.000         
0.000         
0.000         
0.000         
0.000         
0.000         
0.000         
0.000         
0.000         
0.000         
0.000         
0.000         
0.000         
0.000         
0.000         
0.000         
0.000         
0.000         
0.000         
0.000         
0.000         
0.000         
0.000         
0.000         
0.000         
0.000         
0.000         
0.000         
0.000         
0.000         
0.000         
0.000         
0.000         
0.000         
0.000         
0.000         
0.000         
0.000         
0.000         
0.000         
0.000         
0.000         
0.000         
0.000         
0.000         
0.000         
0.000         
0.000         
0.000         
0.000         
0.000         
0.000         
0.000         
0.000         
0.000         
0.000         
0.000         
0.000         
0.000         
0.000         
0.000         
0.000         
0.000         
0.000         
0.000         
0.000         
0.000         
0.000         
0.000         
0.000         
0.000         
0.000         
0.000         
0.000         
0.000         
0.000         
0.000         
0.000         
0.000         
0.000         
0.000         
0.000         
0.000         
0.000         
0.000         
0.000         
0.000         
0.000         
0.000         
0.000         
0.000         
0.000         
0.000         
0.000         
0.000         
0.000         
0.000         
0.000         
0.000         
0.000         
0.000         
0.000         
0.000         
0.000         
0.000         
0.000         
0.000         
0.000         
0.000         
0.000         
0.000         
0.000         
0.000         
0.000         
0.000         
0.000         
0.000         
0.000         
0.000         
0.000         
0.000         
0.000         
0.000         
0.000         
0.000         
0.000         
0.000         
0.000         
0.000         
0.000         
0.000         
0.000         
0.000         
0.000         
0.000         
0.000         
0.000         
0.000         
0.000         
0.000         
0.000         
0.000         
0.000         
0.000         
0.000         
0.000         
0.000         
0.000         
0.000         
0.000         
0.000         
0.000         
0.000         
0.000         
0.000         
0.000         
0.000         
0.000         
0.000         
0.000         
0.000         
0.000         
0.000         
0.000         
0.000         
0.000         
0.000         
0.000         
0.000         
0.000         
0.000         
0.000         
0.000         
0.000         
0.000         
0.000         
0.000         
0.000         
0.000         
0.000         
0.000         
0.000         
0.000         
0.000         
0.000         
0.000         
0.000         
0.000         
0.000         
0.000         
0.000         
0.000         
0.000         
0.000         
0.000         
0.000         
0.000         
0.000         
0.000         
0.000         
0.000         
0.000         
0.000         
0.000         
0.000         
0.000         
0.000         
0.000         
0.000         
0.000         
0.000         
0.000         
0.000         
0.000         
0.000         
0.000         
0.000         
0.000         
0.000         
0.000         
0.000         
0.000         
0.000         
0.000         
0.000         
0.000         
0.000         
0.000         
0.000         
0.000         
0.000         
0.000         
0.000         
0.000         
0.000         
0.000         
0.000         
0.000         
0.000         
0.000         
0.000         
0.000         
0.000         
0.000         
0.000         
0.000         
0.000         
0.000         
0.000         
0.000         
0.000         
0.000         
0.000         
0.000         
0.000         
0.000         
0.000         
0.000         
0.000         
0.000         
0.000         
0.000         
0.000         
0.000         
0.000         
0.000         
0.000         
0.000         
0.000         
0.000         
0.000         
0.000         
0.000         
0.000         
0.000         
0.000         
0.000         
0.000         
0.000         
0.000         
0.000         
0.000         
0.000         
0.000         
0.000         
0.000         
0.000         
0.000         
0.000         
0.000         
0.000         
0.000         
0.000         
0.000         
0.000         
0.000         
0.000         
0.000         
0.000         
0.000         
0.000         
0.000         
0.000         
0.000         
0.000         
0.000         
0.000         
0.000         
0.000         
0.000         
0.000         
0.000         
0.000         
0.000         
0.000         
0.000         
0.000         
0.000         
0.000         
0.000         
0.000         
0.000         
0.000         
0.000         
0.000         
0.000         
0.000         
0.000         
0.000         
0.000         
0.000         
0.000         
0.000         
0.000         
0.000         
0.000         
0.000         
0.000         
0.000         
0.000         
0.000         
0.000         
0.000         
0.000         
0.000         
0.000         
0.000         
0.000         
0.000         
0.000         
0.000         
0.000         
0.000         
1.760         
12.471        
0.257         
2.582         
27.379        
0.472         
0.001         
2.003         
0.277         
20.525        
0.005         
8.036         
5.535         
0.000         
5.573         
0.760         
0.009         
2.490         
0.355         
0.567         
29.298        
3.410         
9.401         
0.004         
0.903         
0.435         
35.176        
6.482         
1.345         
2.174         
1.259         
0.699         
0.626         
0.005         
0.602         
47.638        
2.941         
27.675        
5.645         
14.947        
5.337         
49.867        
53.772        
50.511        
103.554       
21.533        
0.651         
272.147       
65.866        
33.476        
9.744         
15.484        
43.193        
61.278        
15.970        
7.886         
6.519         
103.155       
28.749        
65.008        
86.330        
29.824        
139.268       
168.606       
3.524         
61.640        
3.663         
16.275        
8.158         
14.063        
0.911         
0.030         
2.355         
0.959         
0.006         
8.736         
9.501         
33.428        
0.721         
1.991         
5.285         
4.183         
16.292        
6.868         
7.015         
6.417         
0.360         
4.023         
2.376         
2.341         
0.609         
1.687         
26.806        
5.830         
2.044         
0.080         
3.003         
13.048        
0.212         
3.654         
56.632        
5.300         
1.082         
8.018         
2.713         
1.761         
4.749         
17.283        
14.938        
28.679        
5.069         
10.416        
2.096         
3.502         
1.537         
3.015         
6.123         
13.791        
0.793         
1.285         
5.371         
3.501         
15.505        
0.000         
0.676         
1.366         
0.000         
0.000         
0.000         
0.000         
0.000         
0.000         
0.000         
0.000         
0.000         
0.000         
0.000         
0.000         
0.000         
0.000         
0.000         
0.000         
0.000         
0.000         
0.000         
0.000         
0.000         
0.000         
0.000         
0.000         
0.000         
0.000         
0.000         
0.000         
0.000         
0.000         
0.000         
0.000         
0.000         
0.000         
0.000         
0.000         
0.000         
0.000         
0.000         
0.000         
0.000         
0.000         
0.000         
0.000         
0.000         
0.000         
0.000         
0.000         
0.000         
0.000         
0.000         
0.000         
0.000         
0.000         
0.000         
0.000         
0.000         
0.000         
0.000         
0.000         
0.000         
0.000         
0.000         
0.000         
0.000         
0.000         
0.000         
0.000         
0.000         
0.000         
0.000         
0.000         
0.000         
0.000         
0.000         
0.000         
0.000         
0.000         
0.000         
0.000         
0.000         
0.000         
0.000         
0.000         
0.000         
0.000         
0.000         
0.000         
0.000         
0.000         
0.000         
0.000         
0.000         
0.000         
0.000         
0.000         
0.000         
0.000         
0.000         
0.000         
0.000         
0.000         
0.000         
0.000         
0.000         
0.000         
0.000         
0.000         
0.000         
0.000         
0.000         
0.000         
0.000         
0.000         
0.000         
0.000         
0.000         
0.000         
0.000         
0.000         
0.000         
0.000         
0.000         
0.000         
0.000         
0.000         
0.000         
0.000         
0.000         
0.000         
0.000         
0.000         
0.000         
0.000         
0.000         
0.000         
0.000         
0.000         
0.000         
0.000         
0.000         
0.000         
0.000         
0.000         
0.000         
0.000         
0.000         
0.000         
0.000         
0.000         
0.000         
0.000         
0.000         
0.000         
0.000         
0.000         
0.000         
0.000         
0.000         
0.000         
0.000         
0.000         
0.000         
0.000         
0.000         
0.000         
0.000         
0.000         
0.000         
0.000         
0.000         
0.000         
0.000         
0.000         
0.000         
0.000         
0.000         
0.000         
0.000         
0.000         
0.000         
0.000         
0.000         
0.000         
0.000         
0.000         
0.000         
0.000         
0.000         
0.000         
0.000         
0.000         
0.000         
0.000         
0.000         
0.000         
0.000         
0.000         
0.000         
0.000         
0.000         
0.000         
0.000         
0.000         
0.000         
0.000         
0.000         
0.000         
0.000         
0.000         
0.000         
0.000         
0.000         
7.841         
4.669         
99.738        
8.582         
0.071         
8.923         
0.064         
9.979         
19.410        
16.435        
0.410         
31.617        
1.836         
0.689         
5.405         
17.463        
5.090         
33.126        
1.986         
27.248        
1.195         
48.392        
61.137        
0.038         
2.292         
0.001         
0.101         
6.128         
28.244        
31.699        
4.309         
2.237         
59.583        
5.335         
7.112         
20.938        
3.775         
8.692         
0.691         
0.017         
7.147         
1.354         
2.282         
0.358         
5.700         
2.989         
4.378         
0.018         
2.334         
0.070         
0.053         
0.077         
82.051        
3.707         
0.055         
0.000         
4.645         
8.774         
2.803         
3.437         
5.176         
0.941         
7.426         
18.055        
13.884        
73.849        
36.291        
61.140        
69.172        
11.444        
22.496        
17.314        
51.562        
57.136        
157.097       
9.553         
53.558        
87.281        
67.473        
68.285        
75.239        
270.513       
54.786        
48.985        
63.440        
37.302        
45.148        
48.614        
14.029        
35.828        
2.880         
98.775        
4.451         
0.365         
18.646        
4.873         
6.108         
0.223         
2.141         
6.298         
13.250        
1.037         
4.423         
0.668         
0.000         
0.617         
16.708        
0.079         
2.442         
1.201         
1.441         
48.925        
0.002         
0.239         
11.398        
2.595         
15.288        
0.067         
0.067         
1.697         
2.932         
3.708         
7.528         
7.944         
0.510         
3.320         
0.175         
3.287         
14.600        
6.427         
3.867         
7.948         
14.776        
3.519         
4.891         
8.262         
1.070         
0.000         
0.000         
0.000         
0.000         
0.000         
0.000         
0.000         
0.000         
0.000         
0.000         
0.000         
0.000         
0.000         
0.000         
0.000         
0.000         
0.000         
0.000         
0.000         
0.000         
0.000         
0.000         
0.000         
0.000         
0.000         
0.000         
0.000         
0.000         
0.000         
0.000         
0.000         
0.000         
0.000         
0.000         
0.000         
0.000         
0.000         
0.000         
0.000         
0.000         
0.000         
0.000         
0.000         
0.000         
0.000         
0.000         
0.000         
0.000         
0.000         
0.000         
0.000         
0.000         
0.000         
0.000         
0.000         
0.000         
0.000         
0.000         
0.000         
0.000         
0.000         
0.000         
0.000         
0.000         
0.000         
0.000         
0.000         
0.000         
0.000         
0.000         
0.000         
0.000         
0.000         
0.000         
0.000         
0.000         
0.000         
0.000         
0.000         
0.000         
0.000         
0.000         
0.000         
30.599        
22.690        
45.490        
16.260        
16.460        
0.023         
3.692         
0.339         
2.356         
2.678         
2.809         
1.920         
1.881         
0.289         
0.224         
0.388         
0.033         
1.066         
1.514         
3.730         
27.001        
0.265         
0.574         
0.125         
1.410         
6.752         
19.174        
0.000         
1.679         
0.417         
0.023         
0.705         
6.034         
0.057         
0.045         
20.276        
0.061         
1.376         
3.012         
0.012         
0.496         
0.625         
0.002         
0.089         
7.647         
0.008         
0.004         
2.383         
0.069         
0.271         
0.005         
3.132         
0.000         
0.073         
0.014         
0.146         
0.020         
0.003         
0.189         
0.009         
2.125         
5.168         
0.152         
4.186         
1.243         
6.724         
0.364         
8.103         
0.231         
0.019         
1.205         
2.116         
25.548        
11.316        
14.442        
41.303        
24.967        
6.527         
1.037         
4.973         
8.443         
16.923        
108.084       
57.010        
3.661         
3.767         
2.435         
0.041         
0.943         
1.948         
0.000         
0.000         
0.000         
0.000         
0.000         
0.000         
0.000         
0.000         
0.000         
0.000         
0.000         
0.000         
0.000         
0.000         
0.000         
0.000         
0.000         
0.000         
0.000         
0.000         
0.000         
0.000         
0.000         
0.000         
0.000         
0.000         
0.000         
0.000         
0.000         
0.000         
0.000         
0.000         
0.000         
0.000         
0.000         
0.000         
0.000         
0.000         
0.000         
0.000         
0.000         
0.000         
0.000         
0.000         
0.000         
0.000         
0.000         
0.000         
0.000         
0.000         
0.000         
0.000         
0.000         
0.000         
0.000         
0.000         
0.000         
0.000         
0.000         
0.000         
0.000         
0.000         
0.000         
0.000         
0.000         
0.000         
0.000         
0.000         
0.000         
0.000         
0.000         
0.000         
0.000         
0.000         
0.000         
0.000         
0.000         
0.000         
0.000         
0.000         
0.000         
0.000         
0.000         
0.000         
0.000         
0.000         
0.000         
0.000         
0.000         
0.000         
0.000         
0.000         
0.000         
0.000         
0.000         
0.000         
0.000         
0.000         
0.000         
0.000         
0.000         
0.000         
0.000         
0.000         
0.000         
0.000         
0.000         
0.000         
0.000         
0.000         
0.000         
0.000         
0.000         
0.000         
0.000         
0.000         
0.000         
0.000         
0.000         
0.000         
0.000         
0.000         
0.000         
0.000         
0.000         
0.000         
0.000         
0.000         
0.000         
0.000         
0.000         
0.000         
0.000         
0.000         
0.000         
0.000         
0.000         
0.000         
0.000         
0.000         
0.000         
0.000         
0.000         
0.000         
0.000         
0.000         
0.000         
0.000         
0.000         
0.000         
0.000         
0.000         
0.000         
0.000         
0.000         
0.000         
0.000         
0.000         
0.000         
0.000         
0.000         
0.000         
0.000         
0.000         
0.000         
0.000         
0.000         
0.000         
0.000         
0.000         
0.000         
0.000         
0.000         
0.000         
0.000         
0.000         
0.000         
0.000         
0.000         
0.000         
0.000         
0.000         
0.000         
0.000         
0.000         
0.000         
0.000         
0.000         
0.000         
0.000         
0.000         
0.000         
0.000         
0.000         
0.000         
0.000         
0.000         
0.000         
0.000         
0.000         
0.000         
0.000         
0.000         
0.000         
0.000         
0.000         
0.000         
0.000         
0.000         
0.000         
0.000         
0.000         
0.000         
0.000         
0.000         
0.000         
0.000         
0.000         
0.000         
0.000         
0.000         
0.000         
0.000         
0.000         
0.000         
0.000         
0.000         
0.000         
0.000         
0.000         
0.000         
0.000         
0.000         
0.000         
0.000         
0.000         
0.000         
0.000         
0.000         
0.000         
0.000         
0.000         
0.000         
0.000         
0.000         
0.000         
0.000         
0.000         
0.000         
0.000         
0.000         
0.000         
0.000         
0.000         
0.000         
0.000         
0.000         
0.000         
0.000         
0.000         
0.000         
0.000         
0.000         
0.000         
0.000         
0.000         
0.000         
0.000         
0.000         
0.000         
0.000         
0.000         
0.000         
0.000         
0.000         
0.000         
0.000         
0.000         
0.000         
0.000         
0.000         
0.000         
0.000         
0.000         
0.000         
0.000         
0.000         
0.000         
0.000         
0.000         
0.000         
0.000         
0.000         
0.000         
0.000         
0.000         
0.000         
0.000         
0.000         
0.000         
0.000         
0.000         
0.000         
0.000         
0.000         
0.000         
0.000         
0.000         
0.000         
0.000         
0.000         
0.000         
0.000         
0.000         
0.000         
0.000         
0.000         
0.000         
0.000         
0.000         
0.000         
0.000         
0.000         
0.000         
0.000         
0.000         
0.000         
0.000         
0.000         
0.000         
0.000         
0.000         
0.000         
0.000         
0.000         
0.000         
0.000         
0.000         
0.000         
0.000         
0.000         
0.000         
0.000         
0.000         
0.000         
0.000         
0.000         
0.000         
0.000         
0.000         
0.000         
0.000         
0.000         
0.000         
0.000         
0.000         
0.000         
0.000         
0.000         
0.000         
0.000         
0.000         
0.000         
0.000         
0.000         
0.000         
0.000         
0.000         
0.000         
0.000         
0.000         
0.000         
0.000         
0.000         
0.000         
0.000         
0.000         
0.000         
0.000         
0.000         
0.000         
0.000         
0.000         
0.000         
0.000         
0.000         
0.000         
0.000         
0.000         
0.000         
0.000         
0.000         
0.000         
0.000         
0.000         
0.000         
0.000         
0.000         
0.000         
0.000         
0.000         
0.000         
0.000         
0.000         
0.000         
0.000         
0.000         
0.000         
0.000         
0.000         
0.000         
0.000         
0.000         
0.000         
0.000         
0.000         
0.000         
0.000         
0.000         
0.000         
0.000         
0.182         
1.204         
0.271         
0.002         
0.000         
36.060        
0.000         
0.366         
0.710         
2.210         
10.922        
29.553        
18.286        
12.936        
8.102         
24.088        
12.670        
0.000         
0.010         
0.000         
3.616         
10.124        
6.411         
0.834         
0.109         
0.257         
0.037         
7.187         
66.788        
1.644         
5.585         
24.373        
42.760        
1.095         
10.183        
41.818        
0.164         
0.365         
9.986         
1.049         
0.045         
5.551         
0.763         
6.092         
6.333         
1.308         
9.245         
0.000         
1.755         
0.175         
0.021         
8.273         
61.380        
0.868         
0.927         
0.120         
0.010         
3.841         
0.494         
6.352         
0.501         
25.006        
13.478        
23.096        
0.477         
41.444        
5.337         
4.307         
36.026        
25.294        
49.247        
78.685        
0.000         
0.000         
0.000         
0.000         
0.000         
0.000         
0.000         
0.000         
0.000         
0.000         
0.000         
0.000         
0.000         
0.000         
0.000         
0.000         
0.000         
0.000         
0.000         
0.000         
0.000         
0.000         
0.000         
0.000         
0.000         
0.000         
0.000         
0.000         
0.000         
0.000         
0.000         
0.000         
0.000         
0.000         
0.000         
0.000         
0.000         
0.000         
0.000         
0.000         
0.000         
0.000         
0.000         
0.000         
0.000         
0.000         
0.000         
0.000         
0.000         
0.000         
0.000         
0.000         
0.000         
0.000         
0.000         
0.000         
0.000         
0.000         
0.000         
0.000         
0.000         
0.000         
0.000         
0.000         
0.000         
0.000         
0.000         
0.000         
0.000         
0.000         
0.000         
0.000         
0.000         
0.000         
0.000         
0.000         
0.000         
0.000         
0.000         
0.000         
0.000         
0.000         
0.000         
0.000         
0.000         
0.000         
0.000         
0.000         
0.000         
0.000         
0.000         
0.000         
0.000         
0.000         
0.000         
0.000         
0.000         
0.000         
0.000         
0.000         
0.000         
0.000         
0.000         
0.000         
0.000         
0.000         
0.000         
0.000         
0.000         
0.000         
0.000         
0.000         
0.000         
0.000         
0.000         
0.000         
0.000         
0.000         
0.000         
0.000         
0.000         
0.000         
0.000         
0.000         
0.000         
0.000         
0.000         
0.000         
0.000         
0.000         
0.000         
0.000         
0.000         
0.000         
0.000         
0.000         
0.000         
0.000         
0.000         
0.000         
0.000         
0.000         
0.000         
0.000         
0.000         
0.000         
0.000         
0.000         
0.000         
0.000         
0.000         
0.000         
0.000         
0.000         
0.000         
0.000         
0.000         
0.000         
0.000         
0.000         
0.000         
0.000         
0.000         
0.000         
0.000         
0.000         
0.000         
0.000         
0.000         
0.000         
0.000         
0.000         
0.000         
0.000         
0.000         
0.000         
0.000         
0.000         
0.000         
0.000         
0.000         
0.000         
0.000         
0.000         
0.000         
0.000         
0.000         
0.000         
0.000         
0.000         
0.000         
0.000         
0.000         
0.000         
0.000         
0.000         
0.000         
0.000         
0.000         
0.000         
0.000         
0.000         
0.000         
0.000         
0.000         
0.000         
0.000         
0.000         
0.000         
0.000         
0.000         
0.000         
0.000         
0.000         
0.000         
0.000         
0.000         
0.000         
0.000         
0.000         
0.000         
0.000         
0.000         
0.000         
0.000         
0.000         
0.000         
0.000         
0.000         
0.000         
0.000         
0.000         
0.000         
0.000         
0.000         
0.000         
0.000         
0.000         
0.000         
0.000         
0.000         
0.000         
0.000         
0.000         
0.000         
0.000         
0.000         
0.000         
0.000         
0.000         
0.000         
0.000         
0.000         
0.000         
0.000         
0.000         
0.000         
0.000         
0.000         
0.000         
0.000         
0.000         
0.000         
0.000         
0.000         
0.000         
0.000         
0.000         
0.000         
0.000         
0.000         
0.000         
0.000         
0.000         
0.000         
0.000         
0.000         
0.000         
0.000         
0.000         
0.000         
0.000         
0.000         
0.000         
0.000         
0.000         
0.000         
0.000         
0.000         
0.000         
0.000         
0.000         
0.000         
0.000         
0.000         
0.000         
0.000         
0.000         
0.000         
0.000         
0.000         
0.000         
0.000         
0.000         
0.000         
0.000         
0.000         
0.000         
0.000         
0.000         
0.000         
0.000         
0.000         
0.000         
0.000         
0.000         
0.000         
0.000         
0.000         
0.000         
0.000         
0.000         
0.000         
0.000         
0.000         
0.000         
0.000         
0.000         
0.000         
0.000         
0.000         
0.000         
0.000         
0.000         
0.000         
0.000         
0.000         
0.000         
0.000         
0.000         
0.000         
0.000         
0.000         
0.000         
0.000         
0.000         
0.000         
0.000         
0.000         
0.000         
0.000         
0.000         
0.000         
0.000         
0.000         
0.000         
0.000         
0.000         
0.000         
0.000         
0.000         
0.000         
0.000         
0.000         
0.000         
0.000         
0.000         
0.000         
0.000         
0.000         
0.000         
0.000         
0.000         
0.000         
0.000         
0.000         
0.000         
0.000         
0.000         
0.000         
0.000         
0.000         
0.000         
0.000         
0.000         
0.000         
0.000         
0.000         
0.000         
0.000         
0.000         
0.000         
0.000         
0.000         
0.000         
0.000         
0.000         
0.000         
0.000         
0.000         
0.000         
0.000         
0.000         
0.000         
0.000         
0.000         
0.000         
0.000         
0.000         
0.000         
0.000         
0.000         
0.000         
0.000         
0.000         
0.000         
0.000         
0.000         
0.000         
0.000         
0.000         
0.000         
0.000         
0.000         
0.000         
0.000         
0.000         
0.000         
0.000         
0.000         
0.000         
0.000         
0.000         
0.000         
0.000         
0.000         
0.000         
0.000         
0.000         
0.000         
0.000         
0.000         
0.000         
0.000         
0.000         
0.000         
0.000         
0.000         
0.000         
0.000         
0.000         
0.000         
0.000         
0.000         
0.000         
0.000         
0.000         
0.000         
0.000         
0.000         
0.000         
0.000         
0.000         
0.000         
0.000         
0.000         
0.000         
0.000         
0.000         
0.000         
0.000         
0.000         
0.000         
0.000         
0.000         
0.000         
0.000         
0.000         
0.000         
0.000         
0.000         
0.000         
0.000         
0.000         
0.000         
0.000         
0.000         
0.000         
0.000         
0.000         
0.000         
0.000         
0.000         
0.000         
0.000         
0.000         
0.000         
0.000         
0.000         
0.000         
0.000         
0.000         
0.000         
0.000         
0.000         
0.000         
0.000         
0.000         
0.000         
0.000         
0.000         
0.000         
0.000         
0.000         
0.000         
0.000         
0.000         
0.000         
0.000         
0.000         
0.000         
0.000         
0.000         
0.000         
0.000         
0.000         
0.000         
0.000         
0.000         
0.000         
0.000         
0.000         
0.000         
0.000         
0.000         
0.000         
0.000         
0.000         
0.000         
0.000         
0.000         
0.000         
0.000         
0.000         
0.000         
0.000         
0.000         
0.000         
0.000         
0.000         
0.000         
0.000         
0.000         
0.000         
0.000         
0.000         
0.000         
0.000         
0.000         
0.000         
0.000         
0.000         
0.000         
0.000         
0.000         
0.000         
0.000         
0.000         
0.000         
0.000         
0.000         
0.000         
0.000         
0.000         
0.000         
0.000         
0.000         
0.000         
0.000         
0.000         
0.000         
0.000         
0.000         
0.000         
0.000         
0.000         
0.000         
0.000         
0.000         
0.000         
0.000         
0.000         
0.000         
0.000         
0.000         
0.000         
0.000         
0.000         
0.000         
0.000         
0.000         
0.000         
0.000         
0.000         
0.000         
0.000         
0.000         
0.000         
0.000         
0.000         
0.000         
0.000         
0.000         
0.000         
0.000         
0.000         
0.000         
0.000         
0.000         
0.000         
0.000         
0.000         
0.000         
0.000         
0.000         
0.000         
0.000         
0.000         
0.000         
0.000         
0.000         
0.000         
0.000         
0.000         
0.000         
0.000         
0.000         
0.000         
0.000         
0.000         
0.000         
0.000         
0.000         
0.000         
0.000         
0.000         
0.000         
0.000         
0.000         
0.000         
0.000         
0.000         
0.000         
0.000         
0.000         
0.000         
0.000         
0.000         
0.000         
0.000         
0.000         
0.000         
0.000         
0.000         
0.000         
0.000         
0.000         
0.000         
0.000         
0.000         
0.000         
0.000         
0.000         
0.000         
0.000         
0.000         
0.000         
0.000         
0.000         
0.000         
0.000         
0.000         
0.000         
0.000         
0.000         
0.000         
0.000         
0.000         
0.000         
0.000         
0.000         
0.000         
0.000         
0.000         
0.000         
0.000         
0.000         
0.000         
0.000         
0.000         
0.000         
0.000         
0.000         
0.000         
0.000         
0.000         
0.000         
0.000         
0.000         
0.000         
0.000         
0.000         
0.000         
0.000         
0.000         
0.000         
0.000         
0.000         
0.000         
0.000         
0.000         
0.000         
0.000         
0.000         
0.000         
0.000         
0.000         
0.000         
0.000         
0.000         
0.000         
0.000         
0.000         
0.000         
0.000         
0.000         
0.000         
0.000         
0.000         
0.000         
0.000         
0.000         
0.000         
0.000         
0.000         
0.000         
0.000         
0.000         
0.000         
0.000         
0.000         
0.000         
0.000         
0.000         
0.000         
0.000         
0.000         
0.000         
0.000         
0.000         
0.000         
0.000         
0.000         
0.000         
0.000         
0.000         
0.000         
0.000         
0.000         
0.000         
0.000         
0.000         
0.000         
0.000         
0.000         
0.000         
0.000         
0.000         
0.000         
0.000         
0.000         
0.000         
0.000         
0.000         
0.000         
0.000         
0.000         
0.000         
0.000         
0.000         
0.000         
0.000         
0.000         
0.000         
0.000         
0.000         
0.000         
0.000         
0.000         
0.000         
0.000         
0.000         
0.000         
0.000         
0.000         
0.000         
0.000         
0.000         
0.000         
0.000         
0.000         
0.000         
0.000         
0.000         
0.000         
0.000         
0.000         
0.000         
0.000         
0.000         
0.000         
0.000         
0.000         
0.000         
0.000         
0.000         
0.000         
0.000         
0.000         
0.000         
0.000         
0.000         
0.000         
0.000         
0.000         
0.000         
0.000         
0.000         
0.000         
0.000         
0.000         
0.000         
0.000         
0.000         
0.000         
0.000         
0.000         
0.000         
0.000         
0.000         
0.000         
0.000         
0.000         
0.000         
0.000         
0.000         
0.000         
0.000         
0.000         
0.000         
0.000         
0.000         
0.000         
0.000         
0.000         
0.000         
0.000         
0.000         
0.000         
0.000         
0.000         
0.000         
0.000         
0.000         
0.000         
0.000         
0.000         
0.000         
0.000         
0.000         
0.000         
0.000         
0.000         
0.000         
0.000         
0.000         
0.000         
0.000         
0.000         
0.000         
0.000         
0.000         
0.000         
0.000         
0.000         
0.000         
0.000         
0.000         
0.000         
0.000         
0.000         
0.000         
0.000         
0.000         
0.000         
0.000         
0.000         
0.000         
0.000         
0.000         
0.000         
0.000         
0.000         
0.000         
0.000         
0.000         
0.000         
0.000         
0.000         
0.000         
0.000         
0.000         
0.000         
0.000         
0.000         
0.000         
0.000         
0.000         
0.000         
0.000         
0.000         
0.000         
0.000         
0.000         
0.000         
0.000         
0.000         
0.000         
0.000         
0.000         
0.000         
0.000         
0.000         
0.000         
0.000         
0.000         
0.000         
0.000         
0.000         
0.000         
0.000         
0.000         
0.000         
0.000         
0.000         
0.000         
0.000         
0.000         
0.000         
0.000         
0.000         
0.000         
0.000         
0.000         
0.000         
0.000         
0.000         
0.000         
0.000         
0.000         
0.000         
0.000         
0.000         
0.000         
0.000         
0.000         
0.000         
0.000         
0.000         
0.000         
0.000         
0.000         
0.000         
0.000         
0.000         
0.000         
0.000         
0.000         
0.000         
0.000         
0.000         
0.000         
0.000         
0.000         
0.000         
0.000         
0.000         
0.000         
0.000         
0.000         
0.000         
0.000         
0.000         
0.000         
0.000         
0.000         
0.000         
0.000         
0.000         
0.000         
0.000         
0.000         
0.000         
0.000         
0.000         
0.000         
0.000         
0.000         
0.000         
0.000         
0.000         
0.000         
0.319         
15.641        
11.825        
8.569         
49.878        
5.359         
0.006         
5.989         
0.083         
0.000         
5.679         
3.905         
1.913         
0.042         
1.302         
0.000         
20.208        
4.422         
31.446        
5.828         
1.953         
8.511         
0.385         
0.098         
9.339         
1.804         
2.913         
2.296         
0.283         
1.350         
16.559        
4.013         
1.992         
0.062         
4.458         
0.304         
11.808        
0.649         
1.570         
6.779         
5.189         
0.176         
48.485        
12.719        
0.226         
21.662        
12.862        
20.840        
36.638        
3.379         
9.684         
62.519        
1.342         
6.490         
50.331        
9.889         
20.369        
0.209         
28.899        
7.827         
34.058        
68.958        
0.000         
0.000         
0.000         
0.000         
0.000         
0.000         
0.000         
0.000         
0.000         
0.000         
0.000         
0.000         
0.000         
0.000         
0.000         
0.000         
0.000         
0.000         
0.000         
0.000         
0.000         
0.000         
0.000         
0.000         
0.000         
0.000         
0.000         
0.000         
0.000         
0.000         
0.000         
0.000         
0.000         
0.000         
0.000         
0.000         
0.000         
0.000         
0.000         
0.000         
0.000         
0.000         
0.000         
0.000         
0.000         
0.000         
0.000         
0.000         
0.000         
0.000         
0.000         
0.000         
0.000         
0.000         
0.000         
0.000         
0.000         
0.000         
0.000         
0.000         
0.000         
0.000         
0.000         
0.000         
0.000         
0.000         
0.000         
0.000         
0.000         
0.000         
0.000         
0.000         
0.000         
0.000         
0.000         
0.000         
0.000         
0.000         
0.000         
0.000         
0.000         
0.000         
0.000         
0.000         
0.000         
0.000         
0.000         
0.000         
0.000         
0.000         
0.000         
0.000         
0.000         
0.000         
0.000         
0.000         
0.000         
0.000         
0.000         
0.000         
0.000         
0.000         
0.000         
0.000         
0.000         
0.000         
0.000         
0.000         
0.000         
0.000         
0.000         
0.000         
0.000         
0.000         
0.000         
0.000         
0.000         
0.000         
0.000         
0.000         
0.000         
0.000         
0.000         
0.000         
0.000         
0.000         
0.000         
0.000         
0.000         
0.000         
0.000         
0.000         
0.000         
0.000         
0.000         
0.000         
0.000         
0.000         
0.000         
0.000         
0.000         
0.000         
0.000         
0.000         
0.000         
0.000         
0.000         
0.000         
0.000         
0.000         
0.000         
0.000         
0.000         
0.000         
0.000         
0.000         
0.000         
0.000         
0.000         
0.000         
0.000         
0.000         
0.000         
0.000         
0.000         
0.000         
0.000         
0.000         
0.000         
0.000         
0.000         
0.000         
0.000         
0.000         
0.000         
0.000         
0.000         
0.000         
0.000         
0.000         
0.000         
0.000         
0.000         
0.000         
0.000         
0.000         
0.000         
0.000         
0.000         
0.000         
0.000         
0.000         
0.000         
0.000         
0.000         
0.000         
0.000         
0.000         
0.000         
0.000         
0.000         
0.000         
0.000         
0.000         
0.000         
0.000         
0.000         
0.000         
0.000         
0.000         
0.000         
0.000         
0.000         
0.000         
0.000         
0.000         
0.000         
0.000         
0.000         
0.000         
0.000         
0.000         
0.000         
0.000         
0.000         
0.000         
0.000         
0.000         
0.000         
0.000         
0.000         
0.000         
0.000         
0.000         
0.000         
0.000         
0.000         
0.000         
0.000         
0.000         
0.000         
0.000         
0.000         
0.000         
0.000         
0.000         
0.000         
0.000         
0.000         
0.000         
0.000         
0.000         
0.000         
0.000         
0.000         
0.000         
0.000         
0.000         
0.000         
0.000         
0.000         
0.000         
0.000         
0.000         
0.000         
0.000         
0.000         
0.000         
0.000         
0.000         
0.000         
0.000         
0.000         
0.000         
0.000         
0.000         
0.000         
0.000         
0.000         
0.000         
0.000         
0.000         
0.000         
0.000         
0.000         
0.000         
0.000         
0.000         
0.000         
0.000         
0.000         
0.000         
0.000         
0.000         
0.000         
0.000         
0.000         
0.000         
0.000         
0.000         
0.000         
0.000         
0.000         
0.000         
0.000         
0.000         
0.000         
0.000         
0.000         
0.000         
0.000         
0.000         
0.000         
0.000         
0.000         
0.000         
0.000         
0.000         
0.000         
0.000         
0.000         
0.000         
0.000         
0.000         
0.000         
0.000         
0.000         
0.000         
0.000         
0.000         
0.000         
0.000         
0.000         
0.000         
0.000         
0.000         
0.000         
0.000         
0.000         
0.000         
0.000         
0.000         
0.000         
0.000         
0.000         
0.000         
0.000         
0.000         
0.000         
0.000         
0.000         
0.000         
0.000         
0.000         
0.000         
0.000         
0.000         
0.000         
0.000         
0.000         
0.000         
0.000         
0.000         
0.000         
0.000         
0.000         
0.000         
0.000         
0.000         
0.000         
0.000         
0.000         
0.000         
0.000         
0.000         
0.000         
0.000         
0.000         
0.000         
0.000         
0.000         
0.000         
0.000         
0.000         
0.000         
0.000         
0.000         
0.000         
0.000         
0.000         
0.000         
0.000         
0.000         
0.000         
0.000         
0.000         
0.000         
0.000         
0.000         
0.000         
0.000         
0.000         
0.000         
0.000         
0.000         
0.000         
0.000         
0.000         
0.000         
0.000         
0.000         
0.000         
0.000         
0.000         
0.000         
0.000         
0.000         
0.000         
0.000         
0.000         
0.000         
0.000         
0.000         
0.000         
0.000         
0.000         
0.000         
0.000         
0.000         
0.000         
0.000         
0.000         
0.000         
0.000         
0.000         
0.000         
0.000         
0.000         
0.000         
0.000         
0.000         
0.000         
0.000         
0.000         
0.000         
0.000         
0.000         
0.000         
0.000         
0.000         
0.000         
0.000         
0.000         
0.000         
0.000         
0.000         
0.000         
0.000         
0.000         
0.000         
0.000         
0.000         
0.000         
0.000         
0.000         
0.000         
0.000         
0.000         
0.000         
0.000         
0.000         
0.000         
0.000         
0.000         
0.000         
0.000         
0.000         
0.000         
0.000         
0.000         
0.000         
0.000         
0.000         
0.000         
0.000         
0.000         
0.000         
0.000         
0.000         
0.000         
0.000         
0.000         
0.000         
0.000         
0.000         
0.000         
0.000         
0.000         
0.000         
0.000         
0.000         
0.000         
0.000         
0.000         
0.000         
0.000         
0.000         
0.000         
0.000         
0.000         
0.000         
0.000         
0.000         
0.000         
0.000         
0.000         
0.000         
0.000         
0.000         
0.000         
0.000         
0.000         
0.000         
0.000         
0.000         
0.000         
0.000         
0.000         
0.000         
0.000         
0.000         
0.000         
0.000         
0.000         
0.000         
0.000         
0.000         
0.000         
0.000         
0.000         
0.000         
0.000         
0.000         
0.000         
0.000         
0.000         
0.000         
0.000         
0.000         
0.000         
0.000         
0.000         
0.000         
0.000         
0.000         
0.000         
0.000         
0.000         
0.000         
0.000         
0.000         
0.000         
0.000         
0.000         
0.000         
0.000         
0.000         
0.000         
0.000         
0.000         
0.000         
0.000         
0.000         
0.000         
0.000         
0.000         
0.000         
0.000         
0.000         
0.000         
0.000         
0.000         
0.000         
0.000         
0.000         
0.000         
0.000         
0.000         
0.000         
0.000         
0.000         
0.000         
0.000         
0.000         
0.000         
0.000         
0.000         
0.000         
0.000         
0.000         
0.000         
0.000         
0.000         
0.000         
0.000         
0.000         
0.000         
0.000         
0.000         
0.000         
0.000         
0.000         
0.000         
0.000         
0.000         
0.000         
0.000         
0.000         
0.000         
0.000         
0.000         
0.000         
0.000         
0.000         
0.000         
0.000         
0.000         
0.000         
0.000         
0.000         
0.000         
0.000         
0.000         
0.000         
0.000         
0.000         
0.000         
0.000         
0.000         
0.000         
0.000         
0.000         
0.000         
0.000         
0.000         
0.000         
0.000         
0.000         
0.000         
0.000         
0.000         
0.000         
0.000         
0.000         
0.000         
0.000         
0.000         
0.000         
0.000         
0.000         
0.000         
0.000         
0.000         
0.000         
0.000         
0.000         
0.000         
0.000         
0.000         
0.000         
0.000         
0.000         
0.000         
0.000         
0.000         
0.000         
0.000         
0.000         
0.000         
0.000         
0.000         
0.000         
0.000         
0.000         
0.000         
0.000         
0.000         
0.000         
0.000         
0.000         
0.000         
0.000         
0.000         
0.000         
0.000         
0.000         
0.000         
0.000         
0.000         
0.000         
0.000         
0.000         
0.000         
0.000         
0.000         
0.000         
0.000         
0.000         
0.000         
0.000         
0.000         
0.000         
0.000         
0.000         
0.000         
0.000         
0.000         
0.000         
0.000         
0.000         
0.000         
0.000         
0.000         
0.000         
0.000         
0.000         
0.000         
0.000         
0.000         
0.000         
0.000         
0.000         
0.000         
0.000         
0.000         
0.000         
0.000         
0.000         
0.000         
0.000         
0.000         
0.000         
0.000         
0.000         
0.000         
0.000         
0.000         
0.000         
0.000         
0.000         
0.000         
0.000         
0.000         
0.000         
0.000         
0.000         
0.000         
0.000         
0.000         
0.000         
0.000         
0.000         
0.000         
0.000         
0.000         
0.000         
0.000         
0.000         
0.000         
0.000         
0.000         
0.000         
0.000         
0.000         
0.000         
0.000         
0.000         
0.000         
0.000         
0.000         
0.000         
0.000         
0.000         
0.000         
0.000         
0.000         
0.000         
0.000         
0.000         
0.000         
0.000         
0.000         
0.000         
0.000         
0.000         
0.000         
0.000         
0.000         
0.000         
0.000         
0.000         
0.000         
0.000         
0.000         
0.000         
0.000         
0.000         
0.000         
0.000         
0.000         
0.000         
0.000         
0.000         
0.000         
0.000         
0.000         
0.000         
0.000         
0.000         
0.000         
0.000         
0.000         
0.000         
0.000         
0.000         
0.000         
0.000         
0.000         
0.000         
0.000         
0.000         
0.000         
0.000         
0.000         
0.000         
0.000         
0.000         
0.000         
0.000         
0.000         
0.000         
0.000         
0.000         
0.000         
0.000         
0.000         
0.000         
0.000         
0.000         
0.000         
0.000         
0.000         
0.000         
0.000         
0.000         
0.000         
0.000         
0.000         
0.000         
0.000         
0.000         
0.000         
0.000         
0.000         
0.000         
0.000         
0.000         
0.000         
0.000         
0.000         
0.000         
0.000         
0.000         
0.000         
0.000         
0.000         
0.000         
0.000         
0.000         
0.000         
0.000         
0.000         
0.000         
0.000         
0.000         
0.000         
0.000         
0.000         
0.000         
0.000         
0.000         
0.000         
0.000         
0.000         
0.000         
0.000         
0.000         
0.000         
0.000         
0.000         
0.000         
0.000         
0.000         
0.000         
0.000         
0.000         
0.000         
0.000         
0.000         
0.000         
0.000         
0.000         
0.000         
0.000         
0.000         
0.000         
0.000         
0.000         
0.000         
0.000         
0.000         
0.000         
0.000         
0.000         
0.000         
0.000         
0.000         
0.000         
0.000         
0.000         
0.000         
0.000         
0.000         
0.000         
0.000         
0.000         
0.000         
0.000         
0.000         
0.000         
0.000         
0.000         
0.000         
0.000         
0.000         
0.000         
0.000         
0.000         
0.000         
0.000         
0.000         
0.000         
0.000         
0.000         
0.000         
0.000         
0.000         
0.000         
0.000         
0.000         
0.000         
0.000         
0.000         
0.000         
0.000         
0.000         
0.000         
0.000         
0.000         
0.000         
0.000         
0.000         
0.000         
0.000         
0.000         
0.000         
0.000         
0.000         
0.000         
0.000         
0.000         
0.000         
0.000         
0.000         
0.000         
0.000         
0.000         
0.000         
0.000         
0.000         
0.000         
0.000         
0.000         
0.000         
0.000         
0.000         
0.000         
0.000         
0.000         
0.000         
0.000         
0.000         
0.000         
0.000         
0.000         
0.000         
0.000         
0.000         
0.000         
0.000         
0.000         
0.000         
0.000         
0.000         
0.000         
0.000         
0.000         
0.000         
0.000         
0.000         
0.000         
0.000         
0.000         
0.000         
0.000         
0.000         
0.000         
0.000         
0.000         
0.000         
0.000         
0.000         
0.000         
0.000         
0.000         
0.000         
0.000         
0.000         
0.000         
0.000         
0.000         
0.000         
0.000         
0.000         
0.000         
0.000         
0.000         
0.000         
0.000         
0.000         
0.000         
0.000         
0.000         
0.000         
0.000         
0.000         
0.000         
0.000         
16.582        
9.441         
0.018         
0.686         
3.002         
0.977         
8.321         
13.201        
12.229        
0.451         
1.985         
0.522         
0.003         
26.701        
0.837         
8.077         
3.552         
1.525         
6.455         
0.240         
0.037         
0.290         
0.137         
0.072         
50.550        
5.060         
2.009         
0.212         
0.032         
18.534        
2.753         
8.327         
16.872        
0.019         
3.032         
0.000         
0.282         
3.785         
4.429         
3.761         
0.000         
0.000         
0.000         
0.000         
0.000         
0.000         
0.000         
0.000         
0.000         
0.000         
0.000         
0.000         
0.000         
0.000         
0.000         
0.000         
0.000         
0.000         
0.000         
0.000         
0.000         
0.000         
0.000         
0.000         
0.000         
0.000         
0.000         
0.000         
0.000         
0.000         
0.000         
0.000         
0.000         
0.000         
0.000         
0.000         
0.000         
0.000         
0.000         
0.000         
0.000         
0.000         
0.000         
0.000         
0.000         
0.000         
0.000         
0.000         
0.000         
0.000         
0.000         
0.000         
0.000         
0.000         
0.000         
0.000         
0.000         
0.000         
0.000         
0.000         
0.000         
0.000         
0.000         
0.000         
0.000         
0.000         
0.000         
0.000         
0.000         
0.000         
0.000         
0.000         
0.000         
0.000         
0.000         
0.000         
0.000         
0.000         
0.000         
0.000         
0.000         
0.000         
0.000         
0.000         
0.000         
0.000         
0.000         
0.000         
0.000         
0.000         
0.000         
0.000         
0.000         
0.000         
0.000         
0.000         
0.000         
0.000         
0.000         
0.000         
0.000         
0.000         
0.000         
0.000         
0.000         
0.000         
0.000         
0.000         
0.000         
0.000         
0.000         
0.000         
0.000         
0.000         
0.000         
0.000         
0.000         
0.000         
0.000         
0.000         
0.000         
0.000         
0.000         
0.000         
0.000         
0.000         
0.000         
0.000         
0.000         
0.000         
0.000         
0.000         
0.000         
0.000         
0.000         
0.000         
0.000         
0.000         
0.000         
0.000         
0.000         
0.000         
0.000         
0.000         
0.000         
0.000         
0.000         
0.000         
0.000         
0.000         
0.000         
0.000         
0.000         
0.000         
0.000         
0.000         
0.000         
0.000         
0.000         
0.000         
0.000         
0.000         
0.000         
0.000         
0.000         
0.000         
0.000         
0.000         
0.000         
0.000         
0.000         
0.000         
0.000         
0.000         
0.000         
0.000         
0.000         
0.000         
0.000         
0.000         
0.000         
0.000         
0.000         
0.000         
0.000         
0.000         
0.000         
0.000         
0.000         
0.000         
0.000         
0.000         
0.000         
0.000         
0.000         
0.000         
0.000         
0.000         
0.000         
0.000         
0.000         
0.000         
0.000         
0.000         
0.000         
0.000         
0.000         
0.000         
0.000         
0.000         
0.000         
0.000         
0.000         
0.000         
0.000         
0.000         
0.000         
0.000         
0.000         
0.000         
0.000         
0.000         
0.000         
0.000         
0.000         
0.000         
0.000         
0.000         
0.000         
0.000         
0.000         
0.000         
0.000         
0.000         
0.000         
0.000         
0.000         
0.000         
0.000         
0.000         
0.000         
0.000         
0.000         
0.000         
0.000         
0.000         
0.000         
0.000         
0.000         
0.000         
0.000         
0.000         
0.000         
0.000         
0.000         
0.000         
0.000         
0.000         
0.000         
0.000         
0.000         
0.000         
0.000         
0.000         
0.000         
0.000         
0.000         
0.000         
0.000         
0.000         
0.000         
0.000         
0.000         
0.000         
0.000         
0.000         
0.000         
0.000         
0.000         
0.000         
0.000         
0.000         
0.000         
0.000         
0.000         
0.000         
0.000         
0.000         
0.000         
0.000         
0.000         
0.000         
0.000         
0.000         
0.000         
0.000         
0.000         
0.000         
0.000         
0.000         
20.853        
108.451       
22.347        
0.144         
68.189        
135.391       
136.489       
3.474         
7.801         
8.679         
4.591         
0.411         
0.547         
36.426        
52.326        
123.043       
21.186        
0.464         
0.216         
1.053         
1.946         
7.804         
10.213        
53.077        
13.763        
19.569        
24.158        
27.548        
28.800        
17.229        
0.790         
0.886         
0.826         
0.613         
0.000         
0.030         
21.068        
11.784        
5.564         
4.376         
6.757         
1.180         
0.041         
13.867        
14.478        
7.014         
0.782         
0.691         
20.961        
1.630         
81.834        
5.007         
52.910        
1.344         
0.035         
5.622         
15.796        
5.267         
0.269         
0.389         
11.915        
85.561        
57.243        
120.169       
57.298        
25.200        
5.359         
26.912        
6.518         
18.117        
4.343         
0.580         
25.132        
99.399        
1.897         
43.008        
12.615        
5.796         
75.024        
15.895        
31.609        
151.902       
26.438        
84.815        
147.182       
28.469        
41.840        
87.589        
345.903       
206.590       
66.110        
63.946        
6.106         
0.079         
0.179         
12.801        
38.539        
13.243        
0.020         
3.967         
24.301        
0.892         
0.898         
0.045         
7.454         
1.314         
10.697        
11.543        
6.094         
161.224       
4.814         
2.150         
0.000         
22.348        
6.587         
12.068        
3.551         
0.140         
7.140         
4.638         
7.390         
0.174         
18.729        
27.702        
2.660         
2.772         
0.020         
0.029         
6.239         
1.712         
5.281         
7.504         
6.601         
20.809        
43.966        
6.463         
0.000         
0.000         
0.000         
0.000         
0.000         
0.000         
0.000         
0.000         
0.000         
0.000         
0.000         
0.000         
0.000         
0.000         
0.000         
0.000         
0.000         
0.000         
0.000         
0.000         
0.000         
0.000         
0.000         
0.000         
0.000         
0.000         
0.000         
0.000         
0.000         
0.000         
0.000         
0.000         
0.000         
0.000         
0.000         
0.000         
0.000         
0.000         
0.000         
0.000         
0.000         
0.000         
0.000         
0.000         
0.000         
0.000         
0.000         
0.000         
0.000         
0.000         
0.000         
0.000         
0.000         
0.000         
0.000         
0.000         
0.000         
0.000         
0.000         
0.000         
0.000         
0.000         
0.000         
0.000         
0.000         
0.000         
0.000         
0.000         
0.000         
0.000         
0.000         
0.000         
0.000         
0.000         
0.000         
0.000         
0.000         
0.000         
0.000         
0.000         
0.000         
0.000         
0.000         
0.000         
0.000         
0.000         
0.000         
0.000         
0.000         
0.000         
0.000         
0.000         
0.000         
0.000         
0.000         
0.000         
0.000         
0.000         
0.000         
0.000         
0.000         
0.000         
0.000         
0.000         
0.000         
0.000         
0.000         
0.000         
0.000         
0.000         
0.000         
0.000         
0.000         
0.000         
0.000         
0.000         
0.000         
0.000         
0.000         
0.000         
0.000         
0.000         
0.000         
0.000         
5.103         
0.435         
10.204        
1.013         
0.002         
0.147         
0.022         
36.383        
1.041         
9.084         
0.253         
12.089        
4.186         
1.942         
0.200         
1.638         
1.306         
1.622         
15.195        
38.192        
0.254         
4.652         
4.573         
7.482         
1.480         
19.377        
5.505         
34.310        
8.584         
3.129         
19.062        
0.090         
0.062         
31.890        
5.566         
30.871        
13.466        
6.992         
0.066         
21.970        
11.065        
21.992        
11.331        
10.677        
1.367         
19.481        
2.267         
1.866         
17.544        
0.755         
10.354        
2.528         
2.599         
14.351        
10.054        
0.001         
1.107         
0.000         
0.000         
0.000         
0.000         
0.000         
0.000         
0.000         
0.000         
0.000         
0.000         
0.000         
0.000         
0.000         
0.000         
0.000         
0.000         
0.000         
0.000         
0.000         
0.000         
0.000         
0.000         
0.000         
0.000         
0.000         
0.000         
0.000         
0.000         
0.000         
0.000         
0.000         
0.000         
0.000         
0.000         
0.000         
0.000         
0.000         
0.000         
0.000         
0.000         
0.000         
0.000         
0.000         
0.000         
0.000         
0.000         
0.000         
0.000         
0.000         
0.000         
0.000         
0.000         
0.000         
0.000         
0.000         
0.000         
3.316         
47.125        
23.633        
46.419        
7.875         
4.857         
0.677         
3.598         
0.018         
0.043         
108.610       
0.590         
70.483        
59.365        
13.403        
0.001         
0.017         
0.029         
2.567         
2.991         
0.256         
0.015         
0.000         
4.049         
0.012         
6.068         
7.066         
0.193         
0.059         
0.000         
1.854         
2.119         
2.485         
4.210         
5.971         
0.459         
0.877         
6.124         
11.536        
5.915         
0.011         
0.551         
0.044         
0.013         
0.148         
10.149        
1.095         
0.027         
14.727        
5.648         
9.669         
26.397        
24.760        
11.018        
128.257       
35.170        
163.155       
30.644        
0.878         
0.429         
5.658         
22.989        
25.786        
1.471         
0.416         
5.939         
15.160        
148.247       
127.770       
2.747         
49.668        
65.613        
0.000         
0.000         
0.000         
0.000         
0.000         
0.000         
0.000         
0.000         
0.000         
0.000         
0.000         
0.000         
0.000         
0.000         
0.000         
0.000         
0.000         
0.000         
0.000         
0.000         
0.000         
0.000         
0.000         
0.000         
0.000         
0.000         
0.000         
0.000         
0.000         
0.000         
0.000         
0.000         
0.000         
0.000         
0.000         
0.000         
0.000         
0.000         
0.000         
0.000         
0.000         
0.000         
0.000         
0.000         
0.000         
0.000         
0.000         
0.000         
0.000         
0.000         
0.000         
0.000         
0.000         
0.000         
0.000         
0.000         
0.000         
0.000         
0.000         
0.000         
0.000         
0.000         
0.000         
0.000         
0.000         
0.000         
0.000         
0.000         
0.000         
0.000         
0.000         
0.000         
0.000         
0.000         
0.000         
0.000         
0.000         
0.000         
0.000         
0.000         
0.000         
0.000         
0.000         
0.000         
0.000         
0.000         
0.000         
0.000         
0.000         
0.000         
0.000         
0.000         
0.000         
0.000         
0.000         
0.000         
0.000         
0.000         
0.000         
0.000         
0.000         
0.000         
0.000         
0.000         
0.000         
0.000         
0.000         
0.000         
0.000         
0.000         
0.000         
0.000         
0.000         
0.000         
0.000         
0.000         
0.000         
0.000         
0.000         
0.000         
0.000         
0.000         
0.000         
0.000         
0.000         
0.000         
0.000         
0.000         
0.000         
0.000         
0.000         
0.000         
0.000         
0.000         
0.000         
0.000         
0.000         
0.000         
0.000         
0.000         
0.000         
0.000         
0.000         
0.000         
0.000         
0.000         
0.000         
0.000         
0.000         
0.000         
0.000         
0.000         
0.000         
0.000         
0.000         
0.000         
0.000         
0.000         
0.000         
0.000         
0.000         
0.000         
0.000         
0.000         
0.000         
0.000         
0.000         
0.000         
0.000         
0.000         
0.000         
0.000         
0.000         
0.000         
0.000         
0.000         
0.000         
0.000         
0.000         
0.000         
0.000         
0.000         
0.000         
0.000         
0.000         
0.000         
0.000         
0.000         
0.000         
0.000         
0.000         
0.000         
0.000         
0.000         
0.000         
0.000         
0.000         
0.000         
0.000         
0.000         
0.000         
0.000         
0.000         
0.000         
0.000         
0.000         
0.000         
0.000         
0.000         
0.000         
0.000         
0.000         
0.000         
0.000         
0.000         
0.000         
0.000         
0.000         
0.000         
0.000         
0.000         
0.000         
0.000         
0.000         
0.000         
0.000         
0.000         
0.000         
0.000         
0.000         
0.000         
0.000         
0.000         
0.000         
0.000         
0.000         
0.000         
0.000         
0.000         
0.000         
0.000         
0.000         
0.000         
0.000         
0.000         
0.000         
0.000         
0.000         
0.000         
0.000         
0.000         
0.000         
0.000         
0.000         
0.000         
0.000         
0.000         
0.000         
0.000         
0.000         
0.000         
0.000         
0.000         
0.000         
0.000         
0.000         
0.000         
0.000         
0.000         
0.000         
0.000         
0.000         
0.000         
0.000         
0.000         
0.000         
0.000         
0.000         
0.000         
0.000         
0.000         
0.000         
0.000         
0.000         
0.000         
0.000         
0.000         
0.000         
0.000         
0.000         
0.000         
0.000         
0.000         
0.000         
0.000         
0.000         
0.000         
0.000         
0.000         
0.000         
0.000         
0.000         
0.000         
0.000         
0.000         
0.000         
0.000         
0.000         
0.000         
0.000         
0.000         
0.000         
0.000         
0.000         
0.000         
0.000         
0.000         
0.000         
0.000         
0.000         
0.000         
0.000         
0.000         
0.000         
0.000         
0.000         
0.000         
0.000         
0.000         
0.000         
0.000         
0.000         
0.000         
0.000         
0.000         
0.000         
0.000         
0.000         
0.000         
0.000         
0.000         
0.000         
0.000         
0.000         
0.000         
0.000         
0.000         
0.000         
0.000         
0.000         
0.000         
0.000         
0.000         
0.000         
0.000         
0.000         
0.000         
0.000         
0.000         
0.000         
0.000         
0.000         
0.000         
0.000         
0.000         
0.000         
0.000         
0.000         
0.000         
0.000         
0.000         
0.000         
0.000         
0.000         
0.000         
0.000         
0.000         
0.000         
0.000         
0.000         
0.000         
0.000         
0.000         
0.000         
0.000         
0.000         
0.000         
0.000         
0.000         
0.000         
0.000         
0.000         
0.000         
0.000         
0.000         
0.000         
0.000         
0.000         
0.000         
0.000         
0.000         
0.000         
0.000         
0.000         
0.000         
0.000         
0.000         
0.000         
0.000         
0.000         
0.000         
0.000         
0.000         
0.000         
0.000         
0.000         
0.000         
0.000         
0.000         
0.000         
0.000         
0.000         
0.000         
0.000         
0.000         
0.000         
0.000         
0.000         
0.000         
0.000         
0.000         
0.000         
0.000         
0.000         
0.000         
0.000         
0.000         
0.000         
0.000         
0.000         
0.000         
0.000         
0.000         
0.000         
0.000         
0.000         
0.000         
0.000         
0.000         
0.000         
0.000         
0.000         
0.000         
0.000         
0.000         
0.000         
0.000         
0.000         
0.000         
0.000         
0.000         
0.000         
0.000         
0.000         
0.000         
0.000         
0.000         
0.000         
0.000         
0.000         
0.000         
0.000         
0.000         
0.000         
0.000         
0.000         
0.000         
0.000         
0.000         
0.000         
0.000         
0.000         
0.000         
0.000         
0.000         
0.000         
0.000         
0.000         
0.000         
0.000         
0.000         
0.000         
0.000         
0.000         
0.000         
0.000         
0.000         
0.000         
0.000         
0.000         
0.000         
0.000         
0.000         
0.000         
0.000         
0.000         
0.000         
0.000         
0.000         
0.000         
0.000         
0.000         
0.000         
0.000         
0.000         
0.000         
0.000         
0.000         
0.000         
0.000         
0.000         
0.000         
0.000         
0.000         
0.000         
0.000         
0.000         
0.000         
0.000         
0.000         
0.000         
0.000         
0.000         
0.000         
0.000         
0.000         
0.000         
0.000         
0.000         
0.000         
0.000         
0.000         
0.000         
0.000         
0.000         
0.000         
0.000         
0.000         
0.000         
0.000         
0.000         
0.000         
0.000         
0.000         
0.000         
0.000         
0.000         
0.000         
0.000         
0.000         
0.000         
0.000         
0.000         
0.000         
0.000         
0.000         
0.000         
0.000         
0.000         
0.000         
0.000         
0.000         
0.000         
0.000         
0.000         
0.000         
0.000         
0.000         
0.000         
0.000         
0.000         
0.000         
0.000         
0.000         
0.000         
0.000         
0.000         
0.000         
0.000         
0.000         
0.000         
0.000         
0.000         
0.000         
0.000         
0.000         
0.000         
0.000         
0.000         
0.000         
0.000         
0.000         
0.000         
0.000         
0.000         
0.000         
0.000         
0.000         
0.000         
0.000         
0.000         
0.000         
0.000         
0.000         
0.000         
0.000         
0.000         
0.000         
0.000         
0.000         
0.000         
0.000         
0.000         
0.000         
0.000         
0.000         
0.000         
0.000         
0.000         
0.000         
0.000         
0.000         
0.000         
0.000         
0.000         
0.000         
0.000         
0.000         
0.000         
0.000         
0.000         
0.000         
0.000         
0.000         
0.000         
0.000         
0.000         
0.000         
0.000         
0.000         
0.000         
0.000         
0.000         
0.000         
0.000         
0.000         
0.000         
0.000         
0.000         
0.000         
0.000         
0.000         
0.000         
0.000         
0.000         
0.000         
0.000         
0.000         
0.000         
0.000         
0.000         
17.221        
1.653         
10.208        
2.629         
50.296        
25.692        
2.685         
2.050         
24.566        
4.658         
0.002         
0.004         
12.387        
0.294         
7.733         
0.151         
1.402         
2.073         
0.002         
2.829         
0.025         
29.570        
13.781        
0.213         
22.621        
0.859         
4.359         
7.705         
40.777        
6.844         
4.914         
2.333         
0.000         
25.366        
2.167         
0.000         
1.536         
30.340        
21.201        
0.087         
10.661        
21.846        
3.104         
0.000         
4.866         
2.977         
16.101        
25.061        
4.489         
12.560        
43.085        
7.017         
3.539         
2.278         
71.568        
11.843        
162.728       
8.648         
0.000         
0.000         
0.000         
0.000         
0.000         
0.000         
0.000         
0.000         
0.000         
0.000         
0.000         
0.000         
0.000         
0.000         
0.000         
0.000         
0.000         
0.000         
0.000         
0.000         
0.000         
0.000         
0.000         
0.000         
0.000         
0.000         
0.000         
0.000         
0.000         
0.000         
0.000         
0.000         
0.000         
0.000         
0.000         
0.000         
0.000         
0.000         
0.000         
0.000         
0.000         
0.000         
0.000         
0.000         
0.000         
0.000         
0.000         
0.000         
0.000         
0.000         
0.000         
0.000         
0.000         
0.000         
0.000         
0.000         
0.000         
0.000         
0.000         
0.000         
0.000         
0.000         
0.000         
0.000         
0.000         
0.000         
0.000         
0.000         
0.000         
0.000         
0.000         
0.000         
0.000         
0.000         
0.000         
0.000         
0.000         
0.000         
0.000         
0.000         
0.000         
0.000         
0.000         
0.000         
0.000         
0.000         
0.000         
0.000         
0.000         
0.000         
0.000         
0.000         
0.000         
0.000         
0.000         
0.000         
0.000         
0.000         
0.000         
0.000         
0.000         
0.000         
0.000         
0.000         
0.000         
0.000         
0.000         
0.000         
0.000         
0.000         
0.000         
0.000         
0.000         
0.000         
0.000         
0.000         
0.000         
0.000         
0.000         
0.000         
0.000         
0.000         
0.000         
0.000         
0.000         
0.000         
0.000         
0.000         
0.000         
0.000         
0.000         
0.000         
0.000         
0.000         
0.000         
0.000         
0.000         
0.000         
0.000         
0.000         
0.000         
0.000         
0.000         
0.000         
0.000         
0.000         
0.000         
0.000         
0.000         
0.000         
0.000         
0.000         
0.000         
0.000         
0.000         
0.000         
0.000         
0.000         
0.000         
0.000         
0.000         
0.000         
0.000         
0.000         
0.000         
0.000         
0.000         
0.000         
0.000         
0.000         
0.000         
0.000         
0.000         
0.000         
0.000         
0.000         
0.000         
0.000         
0.000         
0.000         
0.000         
0.000         
0.000         
0.000         
0.000         
0.000         
0.000         
0.000         
0.000         
0.000         
0.000         
0.000         
0.000         
0.000         
0.000         
0.000         
0.000         
0.000         
0.000         
0.000         
0.000         
0.000         
0.000         
0.000         
0.000         
0.000         
0.000         
0.000         
0.000         
0.000         
0.000         
0.000         
0.000         
0.000         
0.000         
0.000         
0.000         
0.000         
0.000         
0.000         
0.000         
0.000         
0.000         
0.000         
0.000         
0.000         
0.000         
0.000         
0.000         
0.000         
0.000         
0.000         
0.000         
0.000         
0.000         
0.000         
0.000         
0.000         
0.000         
0.000         
0.000         
0.000         
0.000         
0.000         
0.000         
0.000         
0.000         
0.000         
0.000         
0.000         
0.000         
0.000         
0.000         
0.000         
0.000         
0.000         
0.000         
0.000         
0.000         
0.000         
0.000         
0.000         
0.000         
0.000         
0.000         
0.000         
0.000         
0.000         
0.000         
0.000         
0.000         
0.000         
0.000         
0.000         
0.000         
0.000         
0.000         
0.000         
0.000         
0.000         
0.000         
0.000         
0.000         
0.000         
0.000         
0.000         
0.000         
0.000         
0.000         
0.000         
0.000         
0.000         
0.000         
0.000         
0.000         
0.000         
0.000         
0.000         
0.000         
0.000         
0.000         
0.000         
0.000         
0.000         
0.000         
0.000         
0.000         
0.000         
0.000         
0.000         
0.000         
0.000         
0.000         
0.000         
0.000         
0.000         
0.000         
0.000         
0.000         
0.000         
0.000         
0.000         
0.000         
0.000         
0.000         
0.000         
0.000         
0.000         
0.000         
0.000         
0.000         
0.000         
0.000         
0.000         
0.000         
0.000         
0.000         
0.000         
0.000         
0.000         
0.000         
0.000         
0.000         
0.000         
0.000         
0.000         
0.000         
0.000         
0.000         
0.000         
0.000         
0.000         
0.000         
0.000         
0.000         
0.000         
0.000         
0.000         
0.000         
0.000         
0.000         
0.000         
0.000         
0.000         
0.000         
0.000         
0.000         
0.000         
0.000         
0.000         
0.000         
0.000         
0.000         
0.000         
0.000         
0.000         
0.000         
0.000         
0.000         
0.000         
0.000         
0.000         
0.000         
0.000         
0.000         
0.000         
0.000         
0.000         
0.000         
0.000         
0.000         
0.000         
0.000         
0.000         
0.000         
0.000         
0.000         
0.000         
0.000         
0.000         
0.000         
0.000         
0.000         
0.000         
0.000         
0.000         
0.000         
0.000         
0.000         
0.000         
0.000         
0.000         
0.000         
0.000         
0.000         
0.000         
0.000         
0.000         
0.000         
0.000         
0.000         
0.000         
0.000         
0.000         
0.000         
0.000         
0.000         
0.000         
0.000         
0.000         
0.000         
0.000         
0.000         
0.000         
0.000         
0.000         
0.000         
0.000         
0.000         
0.000         
0.000         
0.000         
0.000         
0.000         
0.000         
0.000         
0.000         
0.000         
0.000         
0.000         
0.000         
0.000         
0.000         
0.000         
0.000         
0.000         
0.000         
0.000         
0.000         
0.000         
0.000         
0.000         
0.000         
0.000         
0.000         
0.000         
0.000         
0.000         
0.000         
0.000         
0.000         
0.000         
0.000         
0.000         
0.000         
0.000         
0.000         
0.000         
0.000         
0.000         
0.000         
0.000         
0.000         
0.000         
0.000         
0.000         
0.000         
0.000         
0.000         
0.000         
0.000         
0.000         
0.000         
0.000         
0.000         
0.000         
0.000         
0.000         
0.000         
0.000         
0.000         
0.000         
0.000         
0.000         
0.000         
0.000         
0.000         
0.000         
0.000         
0.000         
0.000         
0.000         
0.000         
0.000         
0.000         
0.000         
0.000         
0.000         
0.000         
0.000         
0.000         
0.000         
0.000         
0.000         
0.000         
0.000         
0.000         
0.000         
0.000         
0.000         
0.000         
0.000         
0.000         
0.000         
0.000         
0.000         
0.000         
0.000         
0.000         
0.000         
0.000         
0.000         
0.000         
0.000         
0.000         
0.000         
0.000         
0.000         
0.000         
0.000         
0.000         
0.000         
0.000         
0.000         
0.000         
0.000         
0.000         
0.000         
0.000         
0.000         
0.000         
0.000         
0.000         
0.000         
0.000         
0.000         
0.000         
0.000         
0.000         
0.000         
0.000         
0.000         
0.000         
0.000         
0.000         
0.000         
0.000         
0.000         
0.000         
0.000         
0.000         
0.000         
0.000         
0.000         
0.000         
0.000         
0.000         
0.000         
0.000         
0.000         
0.000         
0.000         
0.000         
0.000         
0.000         
0.000         
0.000         
0.000         
0.000         
0.000         
0.000         
0.000         
0.000         
0.000         
0.000         
0.000         
0.000         
0.000         
0.000         
0.000         
0.000         
0.000         
0.000         
0.000         
0.000         
0.000         
0.000         
0.000         
0.000         
0.000         
0.000         
0.000         
0.000         
0.000         
0.000         
0.000         
0.000         
0.000         
0.000         
0.000         
0.000         
0.000         
0.000         
0.000         
0.000         
0.000         
0.000         
0.000         
0.000         
0.000         
0.000         
0.000         
0.000         
0.000         
0.000         
0.000         
0.000         
0.000         
0.000         
0.000         
0.000         
0.000         
0.000         
0.000         
0.000         
0.000         
0.000         
0.000         
0.000         
0.000         
0.000         
0.000         
0.000         
0.000         
0.000         
0.000         
0.000         
0.000         
0.000         
0.000         
0.000         
0.000         
0.000         
0.000         
0.000         
0.000         
0.000         
0.000         
0.000         
0.000         
0.000         
0.000         
0.000         
0.000         
0.000         
0.000         
0.000         
0.000         
0.000         
0.000         
0.000         
0.000         
0.000         
0.000         
0.000         
0.000         
0.000         
0.000         
0.000         
0.000         
0.000         
0.000         
0.000         
0.000         
0.000         
0.000         
0.000         
0.000         
0.000         
0.000         
0.000         
0.000         
0.000         
0.000         
0.000         
0.000         
0.000         
0.000         
0.000         
0.000         
0.000         
0.000         
0.000         
0.000         
0.000         
0.000         
0.000         
0.000         
0.000         
0.000         
0.000         
0.000         
0.000         
0.000         
0.000         
0.000         
0.000         
0.000         
0.000         
0.000         
0.000         
0.000         
0.000         
0.000         
0.000         
0.000         
0.000         
0.000         
0.000         
0.000         
0.000         
0.000         
0.000         
0.000         
0.000         
0.000         
0.000         
0.000         
0.000         
0.000         
0.000         
0.000         
0.000         
0.000         
0.000         
0.000         
0.000         
0.000         
0.000         
0.000         
0.000         
0.000         
0.000         
0.000         
0.000         
0.000         
0.000         
0.000         
0.000         
0.000         
0.000         
0.000         
0.000         
0.000         
0.000         
0.000         
0.000         
0.000         
0.000         
0.000         
0.000         
0.000         
0.000         
0.000         
0.000         
0.000         
0.000         
0.000         
0.000         
0.000         
0.000         
0.000         
0.000         
0.000         
0.000         
0.000         
0.000         
0.000         
0.000         
0.000         
0.000         
0.000         
0.000         
0.000         
0.000         
0.000         
0.000         
0.000         
0.000         
0.000         
0.000         
0.000         
0.000         
0.000         
0.000         
0.000         
0.000         
0.000         
0.000         
0.000         
0.000         
0.000         
0.000         
0.000         
0.000         
0.000         
0.000         
0.000         
0.000         
0.000         
0.000         
0.000         
0.000         
0.000         
0.000         
0.000         
0.000         
0.000         
0.000         
0.000         
0.000         
0.000         
0.000         
0.000         
0.000         
0.000         
0.000         
0.000         
0.000         
0.000         
0.000         
0.000         
0.000         
0.000         
0.000         
0.000         
0.000         
0.000         
0.000         
0.000         
0.000         
0.000         
0.000         
0.000         
0.000         
0.000         
0.000         
0.000         
0.000         
0.000         
0.000         
0.000         
0.000         
0.000         
0.000         
0.000         
0.000         
0.000         
0.000         
0.000         
0.000         
0.000         
0.000         
0.000         
0.000         
0.000         
0.000         
0.000         
0.000         
0.000         
0.000         
0.000         
0.000         
0.000         
0.000         
0.000         
0.000         
0.000         
0.000         
0.000         
0.000         
0.000         
0.000         
0.000         
0.000         
0.000         
0.000         
0.000         
0.000         
0.000         
0.000         
0.000         
0.000         
0.000         
0.000         
0.000         
0.000         
0.000         
0.000         
0.000         
0.000         
0.000         
0.000         
0.000         
0.000         
0.000         
0.000         
0.000         
0.000         
0.000         
0.000         
0.000         
0.000         
0.000         
0.000         
0.000         
0.000         
0.000         
0.000         
0.000         
0.000         
0.000         
0.000         
0.000         
0.000         
0.000         
0.000         
0.000         
0.000         
0.000         
0.000         
0.000         
0.000         
0.000         
0.000         
0.000         
0.000         
0.000         
0.000         
0.000         
0.000         
0.000         
0.000         
0.000         
0.000         
0.000         
0.000         
0.000         
0.000         
0.000         
0.000         
0.000         
0.000         
0.000         
0.000         
0.000         
0.000         
0.000         
0.000         
0.000         
0.000         
0.000         
0.000         
0.000         
0.000         
0.000         
0.000         
0.000         
0.000         
0.000         
0.000         
0.000         
0.000         
0.000         
0.000         
0.000         
0.000         
0.000         
0.000         
0.000         
0.000         
0.000         
0.000         
0.000         
0.000         
0.000         
0.000         
0.000         
0.000         
0.000         
0.000         
0.000         
0.000         
0.000         
0.000         
0.000         
0.000         
0.000         
0.000         
0.000         
0.000         
0.000         
0.000         
0.000         
0.000         
0.000         
0.000         
0.000         
0.000         
0.000         
0.000         
0.000         
0.000         
0.000         
0.000         
0.000         
0.000         
0.000         
0.000         
0.000         
0.000         
0.000         
0.000         
0.000         
0.000         
0.000         
0.000         
0.000         
0.000         
0.000         
0.000         
0.000         
0.000         
0.000         
0.000         
0.000         
0.000         
0.000         
0.000         
0.000         
0.000         
0.000         
0.000         
0.000         
0.000         
0.000         
0.000         
0.000         
0.000         
0.000         
0.000         
0.000         
0.000         
0.000         
0.000         
0.000         
0.000         
0.000         
0.000         
0.000         
0.000         
0.000         
0.000         
0.000         
0.000         
0.000         
0.000         
0.000         
0.000         
0.000         
0.000         
0.000         
0.000         
0.000         
0.000         
0.000         
0.000         
0.000         
0.000         
0.000         
0.000         
0.000         
0.000         
0.000         
0.000         
0.000         
0.000         
0.000         
0.000         
0.000         
0.000         
0.000         
0.000         
0.000         
0.000         
0.000         
0.000         
0.000         
0.000         
0.000         
0.000         
0.000         
0.000         
0.000         
0.000         
0.000         
0.000         
0.000         
0.000         
0.000         
0.000         
0.000         
0.000         
0.000         
0.000         
0.000         
0.000         
0.000         
0.000         
0.000         
0.000         
0.000         
0.000         
0.000         
0.000         
0.000         
0.000         
0.000         
0.000         
0.000         
0.000         
0.000         
0.000         
0.000         
0.000         
0.000         
0.000         
0.000         
0.000         
0.000         
0.000         
0.000         
0.000         
0.000         
0.000         
0.000         
0.000         
0.000         
0.000         
0.000         
0.000         
0.000         
0.000         
0.000         
0.000         
0.000         
0.000         
0.000         
0.000         
0.000         
0.000         
0.000         
0.000         
0.000         
0.000         
0.000         
0.000         
0.000         
0.000         
0.000         
0.000         
0.000         
0.000         
0.000         
0.000         
0.000         
0.000         
0.000         
0.000         
0.000         
0.000         
0.000         
0.000         
0.000         
0.000         
0.000         
0.000         
0.000         
0.000         
0.000         
0.000         
0.000         
0.000         
0.000         
0.000         
0.000         
0.000         
0.000         
0.000         
0.000         
0.000         
0.000         
0.000         
0.000         
0.000         
0.000         
0.000         
0.000         
0.000         
0.000         
0.000         
0.000         
0.000         
0.000         
0.000         
0.000         
0.000         
0.000         
0.000         
0.000         
0.000         
0.000         
0.000         
0.000         
0.000         
0.000         
0.000         
0.000         
0.000         
0.000         
0.000         
0.000         
0.000         
0.000         
0.000         
0.000         
0.000         
0.000         
0.000         
0.000         
0.000         
0.000         
0.000         
0.000         
0.000         
0.000         
0.000         
0.000         
0.000         
0.000         
0.000         
0.000         
0.000         
0.000         
0.000         
0.000         
0.000         
0.000         
0.000         
0.000         
0.000         
0.000         
0.000         
0.000         
0.000         
0.000         
0.000         
0.000         
0.000         
0.000         
0.000         
0.000         
0.000         
0.000         
0.000         
0.000         
0.000         
0.000         
0.000         
0.000         
0.000         
0.000         
0.000         
0.000         
0.000         
0.000         
0.000         
0.000         
0.000         
0.000         
0.000         
0.000         
0.000         
0.000         
0.000         
0.000         
0.000         
0.000         
0.000         
0.000         
0.000         
0.000         
0.000         
0.000         
0.000         
0.000         
0.000         
0.000         
0.000         
0.000         
0.000         
0.000         
0.000         
0.000         
0.000         
0.000         
0.000         
0.000         
0.000         
0.000         
0.000         
0.000         
0.000         
0.000         
0.000         
0.000         
0.000         
0.000         
0.000         
0.000         
0.000         
0.000         
0.000         
0.000         
0.000         
0.000         
0.000         
0.000         
0.000         
0.000         
0.000         
0.000         
0.000         
0.000         
0.000         
0.000         
0.000         
0.000         
0.000         
0.000         
0.000         
0.000         
0.000         
4.136         
5.547         
0.010         
3.833         
13.652        
0.035         
0.001         
18.932        
3.213         
9.902         
0.291         
4.809         
4.379         
0.014         
4.917         
0.548         
0.301         
13.816        
32.735        
41.980        
34.462        
7.359         
45.032        
25.709        
8.352         
2.003         
12.820        
2.476         
10.775        
10.526        
0.469         
5.189         
0.471         
10.816        
2.053         
1.877         
2.718         
16.639        
0.832         
2.436         
3.372         
37.996        
14.989        
0.134         
9.363         
1.966         
23.497        
0.000         
0.065         
0.189         
26.024        
12.725        
5.127         
9.699         
0.514         
0.055         
31.894        
1.885         
1.296         
10.024        
5.690         
209.031       
6.371         
0.775         
22.850        
9.309         
0.340         
0.429         
13.122        
9.147         
6.316         
25.287        
72.177        
9.772         
35.897        
26.444        
11.602        
6.349         
11.174        
23.080        
0.816         
22.948        
5.068         
25.151        
1.970         
14.651        
60.433        
50.392        
17.252        
31.644        
15.345        
3.726         
27.468        
0.073         
10.609        
5.592         
27.411        
18.848        
60.111        
4.122         
6.341         
5.137         
13.713        
0.333         
5.458         
2.293         
20.862        
16.074        
1.961         
4.114         
12.705        
1.722         
4.338         
12.805        
0.008         
3.430         
0.257         
12.484        
0.047         
17.311        
10.474        
11.441        
6.338         
14.406        
25.495        
6.309         
4.814         
5.164         
8.584         
40.421        
25.860        
4.346         
26.443        
9.789         
24.837        
19.947        
2.485         
16.644        
6.754         
74.691        
11.995        
24.244        
42.012        
8.330         
11.248        
0.000         
0.000         
0.000         
0.000         
0.000         
0.000         
0.000         
0.000         
0.000         
0.000         
0.000         
0.000         
0.000         
0.000         
0.000         
0.000         
0.000         
0.000         
0.000         
0.000         
0.000         
0.000         
0.000         
0.000         
0.000         
0.000         
0.000         
0.000         
0.000         
0.000         
0.000         
0.000         
0.000         
0.000         
0.000         
0.000         
0.000         
0.000         
0.000         
0.000         
0.000         
0.000         
0.000         
0.000         
0.000         
0.000         
0.000         
0.000         
0.000         
0.000         
0.000         
0.000         
0.000         
0.000         
0.000         
0.000         
0.000         
0.000         
0.000         
0.000         
0.000         
0.000         
0.000         
0.000         
0.000         
0.000         
0.000         
0.000         
0.000         
0.000         
0.000         
0.000         
0.000         
0.000         
0.000         
0.000         
0.000         
0.000         
0.000         
0.000         
0.000         
0.000         
0.000         
0.000         
0.000         
0.000         
0.000         
0.000         
0.000         
0.000         
0.000         
0.000         
0.000         
0.000         
0.000         
0.000         
0.000         
0.000         
0.000         
0.000         
0.000         
0.000         
0.000         
0.000         
0.000         
0.000         
0.000         
0.000         
0.000         
0.000         
0.000         
0.000         
0.000         
0.000         
0.000         
0.000         
0.000         
0.000         
0.000         
0.000         
0.000         
0.000         
0.000         
0.000         
0.000         
0.000         
0.000         
0.000         
0.000         
0.000         
0.000         
0.000         
0.000         
0.000         
0.000         
0.000         
0.000         
0.000         
0.000         
0.000         
0.000         
0.000         
0.000         
0.000         
0.000         
0.000         
0.000         
0.000         
0.000         
0.000         
0.000         
0.000         
0.000         
0.000         
0.000         
0.000         
0.000         
0.000         
0.000         
0.000         
0.000         
0.000         
0.000         
0.000         
0.000         
0.000         
0.000         
0.000         
0.000         
0.000         
0.000         
0.000         
0.000         
0.000         
0.000         
0.000         
0.000         
0.000         
0.000         
0.000         
0.000         
0.000         
0.000         
0.000         
0.000         
0.000         
0.000         
0.000         
0.000         
0.000         
0.000         
0.000         
0.000         
0.000         
0.000         
0.000         
0.000         
0.000         
0.000         
0.000         
0.000         
0.000         
0.000         
0.000         
0.000         
0.000         
0.000         
0.000         
0.000         
0.000         
0.000         
0.000         
0.000         
0.000         
0.000         
0.000         
0.000         
0.000         
0.000         
0.000         
0.000         
0.000         
0.000         
0.000         
0.000         
0.000         
0.000         
0.000         
0.000         
0.000         
0.000         
0.000         
0.000         
0.000         
0.000         
0.000         
0.000         
0.000         
0.000         
0.000         
0.000         
0.000         
0.000         
0.000         
0.000         
0.000         
0.000         
0.000         
0.000         
0.000         
0.000         
0.000         
0.000         
0.000         
0.000         
0.000         
0.000         
0.000         
0.000         
0.000         
0.000         
0.000         
0.000         
0.000         
0.000         
0.000         
0.000         
0.000         
0.000         
0.000         
0.000         
0.000         
0.000         
0.000         
0.000         
0.000         
0.000         
0.000         
0.000         
0.000         
0.000         
0.000         
0.000         
0.000         
0.000         
0.000         
0.000         
0.000         
0.000         
0.000         
0.000         
0.000         
0.000         
0.000         
0.000         
0.000         
0.000         
0.000         
0.000         
0.000         
0.000         
0.000         
0.000         
0.000         
0.000         
0.000         
0.000         
0.000         
0.000         
0.000         
0.000         
0.000         
0.000         
0.000         
0.000         
0.000         
0.000         
0.000         
0.000         
0.000         
0.000         
0.000         
0.000         
0.000         
0.000         
0.000         
0.000         
0.000         
0.000         
0.000         
0.000         
0.000         
0.000         
0.000         
0.000         
0.000         
0.000         
0.000         
0.000         
0.000         
0.000         
0.000         
0.000         
0.000         
0.000         
0.000         
0.000         
0.000         
0.000         
0.000         
0.000         
0.000         
0.000         
0.000         
0.000         
0.000         
0.000         
0.000         
0.000         
0.000         
0.000         
0.000         
0.000         
0.000         
0.000         
0.000         
0.000         
0.000         
0.000         
0.000         
0.000         
0.000         
0.000         
0.000         
0.000         
0.000         
0.000         
0.000         
0.000         
0.000         
0.000         
0.000         
0.000         
0.000         
0.000         
0.000         
0.000         
0.000         
0.000         
0.000         
0.000         
0.000         
0.000         
0.000         
0.000         
0.000         
0.000         
0.000         
0.000         
0.000         
0.000         
0.000         
0.000         
0.000         
0.000         
0.000         
0.000         
0.000         
0.000         
0.000         
0.000         
0.000         
0.000         
0.000         
0.000         
0.000         
0.000         
0.000         
0.000         
0.000         
0.000         
0.000         
0.000         
0.000         
0.000         
0.000         
0.000         
0.000         
0.000         
0.000         
0.000         
0.000         
0.000         
0.000         
0.000         
0.000         
0.000         
0.000         
0.000         
0.000         
0.000         
0.000         
0.000         
0.000         
0.000         
0.000         
0.000         
0.000         
0.000         
0.000         
0.000         
0.000         
0.000         
0.000         
0.000         
0.000         
0.000         
0.000         
0.000         
0.000         
0.000         
0.000         
0.000         
0.000         
0.000         
0.000         
0.000         
0.000         
0.000         
0.000         
0.000         
0.000         
0.000         
0.000         
0.000         
0.000         
0.000         
0.000         
0.000         
0.000         
0.000         
0.000         
0.000         
0.000         
0.000         
0.000         
0.000         
0.000         
0.000         
0.000         
0.000         
0.000         
0.000         
0.000         
0.000         
0.000         
0.000         
0.000         
0.000         
0.000         
0.000         
0.000         
0.000         
0.000         
0.000         
0.000         
0.000         
0.000         
0.000         
0.000         
0.000         
0.000         
0.000         
0.000         
0.000         
0.000         
0.000         
0.000         
0.000         
0.000         
0.000         
0.000         
0.000         
0.000         
0.000         
0.000         
0.000         
0.000         
0.000         
0.000         
0.000         
0.000         
0.000         
0.000         
0.000         
0.000         
0.000         
0.000         
0.000         
0.000         
0.000         
0.000         
0.000         
0.000         
0.000         
0.000         
0.000         
0.000         
0.000         
0.000         
0.000         
0.000         
0.000         
0.000         
0.000         
0.000         
0.000         
0.000         
0.000         
0.000         
0.000         
0.000         
0.000         
0.000         
0.000         
0.000         
0.000         
0.000         
0.000         
0.000         
0.000         
0.000         
0.000         
0.000         
0.000         
0.000         
0.000         
0.000         
0.000         
0.000         
0.000         
0.000         
0.000         
0.000         
0.000         
0.000         
1.890         
10.840        
6.973         
2.661         
13.839        
57.374        
24.637        
29.691        
37.843        
1.936         
4.630         
0.446         
0.342         
0.002         
3.215         
11.246        
2.859         
5.448         
3.385         
0.608         
41.153        
43.102        
1.219         
0.101         
0.025         
36.490        
0.603         
17.798        
0.000         
24.773        
3.881         
3.510         
0.202         
5.427         
17.230        
0.049         
7.648         
5.717         
11.345        
0.012         
5.732         
6.942         
32.371        
32.017        
19.944        
0.430         
0.620         
5.727         
9.467         
0.174         
1.350         
1.223         
30.743        
0.634         
5.926         
0.011         
33.696        
2.457         
8.452         
110.599       
5.228         
237.440       
119.817       
0.000         
0.000         
0.000         
0.000         
0.000         
0.000         
0.000         
0.000         
0.000         
0.000         
0.000         
0.000         
0.000         
0.000         
0.000         
0.000         
0.000         
0.000         
0.000         
0.000         
0.000         
0.000         
0.000         
0.000         
0.000         
0.000         
0.000         
0.000         
0.000         
0.000         
0.000         
0.000         
0.000         
0.000         
0.000         
0.000         
0.000         
0.000         
0.000         
0.000         
0.000         
0.000         
0.000         
0.000         
0.000         
0.000         
0.000         
0.000         
0.000         
0.000         
0.000         
0.000         
0.000         
0.000         
0.000         
0.000         
0.000         
0.000         
0.000         
0.000         
0.000         
0.000         
0.000         
0.000         
0.000         
0.000         
0.000         
0.000         
0.000         
0.000         
0.000         
0.000         
0.000         
0.000         
0.000         
0.000         
0.000         
0.000         
0.000         
0.000         
0.000         
0.000         
0.000         
0.000         
0.000         
0.000         
0.000         
0.000         
0.000         
0.000         
0.000         
0.000         
0.000         
0.000         
0.000         
0.000         
0.000         
0.000         
0.000         
0.000         
0.000         
0.000         
0.000         
0.000         
0.000         
0.000         
0.000         
0.000         
0.000         
0.000         
0.000         
0.000         
0.000         
0.000         
0.000         
0.000         
0.000         
0.000         
0.000         
0.000         
0.000         
0.000         
0.000         
0.000         
0.000         
0.000         
0.000         
0.000         
0.000         
0.000         
0.000         
0.000         
0.000         
0.000         
0.000         
0.000         
0.000         
0.000         
0.000         
0.000         
0.000         
0.000         
0.000         
0.000         
0.000         
0.000         
0.000         
0.000         
0.000         
0.000         
0.000         
0.000         
0.000         
0.000         
0.000         
0.000         
0.000         
2.512         
3.279         
20.007        
3.736         
6.557         
0.043         
0.609         
5.219         
6.489         
18.492        
3.007         
1.142         
0.204         
0.252         
17.668        
2.090         
1.554         
0.348         
0.467         
3.675         
0.484         
5.878         
0.003         
4.492         
1.287         
1.443         
1.179         
0.000         
0.137         
4.521         
0.533         
4.668         
2.070         
0.042         
4.738         
0.701         
0.000         
26.629        
0.000         
0.100         
0.178         
2.947         
0.001         
0.273         
6.212         
9.650         
3.815         
0.355         
0.091         
4.432         
0.002         
0.087         
0.540         
5.706         
0.537         
0.001         
4.763         
0.000         
0.717         
1.037         
0.024         
1.115         
0.058         
0.001         
3.087         
3.012         
12.262        
2.048         
0.014         
0.000         
0.015         
0.434         
0.012         
0.051         
15.386        
8.998         
17.675        
0.002         
10.826        
0.306         
2.241         
42.469        
0.000         
0.000         
0.000         
0.000         
0.000         
0.000         
0.000         
0.000         
0.000         
0.000         
0.000         
0.000         
0.000         
0.000         
0.000         
0.000         
0.000         
0.000         
0.000         
0.000         
0.000         
0.000         
0.000         
0.000         
0.000         
0.000         
0.000         
0.000         
0.000         
0.000         
0.000         
0.000         
0.000         
0.000         
0.000         
0.000         
0.000         
0.000         
0.000         
0.000         
0.000         
0.000         
0.000         
0.000         
0.000         
0.000         
0.000         
0.000         
0.000         
0.000         
0.000         
0.000         
0.000         
0.000         
0.000         
0.000         
0.000         
0.000         
0.000         
0.000         
0.000         
0.000         
0.000         
0.000         
0.000         
0.000         
0.000         
0.000         
0.000         
0.000         
0.000         
0.000         
0.766         
2.965         
3.813         
11.529        
1.779         
0.000         
13.665        
1.536         
0.019         
2.629         
0.197         
3.293         
10.365        
25.761        
1.245         
17.645        
4.533         
54.326        
2.957         
5.159         
43.571        
1.398         
0.883         
0.318         
0.964         
32.520        
12.524        
6.775         
6.307         
4.557         
0.070         
16.538        
1.874         
3.489         
0.808         
14.678        
0.145         
1.218         
0.147         
2.582         
13.955        
0.041         
2.642         
6.937         
0.148         
0.000         
13.689        
1.256         
0.138         
10.581        
8.026         
29.144        
0.244         
3.717         
6.151         
1.290         
32.394        
0.006         
17.987        
2.694         
60.966        
165.378       
271.636       
63.062        
31.431        
2.593         
97.132        
224.952       
32.333        
82.264        
1.003         
53.807        
106.380       
56.777        
107.704       
153.539       
65.432        
32.435        
124.000       
12.310        
14.750        
4.975         
7.513         
4.212         
22.394        
0.454         
17.289        
5.135         
0.770         
2.882         
2.263         
3.806         
36.508        
0.198         
4.439         
54.948        
4.662         
0.960         
2.634         
1.371         
0.000         
0.000         
0.000         
0.000         
0.000         
0.000         
0.000         
0.000         
0.000         
0.000         
0.000         
0.000         
0.000         
0.000         
0.000         
0.000         
0.000         
0.000         
0.000         
0.000         
0.000         
0.000         
0.000         
0.000         
0.000         
0.000         
0.000         
0.000         
0.000         
0.000         
0.000         
0.000         
0.000         
0.000         
0.000         
0.000         
0.000         
0.000         
0.000         
0.000         
0.000         
0.000         
0.000         
0.000         
0.000         
0.000         
0.000         
0.000         
0.000         
0.000         
0.000         
0.000         
0.000         
0.000         
0.000         
0.000         
0.000         
0.000         
0.000         
0.000         
0.000         
0.000         
0.000         
0.000         
0.000         
0.000         
0.000         
0.000         
0.000         
0.000         
0.000         
0.000         
0.000         
0.000         
0.000         
0.000         
0.000         
0.000         
0.000         
0.000         
0.000         
0.000         
0.000         
0.000         
0.000         
0.000         
0.000         
0.000         
0.000         
0.000         
0.000         
0.000         
0.000         
0.000         
0.000         
0.000         
0.000         
0.000         
0.000         
0.000         
0.000         
0.000         
0.000         
0.000         
0.000         
0.000         
0.000         
0.000         
0.000         
0.000         
0.000         
0.000         
0.000         
0.000         
0.000         
0.000         
0.000         
0.000         
0.000         
0.000         
0.000         
0.000         
0.000         
0.000         
0.000         
0.000         
0.000         
0.000         
0.000         
0.000         
0.000         
0.000         
0.000         
0.000         
0.000         
0.000         
0.000         
0.000         
0.000         
0.000         
0.000         
0.000         
0.000         
0.000         
0.000         
0.000         
0.000         
0.000         
0.000         
0.000         
0.000         
0.000         
0.000         
0.000         
0.000         
0.000         
0.000         
0.000         
0.000         
0.000         
0.000         
0.000         
0.000         
0.000         
0.000         
0.000         
0.000         
0.000         
0.000         
0.000         
0.000         
0.000         
0.000         
0.000         
0.000         
0.000         
0.000         
0.000         
0.000         
0.000         
0.000         
0.000         
0.000         
0.000         
0.000         
0.000         
0.000         
0.000         
0.000         
0.000         
0.000         
0.000         
0.000         
0.000         
0.000         
0.000         
0.000         
0.000         
0.000         
0.000         
0.000         
0.000         
0.000         
0.000         
0.000         
0.000         
0.000         
0.000         
0.000         
0.000         
0.000         
0.000         
0.000         
0.000         
0.000         
0.000         
0.000         
0.000         
0.000         
0.000         
0.000         
0.000         
0.000         
0.000         
0.000         
0.000         
0.000         
0.000         
0.000         
0.000         
0.000         
0.000         
0.000         
0.000         
0.000         
0.000         
0.000         
0.000         
0.000         
0.000         
0.000         
0.000         
0.000         
0.000         
0.000         
0.000         
0.000         
0.000         
0.000         
0.000         
0.000         
0.000         
0.000         
0.000         
0.000         
0.000         
0.000         
0.000         
0.000         
0.000         
0.000         
0.000         
0.000         
0.000         
0.000         
0.000         
0.000         
0.000         
0.000         
0.000         
0.000         
0.000         
0.000         
0.000         
0.000         
0.000         
0.000         
0.000         
0.000         
0.000         
0.000         
0.000         
0.000         
0.000         
0.000         
0.000         
0.000         
0.000         
0.000         
0.000         
0.000         
0.000         
0.000         
0.000         
0.000         
0.000         
0.000         
0.000         
0.000         
0.000         
0.000         
0.000         
0.000         
0.000         
0.000         
0.000         
0.000         
0.000         
0.000         
0.000         
0.000         
0.000         
0.000         
0.000         
0.000         
0.000         
0.000         
0.000         
0.000         
0.000         
0.000         
0.000         
0.000         
0.000         
0.000         
0.000         
0.000         
0.000         
0.000         
0.000         
0.000         
0.000         
0.000         
0.000         
0.000         
0.000         
0.000         
0.000         
0.000         
0.000         
0.000         
0.000         
0.000         
0.000         
0.000         
0.000         
0.000         
0.000         
0.000         
0.000         
0.000         
0.000         
0.000         
0.000         
0.000         
0.000         
0.000         
0.000         
0.000         
0.000         
0.000         
0.000         
0.000         
0.000         
0.000         
0.000         
0.000         
0.000         
0.000         
0.000         
0.000         
0.000         
0.000         
0.000         
0.000         
0.000         
0.000         
0.000         
0.000         
0.000         
0.000         
0.000         
0.000         
0.000         
0.000         
0.000         
0.000         
0.000         
0.000         
0.000         
0.000         
0.000         
0.000         
0.000         
0.000         
0.000         
0.000         
0.000         
0.000         
0.000         
0.000         
0.000         
0.000         
0.000         
0.000         
0.000         
0.000         
0.000         
0.000         
0.000         
0.000         
0.000         
0.000         
0.000         
0.000         
0.000         
0.000         
0.000         
0.000         
0.000         
0.000         
0.000         
0.000         
0.000         
0.000         
0.000         
0.000         
0.000         
0.000         
0.000         
0.000         
0.000         
0.000         
0.000         
0.000         
0.000         
0.000         
0.000         
0.000         
0.000         
0.000         
0.000         
0.000         
0.000         
0.000         
0.000         
0.000         
0.000         
0.000         
0.000         
0.000         
0.000         
0.000         
0.000         
0.000         
0.000         
0.000         
0.000         
0.000         
0.000         
0.000         
0.000         
0.000         
0.000         
0.000         
0.000         
0.000         
0.000         
0.000         
0.000         
0.000         
0.000         
0.000         
0.000         
0.000         
0.000         
0.000         
0.000         
0.000         
0.000         
0.000         
0.000         
0.000         
0.000         
0.000         
0.000         
0.000         
0.000         
0.000         
0.000         
0.000         
0.000         
0.000         
0.000         
0.000         
0.000         
0.000         
0.000         
0.000         
0.000         
0.000         
0.000         
0.000         
0.000         
0.000         
0.000         
0.000         
0.000         
0.000         
0.000         
0.000         
0.000         
0.000         
0.000         
0.000         
0.000         
0.000         
0.000         
0.000         
0.000         
0.000         
0.000         
0.000         
0.000         
0.000         
0.000         
0.000         
0.000         
0.000         
0.000         
0.000         
0.000         
0.000         
0.000         
0.000         
0.000         
0.000         
0.000         
0.000         
0.000         
0.000         
0.000         
0.000         
0.000         
0.000         
0.000         
0.000         
0.000         
0.000         
0.000         
0.000         
0.000         
0.000         
0.000         
0.000         
0.000         
0.000         
0.000         
0.000         
0.000         
0.000         
0.000         
0.000         
0.000         
0.000         
0.000         
0.000         
0.000         
0.000         
0.000         
0.000         
0.000         
0.000         
0.000         
0.000         
0.000         
0.000         
0.000         
0.000         
0.000         
0.000         
0.000         
0.000         
0.000         
0.000         
0.000         
0.000         
0.000         
0.000         
0.000         
0.000         
0.000         
0.000         
0.000         
0.000         
0.000         
0.000         
0.000         
0.000         
0.000         
0.000         
0.000         
0.000         
0.000         
0.000         
0.000         
0.000         
0.000         
0.000         
0.000         
0.000         
0.000         
0.000         
0.000         
0.000         
0.000         
0.000         
0.000         
0.000         
0.000         
0.000         
0.000         
0.000         
0.000         
0.000         
0.000         
0.000         
0.000         
0.000         
0.000         
0.000         
0.000         
0.000         
0.000         
0.000         
0.000         
0.000         
0.000         
0.000         
0.000         
0.000         
0.000         
0.000         
0.000         
0.000         
0.000         
0.000         
0.000         
0.000         
0.000         
0.000         
0.000         
0.000         
0.000         
0.000         
0.000         
0.000         
0.000         
0.000         
0.000         
0.000         
0.000         
0.000         
0.000         
0.000         
0.000         
0.000         
0.000         
0.000         
0.000         
0.000         
0.000         
0.000         
0.000         
0.000         
0.000         
0.000         
0.000         
0.000         
0.000         
0.000         
0.000         
0.000         
0.000         
0.000         
0.000         
0.000         
0.000         
0.000         
0.000         
0.000         
0.000         
0.000         
0.000         
0.000         
0.000         
0.000         
0.000         
0.000         
0.000         
0.000         
0.000         
0.000         
0.000         
0.000         
0.000         
0.000         
0.000         
0.000         
0.000         
0.000         
0.000         
0.000         
0.000         
0.000         
0.000         
0.000         
0.000         
0.000         
0.000         
0.000         
0.000         
0.000         
0.000         
0.000         
0.000         
0.000         
0.000         
0.000         
0.000         
0.000         
0.000         
0.000         
0.000         
0.000         
0.000         
0.000         
0.000         
0.000         
0.000         
0.000         
0.000         
0.000         
0.000         
0.000         
0.000         
0.000         
0.000         
0.000         
0.000         
0.000         
0.000         
0.000         
0.000         
0.000         
0.000         
0.000         
0.000         
0.000         
0.000         
0.000         
0.000         
0.000         
0.000         
0.000         
0.000         
0.000         
0.000         
0.000         
0.000         
0.000         
0.000         
0.000         
0.000         
0.000         
0.000         
0.000         
0.000         
0.000         
0.000         
0.000         
0.000         
0.000         
0.000         
0.000         
0.000         
0.000         
0.000         
0.000         
0.000         
0.000         
0.000         
0.000         
0.000         
0.000         
0.000         
0.000         
0.000         
0.000         
0.182         
5.201         
10.666        
0.427         
0.444         
0.464         
3.935         
0.045         
2.459         
1.169         
0.254         
1.299         
1.315         
0.099         
0.244         
0.549         
3.044         
7.369         
5.254         
0.724         
9.861         
0.667         
0.003         
0.454         
0.360         
8.463         
0.023         
0.448         
3.647         
2.778         
0.104         
0.600         
9.594         
14.592        
0.458         
0.442         
4.655         
9.568         
38.129        
3.637         
0.078         
1.426         
0.996         
0.321         
0.212         
0.027         
5.285         
3.348         
0.329         
4.330         
2.058         
1.653         
17.733        
2.780         
1.390         
36.882        
5.206         
6.887         
0.464         
6.790         
1.651         
19.888        
7.848         
2.650         
0.823         
74.112        
11.632        
16.028        
8.871         
0.895         
0.004         
0.291         
0.000         
0.871         
23.882        
0.311         
5.264         
9.620         
0.004         
4.479         
7.088         
22.705        
4.636         
3.157         
9.621         
8.483         
0.044         
0.050         
1.626         
3.893         
15.526        
0.871         
0.915         
2.803         
2.260         
13.403        
39.913        
11.207        
0.367         
1.627         
5.685         
0.781         
13.294        
6.243         
5.290         
3.593         
0.617         
0.001         
2.455         
2.719         
0.025         
0.000         
11.079        
0.000         
2.729         
0.488         
2.959         
0.338         
0.001         
5.258         
9.965         
4.584         
1.864         
2.732         
14.413        
6.875         
5.885         
0.000         
0.000         
0.000         
0.000         
0.000         
0.000         
0.000         
0.000         
0.000         
0.000         
0.000         
0.000         
0.000         
0.000         
0.000         
0.000         
0.000         
0.000         
0.000         
0.000         
0.000         
0.000         
0.000         
0.000         
0.000         
0.000         
0.000         
0.000         
0.000         
0.000         
0.000         
0.000         
0.000         
0.000         
0.000         
0.000         
0.000         
0.000         
0.000         
0.000         
0.000         
0.000         
0.000         
0.000         
0.000         
0.000         
0.000         
0.000         
0.000         
0.000         
0.000         
0.000         
0.000         
0.000         
0.000         
0.000         
0.000         
0.000         
0.000         
0.000         
0.000         
0.000         
0.000         
0.000         
0.000         
0.000         
0.000         
0.000         
0.000         
0.000         
0.000         
0.000         
0.000         
0.000         
0.000         
0.000         
0.000         
0.000         
0.000         
0.000         
0.000         
0.000         
0.000         
0.000         
0.000         
0.000         
0.000         
0.000         
0.000         
0.000         
0.000         
0.000         
0.000         
0.000         
0.000         
0.000         
0.000         
0.000         
0.000         
0.000         
0.000         
0.000         
0.000         
0.000         
0.000         
0.000         
0.000         
0.000         
0.000         
0.000         
0.000         
0.000         
0.000         
0.000         
0.000         
0.000         
0.000         
0.000         
0.000         
0.000         
0.000         
0.000         
0.000         
0.000         
0.000         
0.000         
0.000         
0.000         
0.000         
0.000         
0.000         
0.000         
0.000         
0.000         
0.000         
0.000         
0.000         
0.000         
0.000         
0.000         
0.000         
0.000         
0.000         
0.000         
0.000         
0.000         
0.000         
0.000         
0.000         
0.000         
0.000         
0.000         
0.000         
0.000         
0.000         
0.000         
0.000         
0.000         
0.000         
0.000         
0.000         
0.000         
0.000         
0.000         
0.000         
0.000         
0.000         
0.000         
0.000         
0.000         
0.000         
0.000         
0.000         
0.000         
0.000         
0.000         
0.000         
0.000         
0.000         
0.000         
0.000         
0.000         
0.000         
0.000         
0.000         
0.000         
0.000         
0.000         
0.000         
0.000         
0.000         
0.000         
0.000         
0.000         
0.000         
0.000         
0.000         
0.000         
0.000         
0.000         
0.000         
0.000         
0.000         
0.000         
0.000         
0.000         
0.000         
0.000         
0.000         
0.000         
0.000         
0.000         
0.000         
0.000         
0.000         
0.000         
0.000         
0.000         
0.000         
0.000         
0.000         
0.000         
0.000         
0.000         
0.000         
0.000         
0.000         
0.000         
0.000         
0.000         
0.000         
0.000         
0.000         
0.000         
0.000         
0.000         
0.000         
0.000         
0.000         
0.000         
0.000         
0.000         
0.000         
0.000         
0.000         
0.000         
0.000         
0.000         
0.000         
0.000         
0.000         
0.000         
0.000         
0.000         
0.000         
0.000         
0.000         
0.000         
0.000         
0.000         
0.000         
0.000         
0.000         
0.000         
0.000         
0.000         
0.000         
0.000         
0.000         
0.000         
0.000         
0.000         
0.000         
0.000         
0.000         
0.000         
0.000         
0.000         
0.000         
0.000         
0.000         
0.000         
0.000         
0.000         
0.000         
0.000         
0.000         
0.000         
0.000         
0.000         
0.000         
0.000         
0.000         
0.000         
0.000         
0.000         
0.000         
0.000         
0.000         
0.000         
0.000         
0.000         
0.000         
0.000         
0.000         
0.000         
0.000         
0.000         
0.000         
0.000         
0.000         
0.000         
0.000         
0.000         
0.000         
0.000         
0.000         
0.000         
0.000         
0.000         
0.000         
0.000         
0.000         
0.000         
0.000         
0.000         
0.000         
0.000         
0.000         
0.000         
0.000         
0.000         
0.000         
0.000         
0.000         
0.000         
0.000         
0.000         
0.000         
0.000         
0.000         
0.000         
0.000         
0.000         
0.000         
0.000         
0.000         
0.000         
0.000         
0.000         
0.000         
0.000         
0.000         
0.000         
0.000         
0.000         
0.000         
0.000         
0.000         
0.000         
0.000         
0.000         
0.000         
0.000         
0.000         
0.000         
0.000         
0.000         
0.000         
0.000         
0.000         
0.000         
0.000         
0.000         
0.000         
0.000         
0.000         
0.000         
0.000         
0.000         
0.000         
0.000         
0.000         
0.000         
0.000         
0.000         
0.000         
0.000         
0.000         
0.000         
0.000         
0.000         
0.000         
0.000         
0.000         
0.000         
0.000         
0.000         
0.000         
0.000         
0.000         
0.000         
0.000         
0.000         
0.000         
0.000         
0.000         
0.000         
0.000         
0.000         
0.000         
0.000         
0.000         
0.000         
0.000         
0.000         
0.000         
0.000         
0.000         
0.000         
0.000         
0.000         
0.000         
0.000         
0.000         
0.000         
0.000         
0.000         
0.000         
0.000         
0.000         
0.000         
0.000         
0.000         
0.574         
0.063         
0.217         
0.082         
17.761        
76.349        
53.212        
1.097         
0.185         
5.060         
15.852        
4.588         
46.320        
0.013         
26.653        
0.050         
18.828        
1.174         
0.527         
150.538       
22.319        
2.022         
2.331         
0.140         
2.379         
0.417         
17.921        
40.327        
4.956         
0.000         
4.455         
0.147         
0.878         
0.000         
3.972         
115.658       
9.750         
2.180         
0.000         
14.123        
6.851         
1.014         
0.523         
0.269         
5.349         
11.364        
0.309         
0.014         
3.104         
35.108        
12.741        
49.961        
8.039         
0.512         
22.854        
44.252        
104.903       
243.435       
76.137        
1.356         
0.914         
21.960        
0.358         
16.921        
4.384         
49.627        
28.757        
23.522        
64.758        
3.932         
21.787        
0.578         
3.088         
1.857         
8.863         
11.733        
21.639        
22.982        
19.264        
7.603         
0.699         
11.547        
6.357         
0.819         
5.091         
1.872         
0.374         
4.981         
1.836         
0.238         
0.081         
6.810         
7.206         
5.573         
0.000         
0.000         
0.000         
0.000         
0.000         
0.000         
0.000         
0.000         
0.000         
0.000         
0.000         
0.000         
0.000         
0.000         
0.000         
0.000         
0.000         
0.000         
0.000         
0.000         
0.000         
0.000         
0.000         
0.000         
0.000         
0.000         
0.000         
0.000         
0.000         
0.000         
0.000         
0.000         
0.000         
0.000         
0.000         
0.000         
0.000         
0.000         
0.000         
0.000         
0.000         
0.000         
0.000         
0.000         
0.000         
0.000         
0.000         
0.000         
0.000         
0.000         
0.000         
0.000         
0.000         
0.000         
0.000         
0.000         
0.000         
0.000         
0.000         
0.000         
0.000         
0.000         
0.000         
0.000         
0.000         
0.000         
0.000         
0.000         
0.000         
0.000         
0.000         
0.000         
0.000         
0.000         
0.000         
0.000         
0.000         
0.000         
0.000         
0.000         
0.000         
0.000         
0.000         
0.000         
0.000         
0.000         
0.000         
0.000         
0.000         
0.000         
0.000         
0.000         
0.000         
0.000         
0.000         
0.000         
0.000         
0.000         
0.000         
0.000         
0.000         
0.000         
0.000         
0.000         
0.000         
0.000         
0.000         
0.000         
0.000         
0.000         
0.000         
0.000         
0.000         
0.000         
0.000         
0.000         
0.000         
0.000         
0.000         
0.000         
0.000         
0.000         
0.000         
0.000         
0.000         
0.000         
0.000         
0.000         
0.000         
0.000         
0.000         
0.000         
0.000         
0.000         
0.000         
0.000         
0.000         
0.000         
0.000         
0.000         
0.000         
0.000         
0.000         
0.000         
0.000         
0.000         
0.000         
0.000         
0.000         
0.000         
0.000         
0.000         
0.000         
0.000         
0.000         
0.000         
0.000         
0.000         
0.000         
0.000         
0.000         
0.000         
0.000         
0.000         
0.000         
0.000         
0.000         
0.000         
0.000         
0.000         
0.000         
0.000         
0.000         
0.000         
0.000         
0.000         
0.000         
0.000         
0.000         
0.000         
0.000         
0.000         
0.000         
0.000         
0.000         
0.000         
0.000         
0.000         
0.000         
0.000         
0.000         
0.000         
0.000         
0.000         
0.000         
0.000         
0.000         
0.000         
0.000         
0.000         
0.000         
0.000         
0.000         
0.000         
0.000         
0.000         
0.000         
0.000         
0.000         
0.000         
0.000         
0.000         
0.000         
0.000         
0.000         
0.000         
0.000         
0.000         
0.000         
0.000         
0.000         
0.000         
0.000         
0.000         
0.000         
0.000         
0.000         
0.000         
0.000         
0.000         
0.000         
0.000         
0.000         
0.000         
0.000         
0.000         
0.000         
0.000         
0.000         
0.000         
0.000         
0.000         
0.000         
0.000         
0.000         
0.000         
0.000         
0.000         
0.000         
0.000         
0.000         
0.000         
0.000         
0.000         
0.000         
0.000         
0.000         
0.000         
0.000         
0.000         
0.000         
0.000         
0.000         
0.000         
0.000         
0.000         
3.980         
81.104        
17.092        
2.909         
0.601         
0.000         
10.815        
33.085        
9.476         
7.983         
4.333         
13.182        
25.708        
1.972         
11.308        
0.543         
0.305         
28.606        
18.433        
21.493        
3.621         
53.963        
130.814       
0.218         
7.755         
0.000         
0.898         
2.325         
15.381        
0.113         
0.011         
11.512        
5.979         
30.045        
1.272         
37.154        
19.277        
1.632         
0.122         
10.491        
0.033         
0.883         
16.711        
1.921         
0.723         
19.074        
0.122         
1.426         
3.955         
2.160         
0.037         
1.700         
16.092        
4.649         
25.377        
25.683        
4.594         
116.364       
9.530         
1.075         
12.687        
24.350        
20.472        
55.645        
83.821        
265.707       
5.427         
24.011        
104.357       
32.805        
11.148        
8.761         
29.777        
4.911         
44.769        
58.774        
231.297       
180.335       
47.966        
48.379        
18.087        
56.629        
104.138       
31.655        
26.935        
35.116        
54.425        
20.635        
9.941         
16.672        
5.829         
0.474         
20.150        
14.685        
1.165         
7.721         
35.446        
7.306         
0.623         
5.737         
1.076         
2.612         
6.854         
38.084        
28.799        
3.465         
10.463        
14.200        
21.187        
0.387         
0.883         
2.464         
55.780        
25.556        
3.283         
2.768         
8.237         
5.877         
22.598        
8.177         
4.537         
5.424         
8.226         
33.295        
16.094        
0.586         
16.367        
4.993         
0.468         
2.119         
0.883         
10.537        
41.706        
11.007        
24.194        
6.106         
16.100        
42.642        
15.750        
7.534         
0.224         
5.063         
0.433         
0.151         
4.780         
7.509         
0.013         
0.444         
0.001         
0.376         
4.016         
0.001         
0.286         
1.471         
0.085         
1.949         
0.662         
7.535         
0.002         
0.295         
0.081         
0.000         
0.000         
3.436         
0.167         
0.010         
1.024         
16.580        
1.005         
23.961        
2.424         
0.948         
62.191        
0.071         
4.302         
0.143         
0.388         
0.225         
3.261         
17.544        
0.955         
0.000         
0.156         
0.091         
0.214         
4.353         
0.145         
0.004         
0.608         
0.777         
0.080         
5.689         
1.527         
0.575         
0.159         
1.019         
0.554         
0.676         
0.091         
2.292         
0.478         
4.537         
3.966         
1.031         
0.362         
0.004         
0.082         
1.274         
5.326         
3.182         
0.696         
51.748        
56.906        
4.211         
2.064         
0.696         
20.858        
0.203         
12.063        
0.399         
33.292        
3.987         
7.767         
0.243         
1.158         
0.389         
1.886         
0.865         
8.923         
13.578        
0.127         
0.002         
0.536         
0.208         
7.375         
14.924        
0.284         
0.879         
1.659         
0.005         
0.945         
0.000         
0.850         
6.318         
1.719         
0.354         
7.633         
2.571         
0.062         
0.000         
49.787        
21.618        
2.791         
3.545         
3.290         
0.644         
0.005         
3.118         
4.510         
0.000         
0.907         
2.273         
28.364        
8.027         
2.653         
3.049         
0.297         
54.977        
10.215        
46.894        
5.853         
0.000         
1.489         
8.671         
2.162         
10.922        
4.422         
14.397        
1.429         
34.216        
2.872         
0.277         
8.851         
27.651        
7.974         
4.420         
29.662        
0.225         
0.574         
0.185         
0.294         
9.486         
4.853         
25.862        
0.079         
1.139         
0.087         
5.792         
0.000         
2.632         
2.338         
14.607        
0.141         
1.111         
2.144         
1.657         
2.513         
0.017         
8.424         
0.036         
0.158         
1.332         
19.477        
1.592         
18.981        
0.000         
0.000         
0.000         
0.000         
0.000         
0.000         
0.000         
0.000         
0.000         
0.000         
0.000         
0.000         
0.000         
0.000         
0.000         
0.000         
0.000         
0.000         
0.000         
0.000         
0.000         
0.000         
0.000         
0.000         
0.000         
0.000         
0.000         
0.000         
0.000         
0.000         
0.000         
0.000         
0.000         
0.000         
0.000         
0.000         
0.000         
0.000         
0.000         
0.000         
0.000         
0.000         
0.000         
0.000         
0.000         
0.000         
0.000         
0.000         
0.000         
0.000         
0.000         
0.000         
0.000         
0.000         
0.000         
0.000         
0.000         
0.000         
0.000         
0.000         
0.000         
0.000         
0.000         
0.000         
0.000         
0.000         
0.000         
0.000         
0.000         
0.000         
0.000         
0.000         
0.000         
0.000         
0.000         
0.000         
0.000         
0.000         
0.000         
0.000         
0.000         
0.000         
0.000         
0.000         
0.000         
0.000         
0.000         
0.000         
0.000         
0.000         
0.000         
0.000         
0.000         
0.000         
0.000         
0.000         
0.000         
0.000         
0.000         
0.000         
0.000         
0.000         
0.000         
0.000         
0.000         
0.000         
0.000         
0.000         
0.000         
0.000         
0.000         
0.000         
0.000         
0.000         
0.000         
0.000         
0.000         
0.000         
0.000         
0.000         
0.000         
0.000         
0.000         
0.000         
0.000         
0.000         
0.000         
0.000         
0.000         
0.000         
0.000         
0.000         
0.000         
0.000         
0.000         
0.000         
0.000         
0.000         
0.000         
0.000         
0.000         
0.000         
0.000         
0.000         
0.000         
0.000         
0.000         
0.000         
0.000         
0.000         
0.000         
0.000         
0.000         
0.000         
0.000         
0.000         
0.000         
0.000         
0.000         
0.000         
0.000         
0.000         
0.000         
0.000         
0.000         
0.000         
0.000         
0.000         
0.000         
0.000         
0.000         
0.000         
0.000         
0.000         
0.000         
0.000         
0.000         
0.000         
0.000         
0.000         
0.000         
0.000         
0.000         
0.000         
0.000         
0.000         
0.000         
0.000         
0.000         
0.000         
0.000         
0.000         
0.000         
0.000         
0.000         
0.000         
0.000         
0.000         
0.000         
0.000         
0.000         
0.000         
0.000         
0.000         
0.000         
0.000         
0.000         
0.000         
0.000         
0.000         
0.000         
0.000         
0.000         
0.000         
0.000         
0.000         
0.000         
0.000         
0.000         
0.000         
0.000         
0.000         
0.000         
0.000         
0.000         
0.000         
0.000         
0.000         
0.000         
0.000         
0.000         
0.000         
0.000         
0.000         
0.000         
0.000         
0.000         
0.000         
0.000         
0.000         
0.000         
0.000         
0.000         
0.000         
0.000         
0.000         
0.000         
0.000         
0.000         
0.000         
0.000         
0.000         
0.000         
0.000         
0.000         
0.000         
0.000         
0.000         
0.000         
0.000         
0.000         
0.000         
0.000         
0.000         
0.000         
0.000         
0.000         
0.000         
0.000         
0.000         
0.000         
0.000         
0.000         
0.000         
0.000         
0.000         
0.000         
0.000         
0.000         
0.000         
0.000         
0.000         
0.000         
0.000         
0.000         
0.000         
0.000         
0.000         
0.000         
0.000         
0.000         
0.000         
0.000         
0.000         
0.000         
0.000         
0.000         
0.000         
0.000         
0.000         
0.000         
0.000         
0.000         
0.000         
0.000         
0.000         
0.000         
0.000         
0.000         
0.000         
0.000         
0.000         
0.000         
0.000         
0.000         
0.000         
0.000         
0.000         
0.000         
0.000         
0.000         
0.000         
0.000         
0.000         
0.000         
0.000         
0.000         
0.000         
0.000         
0.000         
0.000         
0.000         
0.000         
0.000         
0.000         
0.000         
0.000         
0.000         
0.000         
0.000         
0.000         
0.000         
0.000         
0.000         
0.000         
0.000         
0.000         
0.000         
0.000         
0.000         
0.000         
0.000         
0.000         
0.000         
0.000         
0.000         
0.000         
0.000         
0.000         
0.000         
0.000         
0.000         
0.000         
0.000         
0.000         
0.000         
0.000         
0.000         
0.000         
0.000         
0.000         
0.000         
0.000         
0.000         
0.000         
0.000         
0.000         
0.000         
0.000         
0.000         
0.000         
0.000         
0.000         
0.000         
0.000         
0.000         
0.000         
0.000         
0.000         
0.000         
0.000         
0.000         
0.000         
0.000         
0.000         
0.000         
0.000         
0.000         
0.000         
0.000         
0.000         
0.000         
0.000         
0.000         
0.000         
0.000         
0.000         
0.000         
0.000         
0.000         
0.000         
0.000         
0.000         
0.000         
0.000         
0.000         
0.000         
0.000         
0.000         
0.000         
0.000         
0.000         
0.000         
0.000         
0.000         
0.000         
0.000         
0.000         
0.000         
0.000         
0.000         
0.000         
0.000         
0.000         
0.000         
0.000         
0.000         
0.000         
0.000         
0.000         
0.000         
0.000         
0.000         
0.000         
0.000         
0.000         
0.000         
0.000         
0.000         
0.000         
0.000         
0.000         
0.000         
0.000         
0.000         
0.000         
0.000         
0.000         
0.000         
0.000         
0.000         
0.000         
0.000         
0.000         
0.000         
0.000         
0.000         
0.000         
0.000         
0.000         
0.000         
0.000         
0.000         
0.000         
0.000         
0.000         
0.000         
0.000         
0.000         
0.000         
0.000         
0.000         
0.000         
0.000         
0.000         
0.000         
0.000         
0.000         
0.000         
0.000         
0.000         
0.000         
0.000         
0.000         
0.000         
0.000         
0.000         
0.000         
0.000         
0.000         
0.000         
0.000         
0.000         
0.000         
0.000         
0.000         
0.000         
0.000         
0.000         
0.000         
0.000         
0.000         
0.000         
0.000         
0.000         
0.000         
0.000         
0.000         
0.000         
0.000         
0.000         
0.000         
0.000         
0.000         
0.000         
0.000         
0.000         
0.000         
0.000         
0.000         
0.000         
0.000         
0.000         
0.000         
0.000         
0.000         
0.000         
0.000         
0.000         
0.000         
0.000         
0.000         
0.000         
0.000         
0.000         
0.000         
0.000         
0.000         
0.000         
0.000         
0.000         
0.000         
0.000         
0.000         
0.000         
0.000         
0.000         
0.000         
0.000         
0.000         
0.000         
0.000         
0.000         
0.000         
0.000         
0.000         
0.000         
0.000         
0.000         
0.000         
0.000         
0.000         
0.000         
0.000         
0.000         
0.000         
0.000         
0.000         
0.000         
0.000         
0.000         
0.000         
0.000         
0.000         
0.000         
0.000         
0.000         
0.000         
0.000         
0.000         
0.000         
0.000         
0.000         
0.000         
0.000         
0.000         
0.000         
0.000         
0.000         
0.000         
0.000         
0.000         
0.000         
0.000         
0.000         
0.000         
0.000         
0.000         
0.000         
0.000         
0.000         
0.000         
0.000         
0.000         
0.000         
0.000         
0.000         
0.000         
0.000         
0.000         
0.000         
0.000         
0.000         
0.000         
0.000         
0.000         
0.000         
0.000         
0.000         
0.000         
0.000         
0.000         
0.000         
0.000         
0.000         
0.000         
0.000         
0.000         
0.000         
0.000         
0.000         
0.000         
0.000         
0.000         
0.000         
0.000         
0.000         
0.000         
0.000         
0.000         
0.000         
0.000         
0.000         
0.000         
0.000         
0.000         
0.000         
0.000         
0.000         
0.000         
0.000         
0.000         
0.000         
0.000         
0.000         
0.000         
0.000         
0.000         
0.000         
0.000         
0.000         
0.000         
0.000         
0.000         
0.000         
0.000         
0.000         
0.000         
0.000         
0.000         
0.000         
0.000         
0.000         
0.000         
0.000         
0.000         
0.000         
0.000         
0.000         
0.000         
0.000         
0.000         
0.000         
0.000         
0.000         
0.000         
0.000         
0.000         
0.000         
0.000         
0.000         
0.000         
0.000         
0.000         
0.000         
0.000         
0.000         
0.000         
0.000         
0.000         
0.000         
0.000         
0.000         
0.000         
0.000         
0.000         
0.000         
0.000         
0.000         
0.000         
0.000         
0.000         
0.000         
0.000         
0.000         
0.000         
0.000         
0.000         
0.000         
0.000         
0.000         
0.000         
0.000         
0.000         
0.000         
0.000         
0.000         
0.000         
0.000         
0.000         
0.000         
0.000         
0.000         
0.000         
0.000         
0.000         
0.000         
0.000         
0.000         
0.000         
0.000         
0.000         
0.000         
0.000         
0.000         
0.000         
0.000         
0.000         
0.000         
0.000         
0.000         
0.000         
0.000         
0.000         
0.000         
0.000         
0.000         
0.000         
0.000         
0.000         
0.000         
0.000         
0.000         
0.000         
0.000         
0.000         
0.000         
0.000         
0.000         
0.000         
0.000         
0.000         
0.000         
0.000         
0.000         
0.000         
0.000         
0.000         
0.000         
0.000         
0.000         
0.000         
0.000         
0.000         
0.000         
0.000         
0.000         
0.000         
0.000         
0.000         
0.000         
0.000         
0.000         
0.000         
0.000         
0.000         
0.000         
0.000         
0.000         
0.000         
0.000         
0.000         
0.000         
0.000         
0.000         
0.000         
0.000         
0.000         
0.000         
0.000         
0.000         
0.000         
0.000         
0.000         
0.000         
0.000         
0.000         
0.000         
0.000         
0.000         
0.000         
0.000         
0.000         
0.000         
0.000         
0.000         
0.000         
0.000         
0.000         
0.000         
0.000         
0.000         
0.000         
0.000         
0.000         
0.000         
0.000         
0.000         
0.000         
0.000         
0.000         
0.000         
0.000         
0.000         
0.000         
0.000         
0.000         
0.000         
0.000         
0.000         
0.000         
0.000         
0.000         
0.000         
0.000         
0.000         
0.000         
0.000         
0.000         
0.000         
0.000         
0.000         
0.000         
0.000         
0.000         
0.000         
0.000         
0.000         
0.000         
0.000         
0.000         
0.000         
0.000         
0.000         
0.000         
0.000         
0.000         
0.000         
0.000         
0.000         
0.000         
0.000         
0.000         
0.000         
0.000         
0.000         
0.000         
0.000         
0.000         
0.000         
0.000         
0.000         
0.000         
0.000         
0.000         
0.000         
0.000         
0.000         
0.000         
0.000         
0.000         
0.000         
0.000         
0.000         
0.000         
0.000         
0.000         
0.000         
0.000         
0.000         
0.000         
0.000         
0.000         
0.000         
0.000         
0.000         
0.000         
0.000         
0.000         
0.000         
0.000         
0.000         
0.000         
0.000         
0.000         
0.000         
0.000         
0.000         
0.000         
0.000         
0.000         
0.000         
0.000         
0.000         
0.000         
0.000         
0.000         
0.000         
0.000         
0.000         
0.000         
0.000         
0.000         
0.000         
0.000         
0.000         
0.000         
0.000         
0.000         
0.000         
0.000         
0.000         
0.000         
0.000         
0.000         
0.000         
0.000         
0.000         
0.000         
0.000         
0.000         
0.000         
0.000         
0.000         
0.000         
0.000         
0.000         
0.000         
0.000         
0.000         
0.000         
0.000         
0.000         
0.000         
0.000         
0.000         
0.000         
0.000         
0.000         
0.000         
0.000         
0.000         
0.000         
0.000         
0.000         
0.000         
0.000         
0.000         
0.000         
0.000         
0.000         
0.000         
0.000         
0.000         
0.000         
0.000         
0.000         
0.000         
0.000         
0.000         
0.000         
0.000         
0.000         
0.000         
0.000         
0.000         
0.000         
0.000         
0.000         
0.000         
0.000         
0.000         
0.000         
0.000         
0.000         
0.000         
0.000         
0.000         
0.000         
0.000         
0.000         
0.000         
0.000         
0.000         
0.000         
0.000         
0.000         
0.000         
0.000         
0.000         
0.000         
0.000         
0.000         
0.000         
0.000         
0.000         
0.000         
0.000         
0.000         
0.000         
0.000         
0.000         
0.000         
0.000         
0.000         
0.000         
0.000         
0.000         
0.000         
0.000         
0.000         
0.000         
0.000         
0.000         
0.000         
0.000         
0.000         
0.000         
0.000         
0.000         
0.000         
0.000         
0.000         
0.000         
0.000         
0.000         
0.000         
0.000         
0.000         
0.000         
0.000         
0.000         
0.000         
0.000         
0.000         
0.000         
0.000         
0.000         
0.000         
0.000         
0.000         
0.000         
0.000         
0.000         
0.000         
0.000         
0.000         
0.000         
0.000         
0.000         
0.000         
0.000         
0.000         
0.000         
0.000         
0.000         
0.000         
0.000         
0.000         
0.000         
0.000         
0.000         
0.000         
0.000         
0.000         
0.000         
0.000         
0.000         
0.000         
0.000         
0.000         
0.000         
0.000         
0.000         
0.000         
0.000         
0.000         
0.000         
0.000         
0.000         
0.000         
0.000         
0.000         
0.000         
0.000         
0.000         
0.000         
0.000         
0.000         
0.000         
0.000         
0.000         
0.000         
0.000         
27.691        
39.085        
51.586        
15.960        
0.151         
0.316         
3.673         
12.635        
5.926         
0.266         
6.995         
2.963         
1.814         
17.565        
12.873        
13.994        
9.581         
22.645        
67.053        
0.002         
3.873         
72.724        
40.637        
10.823        
1.460         
0.388         
0.753         
0.024         
17.146        
3.073         
0.656         
1.487         
0.028         
0.003         
1.731         
0.002         
1.073         
4.094         
4.691         
7.297         
9.277         
0.074         
1.522         
1.646         
0.267         
6.970         
3.600         
0.866         
6.983         
17.840        
39.809        
27.650        
6.810         
6.467         
30.423        
4.151         
68.068        
138.688       
0.924         
125.332       
45.144        
54.754        
86.724        
6.284         
27.055        
0.621         
43.631        
9.632         
15.804        
168.073       
68.194        
96.527        
151.967       
0.223         
37.708        
64.003        
28.769        
126.814       
433.999       
167.755       
192.201       
14.945        
69.827        
202.805       
13.389        
40.580        
10.410        
2.043         
8.172         
2.587         
15.279        
18.346        
29.043        
18.582        
2.174         
21.271        
39.860        
18.546        
5.058         
1.817         
3.022         
0.291         
2.283         
13.998        
0.854         
0.000         
4.587         
4.719         
6.511         
11.807        
12.100        
4.687         
8.787         
0.848         
0.030         
0.787         
3.595         
2.450         
2.348         
20.659        
34.867        
8.890         
0.168         
0.911         
0.043         
0.092         
1.733         
3.578         
0.832         
9.331         
0.489         
29.467        
17.021        
0.716         
3.928         
5.106         
10.346        
57.292        
2.044         
1.091         
1.702         
0.928         
8.120         
42.402        
0.365         
9.069         
15.638        
0.887         
0.220         
2.357         
0.001         
17.521        
1.687         
0.546         
0.000         
8.870         
9.588         
1.307         
0.839         
0.001         
0.002         
16.491        
0.004         
0.704         
26.588        
4.494         
1.080         
0.234         
11.314        
21.996        
0.111         
24.301        
0.011         
0.007         
0.322         
20.191        
4.904         
0.456         
0.911         
0.082         
0.039         
0.051         
16.430        
6.224         
0.121         
12.640        
2.642         
0.004         
1.287         
1.528         
2.304         
3.004         
3.622         
0.039         
0.018         
0.016         
0.163         
1.404         
0.001         
0.000         
0.120         
1.789         
2.752         
0.000         
0.887         
0.357         
4.297         
2.921         
15.381        
11.752        
2.588         
0.593         
31.920        
3.199         
7.410         
19.327        
0.697         
7.008         
2.453         
19.971        
68.349        
10.552        
2.256         
15.300        
4.548         
0.683         
0.087         
1.135         
2.950         
0.094         
23.743        
0.196         
1.243         
0.960         
11.555        
1.603         
2.585         
0.360         
0.318         
0.442         
0.430         
5.905         
18.440        
1.450         
26.826        
2.520         
0.035         
2.512         
6.123         
14.214        
4.512         
2.183         
0.252         
29.497        
1.112         
40.286        
0.000         
10.392        
0.000         
0.063         
0.015         
5.093         
68.150        
6.993         
0.825         
0.537         
1.888         
5.520         
0.184         
24.441        
9.039         
0.000         
0.042         
2.574         
12.837        
18.370        
2.138         
1.436         
47.762        
1.981         
0.163         
0.000         
0.193         
11.232        
5.675         
3.110         
15.011        
6.711         
1.054         
19.194        
0.933         
22.254        
4.319         
21.440        
45.536        
0.075         
11.205        
30.158        
0.187         
0.217         
0.108         
1.675         
1.274         
2.953         
5.294         
1.894         
0.382         
1.131         
8.480         
0.144         
0.206         
3.614         
0.039         
0.102         
0.970         
0.022         
0.006         
2.705         
5.069         
0.039         
0.023         
7.721         
56.278        
3.023         
5.978         
0.000         
15.991        
0.724         
4.583         
17.077        
3.045         
1.082         
10.646        
32.076        
12.265        
0.360         
0.008         
1.207         
0.172         
7.049         
2.043         
2.452         
28.204        
5.435         
12.030        
2.027         
0.000         
0.538         
2.987         
0.000         
1.793         
0.120         
15.983        
5.656         
1.206         
0.185         
4.916         
8.539         
0.000         
2.986         
17.372        
11.935        
4.616         
25.647        
2.569         
10.186        
1.788         
3.430         
34.625        
19.075        
1.765         
97.604        
11.357        
4.025         
3.051         
25.090        
1.596         
64.859        
0.855         
9.528         
0.439         
6.135         
14.872        
19.676        
0.794         
7.385         
3.729         
2.238         
2.277         
24.520        
7.941         
0.973         
4.544         
15.775        
0.051         
0.077         
45.703        
181.617       
24.108        
0.201         
42.166        
0.466         
0.002         
6.510         
6.677         
22.036        
0.656         
22.165        
4.835         
2.276         
0.096         
42.124        
14.121        
1.580         
0.386         
4.035         
1.167         
3.674         
2.360         
24.646        
0.240         
45.182        
1.551         
0.212         
9.773         
112.546       
262.958       
57.212        
7.863         
87.085        
16.852        
30.891        
9.881         
113.029       
35.034        
282.362       
17.552        
105.885       
64.430        
100.522       
18.652        
90.122        
220.860       
62.104        
10.581        
62.090        
170.020       
3.845         
499.111       
152.249       
117.584       
2.471         
1.015         
6.457         
13.870        
39.625        
11.687        
3.052         
33.092        
8.377         
18.620        
4.864         
15.628        
6.509         
50.270        
1.733         
7.497         
37.248        
46.870        
5.023         
61.853        
4.291         
61.835        
1.313         
66.768        
39.771        
25.281        
0.870         
21.451        
21.111        
18.961        
13.722        
34.374        
20.267        
5.130         
2.160         
1.252         
5.160         
0.000         
1.314         
2.603         
3.439         
5.698         
21.192        
16.367        
33.080        
17.502        
44.244        
20.302        
7.895         
11.921        
4.634         
6.151         
2.319         
4.077         
25.789        
19.409        
0.000         
0.000         
0.000         
0.000         
0.000         
0.000         
0.000         
0.000         
0.000         
0.000         
0.000         
0.000         
0.000         
0.000         
0.000         
0.000         
0.000         
0.000         
0.000         
0.000         
0.000         
0.000         
0.000         
0.000         
0.000         
0.000         
0.000         
0.000         
0.000         
0.000         
0.000         
0.000         
0.000         
0.000         
0.000         
0.000         
0.000         
0.000         
0.000         
0.000         
0.000         
0.000         
0.000         
0.000         
0.000         
0.000         
0.000         
0.000         
0.000         
0.000         
0.000         
0.000         
0.000         
0.000         
0.000         
0.000         
0.000         
0.000         
0.000         
0.000         
0.000         
0.000         
0.000         
0.000         
0.000         
0.000         
0.000         
0.000         
0.000         
0.000         
0.000         
0.000         
0.000         
0.000         
0.000         
0.000         
0.000         
0.000         
0.000         
0.000         
0.000         
0.000         
0.000         
0.000         
0.000         
0.000         
0.000         
0.000         
0.000         
0.000         
0.000         
0.000         
0.000         
0.000         
0.000         
0.000         
0.000         
0.000         
0.000         
0.000         
0.000         
0.000         
0.000         
0.000         
0.000         
0.000         
0.000         
0.000         
0.000         
0.000         
0.000         
0.000         
0.000         
0.000         
0.000         
0.000         
0.000         
0.000         
0.000         
0.000         
0.000         
0.000         
0.000         
0.000         
0.000         
0.000         
0.000         
0.000         
0.000         
0.000         
0.000         
0.000         
0.000         
0.000         
0.000         
0.000         
0.000         
0.000         
0.000         
0.000         
0.000         
0.000         
0.000         
0.000         
0.000         
0.000         
0.000         
0.000         
0.000         
0.000         
0.000         
0.000         
0.000         
0.000         
0.000         
0.000         
0.000         
0.000         
0.000         
0.000         
0.000         
0.000         
0.000         
0.000         
0.000         
0.000         
0.000         
0.000         
0.000         
0.000         
0.000         
0.000         
0.000         
0.000         
0.000         
0.000         
0.000         
0.000         
0.000         
0.000         
0.000         
0.000         
0.000         
0.000         
0.000         
0.000         
0.000         
0.000         
0.000         
0.000         
0.000         
0.000         
0.000         
0.000         
0.000         
0.000         
0.000         
0.000         
0.000         
0.000         
0.000         
0.000         
0.000         
0.000         
0.000         
0.000         
0.000         
0.000         
0.000         
0.000         
0.000         
0.000         
0.000         
0.000         
0.000         
0.000         
0.000         
0.000         
0.000         
0.000         
0.000         
0.000         
0.000         
0.000         
0.000         
0.000         
0.000         
0.000         
0.000         
0.000         
0.000         
0.000         
0.000         
0.000         
0.000         
0.000         
0.000         
0.000         
0.000         
0.000         
0.000         
0.000         
0.000         
0.000         
0.000         
0.000         
0.000         
0.000         
0.000         
0.000         
0.000         
0.000         
0.000         
0.000         
0.000         
0.000         
0.000         
0.000         
0.000         
0.000         
0.000         
0.000         
0.000         
0.000         
0.000         
0.000         
0.000         
0.000         
0.000         
0.000         
0.000         
0.000         
0.000         
0.000         
0.000         
0.000         
0.000         
0.000         
0.000         
0.000         
0.000         
0.000         
0.000         
0.000         
0.000         
0.000         
0.000         
0.000         
0.000         
0.000         
0.000         
0.000         
0.000         
0.000         
0.000         
0.000         
0.000         
0.000         
0.000         
0.000         
0.000         
0.000         
0.000         
0.000         
0.000         
0.000         
0.000         
0.000         
0.000         
0.000         
0.000         
0.000         
0.000         
0.000         
0.000         
0.000         
0.000         
0.000         
0.000         
0.000         
0.000         
0.000         
0.000         
0.000         
0.000         
0.000         
0.000         
0.000         
0.000         
0.000         
0.000         
0.000         
0.000         
0.000         
0.000         
0.000         
0.000         
0.000         
0.000         
0.000         
0.000         
0.000         
0.000         
0.000         
0.000         
0.000         
0.000         
0.000         
0.000         
0.000         
0.000         
0.000         
0.000         
0.000         
0.000         
0.000         
0.000         
0.000         
0.000         
0.000         
0.000         
0.000         
0.000         
0.000         
0.000         
0.000         
0.000         
0.000         
0.000         
0.000         
0.000         
0.000         
0.000         
0.000         
0.000         
0.000         
0.000         
0.000         
0.000         
0.000         
0.000         
0.000         
0.000         
0.000         
0.000         
0.000         
0.000         
0.000         
0.000         
0.000         
0.000         
0.000         
0.000         
0.000         
0.000         
0.000         
0.000         
0.000         
0.000         
0.000         
0.000         
0.000         
0.000         
0.000         
0.000         
0.000         
0.000         
0.000         
0.000         
0.000         
0.000         
0.000         
0.000         
0.000         
0.000         
0.000         
0.000         
0.000         
0.000         
0.000         
0.000         
0.000         
0.000         
0.000         
0.000         
0.000         
0.000         
0.000         
0.000         
0.000         
0.000         
0.000         
0.000         
0.000         
0.000         
0.000         
0.000         
0.000         
0.000         
0.000         
0.000         
0.000         
0.000         
0.000         
0.000         
0.000         
0.000         
0.000         
0.000         
0.000         
0.000         
0.000         
0.000         
0.000         
0.000         
0.000         
0.000         
0.000         
0.000         
0.000         
0.000         
0.000         
0.000         
0.000         
0.000         
0.000         
0.000         
0.000         
0.000         
0.000         
0.000         
0.000         
0.000         
0.000         
0.000         
0.000         
0.000         
0.000         
0.000         
0.000         
0.000         
0.000         
0.000         
0.000         
0.000         
0.000         
0.000         
0.000         
0.000         
0.000         
0.000         
0.000         
0.000         
0.000         
0.000         
0.000         
0.000         
0.000         
0.000         
0.000         
0.000         
0.000         
0.000         
0.000         
0.000         
0.000         
0.000         
0.000         
0.000         
0.000         
0.000         
0.000         
0.000         
0.000         
0.000         
0.000         
0.000         
0.000         
0.000         
0.000         
0.000         
0.000         
0.000         
0.000         
0.000         
0.000         
0.000         
0.000         
0.000         
0.000         
0.000         
0.000         
0.000         
0.000         
0.000         
0.000         
0.000         
0.000         
0.000         
0.000         
0.000         
0.000         
0.000         
0.000         
0.000         
0.000         
0.000         
0.000         
0.000         
0.000         
0.000         
0.000         
0.000         
0.000         
0.000         
0.000         
0.000         
0.000         
0.000         
0.000         
0.000         
0.000         
0.000         
0.000         
0.000         
0.000         
0.000         
0.000         
0.000         
0.000         
0.000         
0.000         
0.000         
0.000         
0.000         
0.000         
0.000         
0.000         
0.000         
0.000         
0.000         
0.000         
0.000         
0.000         
0.000         
0.000         
0.000         
0.000         
0.000         
0.000         
0.000         
0.000         
0.000         
0.000         
0.000         
0.000         
0.000         
0.000         
0.000         
0.000         
4.023         
13.411        
1.477         
7.154         
5.446         
15.734        
24.980        
96.012        
51.518        
22.843        
11.314        
2.200         
27.607        
0.388         
47.828        
0.159         
4.641         
0.759         
0.912         
0.019         
2.009         
28.601        
6.699         
47.510        
0.195         
1.372         
0.765         
29.218        
59.179        
15.998        
0.419         
0.201         
0.006         
11.832        
0.810         
0.825         
29.675        
0.609         
7.358         
1.276         
2.594         
0.008         
87.439        
1.755         
14.005        
2.100         
0.483         
84.445        
7.009         
151.854       
62.855        
100.849       
241.506       
6.909         
174.340       
28.540        
151.757       
56.915        
32.518        
160.300       
226.672       
142.483       
190.843       
114.131       
56.987        
112.443       
10.326        
11.711        
71.227        
211.894       
56.344        
0.911         
164.829       
511.487       
2.911         
3.224         
0.036         
0.827         
5.341         
18.426        
9.896         
24.517        
22.708        
0.818         
0.649         
7.195         
0.165         
0.883         
5.941         
5.816         
5.648         
1.059         
2.389         
0.045         
1.302         
1.315         
0.639         
0.129         
1.947         
0.782         
0.035         
0.467         
21.252        
5.194         
9.013         
1.543         
6.159         
8.118         
2.626         
19.949        
2.572         
21.612        
10.445        
15.339        
11.255        
33.335        
23.274        
29.331        
0.000         
0.000         
0.000         
0.000         
0.000         
0.000         
0.000         
0.000         
0.000         
0.000         
0.000         
0.000         
0.000         
0.000         
0.000         
0.000         
0.000         
0.000         
0.000         
0.000         
0.000         
0.000         
0.000         
0.000         
0.000         
0.000         
0.000         
0.000         
0.000         
0.000         
0.000         
0.000         
0.000         
0.000         
0.000         
0.000         
0.000         
0.000         
0.000         
0.000         
0.000         
0.000         
0.000         
0.000         
0.000         
0.000         
0.000         
0.000         
0.000         
0.000         
0.000         
0.000         
0.000         
0.000         
0.000         
0.000         
0.000         
0.000         
0.000         
0.000         
0.000         
0.000         
0.000         
0.000         
0.000         
0.000         
0.000         
0.000         
0.000         
0.000         
0.000         
0.000         
0.000         
0.000         
0.000         
0.000         
0.000         
0.000         
0.000         
0.000         
0.000         
0.000         
0.000         
0.000         
0.000         
0.000         
0.000         
0.000         
0.000         
0.000         
0.000         
0.000         
0.000         
0.000         
0.000         
0.000         
0.000         
0.000         
0.000         
0.000         
0.000         
0.000         
0.000         
0.000         
0.000         
0.000         
0.000         
0.000         
0.000         
0.000         
0.000         
0.000         
0.000         
0.000         
0.000         
0.000         
0.000         
0.000         
0.000         
0.000         
0.000         
0.000         
0.000         
0.000         
0.000         
0.000         
0.000         
0.000         
0.000         
0.000         
0.000         
0.000         
0.000         
0.000         
0.000         
0.000         
0.000         
0.000         
0.000         
0.000         
0.000         
0.000         
0.000         
0.000         
0.000         
0.000         
0.000         
0.000         
0.000         
0.000         
0.000         
0.000         
0.000         
0.000         
0.000         
0.000         
0.000         
0.000         
0.000         
0.000         
0.000         
0.000         
0.000         
0.000         
0.000         
0.000         
0.000         
0.000         
0.000         
0.000         
0.000         
0.000         
0.000         
0.000         
0.000         
0.000         
0.000         
0.000         
0.000         
0.000         
0.000         
0.000         
0.000         
0.000         
0.000         
0.000         
0.000         
0.000         
0.000         
0.000         
0.000         
0.000         
0.000         
0.000         
0.000         
0.000         
0.000         
0.000         
0.000         
0.000         
0.000         
0.000         
0.000         
0.000         
0.000         
0.000         
0.000         
0.000         
0.000         
0.000         
0.000         
0.000         
0.000         
0.000         
0.000         
0.000         
0.000         
0.000         
0.000         
0.000         
0.000         
0.000         
0.000         
0.000         
0.000         
0.000         
0.000         
0.000         
0.000         
0.000         
0.000         
0.000         
0.000         
0.000         
0.000         
0.000         
0.000         
0.000         
0.000         
0.000         
0.000         
0.000         
0.000         
0.286         
34.080        
115.675       
19.486        
20.163        
11.510        
1.043         
0.038         
36.390        
1.817         
0.146         
0.005         
50.238        
9.245         
0.001         
8.021         
4.978         
14.214        
0.912         
1.407         
4.377         
17.430        
29.858        
20.048        
0.000         
5.015         
0.635         
4.166         
0.282         
51.735        
1.384         
11.878        
0.667         
12.747        
0.369         
0.192         
2.525         
3.041         
18.515        
4.025         
0.234         
1.891         
0.000         
1.353         
0.992         
2.048         
0.788         
20.008        
0.000         
0.000         
0.000         
0.000         
0.000         
0.000         
0.000         
0.000         
0.000         
0.000         
0.000         
0.000         
0.000         
0.000         
0.000         
0.000         
0.000         
0.000         
0.000         
0.000         
0.000         
0.000         
0.000         
0.000         
0.000         
0.000         
0.000         
0.000         
0.000         
0.000         
0.000         
0.000         
0.000         
0.000         
0.000         
0.000         
0.000         
0.000         
0.000         
0.000         
0.000         
0.000         
0.000         
0.000         
0.000         
0.000         
0.000         
0.000         
0.000         
0.000         
0.000         
0.000         
0.000         
0.000         
0.000         
0.000         
0.000         
0.000         
0.000         
0.000         
0.000         
0.000         
0.000         
0.000         
0.000         
0.000         
0.000         
0.000         
0.000         
0.000         
0.000         
0.000         
0.000         
0.000         
0.000         
0.000         
0.000         
0.000         
0.000         
0.000         
0.000         
0.000         
0.000         
0.000         
0.000         
0.000         
0.000         
0.000         
0.000         
0.000         
0.000         
0.000         
0.000         
0.000         
0.000         
0.000         
0.000         
0.000         
0.000         
0.000         
0.000         
0.000         
0.000         
0.000         
0.000         
0.000         
0.000         
0.000         
0.000         
0.000         
0.000         
0.000         
0.000         
0.000         
0.000         
0.000         
0.000         
0.000         
0.000         
0.000         
0.000         
0.000         
0.000         
0.000         
0.000         
0.000         
0.000         
0.000         
0.000         
0.000         
0.000         
0.000         
0.000         
0.000         
0.000         
0.000         
0.000         
0.000         
0.000         
0.000         
0.000         
0.000         
0.000         
0.000         
0.000         
0.000         
0.000         
0.000         
0.000         
0.000         
0.000         
0.000         
0.000         
0.000         
0.000         
0.000         
0.000         
0.000         
0.000         
0.000         
0.000         
0.000         
0.000         
0.000         
0.000         
0.000         
0.000         
0.000         
0.000         
0.000         
0.000         
0.000         
0.000         
0.000         
0.000         
0.000         
0.000         
0.000         
0.000         
0.000         
0.000         
0.000         
0.000         
0.000         
0.000         
0.000         
0.000         
0.000         
0.000         
0.000         
0.000         
0.000         
0.000         
0.000         
0.000         
0.000         
0.000         
0.000         
0.000         
0.000         
0.000         
0.000         
0.000         
0.000         
0.000         
0.000         
0.000         
0.000         
0.000         
0.000         
0.000         
0.000         
0.000         
0.000         
0.000         
0.000         
0.000         
0.000         
0.000         
0.000         
0.000         
0.000         
0.000         
0.000         
0.000         
0.000         
0.000         
0.000         
0.000         
0.000         
0.000         
0.000         
0.000         
0.000         
0.000         
0.000         
0.000         
0.000         
0.000         
0.000         
0.000         
0.000         
0.000         
0.000         
0.000         
0.000         
0.000         
0.000         
0.000         
0.000         
0.000         
0.000         
0.000         
0.000         
0.000         
0.000         
0.000         
0.000         
0.000         
0.000         
0.000         
0.000         
0.000         
0.000         
0.000         
0.000         
0.000         
0.000         
0.000         
0.000         
0.000         
0.000         
0.000         
0.000         
0.000         
0.000         
0.000         
0.000         
0.000         
0.000         
0.000         
0.000         
0.000         
0.000         
0.000         
0.000         
0.000         
0.000         
0.000         
0.000         
0.000         
0.000         
0.000         
0.000         
0.000         
0.000         
0.000         
0.000         
0.000         
0.000         
0.000         
0.000         
0.000         
0.000         
0.000         
0.000         
0.000         
0.000         
0.000         
0.000         
0.000         
0.000         
0.000         
0.000         
0.000         
0.000         
0.000         
0.000         
0.000         
0.000         
0.000         
0.000         
0.000         
0.000         
0.000         
0.000         
0.000         
0.000         
0.000         
0.000         
0.000         
0.000         
0.000         
0.000         
0.000         
0.000         
0.000         
0.000         
0.000         
0.000         
0.000         
0.000         
0.000         
0.000         
0.000         
0.000         
0.000         
0.000         
0.000         
0.000         
0.000         
0.000         
0.000         
0.000         
0.000         
0.000         
0.000         
0.000         
0.000         
0.000         
0.000         
0.000         
0.000         
0.000         
0.000         
0.000         
0.000         
0.000         
0.000         
0.000         
0.000         
0.000         
0.000         
0.000         
0.000         
0.000         
0.000         
0.000         
0.000         
0.000         
0.000         
0.000         
0.000         
0.000         
0.000         
0.000         
0.000         
0.000         
0.000         
0.000         
0.000         
0.000         
0.000         
0.000         
0.000         
0.000         
0.000         
0.000         
0.000         
0.000         
0.000         
0.000         
0.000         
0.000         
0.000         
0.000         
0.000         
0.000         
0.000         
0.000         
0.000         
0.000         
0.000         
0.000         
0.000         
0.000         
0.000         
0.000         
0.000         
0.000         
0.000         
0.000         
0.000         
0.000         
0.000         
0.000         
0.000         
0.000         
0.000         
0.000         
0.000         
0.000         
0.000         
0.000         
0.000         
0.000         
0.000         
0.000         
0.000         
0.000         
0.000         
0.000         
0.000         
0.000         
0.000         
0.000         
0.000         
0.000         
0.000         
0.000         
0.000         
0.000         
0.000         
0.000         
0.000         
0.000         
0.000         
0.000         
0.000         
0.000         
0.000         
0.000         
0.000         
0.000         
0.000         
0.000         
0.000         
0.000         
0.000         
0.000         
0.000         
0.000         
0.000         
0.000         
0.000         
0.000         
0.000         
0.000         
0.000         
0.000         
0.000         
0.000         
0.000         
0.000         
0.000         
0.000         
0.000         
0.000         
0.000         
0.000         
0.000         
0.000         
0.000         
0.000         
0.000         
0.000         
0.000         
0.000         
0.000         
0.000         
0.000         
0.000         
0.000         
0.000         
0.000         
0.000         
0.000         
0.000         
0.000         
0.000         
0.000         
0.000         
0.000         
0.000         
0.000         
0.000         
0.000         
0.000         
0.000         
0.000         
0.000         
0.000         
0.000         
0.000         
0.000         
0.000         
0.000         
0.000         
0.000         
0.000         
0.000         
0.000         
0.000         
0.000         
0.000         
0.000         
0.000         
0.000         
0.000         
0.000         
0.000         
0.000         
0.000         
0.000         
0.000         
0.000         
0.000         
0.000         
0.000         
0.000         
0.000         
0.000         
0.000         
0.000         
0.000         
0.000         
0.000         
0.000         
0.000         
0.000         
0.000         
0.000         
0.000         
0.000         
0.000         
0.000         
0.000         
0.000         
0.000         
0.000         
0.000         
0.000         
0.000         
0.000         
0.000         
0.000         
0.000         
0.000         
0.000         
0.000         
0.000         
0.000         
0.000         
0.000         
0.000         
0.000         
0.000         
0.000         
0.000         
0.000         
0.000         
0.000         
0.000         
0.000         
0.000         
0.000         
0.000         
0.000         
0.000         
0.000         
0.000         
0.000         
0.000         
0.000         
0.000         
0.000         
0.000         
0.000         
0.000         
0.000         
0.000         
0.000         
0.000         
0.000         
0.000         
0.000         
0.000         
0.000         
0.000         
0.000         
0.000         
0.000         
0.000         
0.000         
0.000         
0.000         
0.000         
0.000         
0.000         
0.000         
0.000         
0.000         
0.000         
0.000         
0.000         
0.000         
0.000         
0.000         
0.000         
0.000         
0.000         
0.000         
0.000         
0.000         
0.000         
0.000         
0.000         
0.000         
0.000         
0.000         
0.000         
0.000         
0.000         
0.000         
0.000         
0.000         
0.000         
0.000         
0.000         
0.000         
0.000         
0.000         
0.000         
0.000         
0.000         
0.000         
0.000         
0.000         
0.000         
0.000         
0.000         
0.000         
0.000         
0.000         
0.000         
0.000         
0.000         
0.000         
0.000         
0.000         
0.000         
0.000         
0.000         
0.000         
0.000         
0.000         
0.000         
0.000         
0.000         
0.000         
0.000         
0.000         
0.000         
0.000         
0.000         
0.000         
0.000         
0.000         
0.000         
0.000         
0.000         
0.000         
0.000         
0.000         
0.000         
0.000         
0.000         
0.000         
0.000         
0.000         
0.000         
0.000         
0.000         
0.000         
0.000         
0.000         
0.000         
0.000         
0.000         
0.000         
0.000         
0.000         
0.000         
0.000         
0.000         
0.000         
0.000         
0.000         
0.000         
0.000         
0.000         
0.000         
0.000         
0.000         
0.000         
0.000         
0.000         
0.000         
0.000         
0.000         
0.000         
0.000         
0.000         
0.000         
0.000         
0.000         
0.000         
0.000         
0.000         
0.000         
0.000         
0.000         
0.000         
0.000         
0.000         
0.000         
0.000         
0.000         
0.000         
0.000         
0.000         
0.000         
0.000         
0.000         
0.000         
0.000         
0.000         
0.000         
0.000         
0.000         
0.000         
0.000         
0.000         
0.000         
0.000         
0.000         
0.000         
0.000         
0.000         
0.000         
0.000         
0.000         
0.000         
0.000         
0.000         
0.000         
0.000         
0.000         
0.000         
0.000         
0.000         
0.000         
0.000         
0.000         
0.000         
0.000         
0.000         
0.000         
0.000         
0.000         
0.000         
0.000         
0.000         
0.000         
0.000         
0.000         
0.000         
0.000         
0.000         
0.000         
0.000         
0.000         
0.000         
0.000         
0.000         
0.000         
0.000         
0.000         
0.000         
0.000         
0.000         
0.000         
0.000         
0.000         
0.000         
0.000         
0.000         
0.000         
0.000         
0.000         
0.000         
0.000         
0.000         
0.000         
0.000         
0.000         
0.000         
0.000         
0.000         
0.000         
0.000         
0.000         
0.000         
0.000         
0.000         
0.000         
0.000         
0.000         
0.000         
0.000         
0.000         
0.000         
0.000         
0.000         
0.000         
0.000         
0.000         
0.000         
0.000         
0.000         
0.000         
0.000         
0.000         
0.000         
0.000         
0.000         
0.000         
0.000         
0.000         
0.000         
0.000         
0.000         
0.000         
0.000         
0.000         
0.000         
0.000         
0.000         
0.000         
0.000         
0.000         
0.000         
0.000         
0.000         
0.000         
0.000         
0.000         
0.000         
0.000         
0.000         
0.000         
0.000         
0.000         
0.000         
0.000         
0.000         
0.000         
0.000         
0.000         
0.000         
0.000         
0.000         
0.000         
0.000         
0.000         
0.000         
0.000         
0.000         
0.000         
0.000         
0.000         
0.000         
0.000         
0.000         
0.000         
0.000         
0.000         
0.000         
0.000         
0.000         
0.000         
0.000         
0.000         
0.000         
0.000         
0.000         
0.000         
0.000         
0.000         
0.000         
0.000         
0.000         
0.000         
0.000         
0.000         
0.000         
0.000         
0.000         
0.000         
0.000         
0.000         
0.000         
0.000         
0.000         
0.000         
0.000         
0.000         
0.000         
0.000         
0.000         
0.000         
0.000         
0.000         
0.000         
0.000         
0.000         
0.000         
0.000         
0.000         
0.000         
0.000         
0.000         
0.000         
0.000         
0.000         
0.000         
0.000         
0.000         
0.000         
0.000         
0.000         
0.000         
0.000         
0.000         
0.000         
0.000         
0.000         
0.000         
0.000         
0.000         
0.000         
0.000         
0.000         
0.000         
0.000         
0.000         
0.000         
0.000         
0.000         
0.000         
0.000         
0.000         
0.000         
0.000         
0.000         
0.000         
0.000         
0.000         
0.000         
0.000         
0.000         
0.000         
0.000         
0.000         
0.000         
0.000         
0.000         
0.000         
0.000         
0.000         
0.000         
0.000         
0.000         
0.000         
0.000         
0.000         
0.000         
0.000         
0.000         
0.000         
0.000         
0.000         
0.000         
0.000         
0.000         
0.000         
0.000         
0.000         
0.000         
0.000         
0.000         
0.000         
0.000         
0.000         
0.000         
0.000         
0.000         
0.000         
0.000         
0.000         
0.000         
0.000         
0.000         
0.000         
0.000         
0.000         
0.000         
0.000         
0.000         
0.000         
0.000         
0.000         
0.000         
0.000         
0.000         
0.000         
0.000         
0.000         
0.000         
0.000         
0.000         
0.000         
0.000         
0.000         
0.000         
0.000         
0.000         
0.000         
0.000         
0.000         
0.000         
0.000         
0.000         
0.000         
0.000         
0.000         
0.000         
0.000         
0.000         
0.000         
0.000         
0.000         
0.000         
0.000         
0.000         
0.000         
0.000         
0.000         
0.000         
0.000         
0.000         
0.000         
0.000         
0.000         
0.000         
0.000         
0.000         
0.000         
0.000         
0.000         
0.000         
0.000         
0.000         
0.000         
0.000         
0.000         
0.000         
0.000         
0.000         
0.000         
0.000         
0.000         
0.000         
0.000         
0.000         
0.000         
0.000         
0.000         
0.000         
0.000         
0.000         
0.000         
0.000         
0.000         
0.000         
0.000         
0.000         
0.000         
0.000         
0.000         
0.000         
0.000         
0.000         
0.000         
0.000         
0.000         
0.000         
0.000         
0.000         
0.000         
0.000         
0.000         
0.000         
0.000         
0.000         
0.000         
0.000         
0.000         
0.000         
0.000         
0.000         
0.000         
0.000         
0.000         
0.000         
0.000         
0.000         
0.000         
0.000         
0.000         
0.000         
0.000         
0.000         
0.000         
0.000         
0.000         
0.000         
0.000         
0.000         
0.000         
0.000         
0.000         
0.000         
0.000         
0.000         
0.000         
0.000         
0.000         
0.000         
0.000         
0.000         
0.000         
0.000         
0.000         
0.000         
0.000         
0.000         
0.000         
0.000         
0.000         
0.000         
0.000         
0.000         
0.000         
0.000         
0.000         
0.000         
0.000         
0.000         
0.000         
0.000         
0.000         
0.000         
0.000         
0.000         
0.000         
0.000         
0.000         
0.000         
0.000         
0.000         
0.000         
0.000         
0.000         
0.000         
0.000         
0.000         
0.000         
0.000         
0.000         
0.000         
0.000         
0.000         
0.000         
0.000         
0.000         
0.000         
0.000         
0.000         
0.000         
0.000         
0.000         
0.000         
0.000         
0.000         
0.000         
0.000         
0.000         
0.000         
0.000         
0.000         
0.000         
0.000         
0.000         
0.000         
0.000         
0.000         
0.000         
0.000         
0.000         
0.000         
0.000         
0.000         
0.000         
0.000         
0.000         
0.000         
0.000         
0.000         
0.000         
0.000         
0.000         
0.000         
0.000         
0.000         
0.000         
0.000         
0.000         
0.000         
0.000         
0.000         
0.000         
0.000         
0.000         
0.000         
0.000         
0.000         
0.000         
0.000         
0.000         
0.000         
0.000         
0.000         
0.000         
0.000         
0.000         
0.000         
0.000         
0.000         
0.000         
0.000         
0.000         
0.000         
0.000         
0.000         
0.000         
0.000         
0.000         
0.000         
0.000         
0.000         
0.000         
0.000         
0.000         
0.000         
0.000         
0.000         
0.000         
0.000         
0.000         
0.000         
0.000         
0.000         
0.000         
0.000         
0.000         
0.000         
0.000         
0.000         
0.000         
0.000         
0.000         
0.000         
0.000         
0.000         
0.000         
0.000         
0.000         
0.000         
0.000         
0.000         
0.000         
0.000         
0.000         
0.000         
0.000         
0.000         
0.000         
0.000         
0.000         
0.000         
0.000         
0.000         
0.000         
0.000         
0.000         
0.000         
0.000         
0.000         
0.000         
0.000         
0.000         
0.000         
0.000         
0.000         
0.000         
0.000         
0.000         
0.000         
0.000         
0.000         
0.000         
0.000         
0.000         
0.000         
0.000         
0.000         
0.000         
0.000         
0.000         
0.000         
0.000         
0.000         
0.000         
0.000         
0.000         
0.000         
0.000         
0.000         
0.000         
0.000         
0.000         
0.000         
0.000         
0.000         
0.000         
0.000         
0.000         
0.000         
0.000         
0.000         
0.000         
0.000         
0.000         
0.000         
0.000         
0.000         
0.000         
0.000         
0.000         
0.000         
0.000         
0.000         
0.000         
0.000         
0.000         
0.000         
0.000         
0.000         
0.000         
0.000         
0.000         
0.000         
0.000         
0.000         
0.000         
0.000         
0.000         
0.000         
0.000         
0.000         
0.000         
0.000         
0.000         
0.000         
0.000         
0.000         
0.000         
0.000         
0.000         
0.000         
0.000         
0.000         
0.000         
0.000         
0.000         
0.000         
0.000         
0.000         
0.000         
0.000         
0.000         
0.000         
0.000         
0.000         
0.000         
0.000         
0.000         
0.000         
0.000         
0.000         
0.000         
0.000         
0.000         
0.000         
0.000         
0.000         
0.000         
0.000         
0.000         
0.000         
0.000         
0.000         
0.000         
0.000         
0.000         
0.000         
0.000         
0.000         
0.000         
0.000         
0.000         
0.000         
0.000         
0.000         
0.000         
0.000         
0.000         
0.000         
0.000         
0.000         
0.000         
0.000         
0.000         
0.000         
0.000         
0.000         
0.000         
0.000         
0.000         
0.000         
0.000         
0.000         
0.000         
0.000         
0.000         
0.000         
0.000         
0.000         
0.000         
0.000         
0.000         
0.000         
0.000         
0.000         
0.000         
0.000         
0.000         
0.000         
0.000         
0.000         
0.000         
0.000         
0.000         
0.000         
0.000         
0.000         
0.000         
0.000         
0.000         
0.000         
0.000         
0.000         
0.000         
0.000         
0.000         
0.000         
0.000         
0.000         
0.000         
0.000         
0.000         
0.000         
0.000         
0.000         
0.000         
0.000         
0.000         
0.000         
0.000         
0.000         
0.000         
0.000         
0.000         
0.000         
0.000         
0.000         
0.000         
0.000         
0.000         
0.000         
0.000         
0.000         
0.000         
0.000         
0.000         
0.000         
0.000         
0.000         
0.000         
0.000         
0.000         
0.000         
0.000         
0.000         
0.000         
0.000         
0.000         
0.000         
0.000         
0.000         
0.000         
0.000         
0.000         
0.000         
0.000         
0.000         
0.000         
0.000         
0.000         
0.000         
0.000         
0.000         
0.000         
0.000         
0.000         
0.000         
0.000         
0.000         
0.000         
0.000         
0.000         
0.000         
0.000         
0.000         
0.000         
0.000         
0.000         
0.000         
0.000         
0.000         
0.000         
0.000         
0.000         
0.000         
0.000         
0.000         
0.000         
0.000         
0.000         
0.000         
0.000         
0.000         
0.000         
0.000         
0.000         
0.000         
0.000         
0.000         
0.000         
0.000         
0.000         
0.000         
0.000         
0.000         
0.000         
0.000         
0.000         
0.000         
0.000         
0.000         
0.000         
0.000         
0.000         
0.000         
0.000         
0.000         
0.000         
0.000         
0.000         
0.000         
0.000         
0.000         
0.000         
0.000         
0.000         
0.000         
0.000         
0.000         
0.000         
0.000         
0.000         
0.000         
0.000         
0.000         
0.000         
0.000         
0.000         
0.000         
0.000         
0.000         
0.000         
0.000         
0.000         
0.000         
0.000         
0.000         
0.000         
0.000         
0.000         
0.000         
0.000         
0.000         
0.000         
0.000         
0.000         
0.000         
0.000         
0.000         
0.000         
0.000         
0.000         
0.000         
0.000         
0.000         
0.000         
0.000         
0.000         
0.000         
0.000         
0.000         
0.000         
0.000         
0.000         
0.000         
0.000         
0.000         
0.000         
0.000         
0.000         
0.000         
0.000         
0.000         
0.000         
0.000         
0.000         
0.000         
0.000         
0.000         
0.000         
0.000         
0.000         
0.000         
0.000         
0.000         
0.000         
0.000         
0.000         
0.000         
0.000         
0.000         
0.000         
0.000         
0.000         
0.000         
0.000         
0.000         
0.000         
0.000         
0.000         
0.000         
0.000         
0.000         
0.000         
0.000         
0.000         
0.000         
0.000         
0.000         
0.000         
0.000         
0.000         
0.000         
0.000         
0.000         
0.000         
0.000         
0.000         
0.000         
0.000         
0.000         
0.000         
0.000         
0.000         
0.000         
0.000         
0.000         
0.000         
0.000         
0.000         
0.000         
0.000         
0.000         
0.000         
0.000         
0.000         
0.000         
0.000         
0.000         
0.000         
0.000         
0.000         
0.000         
0.000         
0.000         
0.000         
0.000         
0.000         
0.000         
0.000         
0.000         
0.000         
0.000         
0.000         
0.000         
0.000         
0.000         
0.000         
0.000         
0.000         
0.000         
0.000         
0.000         
0.000         
0.000         
0.000         
0.000         
0.000         
0.000         
0.000         
0.000         
0.000         
0.000         
0.000         
0.000         
0.000         
0.000         
0.000         
0.000         
0.000         
0.000         
0.000         
0.000         
0.000         
0.000         
0.000         
0.000         
0.000         
0.000         
0.000         
0.000         
0.000         
0.000         
0.000         
0.000         
0.000         
0.000         
0.000         
0.000         
0.000         
0.000         
0.000         
0.000         
0.000         
0.000         
0.000         
0.000         
0.000         
0.000         
0.000         
0.000         
0.000         
0.000         
0.000         
0.000         
0.000         
0.000         
0.000         
0.000         
0.000         
0.000         
0.000         
0.000         
0.000         
0.000         
0.000         
0.000         
0.000         
0.000         
0.000         
0.000         
0.000         
0.000         
0.000         
0.000         
0.000         
0.000         
0.000         
0.000         
0.000         
0.000         
0.000         
0.000         
0.000         
0.000         
0.000         
0.000         
0.000         
0.000         
0.000         
0.000         
0.000         
0.000         
0.000         
0.000         
0.000         
0.000         
0.000         
0.000         
0.000         
0.000         
0.000         
0.000         
0.000         
0.000         
0.000         
0.000         
0.000         
0.000         
0.000         
0.000         
0.000         
0.000         
0.000         
0.000         
0.000         
0.000         
0.000         
0.000         
0.000         
0.000         
0.000         
0.000         
0.000         
0.000         
0.000         
0.000         
0.000         
0.000         
0.000         
0.000         
0.000         
0.000         
0.000         
0.000         
0.000         
0.000         
0.000         
0.000         
0.000         
0.000         
0.000         
0.000         
0.000         
0.000         
0.000         
0.000         
0.000         
0.000         
0.000         
0.000         
0.000         
0.000         
0.000         
0.000         
0.000         
0.000         
0.000         
0.000         
0.000         
0.000         
0.000         
0.000         
0.000         
0.000         
0.000         
0.000         
0.000         
0.000         
0.000         
0.000         
0.000         
0.000         
0.000         
0.000         
0.000         
0.000         
0.000         
0.000         
0.000         
0.000         
0.000         
0.000         
0.000         
0.000         
0.000         
0.000         
0.000         
0.000         
0.000         
0.000         
0.000         
0.000         
0.000         
0.000         
0.000         
0.000         
0.000         
0.000         
0.000         
0.000         
0.000         
0.000         
0.000         
0.000         
0.000         
0.000         
0.000         
0.000         
0.000         
0.000         
0.000         
0.000         
0.000         
0.000         
0.000         
0.000         
0.000         
0.000         
0.000         
0.000         
0.000         
0.000         
0.000         
0.000         
0.000         
0.000         
0.000         
0.000         
0.000         
0.000         
0.000         
0.000         
0.000         
0.000         
0.000         
0.000         
0.000         
0.000         
0.000         
0.000         
0.000         
0.000         
0.000         
0.000         
0.000         
0.000         
0.000         
0.000         
0.000         
0.000         
0.000         
0.000         
0.000         
0.000         
0.000         
0.000         
0.000         
0.000         
0.000         
0.000         
0.000         
0.000         
0.000         
0.000         
0.000         
0.000         
0.000         
0.000         
0.000         
0.000         
0.000         
0.000         
0.000         
0.000         
0.000         
0.000         
0.000         
0.000         
0.000         
0.000         
0.000         
0.000         
0.000         
0.000         
0.000         
0.000         
0.000         
0.000         
0.000         
0.000         
0.000         
0.000         
0.000         
0.000         
0.000         
0.000         
0.000         
0.000         
0.000         
0.000         
0.000         
0.000         
0.000         
0.000         
0.000         
0.000         
0.000         
0.000         
0.000         
0.000         
0.000         
0.000         
0.000         
0.000         
0.000         
0.000         
0.000         
0.000         
0.000         
0.000         
0.000         
0.000         
0.000         
0.000         
0.000         
0.000         
0.000         
0.000         
0.000         
0.000         
0.000         
0.000         
0.000         
0.000         
0.000         
0.000         
0.000         
0.000         
0.000         
0.000         
0.000         
0.000         
0.000         
0.000         
0.000         
0.000         
0.000         
0.000         
0.000         
0.000         
0.000         
0.000         
0.000         
0.000         
0.000         
0.000         
0.000         
0.000         
0.000         
2.540         
0.155         
5.730         
5.352         
0.282         
7.009         
7.771         
1.557         
5.731         
1.930         
12.186        
32.797        
0.050         
0.003         
2.873         
5.036         
0.422         
0.170         
3.415         
0.876         
0.000         
0.885         
0.085         
113.260       
0.011         
2.692         
14.390        
13.206        
0.000         
36.413        
3.778         
24.176        
0.000         
11.718        
15.274        
2.571         
4.687         
4.150         
1.032         
5.799         
60.646        
24.867        
19.305        
2.622         
47.870        
8.421         
309.577       
11.342        
21.573        
0.000         
0.000         
0.000         
0.000         
0.000         
0.000         
0.000         
0.000         
0.000         
0.000         
0.000         
0.000         
0.000         
0.000         
0.000         
0.000         
0.000         
0.000         
0.000         
0.000         
0.000         
0.000         
0.000         
0.000         
0.000         
0.000         
0.000         
0.000         
0.000         
0.000         
0.000         
0.000         
0.000         
0.000         
0.000         
0.000         
0.000         
0.000         
0.000         
0.000         
0.000         
0.000         
0.000         
0.000         
0.000         
0.000         
0.000         
0.000         
0.000         
0.000         
0.000         
0.000         
0.000         
0.000         
0.000         
0.000         
0.000         
0.000         
0.000         
0.000         
0.000         
0.000         
0.000         
0.000         
0.000         
0.000         
0.000         
0.000         
0.000         
0.000         
0.000         
0.000         
0.000         
0.000         
0.000         
0.000         
0.000         
0.000         
0.000         
0.000         
0.000         
0.000         
0.000         
0.000         
0.000         
0.000         
0.000         
0.000         
0.000         
0.000         
0.000         
0.000         
0.000         
0.000         
0.000         
0.000         
0.000         
0.000         
0.000         
0.000         
0.000         
0.000         
0.000         
0.000         
0.000         
0.000         
0.000         
0.000         
0.000         
0.000         
0.000         
0.000         
0.000         
0.000         
0.000         
0.000         
0.000         
0.000         
0.000         
0.000         
0.000         
0.000         
0.000         
0.000         
0.000         
0.000         
0.000         
0.000         
0.000         
0.000         
0.000         
0.000         
0.000         
0.000         
0.000         
0.000         
0.000         
0.000         
0.000         
0.000         
0.000         
0.000         
0.000         
0.000         
0.000         
0.000         
0.000         
0.000         
0.000         
0.000         
0.000         
0.000         
0.000         
0.000         
0.000         
0.000         
0.000         
0.000         
0.000         
0.000         
0.000         
0.000         
0.000         
0.000         
0.000         
0.000         
0.000         
0.000         
0.000         
0.000         
0.000         
0.000         
0.000         
0.000         
0.000         
0.000         
0.000         
0.000         
0.000         
0.000         
0.000         
0.000         
0.000         
0.000         
0.000         
0.000         
0.000         
0.000         
0.000         
0.000         
0.000         
0.000         
0.000         
0.000         
0.000         
0.000         
0.000         
0.000         
0.000         
0.000         
0.000         
0.000         
0.000         
0.000         
0.000         
0.000         
0.000         
0.000         
0.000         
0.000         
0.000         
0.000         
0.000         
0.000         
0.000         
0.000         
0.000         
0.000         
0.000         
0.000         
0.000         
0.000         
0.000         
0.000         
0.000         
0.000         
0.000         
0.000         
0.000         
0.000         
0.000         
0.000         
0.000         
0.000         
0.000         
0.000         
0.000         
0.000         
0.000         
0.000         
0.000         
0.000         
0.000         
0.000         
0.000         
0.000         
0.000         
0.000         
0.000         
0.000         
0.000         
0.000         
0.000         
0.000         
0.000         
0.000         
0.000         
0.000         
0.000         
0.000         
0.000         
0.000         
0.000         
0.000         
0.000         
0.000         
0.000         
0.000         
0.000         
0.000         
0.000         
0.000         
0.000         
0.000         
0.000         
0.000         
0.000         
0.000         
0.000         
0.000         
0.000         
0.000         
0.000         
0.000         
0.000         
0.000         
0.000         
0.000         
0.000         
0.000         
0.000         
0.000         
0.000         
0.000         
0.000         
0.000         
0.000         
0.000         
0.000         
0.000         
0.000         
0.000         
0.000         
0.000         
0.000         
0.000         
0.000         
0.000         
0.000         
0.000         
0.000         
0.000         
0.000         
0.000         
0.000         
0.000         
0.000         
0.000         
0.000         
0.000         
0.000         
0.000         
0.000         
0.000         
0.000         
0.000         
0.000         
0.000         
0.000         
0.000         
0.000         
0.000         
0.000         
0.000         
0.000         
0.000         
0.000         
0.000         
0.000         
0.000         
0.000         
0.000         
0.000         
0.000         
0.000         
0.000         
0.000         
0.000         
0.000         
0.000         
0.000         
0.000         
0.000         
0.000         
0.000         
0.000         
0.000         
0.000         
0.000         
0.000         
0.000         
0.000         
0.000         
0.000         
0.000         
0.000         
0.000         
0.000         
0.000         
0.000         
0.000         
0.000         
0.000         
0.000         
0.000         
0.000         
0.000         
0.000         
0.000         
0.000         
0.000         
0.000         
0.000         
0.000         
0.000         
0.000         
0.000         
0.000         
0.000         
0.000         
0.000         
0.000         
0.000         
0.000         
0.000         
0.000         
0.000         
0.000         
0.000         
0.000         
0.000         
0.000         
0.000         
0.000         
0.000         
0.000         
0.000         
0.000         
0.000         
0.000         
0.000         
0.000         
0.000         
0.000         
0.000         
0.000         
0.000         
0.000         
0.000         
0.000         
0.000         
0.000         
0.000         
0.000         
0.000         
0.000         
0.000         
0.000         
0.000         
0.000         
0.000         
0.000         
0.000         
0.000         
0.000         
0.000         
0.000         
0.000         
0.000         
0.000         
0.000         
0.000         
0.000         
0.000         
0.000         
0.000         
0.000         
0.000         
0.000         
0.000         
0.000         
0.000         
0.000         
0.000         
0.000         
0.000         
0.000         
0.000         
0.000         
0.000         
0.000         
0.000         
0.000         
0.000         
0.000         
0.000         
0.000         
0.000         
0.000         
0.000         
0.000         
0.000         
0.000         
0.000         
0.000         
0.000         
0.000         
0.000         
0.000         
0.000         
0.000         
0.000         
0.000         
0.000         
0.000         
0.000         
0.000         
0.000         
0.000         
0.000         
0.000         
0.000         
0.000         
0.000         
0.000         
0.000         
0.000         
0.000         
0.000         
0.000         
0.000         
0.000         
0.000         
0.000         
0.000         
0.000         
0.000         
0.000         
0.000         
0.000         
0.000         
0.000         
0.000         
0.000         
0.000         
0.000         
0.000         
0.000         
0.000         
0.000         
0.000         
0.000         
0.000         
0.000         
0.000         
0.000         
0.000         
0.000         
0.000         
0.000         
0.000         
0.000         
0.000         
0.000         
0.000         
0.000         
0.000         
0.000         
0.000         
0.000         
4.538         
24.761        
0.000         
5.764         
2.991         
0.468         
0.000         
3.275         
0.000         
8.116         
0.143         
5.165         
9.000         
1.842         
1.190         
1.518         
0.919         
0.300         
0.015         
10.807        
0.910         
1.583         
8.390         
4.799         
12.716        
6.708         
2.061         
2.408         
3.521         
0.213         
4.020         
0.122         
9.708         
7.120         
0.000         
0.007         
0.021         
10.924        
0.014         
0.086         
0.704         
13.010        
9.313         
22.279        
2.300         
10.409        
2.912         
1.381         
2.841         
37.336        
74.749        
2.253         
34.377        
60.129        
40.237        
3.344         
7.366         
0.084         
3.744         
6.163         
6.457         
0.712         
1.880         
4.140         
12.509        
1.968         
0.994         
0.862         
4.868         
0.571         
6.493         
47.451        
0.258         
13.397        
0.707         
0.774         
3.367         
0.358         
4.229         
0.432         
1.332         
2.605         
0.200         
0.064         
1.087         
0.000         
0.755         
1.120         
9.109         
1.776         
11.087        
0.045         
18.824        
0.358         
6.868         
19.195        
0.132         
1.387         
0.863         
6.281         
0.113         
0.000         
0.033         
0.202         
1.592         
9.346         
2.624         
12.679        
0.011         
1.210         
0.084         
1.436         
3.261         
0.004         
3.367         
0.010         
0.057         
2.970         
1.173         
15.514        
49.069        
56.183        
22.730        
38.299        
69.552        
31.345        
27.571        
2.586         
17.273        
12.988        
0.171         
5.695         
0.993         
16.707        
7.981         
13.103        
3.857         
4.934         
17.680        
50.519        
5.754         
147.622       
10.588        
0.757         
1.731         
0.001         
1.682         
4.505         
0.273         
4.089         
0.969         
14.695        
24.251        
0.125         
0.106         
1.193         
1.316         
0.488         
8.289         
0.040         
0.882         
0.023         
13.353        
0.000         
57.071        
0.063         
1.619         
12.319        
17.338        
3.700         
19.539        
2.479         
3.830         
1.330         
2.170         
8.569         
0.931         
0.391         
0.000         
9.949         
0.001         
10.707        
27.127        
16.598        
93.513        
56.898        
0.172         
19.532        
45.456        
50.345        
31.837        
28.674        
217.454       
20.772        
49.167        
114.125       
6.354         
0.621         
12.073        
2.633         
47.598        
0.000         
0.000         
0.000         
0.000         
0.000         
0.000         
0.000         
0.000         
0.000         
0.000         
0.000         
0.000         
0.000         
0.000         
0.000         
0.000         
0.000         
0.000         
0.000         
0.000         
0.000         
0.000         
0.000         
0.000         
0.000         
0.000         
0.000         
0.000         
0.000         
0.000         
0.000         
0.000         
0.000         
0.000         
0.000         
0.000         
0.000         
0.000         
0.000         
0.000         
0.000         
0.000         
0.000         
0.000         
0.000         
0.000         
0.000         
0.000         
0.000         
0.000         
0.000         
0.000         
0.000         
0.000         
0.000         
0.000         
0.000         
0.000         
0.000         
0.000         
0.000         
0.000         
0.000         
0.000         
0.000         
0.000         
0.000         
0.000         
0.000         
0.000         
0.000         
0.000         
0.000         
0.000         
0.000         
0.000         
0.000         
0.000         
0.000         
0.000         
0.000         
0.000         
0.000         
0.000         
0.000         
0.000         
0.000         
0.000         
0.000         
0.000         
0.000         
0.000         
0.000         
0.000         
0.000         
0.000         
0.000         
0.000         
0.000         
0.000         
0.000         
0.000         
0.000         
0.000         
0.000         
0.000         
0.000         
0.000         
0.000         
0.000         
0.000         
0.000         
0.000         
0.000         
0.000         
0.000         
0.000         
0.000         
0.000         
0.000         
0.000         
0.000         
0.000         
0.000         
0.000         
0.000         
0.000         
0.000         
0.000         
0.000         
0.000         
0.000         
0.000         
0.000         
0.000         
0.000         
0.000         
0.000         
0.000         
0.000         
0.000         
0.000         
0.000         
0.000         
0.000         
0.000         
0.000         
0.000         
0.000         
0.000         
0.000         
0.000         
0.000         
0.000         
0.000         
0.000         
0.000         
0.000         
0.000         
0.000         
0.000         
0.000         
0.000         
0.000         
0.000         
0.000         
0.000         
0.000         
0.000         
0.000         
0.000         
0.000         
0.000         
0.000         
0.000         
0.000         
0.000         
0.000         
0.000         
0.000         
0.000         
0.000         
0.000         
0.000         
0.000         
0.000         
0.000         
0.000         
0.000         
0.000         
0.000         
0.000         
0.000         
0.000         
0.000         
0.000         
0.000         
0.000         
0.000         
0.000         
0.000         
0.000         
0.000         
0.000         
0.000         
0.000         
0.000         
0.000         
0.000         
0.000         
0.000         
0.000         
0.000         
0.000         
0.000         
0.000         
0.000         
0.000         
0.000         
0.000         
0.000         
0.000         
0.000         
0.000         
0.000         
0.000         
0.000         
0.000         
0.000         
0.000         
0.000         
0.000         
0.000         
0.000         
0.000         
0.000         
0.000         
0.000         
0.000         
0.000         
0.000         
0.000         
0.000         
0.000         
0.000         
0.000         
0.000         
0.000         
0.000         
0.000         
0.000         
0.000         
0.000         
0.000         
0.000         
0.000         
0.000         
0.000         
0.000         
0.000         
0.000         
0.000         
0.000         
0.000         
0.000         
0.000         
0.000         
0.000         
0.000         
0.000         
0.000         
0.000         
0.000         
0.000         
0.000         
0.000         
0.000         
0.000         
0.000         
0.000         
0.000         
0.000         
0.000         
0.000         
0.000         
0.000         
0.000         
0.000         
0.000         
0.000         
0.000         
0.000         
0.000         
0.000         
0.000         
0.000         
0.000         
0.000         
0.000         
0.000         
0.000         
0.000         
0.000         
0.000         
17.160        
18.387        
2.659         
9.384         
1.264         
0.300         
0.031         
0.048         
0.661         
22.480        
0.072         
2.513         
9.203         
6.332         
0.195         
0.000         
1.266         
15.458        
8.896         
1.076         
106.791       
0.002         
0.000         
28.377        
2.539         
0.773         
1.840         
15.298        
26.451        
3.247         
21.198        
1.667         
1.109         
0.050         
68.695        
2.937         
5.908         
0.021         
1.271         
6.495         
5.400         
124.421       
56.232        
23.317        
65.379        
3.618         
115.066       
34.607        
8.758         
36.444        
97.085        
12.597        
0.788         
50.008        
1.848         
145.940       
94.633        
4.141         
19.297        
19.928        
90.099        
69.306        
52.999        
50.086        
9.455         
4.008         
46.550        
13.400        
25.324        
30.949        
70.509        
2.219         
0.391         
7.249         
0.026         
6.321         
11.065        
3.539         
0.082         
0.747         
72.063        
23.932        
4.010         
0.568         
0.312         
0.574         
3.439         
0.000         
21.794        
19.493        
0.189         
5.021         
15.153        
0.000         
0.000         
0.000         
0.000         
0.000         
0.000         
0.000         
0.000         
0.000         
0.000         
0.000         
0.000         
0.000         
0.000         
0.000         
0.000         
0.000         
0.000         
0.000         
0.000         
0.000         
0.000         
0.000         
0.000         
0.000         
0.000         
0.000         
0.000         
0.000         
0.000         
0.000         
0.000         
0.000         
0.000         
0.000         
0.000         
0.000         
0.000         
0.000         
0.000         
0.000         
0.000         
0.000         
0.000         
0.000         
0.000         
0.000         
0.000         
0.000         
0.000         
0.000         
0.000         
0.000         
0.000         
0.000         
0.000         
0.000         
0.000         
0.000         
0.000         
0.000         
0.000         
0.000         
0.000         
0.000         
0.000         
0.000         
0.000         
0.000         
0.000         
0.000         
0.000         
0.000         
0.000         
0.000         
0.000         
0.000         
0.000         
0.000         
0.000         
0.000         
0.000         
0.000         
0.000         
0.000         
0.000         
0.000         
0.000         
0.000         
0.000         
0.000         
0.000         
0.000         
0.000         
0.000         
0.000         
0.000         
0.000         
0.000         
0.000         
0.000         
0.000         
0.000         
0.000         
0.000         
0.000         
0.000         
0.000         
0.000         
0.000         
0.000         
0.000         
0.000         
0.000         
0.000         
0.000         
0.000         
0.000         
0.000         
0.000         
0.000         
0.000         
0.000         
0.000         
0.000         
0.000         
0.000         
0.000         
0.000         
0.000         
0.000         
0.000         
0.000         
0.000         
0.000         
0.000         
0.000         
0.000         
0.000         
0.000         
0.000         
0.000         
0.000         
0.000         
0.000         
0.000         
0.000         
0.000         
0.000         
0.000         
0.000         
0.000         
0.000         
0.000         
0.000         
0.000         
0.000         
0.000         
0.000         
0.000         
0.000         
0.000         
0.000         
0.000         
0.000         
0.000         
0.000         
0.000         
0.000         
0.000         
0.000         
0.000         
0.000         
0.000         
0.000         
0.000         
0.000         
0.000         
0.000         
0.000         
0.000         
0.000         
0.000         
0.000         
0.000         
0.000         
0.000         
0.000         
0.000         
0.000         
0.000         
0.000         
0.000         
0.000         
0.000         
0.000         
0.000         
0.000         
0.000         
0.000         
0.000         
0.000         
0.000         
0.000         
0.000         
0.000         
0.000         
0.000         
0.000         
0.000         
0.000         
0.000         
0.000         
0.000         
0.000         
0.000         
0.000         
0.000         
0.000         
0.000         
0.000         
0.000         
0.000         
0.000         
0.000         
0.000         
0.000         
0.000         
0.000         
0.000         
0.000         
0.000         
0.000         
0.000         
0.000         
0.000         
0.000         
0.000         
0.000         
0.000         
0.000         
0.000         
0.000         
0.000         
0.000         
0.000         
0.000         
0.000         
0.000         
0.000         
0.000         
0.000         
0.000         
0.000         
0.000         
0.000         
0.000         
0.000         
0.000         
0.000         
0.000         
0.000         
0.000         
0.000         
0.000         
0.000         
0.000         
0.000         
0.000         
0.000         
0.000         
0.000         
0.000         
0.000         
0.000         
0.000         
0.000         
0.000         
0.000         
0.000         
0.000         
0.000         
0.000         
0.000         
0.000         
0.000         
0.000         
0.000         
0.000         
0.000         
0.000         
0.000         
0.000         
0.000         
0.000         
0.000         
0.000         
0.000         
0.000         
0.000         
0.000         
0.000         
0.000         
0.000         
0.000         
0.000         
0.000         
0.000         
0.000         
0.000         
0.000         
0.000         
0.000         
0.000         
0.000         
0.000         
0.000         
0.000         
0.000         
0.000         
0.000         
0.000         
0.000         
0.000         
0.000         
0.000         
0.000         
0.000         
0.000         
0.000         
0.000         
0.000         
0.000         
0.000         
0.000         
0.000         
0.000         
0.000         
0.000         
0.000         
0.000         
0.000         
0.000         
0.000         
0.000         
0.000         
0.000         
0.000         
0.000         
0.000         
0.000         
0.000         
0.000         
0.000         
0.000         
0.000         
0.000         
0.000         
0.000         
0.000         
0.000         
0.000         
0.000         
0.000         
0.000         
0.000         
0.000         
0.000         
0.000         
0.000         
0.000         
0.000         
0.000         
0.000         
0.000         
0.000         
0.000         
0.000         
0.000         
0.000         
0.000         
0.000         
0.000         
0.000         
0.000         
0.000         
0.000         
0.000         
0.000         
0.000         
0.000         
0.000         
0.000         
0.000         
0.000         
0.000         
0.000         
0.000         
0.000         
0.000         
0.000         
0.000         
0.000         
0.000         
0.000         
0.000         
0.000         
0.000         
0.000         
0.000         
0.000         
0.000         
0.000         
0.000         
0.000         
0.000         
0.000         
0.021         
0.346         
0.000         
0.781         
2.247         
0.089         
4.045         
0.321         
0.001         
0.000         
3.666         
4.212         
4.808         
0.199         
1.175         
0.054         
0.009         
0.096         
0.240         
0.552         
0.000         
0.831         
2.980         
4.426         
3.700         
0.000         
1.719         
0.250         
0.088         
0.000         
2.915         
0.011         
0.162         
1.026         
0.182         
2.023         
5.002         
0.985         
1.469         
40.717        
3.423         
3.074         
4.417         
0.288         
0.275         
7.678         
0.197         
0.408         
3.191         
14.490        
31.881        
6.340         
17.453        
0.710         
2.011         
4.058         
0.798         
0.588         
1.141         
1.871         
34.846        
18.377        
6.529         
5.184         
10.457        
0.185         
2.946         
1.364         
14.373        
11.036        
10.590        
1.189         
5.874         
0.000         
1.556         
0.047         
1.540         
0.003         
34.901        
0.028         
3.841         
3.561         
0.000         
25.481        
0.655         
0.003         
9.063         
0.005         
0.658         
16.371        
8.301         
21.132        
28.694        
3.688         
12.310        
4.147         
3.340         
0.000         
0.527         
8.638         
2.086         
0.051         
0.150         
0.002         
3.333         
0.349         
0.020         
2.794         
1.860         
8.008         
17.236        
0.247         
14.942        
143.925       
46.683        
11.470        
6.087         
6.104         
23.360        
3.730         
10.161        
6.228         
12.589        
43.836        
45.310        
6.437         
43.418        
19.824        
15.103        
6.411         
30.330        
18.596        
0.026         
25.333        
55.735        
9.299         
0.980         
3.076         
2.603         
0.438         
0.412         
0.822         
0.000         
0.000         
0.000         
0.000         
0.000         
0.000         
0.000         
0.000         
0.000         
0.000         
0.000         
0.000         
0.000         
0.000         
0.000         
0.000         
0.000         
0.000         
0.000         
0.000         
0.000         
0.000         
0.000         
0.000         
0.000         
0.000         
0.000         
0.000         
0.000         
0.000         
0.000         
0.000         
0.000         
0.000         
0.000         
0.000         
0.000         
0.000         
0.000         
0.000         
0.000         
0.000         
0.000         
0.000         
0.000         
0.000         
0.000         
0.000         
0.000         
0.000         
0.000         
0.000         
0.000         
0.000         
0.000         
0.000         
0.000         
0.000         
0.000         
0.000         
0.000         
0.000         
0.000         
0.000         
0.000         
0.000         
0.000         
0.000         
0.000         
0.000         
0.000         
0.000         
0.000         
0.000         
0.000         
0.000         
0.000         
0.000         
0.000         
0.000         
0.000         
0.000         
0.000         
0.000         
0.000         
0.000         
0.000         
0.000         
0.000         
0.000         
0.000         
0.000         
0.000         
0.000         
0.000         
0.000         
0.000         
0.000         
0.000         
0.000         
0.000         
0.000         
0.000         
0.000         
0.000         
0.000         
0.000         
0.000         
0.000         
0.000         
0.000         
0.000         
0.000         
0.000         
0.000         
0.000         
0.000         
0.000         
0.000         
0.000         
0.000         
0.000         
0.000         
0.000         
0.000         
0.000         
0.000         
0.000         
0.000         
0.000         
0.000         
0.000         
0.000         
0.000         
0.000         
0.000         
0.000         
0.000         
0.000         
0.000         
0.000         
0.000         
0.000         
0.000         
0.000         
0.000         
0.000         
0.000         
0.000         
0.000         
0.000         
0.000         
0.000         
0.000         
0.000         
0.000         
0.000         
0.000         
0.000         
0.000         
0.000         
0.000         
0.000         
0.000         
0.000         
0.000         
0.000         
0.000         
0.000         
0.000         
0.000         
0.000         
0.000         
0.000         
0.000         
0.000         
0.000         
0.000         
0.000         
0.000         
0.000         
0.000         
0.000         
0.000         
0.000         
0.000         
0.000         
0.000         
0.000         
0.000         
0.000         
0.000         
0.000         
0.000         
0.000         
0.000         
0.000         
0.000         
0.000         
0.000         
0.000         
0.000         
0.000         
0.000         
0.000         
0.000         
0.000         
0.000         
0.000         
0.000         
0.000         
0.000         
0.000         
0.000         
0.000         
0.000         
0.000         
0.000         
0.000         
0.000         
0.000         
0.000         
0.000         
0.000         
0.000         
0.000         
0.000         
0.000         
0.000         
0.000         
0.000         
0.000         
0.000         
0.000         
0.000         
0.000         
0.000         
0.000         
0.000         
0.000         
0.000         
0.000         
0.000         
0.000         
0.000         
0.000         
0.000         
0.000         
0.000         
0.000         
0.000         
0.000         
0.000         
0.000         
0.000         
0.000         
0.000         
0.000         
0.000         
0.000         
0.000         
0.000         
0.000         
0.000         
0.000         
0.000         
0.000         
0.000         
0.000         
0.000         
0.000         
0.000         
0.000         
0.000         
0.000         
0.000         
0.000         
0.000         
0.000         
0.000         
0.000         
0.000         
0.000         
0.000         
0.000         
0.000         
0.000         
0.000         
0.000         
0.000         
0.000         
0.000         
0.000         
0.000         
0.000         
0.000         
0.000         
0.000         
0.000         
0.000         
0.000         
0.000         
0.000         
0.000         
0.000         
0.000         
0.000         
0.000         
0.000         
0.000         
0.000         
0.000         
0.000         
0.000         
0.000         
0.000         
0.000         
0.000         
0.000         
0.000         
0.000         
0.000         
0.000         
0.000         
0.000         
0.000         
0.000         
0.000         
0.000         
0.000         
0.000         
0.000         
0.000         
0.000         
0.000         
0.000         
0.000         
0.000         
0.000         
0.000         
0.000         
0.000         
0.000         
0.000         
0.000         
0.000         
0.000         
0.000         
0.000         
0.000         
0.000         
0.000         
0.000         
0.000         
0.000         
0.000         
0.000         
0.000         
0.000         
0.000         
0.000         
0.000         
0.000         
0.000         
0.000         
0.000         
0.000         
0.000         
0.000         
0.000         
0.000         
0.000         
0.000         
0.000         
0.000         
0.000         
0.000         
0.000         
0.000         
0.000         
0.000         
0.000         
0.000         
0.000         
0.000         
0.000         
0.000         
0.000         
0.000         
0.000         
0.000         
0.000         
0.000         
0.000         
0.000         
0.000         
0.000         
0.000         
0.000         
0.000         
0.000         
0.000         
0.000         
0.000         
0.000         
0.000         
0.000         
0.000         
0.000         
0.000         
0.000         
0.000         
0.000         
0.000         
0.000         
0.000         
0.000         
0.000         
0.000         
0.000         
0.000         
0.000         
0.000         
0.000         
0.000         
0.000         
0.000         
0.000         
0.000         
0.000         
0.000         
0.000         
0.000         
0.000         
0.000         
0.000         
0.000         
0.000         
0.000         
0.000         
0.000         
0.000         
0.000         
0.000         
0.000         
0.000         
0.000         
0.000         
0.000         
0.000         
0.000         
0.000         
0.000         
0.000         
0.000         
0.000         
0.000         
0.000         
0.000         
0.000         
0.000         
0.000         
0.000         
0.000         
0.000         
0.000         
0.000         
0.000         
0.000         
0.000         
0.000         
0.000         
0.000         
0.000         
0.000         
0.000         
0.000         
0.000         
0.000         
0.000         
0.000         
0.000         
0.000         
0.000         
0.000         
0.000         
0.000         
0.000         
0.000         
0.000         
0.000         
0.000         
0.000         
0.000         
0.000         
0.000         
0.000         
0.000         
0.000         
0.000         
0.000         
0.000         
0.000         
0.000         
0.000         
0.000         
0.000         
0.000         
0.000         
0.000         
0.000         
0.000         
0.000         
0.000         
0.000         
0.000         
0.000         
0.000         
0.000         
0.000         
0.000         
0.000         
0.000         
0.000         
0.000         
0.000         
0.000         
0.000         
0.000         
0.000         
0.000         
0.000         
0.000         
0.000         
0.000         
0.000         
0.000         
0.000         
0.000         
0.000         
0.000         
0.000         
0.000         
0.000         
0.000         
0.000         
0.000         
0.000         
0.000         
0.000         
0.000         
0.000         
0.000         
0.000         
0.000         
0.000         
0.000         
0.000         
0.000         
0.000         
0.000         
0.000         
0.000         
0.000         
0.000         
0.000         
0.000         
0.000         
0.000         
0.000         
0.000         
0.000         
0.000         
0.000         
0.000         
0.000         
0.000         
0.000         
0.000         
0.000         
0.000         
0.000         
0.000         
0.000         
0.000         
0.000         
0.000         
0.000         
0.000         
0.000         
0.000         
0.000         
0.000         
0.000         
0.000         
0.000         
0.000         
0.000         
0.000         
0.000         
0.000         
0.000         
0.000         
0.000         
0.000         
0.000         
0.000         
0.000         
0.000         
0.000         
0.000         
0.000         
0.000         
0.000         
0.000         
0.000         
0.000         
0.000         
0.000         
0.000         
0.000         
0.000         
0.000         
0.000         
0.000         
0.000         
0.000         
0.000         
0.000         
0.000         
0.000         
0.000         
0.000         
0.000         
0.000         
0.000         
0.000         
0.000         
0.000         
0.000         
0.000         
0.000         
0.000         
0.000         
0.000         
0.000         
0.000         
0.000         
0.000         
0.000         
0.000         
0.000         
0.000         
0.000         
0.000         
0.000         
0.000         
0.000         
0.000         
0.000         
0.000         
0.000         
0.000         
0.000         
0.000         
0.000         
0.000         
0.000         
0.000         
0.000         
0.000         
0.000         
0.000         
0.000         
0.000         
0.000         
0.000         
0.000         
0.000         
0.000         
0.000         
0.000         
0.000         
0.000         
0.000         
0.000         
0.000         
0.000         
0.000         
0.000         
0.000         
0.000         
0.000         
0.000         
0.000         
0.000         
0.000         
0.000         
0.000         
0.000         
0.000         
0.000         
0.000         
0.000         
0.000         
0.000         
0.000         
0.000         
0.000         
0.000         
0.000         
0.000         
0.000         
0.000         
0.000         
0.000         
0.000         
0.000         
0.000         
0.000         
0.000         
0.000         
0.000         
0.000         
0.000         
0.000         
0.000         
0.000         
0.000         
0.000         
0.000         
0.000         
0.000         
0.000         
0.000         
0.000         
0.000         
0.000         
0.000         
0.000         
0.000         
0.000         
0.000         
0.000         
0.000         
0.000         
0.000         
0.000         
0.000         
0.000         
0.000         
0.000         
0.000         
0.000         
0.000         
0.000         
0.000         
0.000         
0.000         
0.000         
0.000         
0.000         
0.000         
0.000         
0.000         
0.000         
0.000         
0.000         
0.000         
0.000         
0.000         
0.000         
0.000         
0.000         
0.000         
0.000         
0.000         
0.000         
0.000         
0.000         
0.000         
0.000         
0.000         
0.000         
0.000         
0.000         
0.000         
0.000         
0.000         
0.000         
0.000         
0.000         
0.000         
0.000         
0.000         
0.000         
0.000         
0.000         
0.000         
0.000         
0.000         
0.000         
0.000         
0.000         
0.000         
0.000         
0.000         
0.000         
0.000         
0.000         
0.000         
0.000         
0.000         
0.000         
0.000         
0.000         
0.000         
0.000         
0.000         
0.000         
0.000         
0.000         
0.000         
0.000         
0.000         
0.000         
0.000         
0.000         
0.000         
0.000         
0.000         
0.000         
0.000         
0.000         
0.000         
0.000         
0.000         
0.000         
0.000         
0.000         
0.000         
0.000         
0.000         
0.000         
0.000         
0.000         
0.000         
0.000         
0.000         
0.000         
0.000         
0.000         
0.000         
0.000         
0.000         
0.000         
0.000         
0.000         
0.000         
0.000         
0.000         
0.000         
0.000         
0.000         
0.000         
0.000         
0.000         
0.000         
0.000         
0.000         
0.000         
0.000         
0.000         
0.000         
0.000         
0.000         
0.000         
0.000         
0.000         
0.000         
0.000         
0.000         
0.000         
0.000         
0.000         
0.000         
0.000         
0.000         
0.000         
0.000         
0.000         
0.000         
0.000         
0.000         
0.000         
0.000         
0.000         
0.000         
0.000         
0.000         
0.000         
0.000         
0.000         
0.000         
0.000         
0.000         
0.000         
0.000         
0.000         
0.000         
0.000         
0.000         
0.000         
0.000         
0.000         
0.000         
0.000         
0.000         
0.000         
0.000         
0.000         
0.000         
0.000         
0.000         
0.000         
0.000         
0.000         
0.000         
0.000         
0.000         
0.000         
0.000         
0.000         
0.000         
0.000         
0.000         
0.000         
0.000         
0.000         
0.000         
0.000         
0.000         
0.000         
0.000         
0.000         
0.000         
0.000         
0.000         
0.000         
0.000         
0.000         
0.000         
0.000         
0.000         
2.610         
0.000         
0.010         
5.549         
0.004         
0.008         
2.235         
0.051         
1.259         
0.354         
0.291         
0.000         
0.039         
0.894         
0.648         
17.623        
0.008         
2.384         
4.477         
0.386         
2.183         
0.744         
0.103         
0.030         
1.308         
0.008         
0.239         
4.098         
10.758        
0.664         
2.120         
1.440         
72.493        
11.927        
2.968         
4.298         
4.165         
7.168         
0.390         
4.878         
0.783         
10.420        
2.246         
12.525        
31.820        
5.655         
0.127         
1.946         
0.909         
7.826         
25.608        
0.764         
0.374         
0.298         
1.087         
1.329         
27.789        
6.955         
0.605         
15.762        
1.272         
15.935        
0.139         
0.452         
0.466         
1.918         
3.473         
0.364         
1.182         
0.137         
0.109         
3.304         
1.968         
3.265         
0.028         
0.800         
0.397         
2.793         
1.050         
0.204         
3.645         
6.341         
4.930         
0.036         
0.076         
7.009         
4.192         
1.335         
0.040         
1.647         
0.448         
9.262         
0.237         
0.433         
0.014         
1.244         
0.047         
0.892         
0.869         
5.170         
0.200         
0.138         
0.217         
0.005         
4.328         
0.029         
18.943        
7.770         
0.917         
0.032         
0.222         
31.371        
0.000         
3.022         
4.036         
0.041         
15.761        
0.051         
3.725         
12.846        
1.175         
0.024         
0.039         
0.384         
1.456         
42.628        
38.663        
0.240         
1.362         
56.165        
10.316        
7.830         
18.082        
5.177         
1.292         
11.732        
2.205         
62.978        
4.116         
52.773        
5.172         
7.164         
2.481         
27.611        
8.289         
1.700         
18.482        
1.565         
7.529         
4.098         
5.940         
0.264         
0.000         
2.289         
5.067         
0.425         
0.282         
1.117         
9.451         
0.003         
0.861         
0.048         
8.819         
5.940         
0.664         
0.036         
0.119         
0.919         
0.000         
0.042         
2.751         
9.065         
3.916         
6.276         
4.869         
5.226         
8.884         
20.888        
0.101         
8.047         
0.312         
17.372        
1.587         
0.245         
0.064         
0.392         
0.078         
5.386         
1.331         
0.145         
0.154         
0.041         
2.478         
0.002         
6.929         
1.652         
1.788         
2.383         
8.161         
1.753         
5.472         
15.868        
17.000        
3.612         
30.854        
11.762        
32.941        
51.970        
37.687        
5.440         
7.731         
0.506         
0.022         
1.051         
1.675         
3.536         
5.641         
10.905        
0.189         
37.590        
5.615         
27.056        
0.869         
51.182        
36.731        
10.525        
9.383         
12.274        
0.294         
40.885        
0.241         
0.831         
5.705         
0.000         
1.655         
14.627        
2.987         
3.820         
8.130         
0.118         
0.225         
0.125         
0.293         
0.367         
11.982        
1.320         
0.802         
0.203         
2.767         
1.356         
96.762        
4.753         
0.035         
6.349         
0.169         
2.695         
14.951        
14.641        
0.171         
1.018         
58.823        
4.097         
0.381         
158.667       
0.000         
0.000         
0.000         
0.000         
0.000         
0.000         
0.000         
0.000         
0.000         
0.000         
0.000         
0.000         
0.000         
0.000         
0.000         
0.000         
0.000         
0.000         
0.000         
0.000         
0.000         
0.000         
0.000         
0.000         
0.000         
0.000         
0.000         
0.000         
0.000         
0.000         
0.000         
0.000         
0.000         
0.000         
0.000         
0.000         
0.000         
0.000         
0.000         
0.000         
0.000         
0.000         
0.000         
0.000         
0.000         
0.000         
0.000         
0.000         
0.000         
0.000         
0.000         
0.000         
0.000         
0.000         
0.000         
0.000         
0.000         
0.000         
0.000         
0.000         
0.000         
0.000         
0.000         
0.000         
0.000         
0.000         
0.000         
0.000         
0.000         
0.000         
0.000         
0.000         
0.000         
0.000         
0.000         
0.000         
0.000         
0.000         
0.000         
0.000         
0.000         
0.000         
0.000         
0.000         
0.000         
0.000         
0.000         
0.000         
0.000         
0.000         
0.000         
0.000         
0.000         
0.000         
0.000         
0.000         
0.000         
0.000         
0.000         
0.000         
0.000         
0.000         
0.000         
0.000         
0.000         
0.000         
0.000         
0.000         
0.000         
0.000         
0.000         
0.000         
0.000         
0.000         
0.000         
0.000         
0.000         
0.000         
0.000         
0.000         
0.000         
0.000         
0.000         
0.000         
0.000         
0.000         
0.000         
0.000         
0.000         
0.000         
0.000         
0.000         
0.000         
0.000         
0.000         
0.000         
0.000         
0.000         
0.000         
0.000         
0.000         
0.000         
0.000         
0.000         
0.000         
0.000         
0.000         
0.000         
0.000         
0.000         
0.000         
0.000         
0.000         
0.000         
0.000         
0.000         
0.000         
0.000         
0.000         
0.000         
0.000         
0.000         
0.000         
0.000         
0.000         
0.000         
0.000         
0.000         
0.000         
0.000         
0.000         
0.000         
0.000         
0.000         
0.000         
0.000         
0.000         
0.000         
0.000         
0.000         
0.000         
0.000         
0.000         
0.000         
0.000         
0.000         
0.000         
0.000         
0.000         
0.000         
0.000         
0.000         
0.000         
0.000         
0.000         
0.000         
0.000         
0.000         
0.000         
0.000         
0.000         
0.000         
0.000         
0.000         
0.000         
0.000         
0.000         
0.000         
0.000         
0.000         
0.000         
0.000         
0.000         
0.000         
0.000         
0.000         
0.000         
0.000         
0.000         
0.000         
0.000         
0.000         
0.000         
0.000         
0.000         
0.000         
0.000         
0.000         
0.000         
0.000         
0.000         
0.000         
0.000         
0.000         
0.000         
0.000         
0.000         
0.000         
0.000         
0.000         
0.000         
0.000         
0.000         
0.000         
0.000         
0.000         
0.000         
0.000         
0.000         
0.000         
0.000         
0.000         
0.000         
0.000         
0.000         
0.000         
0.000         
0.000         
0.000         
0.000         
0.000         
0.000         
0.000         
0.000         
0.000         
0.000         
0.000         
0.000         
0.000         
0.000         
0.000         
0.000         
0.000         
0.000         
0.000         
0.000         
0.000         
0.000         
0.000         
0.000         
0.000         
0.000         
0.000         
0.000         
0.000         
0.000         
0.000         
0.000         
0.000         
0.000         
0.000         
0.000         
0.000         
0.000         
0.000         
0.000         
0.000         
0.000         
0.000         
0.000         
0.000         
0.000         
0.000         
0.000         
0.000         
0.000         
0.000         
0.000         
0.000         
0.000         
0.000         
0.000         
0.000         
0.000         
0.000         
0.000         
0.000         
0.000         
0.000         
0.000         
0.000         
0.000         
0.000         
0.000         
0.000         
0.000         
0.000         
0.000         
0.000         
0.000         
0.000         
0.000         
0.000         
0.000         
0.000         
0.000         
0.000         
0.000         
0.000         
0.000         
0.000         
0.000         
0.000         
0.000         
0.000         
0.000         
0.000         
0.000         
0.000         
0.000         
0.000         
0.000         
0.000         
0.000         
0.000         
0.000         
0.000         
0.000         
0.000         
0.000         
0.000         
0.000         
0.000         
0.000         
0.000         
0.000         
0.000         
0.000         
0.000         
0.000         
0.000         
0.000         
0.000         
0.000         
0.000         
0.000         
0.000         
0.000         
0.000         
0.000         
0.000         
0.000         
0.000         
0.000         
0.000         
0.000         
0.000         
0.000         
0.000         
0.000         
0.000         
0.000         
0.000         
0.000         
0.000         
0.000         
0.000         
0.000         
0.000         
0.000         
0.000         
0.000         
0.000         
0.000         
0.000         
0.000         
0.000         
0.000         
0.000         
0.000         
0.000         
0.000         
0.000         
0.000         
0.000         
0.000         
0.000         
0.000         
0.000         
0.000         
0.000         
0.000         
0.000         
0.000         
0.000         
0.000         
0.000         
0.000         
0.000         
0.000         
0.000         
0.000         
0.000         
0.000         
0.000         
0.000         
0.000         
0.000         
0.000         
0.000         
0.000         
0.000         
0.000         
0.000         
0.000         
0.000         
0.000         
0.000         
0.000         
0.000         
0.000         
0.000         
0.000         
0.000         
0.000         
0.000         
0.000         
0.000         
0.000         
0.000         
0.000         
0.000         
0.000         
0.000         
0.000         
0.000         
0.000         
0.000         
0.000         
0.000         
0.000         
0.000         
0.000         
0.000         
0.000         
0.000         
0.000         
0.000         
0.000         
0.000         
0.000         
0.000         
0.000         
0.000         
0.000         
0.000         
0.000         
0.000         
0.000         
0.000         
0.000         
0.000         
0.000         
0.000         
0.000         
0.000         
0.000         
0.000         
0.000         
0.000         
0.000         
0.000         
0.000         
0.000         
0.000         
0.000         
0.000         
0.000         
0.000         
0.000         
0.000         
0.000         
0.000         
0.000         
0.000         
0.000         
0.000         
0.000         
0.000         
0.000         
0.000         
0.000         
0.000         
0.000         
0.000         
0.000         
0.000         
0.000         
0.000         
0.000         
0.000         
0.000         
0.000         
0.000         
0.000         
0.000         
0.000         
0.000         
0.000         
0.000         
0.000         
0.000         
0.000         
0.000         
0.000         
0.000         
0.000         
0.000         
0.000         
0.000         
0.000         
0.000         
0.000         
0.000         
0.000         
0.000         
0.000         
0.000         
0.000         
0.000         
0.000         
0.000         
0.000         
0.000         
0.000         
0.000         
0.000         
0.000         
0.000         
0.000         
0.000         
0.000         
0.000         
0.000         
0.000         
0.000         
0.000         
0.000         
0.000         
0.000         
0.000         
0.000         
0.000         
0.000         
0.000         
0.000         
0.000         
0.000         
0.000         
0.000         
0.000         
0.000         
0.000         
0.000         
0.000         
0.000         
0.000         
0.000         
0.000         
0.000         
0.000         
0.000         
0.000         
0.000         
0.000         
0.000         
0.000         
0.000         
0.000         
0.000         
0.000         
0.000         
0.000         
0.000         
0.000         
0.000         
0.000         
0.000         
0.000         
0.000         
0.000         
0.000         
0.000         
0.000         
0.000         
0.000         
0.000         
0.000         
0.000         
0.000         
0.000         
0.000         
0.000         
0.000         
0.000         
0.000         
0.000         
0.000         
0.000         
0.000         
0.000         
0.000         
0.000         
0.000         
0.000         
0.000         
0.000         
0.000         
0.000         
0.000         
0.000         
0.000         
0.000         
0.000         
0.000         
0.000         
0.000         
0.000         
0.000         
0.000         
0.000         
0.000         
0.000         
0.000         
0.000         
0.000         
0.000         
0.000         
0.000         
0.000         
0.000         
0.000         
0.000         
0.000         
0.000         
0.000         
0.000         
0.000         
0.000         
0.000         
0.000         
0.000         
0.000         
0.000         
0.000         
0.000         
0.000         
0.000         
0.000         
0.000         
0.000         
0.000         
0.000         
0.000         
0.000         
0.000         
0.000         
0.000         
0.000         
0.000         
0.000         
0.000         
0.000         
0.000         
0.000         
0.000         
0.000         
0.000         
0.000         
0.000         
0.000         
0.000         
0.000         
0.000         
0.000         
0.000         
0.000         
0.000         
0.000         
0.000         
0.000         
0.000         
0.000         
0.000         
0.000         
0.000         
0.000         
0.000         
0.000         
0.000         
0.000         
0.000         
0.000         
0.000         
0.000         
0.000         
0.000         
0.000         
0.000         
0.000         
0.000         
0.000         
0.000         
0.000         
0.000         
0.000         
0.000         
0.000         
0.000         
0.000         
0.000         
0.000         
0.000         
0.000         
0.000         
0.000         
0.000         
0.000         
0.000         
0.000         
0.000         
0.000         
0.000         
0.000         
0.000         
0.000         
0.000         
0.000         
0.000         
0.000         
0.000         
0.000         
0.000         
0.000         
0.000         
0.000         
0.000         
0.000         
0.000         
0.000         
0.000         
0.000         
0.000         
0.000         
0.000         
0.000         
0.000         
0.000         
0.000         
0.000         
0.000         
0.000         
0.000         
0.000         
0.000         
0.000         
0.000         
0.000         
0.000         
0.000         
0.000         
0.000         
0.000         
0.000         
0.000         
0.000         
0.000         
0.000         
0.000         
0.000         
0.000         
0.000         
0.000         
0.000         
0.000         
0.000         
0.000         
0.000         
0.000         
0.000         
0.000         
0.000         
0.000         
0.000         
0.000         
0.000         
0.000         
0.000         
0.000         
0.000         
0.000         
0.000         
0.000         
0.000         
0.000         
0.000         
0.000         
0.000         
0.054         
0.733         
20.980        
0.002         
38.449        
6.683         
0.218         
5.944         
27.754        
0.420         
0.001         
0.033         
0.000         
0.361         
0.730         
0.001         
0.023         
0.084         
0.003         
0.002         
0.077         
0.067         
0.021         
0.004         
0.107         
0.001         
0.187         
0.024         
0.482         
0.176         
0.091         
3.565         
0.004         
0.486         
0.000         
0.018         
0.349         
0.023         
0.080         
0.000         
4.242         
1.116         
1.221         
0.000         
5.506         
14.974        
0.361         
9.152         
9.853         
8.977         
0.000         
0.156         
0.231         
0.137         
0.123         
0.077         
9.100         
3.121         
0.033         
0.586         
0.201         
0.031         
2.321         
15.321        
1.356         
0.005         
0.108         
3.238         
0.164         
0.000         
0.251         
6.448         
0.122         
2.030         
24.835        
6.304         
14.434        
14.323        
0.346         
22.206        
0.004         
3.415         
8.053         
0.453         
18.898        
9.657         
0.116         
0.351         
15.507        
1.306         
1.721         
0.009         
1.536         
0.000         
1.351         
13.386        
0.113         
0.152         
0.007         
0.770         
0.913         
0.038         
0.219         
4.661         
3.840         
0.681         
7.148         
0.000         
51.918        
4.298         
4.813         
0.306         
0.019         
12.125        
2.263         
0.827         
1.603         
0.078         
0.124         
0.633         
14.642        
0.021         
14.768        
0.130         
5.961         
32.831        
4.730         
21.234        
3.217         
1.695         
39.981        
11.771        
0.166         
1.171         
0.005         
0.000         
0.008         
0.723         
1.952         
0.976         
0.250         
0.088         
1.712         
1.389         
0.022         
0.938         
0.172         
0.000         
1.165         
0.343         
0.103         
0.781         
0.661         
0.000         
0.176         
1.936         
3.867         
2.501         
5.595         
14.549        
3.688         
23.754        
2.460         
11.900        
2.597         
9.169         
0.621         
1.010         
0.000         
0.424         
0.001         
2.907         
10.197        
0.328         
8.369         
0.420         
1.814         
4.979         
9.394         
1.404         
0.450         
0.075         
0.001         
0.008         
1.505         
0.021         
1.047         
0.000         
0.961         
0.004         
1.014         
0.899         
0.267         
10.563        
5.899         
26.340        
11.802        
26.763        
38.800        
93.010        
154.514       
83.696        
23.189        
71.703        
21.947        
1.675         
17.608        
51.951        
59.107        
26.955        
2.628         
5.211         
40.757        
16.369        
4.153         
20.622        
7.052         
69.177        
1.048         
2.169         
6.221         
6.571         
0.001         
18.547        
25.553        
15.042        
0.191         
21.482        
83.024        
1.169         
1.700         
2.081         
2.654         
0.021         
0.275         
0.114         
0.028         
33.587        
5.060         
0.697         
3.810         
13.535        
0.760         
76.810        
0.240         
28.842        
11.796        
0.000         
15.247        
0.412         
0.000         
23.190        
16.233        
27.161        
71.384        
48.269        
20.452        
0.000         
263.944       
225.487       
87.126        
41.653        
0.000         
0.000         
0.000         
0.000         
0.000         
0.000         
0.000         
0.000         
0.000         
0.000         
0.000         
0.000         
0.000         
0.000         
0.000         
0.000         
0.000         
0.000         
0.000         
0.000         
0.000         
0.000         
0.000         
0.000         
0.000         
0.000         
0.000         
0.000         
0.000         
0.000         
0.000         
0.000         
0.000         
0.000         
0.000         
0.000         
0.000         
0.000         
0.000         
0.000         
0.000         
0.000         
0.000         
0.000         
0.000         
0.000         
0.000         
0.000         
0.000         
0.000         
0.000         
0.000         
0.000         
0.000         
0.000         
0.000         
0.000         
0.000         
0.000         
0.000         
0.000         
0.000         
0.000         
0.000         
0.000         
0.000         
0.000         
0.000         
0.000         
0.000         
0.000         
0.000         
0.000         
0.000         
0.000         
0.000         
0.000         
0.000         
0.000         
0.000         
0.000         
0.000         
0.000         
0.000         
0.000         
0.000         
0.000         
0.000         
0.000         
0.000         
0.000         
0.000         
0.000         
0.000         
0.000         
0.000         
0.000         
0.000         
0.000         
0.000         
0.000         
0.000         
0.000         
0.000         
0.000         
0.000         
0.000         
0.000         
0.000         
0.000         
0.000         
0.000         
0.000         
0.000         
0.000         
0.000         
0.000         
0.000         
0.000         
0.000         
0.000         
0.000         
0.000         
0.000         
0.000         
0.000         
0.000         
0.000         
0.000         
0.000         
0.000         
0.000         
0.000         
0.000         
0.000         
0.000         
0.000         
0.000         
0.000         
0.000         
0.000         
0.000         
0.000         
0.000         
0.000         
0.000         
0.000         
0.000         
0.000         
0.000         
0.000         
0.000         
0.000         
0.000         
0.000         
0.000         
0.000         
0.000         
0.000         
0.000         
0.000         
0.000         
0.000         
0.000         
0.000         
0.000         
0.000         
0.000         
0.000         
0.000         
0.000         
0.000         
0.000         
0.000         
0.000         
0.000         
0.000         
0.000         
0.000         
0.000         
0.000         
0.000         
0.000         
0.000         
0.000         
0.000         
0.000         
0.000         
0.000         
0.000         
0.000         
0.000         
0.000         
0.000         
0.000         
0.000         
0.000         
0.000         
0.000         
0.000         
0.000         
0.000         
0.000         
0.000         
0.000         
0.000         
0.000         
0.000         
0.000         
0.000         
0.000         
0.000         
0.000         
0.000         
0.000         
0.000         
0.000         
0.000         
0.000         
0.000         
0.000         
0.000         
0.000         
0.000         
0.000         
0.000         
0.000         
0.000         
0.000         
0.000         
0.000         
0.000         
0.000         
0.000         
0.000         
0.000         
0.000         
0.000         
0.000         
0.000         
0.000         
0.000         
0.000         
0.000         
0.000         
0.000         
0.000         
0.000         
0.000         
0.000         
0.000         
0.000         
0.000         
0.000         
0.000         
0.000         
0.000         
0.000         
0.000         
0.000         
0.000         
0.000         
0.000         
0.000         
0.000         
0.000         
0.000         
0.000         
0.000         
0.000         
0.000         
0.000         
0.000         
0.000         
0.000         
0.000         
0.000         
0.000         
0.000         
0.000         
0.000         
0.000         
0.000         
0.000         
0.000         
0.000         
0.000         
0.000         
0.000         
0.000         
0.000         
0.000         
0.000         
0.000         
0.000         
0.000         
0.000         
0.000         
0.000         
0.000         
0.000         
0.000         
0.000         
0.000         
0.000         
0.000         
0.000         
0.000         
0.000         
0.000         
0.000         
0.000         
0.000         
0.000         
0.000         
0.000         
0.000         
0.000         
0.000         
0.000         
0.000         
0.000         
0.000         
0.000         
0.000         
0.000         
0.000         
0.000         
0.000         
0.000         
0.000         
0.000         
0.000         
0.000         
0.000         
0.000         
0.000         
0.000         
0.000         
0.000         
0.000         
0.000         
0.000         
0.000         
0.000         
0.000         
0.000         
0.000         
0.000         
0.000         
0.000         
0.000         
0.000         
0.000         
0.000         
0.000         
0.000         
0.000         
0.000         
0.000         
0.000         
0.000         
0.000         
0.000         
0.000         
0.000         
0.000         
0.000         
0.000         
0.000         
0.000         
0.000         
0.000         
0.000         
0.000         
0.000         
0.000         
0.000         
0.000         
0.000         
0.000         
0.000         
0.000         
0.000         
0.000         
0.000         
0.000         
0.000         
0.000         
0.000         
0.000         
0.000         
0.000         
0.000         
0.000         
0.000         
0.000         
0.000         
0.000         
0.000         
0.000         
0.000         
0.000         
0.000         
0.000         
0.000         
0.000         
0.000         
0.000         
0.000         
0.000         
0.000         
0.000         
0.000         
0.000         
0.000         
0.000         
0.000         
0.000         
0.000         
0.000         
0.000         
0.000         
0.000         
0.000         
0.000         
0.000         
0.000         
0.000         
0.000         
0.000         
0.000         
0.000         
0.000         
0.000         
0.000         
0.000         
0.000         
0.000         
0.000         
0.000         
0.000         
0.000         
0.000         
0.000         
0.000         
0.000         
0.000         
0.000         
0.000         
0.000         
0.000         
0.000         
0.000         
0.000         
0.000         
0.000         
0.000         
0.000         
0.000         
0.000         
0.000         
0.000         
0.000         
0.000         
0.000         
0.000         
0.000         
0.000         
0.000         
0.000         
0.000         
0.000         
0.000         
0.000         
0.000         
0.000         
0.000         
0.000         
0.000         
0.000         
0.000         
0.000         
0.000         
0.000         
0.000         
0.000         
0.000         
0.000         
0.000         
0.000         
0.000         
0.000         
0.000         
0.000         
0.000         
0.000         
0.000         
0.000         
0.000         
0.000         
0.000         
0.000         
0.000         
0.000         
0.000         
0.000         
0.000         
0.000         
0.000         
0.000         
0.000         
0.000         
0.000         
0.000         
0.000         
0.000         
0.000         
0.000         
0.000         
0.000         
0.000         
0.000         
0.000         
0.000         
0.000         
0.000         
0.000         
0.000         
0.000         
0.000         
0.000         
0.000         
0.000         
0.000         
0.000         
0.000         
0.000         
0.000         
0.000         
0.000         
0.000         
0.000         
0.000         
0.000         
0.000         
0.000         
0.000         
0.000         
0.000         
0.000         
0.000         
0.000         
0.000         
0.000         
0.000         
0.000         
0.000         
0.000         
0.000         
0.000         
0.000         
0.000         
0.000         
0.000         
0.000         
0.000         
0.000         
0.000         
0.000         
0.000         
0.000         
0.000         
0.000         
0.000         
0.000         
0.000         
0.000         
0.000         
0.000         
0.000         
0.000         
0.000         
0.000         
0.000         
0.000         
0.000         
0.000         
0.000         
0.000         
0.000         
0.000         
0.000         
0.000         
0.000         
0.000         
0.000         
0.000         
0.000         
0.000         
0.000         
0.000         
0.000         
0.000         
0.000         
0.000         
0.000         
0.000         
0.000         
0.000         
0.000         
0.000         
0.000         
0.000         
0.000         
0.000         
0.000         
0.000         
0.000         
0.000         
0.000         
0.000         
0.000         
0.000         
0.000         
0.000         
0.000         
0.000         
0.000         
0.000         
0.000         
0.000         
0.000         
0.000         
0.000         
0.000         
0.000         
0.000         
0.000         
0.000         
0.000         
0.000         
0.000         
0.000         
0.000         
0.000         
0.000         
0.000         
0.000         
0.000         
0.000         
0.000         
0.000         
0.000         
0.000         
0.000         
0.000         
0.000         
0.000         
0.000         
0.000         
0.000         
0.000         
0.000         
0.000         
0.000         
0.000         
0.000         
0.000         
0.000         
0.000         
0.000         
0.000         
0.000         
0.000         
0.000         
0.000         
0.000         
0.000         
11.061        
18.249        
0.855         
5.591         
84.836        
2.144         
19.018        
8.143         
0.024         
25.690        
0.067         
2.825         
0.010         
2.197         
0.056         
19.589        
5.250         
0.609         
28.222        
0.177         
14.545        
36.410        
2.395         
38.050        
0.000         
15.181        
0.455         
10.834        
0.376         
17.505        
0.233         
33.796        
6.532         
4.565         
21.559        
3.961         
0.021         
11.811        
0.963         
2.708         
0.592         
55.144        
29.343        
73.960        
0.014         
16.706        
24.323        
46.545        
14.198        
56.450        
12.852        
1.167         
44.352        
49.658        
0.759         
9.518         
2.174         
0.414         
9.973         
4.180         
32.693        
1.195         
112.768       
14.668        
0.280         
15.380        
10.047        
19.295        
60.732        
117.172       
201.060       
113.485       
3.601         
0.715         
22.335        
41.887        
20.228        
8.821         
30.762        
1.709         
17.272        
39.694        
2.584         
0.410         
21.158        
7.638         
1.218         
0.899         
8.100         
11.732        
2.599         
34.515        
24.257        
55.699        
2.049         
8.164         
23.479        
4.261         
24.102        
13.868        
20.974        
1.959         
40.349        
0.000         
0.000         
0.000         
0.000         
0.000         
0.000         
0.000         
0.000         
0.000         
0.000         
0.000         
0.000         
0.000         
0.000         
0.000         
0.000         
0.000         
0.000         
0.000         
0.000         
0.000         
0.000         
0.000         
0.000         
0.000         
0.000         
0.000         
0.000         
0.000         
0.000         
0.000         
0.000         
0.000         
0.000         
0.000         
0.000         
0.000         
0.000         
0.000         
0.000         
0.000         
0.000         
0.000         
0.000         
0.000         
0.000         
0.000         
0.000         
0.000         
0.000         
0.000         
0.000         
0.000         
0.000         
0.000         
0.000         
0.000         
0.000         
0.000         
0.000         
0.000         
0.000         
0.000         
0.000         
0.000         
0.000         
0.000         
0.000         
0.000         
0.000         
0.000         
0.000         
0.000         
0.000         
0.000         
0.000         
0.000         
0.000         
0.000         
0.000         
0.000         
0.000         
0.000         
0.000         
0.000         
0.000         
0.000         
0.000         
0.000         
0.000         
0.000         
0.000         
0.000         
0.000         
0.000         
0.000         
0.000         
0.000         
19.348        
0.533         
0.001         
0.000         
2.345         
6.129         
1.137         
24.356        
6.751         
23.067        
5.003         
3.919         
25.946        
0.627         
2.125         
0.052         
1.027         
0.302         
0.548         
2.544         
0.481         
9.325         
0.954         
0.514         
0.969         
3.589         
20.051        
0.648         
13.195        
5.111         
16.639        
17.888        
1.394         
0.061         
12.515        
0.384         
0.070         
1.277         
0.002         
0.263         
4.525         
0.010         
6.329         
3.009         
1.542         
0.154         
2.111         
68.568        
10.749        
3.605         
0.206         
6.383         
11.915        
1.938         
20.289        
19.799        
4.784         
20.649        
17.712        
31.687        
67.444        
37.882        
2.760         
36.966        
20.332        
0.384         
8.108         
101.403       
95.393        
2.327         
32.178        
35.426        
5.588         
107.537       
26.516        
11.780        
7.606         
0.472         
8.990         
6.098         
1.521         
5.333         
9.416         
3.779         
8.370         
3.246         
0.581         
1.000         
0.078         
0.442         
0.548         
6.186         
30.655        
17.653        
13.483        
0.004         
0.000         
0.001         
0.091         
1.376         
0.013         
0.006         
0.001         
0.024         
0.579         
14.306        
3.907         
18.430        
17.700        
0.161         
75.782        
8.083         
1.770         
6.370         
1.523         
7.697         
0.817         
20.566        
0.455         
0.118         
5.723         
0.027         
1.179         
8.822         
0.210         
0.679         
0.230         
0.689         
0.141         
8.843         
6.453         
0.012         
0.051         
0.443         
0.824         
0.221         
0.872         
7.102         
2.325         
0.000         
2.772         
0.494         
3.575         
0.052         
5.729         
18.201        
42.285        
22.835        
5.345         
25.979        
0.280         
2.688         
2.054         
12.201        
3.287         
16.279        
6.307         
2.122         
15.428        
5.340         
0.606         
9.834         
8.107         
7.468         
0.057         
66.637        
1.300         
7.391         
61.140        
29.331        
0.724         
2.535         
1.893         
23.228        
8.116         
21.124        
6.766         
23.273        
0.000         
0.013         
0.285         
0.003         
6.923         
1.269         
26.061        
17.836        
1.269         
0.528         
0.784         
3.330         
4.673         
0.453         
0.599         
0.411         
23.744        
0.036         
24.730        
0.822         
8.012         
6.923         
0.977         
88.513        
0.422         
2.022         
0.321         
41.172        
6.043         
32.592        
47.577        
2.522         
43.590        
10.256        
1.213         
22.814        
6.751         
4.682         
38.975        
6.831         
47.314        
76.604        
214.614       
12.188        
80.302        
22.641        
209.963       
17.066        
20.082        
115.773       
58.258        
99.550        
184.776       
13.538        
182.541       
226.277       
80.023        
213.426       
5.132         
0.542         
116.380       
6.060         
8.014         
0.414         
3.361         
0.567         
17.958        
0.432         
5.967         
0.985         
2.507         
2.860         
66.393        
16.377        
13.276        
2.899         
13.564        
4.871         
5.001         
8.689         
1.376         
2.553         
0.537         
25.502        
0.553         
7.963         
1.683         
12.107        
6.169         
42.723        
29.747        
31.366        
7.413         
31.473        
13.314        
4.859         
23.905        
8.295         
76.092        
39.735        
21.198        
65.926        
0.000         
0.000         
0.000         
0.000         
0.000         
0.000         
0.000         
0.000         
0.000         
0.000         
0.000         
0.000         
0.000         
0.000         
0.000         
0.000         
0.000         
0.000         
0.000         
0.000         
0.000         
0.000         
0.000         
0.000         
0.000         
0.000         
0.000         
0.000         
0.000         
0.000         
0.000         
0.000         
0.000         
0.000         
0.000         
0.000         
0.000         
0.000         
0.000         
0.000         
0.000         
0.000         
0.000         
0.000         
0.000         
0.000         
0.000         
0.000         
0.000         
0.000         
0.000         
0.000         
0.000         
0.000         
0.000         
0.000         
0.000         
0.000         
0.000         
0.000         
0.000         
0.000         
0.000         
0.000         
0.000         
0.000         
0.000         
0.000         
0.000         
0.000         
0.000         
0.000         
0.000         
0.000         
0.000         
0.000         
0.000         
0.000         
0.000         
0.000         
0.000         
0.000         
0.000         
0.000         
0.000         
0.000         
0.000         
0.000         
0.000         
0.000         
0.000         
0.000         
0.000         
0.000         
0.000         
0.000         
0.000         
0.000         
0.000         
0.000         
0.000         
0.000         
0.000         
0.000         
0.000         
0.000         
0.000         
0.000         
0.000         
0.000         
0.000         
0.000         
0.000         
0.000         
0.000         
0.000         
0.000         
0.000         
0.000         
0.000         
0.000         
0.000         
0.000         
0.000         
0.000         
0.000         
0.000         
0.000         
0.000         
0.000         
0.000         
0.000         
0.000         
0.000         
0.000         
0.000         
0.000         
0.000         
0.000         
0.000         
0.000         
0.000         
0.000         
0.000         
0.000         
0.000         
0.000         
0.000         
0.000         
0.000         
0.000         
0.000         
0.000         
0.000         
0.000         
0.000         
0.000         
0.000         
0.000         
0.000         
0.000         
0.000         
0.000         
0.000         
0.000         
0.000         
0.000         
0.000         
0.000         
0.000         
0.000         
0.000         
0.000         
0.000         
0.000         
0.000         
0.000         
0.000         
0.000         
0.000         
0.000         
0.000         
0.000         
0.000         
0.000         
0.000         
0.000         
0.000         
0.000         
0.000         
0.000         
0.000         
0.000         
0.000         
0.000         
0.000         
0.000         
0.000         
0.000         
0.000         
0.000         
0.000         
0.000         
0.000         
0.000         
0.000         
0.000         
0.000         
0.000         
0.000         
0.000         
0.000         
0.000         
0.000         
0.000         
0.000         
0.000         
0.000         
0.000         
0.000         
0.000         
0.000         
0.000         
0.000         
0.000         
0.000         
0.000         
0.000         
0.000         
0.000         
0.000         
0.000         
0.000         
0.000         
0.000         
0.000         
0.000         
0.000         
0.000         
0.000         
0.000         
0.000         
0.000         
0.000         
0.000         
0.000         
0.000         
0.000         
0.000         
0.000         
0.000         
0.000         
0.000         
0.000         
0.000         
0.000         
0.000         
0.000         
0.000         
0.000         
0.000         
0.000         
0.000         
0.000         
0.000         
0.000         
0.000         
0.000         
0.000         
0.000         
0.000         
0.000         
0.000         
0.000         
0.000         
0.000         
0.000         
0.000         
0.000         
0.000         
0.000         
0.000         
0.000         
0.000         
0.000         
0.000         
0.000         
0.000         
0.000         
0.000         
0.000         
0.000         
0.000         
0.000         
0.000         
0.000         
0.000         
0.000         
0.000         
0.000         
0.000         
0.000         
0.000         
0.000         
0.000         
0.000         
0.000         
0.000         
0.000         
0.000         
0.000         
0.000         
0.000         
0.000         
0.000         
0.000         
0.000         
0.000         
0.000         
0.000         
0.000         
0.000         
0.000         
0.000         
0.000         
0.000         
0.000         
0.000         
0.000         
0.000         
0.000         
0.000         
0.000         
0.000         
0.000         
0.000         
0.000         
0.000         
0.000         
0.000         
0.000         
0.000         
0.000         
0.000         
0.000         
0.000         
0.000         
0.000         
0.000         
0.000         
0.000         
0.000         
0.000         
0.000         
0.000         
0.000         
0.000         
0.000         
0.000         
0.000         
0.000         
0.000         
0.000         
0.000         
0.000         
0.000         
0.000         
0.000         
0.000         
0.000         
0.000         
0.000         
0.000         
0.000         
0.000         
0.000         
0.000         
0.000         
0.000         
0.000         
0.000         
0.000         
0.000         
0.000         
0.000         
0.000         
0.000         
0.000         
0.000         
0.000         
0.000         
0.000         
0.000         
0.000         
0.000         
0.000         
0.004         
2.265         
0.004         
4.008         
0.951         
0.288         
9.400         
13.892        
4.077         
0.016         
1.087         
2.665         
0.191         
2.664         
17.664        
1.589         
1.602         
0.096         
3.319         
0.006         
2.033         
0.002         
0.006         
0.000         
0.000         
0.002         
0.641         
1.187         
0.000         
0.002         
0.000         
0.018         
0.437         
0.000         
2.382         
1.308         
0.000         
1.862         
0.812         
0.000         
0.052         
1.288         
1.583         
0.001         
0.003         
0.043         
3.925         
3.808         
8.591         
3.949         
8.839         
0.828         
6.710         
9.100         
1.017         
1.697         
6.563         
0.339         
0.001         
0.248         
2.923         
0.976         
0.501         
0.004         
0.145         
5.547         
0.094         
3.567         
0.157         
0.606         
10.112        
0.036         
1.476         
0.043         
1.143         
0.089         
5.015         
2.243         
0.645         
0.186         
0.046         
25.285        
9.739         
26.991        
1.203         
0.270         
3.384         
14.142        
0.315         
5.105         
29.163        
18.541        
38.402        
7.208         
4.796         
0.033         
0.431         
0.000         
0.065         
0.019         
4.771         
3.416         
12.104        
0.090         
4.014         
15.542        
43.736        
44.602        
2.138         
16.165        
22.685        
4.308         
22.115        
2.513         
24.382        
7.690         
8.623         
9.618         
3.812         
0.602         
2.629         
8.414         
0.001         
0.030         
0.094         
0.084         
0.289         
0.205         
0.535         
2.751         
0.934         
0.435         
25.068        
1.509         
20.004        
54.908        
3.627         
5.071         
2.553         
0.000         
0.000         
0.000         
0.000         
0.000         
0.000         
0.000         
0.000         
0.000         
0.000         
0.000         
0.000         
0.000         
0.000         
0.000         
0.000         
0.000         
0.000         
0.000         
0.000         
0.000         
0.000         
0.000         
0.000         
0.000         
0.000         
0.000         
0.000         
0.000         
0.000         
0.000         
0.000         
0.000         
0.000         
0.000         
0.000         
0.000         
0.000         
0.000         
0.000         
0.000         
0.000         
0.000         
0.000         
0.000         
0.000         
0.000         
0.000         
0.000         
0.000         
0.000         
0.000         
0.000         
0.000         
0.000         
0.000         
0.000         
0.000         
0.000         
0.000         
0.000         
0.000         
0.000         
0.000         
0.000         
0.000         
0.000         
0.000         
0.000         
0.000         
0.000         
0.000         
0.000         
0.000         
0.000         
0.000         
0.000         
0.000         
0.000         
0.000         
0.000         
0.000         
0.000         
0.000         
0.001         
3.970         
2.495         
7.804         
18.002        
13.282        
0.761         
11.528        
2.904         
3.109         
0.000         
3.395         
0.232         
0.342         
0.271         
0.028         
5.312         
16.708        
0.224         
0.072         
0.083         
0.242         
129.259       
0.908         
4.382         
1.385         
0.001         
0.002         
0.864         
14.376        
11.591        
0.107         
14.933        
38.517        
7.178         
8.188         
11.832        
0.045         
30.248        
28.564        
195.754       
75.925        
25.118        
11.309        
38.110        
0.000         
0.000         
0.000         
0.000         
0.000         
0.000         
0.000         
0.000         
0.000         
0.000         
0.000         
0.000         
0.000         
0.000         
0.000         
0.000         
0.000         
0.000         
0.000         
0.000         
0.000         
0.000         
0.000         
0.000         
0.000         
0.000         
0.000         
0.000         
0.000         
0.000         
0.000         
0.000         
0.000         
0.000         
0.000         
0.000         
0.000         
0.000         
0.000         
0.000         
0.000         
0.000         
0.000         
0.000         
0.000         
0.000         
0.000         
0.000         
0.000         
0.000         
0.000         
0.000         
0.000         
0.000         
0.000         
0.000         
0.000         
0.000         
0.000         
0.000         
0.000         
0.000         
0.000         
0.000         
0.000         
0.000         
0.000         
0.000         
0.000         
0.000         
0.000         
0.000         
0.000         
0.000         
0.000         
0.000         
0.000         
0.000         
0.000         
0.000         
0.000         
0.000         
0.000         
0.000         
0.000         
0.000         
0.000         
0.000         
0.000         
0.000         
0.000         
0.000         
0.000         
0.000         
0.000         
0.000         
0.000         
0.000         
0.000         
0.000         
0.000         
0.000         
0.000         
0.000         
0.000         
0.000         
0.000         
0.000         
0.000         
0.000         
0.000         
0.000         
0.000         
0.000         
0.000         
0.000         
0.000         
0.000         
0.000         
0.000         
0.000         
0.000         
0.000         
0.000         
0.000         
0.000         
0.000         
0.000         
0.000         
0.000         
0.000         
0.000         
0.000         
0.000         
0.000         
0.000         
0.000         
0.000         
0.000         
0.000         
0.000         
0.000         
0.000         
0.000         
0.000         
0.000         
0.000         
0.000         
0.000         
0.000         
0.000         
0.000         
0.000         
0.000         
0.000         
0.000         
0.000         
0.000         
0.000         
0.000         
0.000         
0.000         
0.000         
0.000         
0.000         
0.000         
0.000         
0.000         
0.000         
0.000         
0.000         
0.000         
0.000         
0.000         
0.000         
0.000         
0.000         
0.000         
0.000         
0.000         
0.000         
0.000         
0.000         
0.000         
0.000         
0.000         
0.000         
0.000         
0.000         
0.000         
0.000         
0.000         
0.000         
0.000         
0.000         
0.000         
0.000         
0.000         
0.000         
0.000         
0.000         
0.000         
0.000         
0.000         
0.000         
0.000         
0.000         
0.000         
0.000         
0.000         
0.000         
0.000         
0.000         
0.000         
0.000         
0.000         
0.000         
0.000         
0.000         
0.000         
0.000         
0.000         
0.000         
0.000         
0.000         
0.000         
0.000         
0.000         
0.000         
0.000         
0.000         
0.000         
0.000         
0.000         
0.000         
0.000         
0.000         
0.000         
0.000         
0.000         
0.000         
0.000         
0.000         
0.000         
0.000         
0.000         
0.000         
0.000         
0.000         
0.000         
0.000         
0.000         
0.000         
0.000         
0.000         
0.000         
0.000         
0.000         
0.000         
0.000         
0.000         
0.000         
0.000         
0.000         
0.000         
0.000         
0.000         
0.000         
0.000         
0.000         
0.000         
0.000         
0.000         
0.000         
0.000         
0.000         
0.000         
0.000         
0.000         
0.000         
0.000         
0.000         
0.000         
0.000         
0.000         
0.000         
0.000         
0.000         
0.000         
0.000         
0.000         
0.000         
0.000         
0.000         
0.000         
0.000         
0.000         
0.000         
0.000         
0.000         
6.580         
4.095         
4.906         
5.103         
57.051        
93.708        
15.259        
0.000         
3.297         
147.478       
131.318       
6.017         
3.662         
1.688         
4.662         
34.673        
122.634       
55.486        
15.745        
24.800        
28.141        
36.762        
12.508        
4.323         
129.239       
9.324         
58.613        
1.235         
14.948        
0.218         
0.070         
8.698         
0.146         
7.228         
0.883         
14.940        
4.915         
12.133        
1.215         
0.146         
37.264        
27.506        
103.059       
0.870         
6.302         
25.558        
2.029         
1.882         
0.000         
0.201         
0.110         
2.655         
0.040         
24.662        
0.281         
105.873       
41.916        
7.263         
31.308        
14.469        
52.823        
88.065        
12.763        
52.668        
52.065        
85.408        
26.415        
18.904        
3.449         
4.985         
0.802         
38.810        
24.636        
5.777         
1.001         
8.856         
37.079        
4.926         
3.009         
82.445        
7.041         
6.894         
16.314        
16.568        
104.506       
16.460        
59.132        
8.062         
39.083        
0.080         
14.756        
50.026        
0.532         
4.003         
2.060         
29.180        
5.111         
11.559        
29.432        
25.663        
35.101        
17.235        
1.579         
35.907        
0.401         
123.738       
12.777        
1.117         
0.973         
0.607         
8.409         
14.055        
0.251         
29.679        
0.145         
3.156         
2.963         
2.250         
28.822        
31.196        
9.067         
4.436         
6.431         
9.950         
19.377        
17.536        
7.293         
5.049         
2.991         
0.869         
3.355         
10.328        
20.519        
1.330         
1.751         
2.121         
5.196         
0.906         
4.873         
70.768        
26.907        
10.101        
23.725        
14.872        
1.887         
44.051        
3.403         
1.119         
0.175         
0.185         
0.459         
0.589         
0.000         
0.000         
4.754         
0.331         
3.138         
0.132         
0.000         
0.101         
0.000         
2.777         
4.354         
0.000         
0.334         
0.162         
0.011         
0.044         
20.247        
0.486         
0.837         
1.101         
1.451         
8.840         
4.232         
0.033         
13.740        
0.828         
1.467         
0.000         
0.231         
0.144         
1.978         
1.686         
0.128         
0.391         
0.001         
0.815         
0.037         
0.136         
0.085         
0.000         
1.132         
4.424         
0.067         
0.000         
0.008         
0.022         
1.174         
0.037         
0.003         
0.006         
2.266         
0.419         
0.038         
0.007         
0.054         
12.572        
8.140         
3.229         
10.867        
1.312         
5.319         
0.053         
15.006        
0.705         
0.000         
0.402         
5.351         
0.492         
4.114         
6.756         
1.831         
0.069         
18.041        
27.413        
0.006         
0.093         
1.793         
71.610        
42.553        
6.080         
0.273         
0.741         
8.630         
5.069         
1.501         
0.317         
0.142         
0.008         
8.675         
0.000         
3.045         
0.134         
4.659         
1.189         
0.095         
1.252         
8.450         
2.096         
19.978        
5.765         
1.722         
7.999         
5.530         
6.908         
6.392         
3.931         
1.391         
9.531         
1.509         
0.065         
1.076         
27.251        
35.035        
12.828        
0.437         
2.796         
44.063        
11.724        
18.059        
6.350         
26.072        
53.156        
65.863        
12.753        
1.284         
8.330         
15.035        
5.748         
3.350         
44.778        
12.548        
5.639         
107.962       
10.392        
23.659        
76.533        
26.776        
12.213        
11.217        
5.997         
0.374         
6.959         
0.953         
36.258        
3.391         
6.454         
1.999         
16.774        
36.195        
0.047         
10.132        
12.267        
0.286         
3.276         
0.391         
2.102         
6.432         
21.501        
2.367         
0.355         
0.009         
0.027         
14.578        
4.736         
0.175         
0.002         
0.242         
0.826         
1.466         
20.142        
1.331         
0.530         
1.062         
0.281         
0.008         
0.000         
13.781        
0.611         
0.202         
0.643         
3.596         
0.940         
0.093         
9.751         
3.183         
29.542        
0.209         
1.584         
0.403         
4.483         
7.244         
8.542         
16.364        
0.247         
0.002         
0.228         
0.046         
0.419         
1.311         
6.997         
4.826         
0.029         
0.006         
1.591         
0.951         
0.012         
0.027         
0.042         
13.905        
84.999        
34.175        
19.597        
37.449        
66.372        
7.124         
8.099         
269.237       
42.927        
9.609         
16.324        
17.802        
15.803        
42.428        
41.174        
0.009         
2.213         
0.560         
56.382        
91.666        
31.293        
4.752         
0.768         
8.100         
403.808       
32.984        
16.479        
0.217         
4.612         
0.150         
0.090         
2.278         
82.162        
0.023         
4.746         
0.105         
2.045         
1.123         
29.771        
0.000         
0.010         
22.668        
13.678        
8.572         
25.558        
0.000         
1.079         
0.385         
5.933         
58.264        
9.843         
3.751         
1.590         
14.225        
12.498        
0.071         
0.183         
0.583         
1.443         
0.001         
105.551       
0.000         
0.000         
0.000         
0.000         
0.000         
0.000         
0.000         
0.000         
0.000         
0.000         
0.000         
0.000         
0.000         
0.000         
0.000         
0.000         
0.000         
0.000         
0.000         
0.000         
0.000         
0.000         
0.000         
0.000         
0.000         
0.000         
0.000         
0.000         
0.000         
0.000         
0.000         
0.000         
0.000         
0.000         
0.000         
0.000         
0.000         
0.000         
0.000         
0.000         
0.000         
0.000         
0.000         
0.000         
0.000         
0.000         
0.000         
0.000         
0.000         
0.000         
0.000         
0.000         
0.000         
0.000         
0.000         
0.000         
0.000         
0.000         
0.000         
0.000         
0.000         
0.000         
0.000         
0.000         
0.000         
0.000         
0.000         
0.000         
0.000         
0.000         
0.000         
0.000         
0.000         
0.000         
0.000         
0.000         
0.000         
0.000         
0.000         
0.000         
0.000         
0.000         
0.000         
0.000         
0.000         
0.000         
0.000         
0.000         
0.000         
0.000         
0.000         
0.000         
0.000         
0.000         
0.000         
0.000         
0.000         
0.000         
0.000         
0.000         
6.938         
0.007         
0.044         
0.000         
0.019         
2.387         
2.028         
14.184        
0.564         
3.381         
5.739         
0.436         
5.063         
3.564         
1.362         
0.048         
0.022         
0.856         
4.127         
7.297         
1.924         
0.003         
0.010         
0.038         
0.013         
0.009         
1.111         
0.004         
0.499         
0.000         
0.000         
0.269         
1.074         
5.520         
9.084         
0.965         
0.238         
0.466         
0.025         
0.000         
0.006         
0.648         
0.000         
0.372         
0.002         
0.013         
0.000         
4.683         
3.699         
0.138         
0.000         
0.294         
0.000         
3.012         
2.855         
6.781         
0.463         
23.556        
0.101         
0.899         
12.000        
12.173        
30.084        
36.252        
2.869         
2.034         
0.304         
21.087        
3.423         
0.900         
6.532         
0.924         
0.022         
0.358         
33.980        
40.439        
2.805         
6.522         
0.474         
4.080         
11.622        
36.185        
1.784         
5.519         
0.004         
11.287        
0.000         
0.020         
2.141         
0.204         
0.132         
0.207         
1.735         
2.797         
54.619        
6.959         
8.228         
0.399         
0.004         
1.980         
4.123         
0.000         
1.607         
0.025         
7.252         
1.069         
22.684        
2.084         
26.354        
2.813         
2.172         
3.154         
26.482        
10.401        
7.917         
0.333         
5.743         
2.084         
4.783         
4.607         
17.597        
2.333         
26.233        
0.084         
73.590        
9.242         
22.118        
8.376         
19.710        
38.442        
3.710         
3.281         
15.503        
65.371        
43.612        
18.414        
49.564        
18.557        
2.995         
60.980        
39.473        
0.742         
5.673         
0.031         
2.855         
26.192        
15.863        
15.906        
1.341         
0.497         
36.073        
54.720        
18.398        
1.023         
0.821         
5.492         
0.009         
1.503         
0.072         
0.310         
1.238         
0.053         
0.191         
0.019         
0.218         
0.153         
7.406         
1.814         
0.955         
7.615         
1.871         
23.112        
3.941         
7.702         
0.134         
6.900         
1.721         
2.691         
5.442         
20.165        
27.648        
11.080        
0.213         
4.043         
12.105        
4.063         
0.000         
0.000         
0.096         
0.000         
0.908         
1.079         
2.584         
0.290         
3.417         
0.122         
7.787         
0.325         
0.647         
3.853         
3.080         
0.008         
0.130         
9.599         
78.829        
2.339         
36.883        
9.971         
2.716         
8.770         
161.834       
13.154        
26.057        
19.695        
64.357        
12.348        
12.715        
62.689        
3.706         
2.356         
7.664         
5.331         
8.884         
12.847        
12.655        
18.584        
94.196        
8.210         
0.085         
38.728        
0.001         
0.119         
14.081        
3.201         
2.897         
0.707         
0.874         
0.048         
3.419         
0.109         
1.500         
1.623         
6.195         
20.056        
0.002         
2.804         
0.374         
0.756         
28.990        
0.024         
21.754        
13.665        
1.052         
50.178        
9.469         
0.000         
50.042        
14.715        
1.685         
0.890         
0.064         
0.222         
0.534         
1.996         
243.179       
33.719        
2.723         
27.831        
0.000         
0.000         
0.000         
0.000         
0.000         
0.000         
0.000         
0.000         
0.000         
0.000         
0.000         
0.000         
0.000         
0.000         
0.000         
0.000         
0.000         
0.000         
0.000         
0.000         
0.000         
0.000         
0.000         
0.000         
0.000         
0.000         
0.000         
0.000         
0.000         
0.000         
0.000         
0.000         
0.000         
0.000         
0.000         
0.000         
0.000         
0.000         
0.000         
0.000         
0.000         
0.000         
0.000         
0.000         
0.000         
0.000         
0.000         
0.000         
0.000         
0.000         
0.000         
0.000         
0.000         
0.000         
0.000         
0.000         
0.000         
0.000         
0.000         
0.000         
0.000         
0.000         
0.000         
0.000         
0.000         
0.000         
0.000         
0.000         
0.000         
0.000         
0.000         
0.000         
0.000         
0.000         
0.000         
0.000         
0.000         
0.000         
0.000         
0.000         
0.000         
0.000         
0.000         
0.000         
0.000         
0.000         
0.000         
0.000         
0.000         
0.000         
0.000         
0.000         
0.000         
0.000         
0.000         
0.000         
0.000         
0.000         
0.000         
0.000         
0.000         
0.000         
0.000         
0.000         
0.000         
0.000         
0.000         
0.000         
0.000         
0.000         
0.000         
0.000         
0.000         
0.000         
0.000         
0.000         
0.000         
0.000         
0.000         
0.000         
0.000         
0.000         
0.000         
0.000         
0.000         
0.000         
0.000         
0.000         
0.000         
0.000         
0.000         
0.000         
0.000         
0.000         
0.000         
0.000         
0.000         
0.000         
0.000         
0.000         
0.000         
0.000         
0.000         
0.000         
0.000         
0.000         
0.000         
0.000         
0.000         
0.000         
0.000         
0.000         
0.000         
0.000         
0.000         
0.000         
0.000         
0.000         
0.000         
0.000         
0.000         
0.000         
0.000         
0.000         
0.000         
0.000         
0.000         
0.000         
0.000         
0.000         
0.000         
0.000         
0.000         
0.000         
0.000         
0.000         
0.000         
0.000         
0.000         
0.000         
0.000         
0.000         
0.000         
0.000         
0.000         
0.000         
0.000         
0.000         
0.000         
0.000         
0.000         
0.000         
0.000         
0.000         
0.000         
0.000         
0.000         
0.000         
0.000         
0.000         
0.000         
0.000         
2.217         
0.000         
12.703        
1.355         
2.350         
0.083         
0.405         
0.676         
0.007         
0.050         
1.455         
6.363         
1.326         
9.321         
0.080         
27.657        
9.096         
1.681         
23.638        
5.525         
0.606         
43.823        
53.911        
0.783         
0.007         
0.001         
22.375        
23.843        
0.519         
35.707        
5.380         
19.786        
23.851        
7.494         
1.345         
19.815        
63.033        
11.466        
0.587         
0.848         
14.407        
0.937         
1.198         
0.056         
2.587         
0.751         
2.244         
0.000         
0.000         
0.000         
0.000         
0.000         
0.000         
0.000         
0.000         
0.000         
0.000         
0.000         
0.000         
0.000         
0.000         
0.000         
0.000         
0.000         
0.000         
0.000         
0.000         
0.000         
0.000         
0.000         
0.000         
0.000         
0.000         
0.000         
0.000         
0.000         
0.000         
0.000         
0.000         
0.000         
0.000         
0.000         
0.000         
0.000         
0.000         
0.000         
0.000         
0.000         
0.000         
0.000         
0.000         
0.000         
0.000         
0.000         
0.000         
0.000         
0.000         
0.000         
0.000         
0.000         
0.000         
0.000         
0.000         
0.000         
0.000         
0.000         
0.000         
0.000         
0.000         
0.000         
0.000         
0.000         
0.000         
0.000         
0.000         
0.000         
0.000         
0.000         
0.000         
0.000         
0.000         
0.000         
0.000         
0.000         
0.000         
0.000         
0.000         
0.000         
0.000         
0.000         
0.000         
0.000         
0.000         
0.000         
0.000         
0.000         
0.000         
0.000         
0.000         
0.000         
0.000         
0.000         
0.000         
0.000         
0.000         
0.000         
0.000         
0.000         
0.000         
0.000         
0.000         
0.000         
0.000         
0.000         
0.000         
0.000         
0.000         
0.000         
0.000         
0.000         
0.000         
0.000         
0.000         
0.000         
0.000         
0.000         
0.000         
0.000         
0.000         
0.000         
0.000         
0.000         
0.000         
0.000         
0.000         
0.000         
0.000         
0.000         
0.000         
0.000         
0.000         
0.000         
0.000         
0.000         
0.000         
0.000         
0.000         
0.000         
0.000         
0.000         
0.000         
0.000         
0.000         
0.000         
0.000         
0.000         
0.000         
0.000         
0.000         
0.000         
0.000         
0.000         
0.000         
0.000         
0.000         
0.000         
0.000         
0.000         
0.000         
0.000         
0.000         
0.000         
0.000         
0.000         
0.000         
0.000         
0.000         
0.000         
0.000         
0.000         
0.000         
0.000         
0.000         
0.000         
0.000         
0.000         
0.000         
0.000         
0.000         
0.000         
0.000         
0.000         
0.000         
0.000         
0.000         
0.000         
0.000         
0.000         
0.000         
0.000         
0.000         
0.000         
0.000         
0.000         
0.000         
0.000         
0.000         
0.000         
0.000         
0.000         
0.000         
0.000         
0.000         
0.000         
0.000         
0.000         
0.000         
0.000         
0.000         
0.000         
0.000         
0.000         
0.000         
0.000         
0.000         
0.000         
0.000         
0.000         
0.000         
0.000         
0.000         
0.000         
0.000         
0.000         
0.000         
0.000         
0.000         
0.000         
0.000         
0.000         
0.000         
0.000         
0.000         
0.000         
0.000         
0.000         
0.000         
0.000         
0.000         
0.000         
0.000         
0.000         
0.000         
0.000         
0.000         
0.000         
0.000         
0.000         
0.000         
0.000         
0.000         
0.000         
0.000         
0.000         
0.000         
0.000         
0.000         
0.000         
0.000         
0.000         
0.000         
0.000         
0.000         
0.000         
0.000         
0.000         
0.000         
0.000         
0.000         
0.000         
0.000         
0.000         
0.000         
0.000         
0.000         
0.000         
0.000         
0.000         
0.000         
0.000         
0.000         
0.000         
0.000         
0.000         
0.000         
0.000         
0.000         
0.000         
0.000         
0.000         
0.000         
0.000         
0.000         
0.000         
0.000         
0.000         
0.000         
0.000         
0.000         
0.000         
0.000         
0.000         
0.000         
0.000         
0.000         
0.000         
0.000         
0.000         
0.000         
0.000         
0.000         
0.000         
0.000         
0.000         
0.000         
0.000         
0.000         
0.000         
0.000         
0.000         
0.000         
0.000         
0.000         
0.000         
0.000         
0.000         
0.000         
0.000         
0.000         
0.000         
0.000         
0.000         
0.000         
0.000         
0.000         
0.000         
0.000         
0.000         
0.000         
0.000         
0.000         
0.000         
0.000         
0.000         
0.000         
0.000         
0.000         
0.000         
0.000         
0.000         
0.000         
0.000         
0.000         
0.000         
0.000         
0.000         
0.000         
0.000         
0.000         
0.000         
0.000         
0.000         
0.000         
0.000         
0.000         
0.000         
0.000         
0.000         
0.000         
0.000         
0.000         
0.000         
0.000         
0.000         
0.000         
0.000         
0.000         
0.000         
0.000         
0.000         
0.000         
0.000         
0.000         
0.000         
0.000         
0.000         
0.000         
0.000         
0.000         
0.000         
0.000         
0.000         
0.000         
0.000         
0.000         
0.000         
0.000         
0.000         
0.000         
0.000         
0.000         
0.000         
0.000         
0.000         
0.000         
0.000         
0.000         
0.000         
0.000         
0.000         
0.000         
0.000         
0.000         
0.000         
0.000         
0.000         
0.000         
0.000         
0.000         
0.000         
0.000         
0.000         
0.000         
0.000         
0.000         
0.000         
0.000         
0.000         
0.000         
0.000         
0.000         
0.000         
0.000         
0.000         
0.000         
0.000         
0.000         
0.000         
0.000         
0.000         
0.000         
0.000         
0.000         
0.000         
0.000         
0.000         
0.000         
0.000         
0.000         
0.000         
0.000         
0.000         
0.000         
0.000         
0.000         
0.000         
0.000         
0.000         
0.000         
0.000         
0.000         
0.000         
0.000         
0.000         
0.000         
0.000         
0.000         
0.000         
0.000         
0.000         
0.000         
0.000         
0.000         
0.000         
0.000         
0.000         
0.000         
0.000         
0.000         
0.000         
0.000         
0.000         
0.000         
0.000         
0.000         
0.000         
0.000         
0.000         
0.000         
0.000         
0.000         
0.000         
0.000         
0.000         
0.000         
0.000         
0.000         
0.000         
0.000         
0.000         
0.000         
0.000         
0.000         
0.000         
0.000         
0.000         
0.000         
0.000         
0.000         
0.000         
0.000         
0.000         
0.000         
0.000         
0.000         
0.000         
0.000         
0.000         
0.000         
0.000         
0.000         
0.000         
0.000         
0.000         
0.000         
0.000         
0.000         
0.000         
0.000         
0.000         
0.000         
0.000         
0.000         
0.000         
0.000         
0.000         
0.000         
0.000         
0.000         
0.000         
0.000         
0.000         
0.000         
0.000         
0.000         
0.000         
0.000         
0.000         
0.000         
0.000         
0.000         
0.000         
0.000         
0.000         
0.000         
0.000         
0.000         
0.000         
0.000         
0.000         
0.000         
0.000         
0.000         
0.000         
0.000         
0.000         
0.000         
0.000         
0.000         
0.000         
0.000         
0.000         
0.000         
0.000         
0.000         
0.000         
0.000         
0.000         
0.000         
0.000         
0.000         
0.000         
0.000         
0.000         
0.000         
0.000         
0.000         
0.000         
0.000         
0.000         
0.000         
0.000         
0.000         
0.000         
0.000         
0.000         
0.000         
0.000         
0.000         
0.000         
0.000         
0.000         
0.000         
0.000         
0.000         
0.000         
0.000         
0.000         
0.000         
0.000         
0.000         
0.000         
0.000         
0.000         
0.000         
0.000         
0.000         
0.000         
0.000         
0.000         
0.000         
0.000         
0.000         
0.000         
0.000         
0.000         
0.000         
0.000         
0.000         
0.000         
0.000         
0.000         
0.000         
0.000         
0.000         
0.000         
0.000         
0.000         
0.000         
0.000         
0.000         
0.000         
0.000         
0.000         
0.000         
0.000         
0.000         
0.000         
0.000         
0.000         
0.000         
0.000         
0.000         
0.000         
0.000         
0.000         
0.000         
0.000         
0.000         
0.000         
0.000         
0.000         
0.000         
0.000         
0.000         
0.000         
0.000         
0.000         
0.000         
0.000         
0.000         
0.000         
0.000         
0.000         
0.000         
0.000         
0.000         
0.000         
0.000         
0.000         
0.000         
0.000         
0.000         
0.000         
0.000         
0.000         
0.000         
0.000         
0.000         
0.000         
0.000         
0.000         
0.000         
0.000         
0.000         
0.000         
0.000         
0.000         
0.000         
0.000         
0.000         
0.000         
0.000         
0.000         
0.000         
0.000         
0.000         
0.000         
0.000         
0.000         
0.000         
0.000         
0.000         
0.000         
0.000         
0.000         
0.000         
0.000         
0.000         
0.000         
0.000         
0.000         
0.000         
0.000         
0.000         
0.000         
0.000         
0.000         
0.000         
0.000         
0.000         
0.000         
0.000         
0.000         
0.000         
0.000         
0.000         
0.000         
0.000         
0.000         
0.000         
0.000         
0.000         
0.000         
0.000         
0.000         
0.000         
0.000         
0.000         
0.000         
0.000         
0.000         
0.000         
0.000         
0.000         
0.000         
0.000         
0.000         
0.000         
0.000         
0.000         
0.000         
0.000         
0.000         
0.000         
0.000         
0.000         
0.000         
0.000         
0.000         
0.000         
0.000         
0.000         
0.000         
0.000         
0.000         
0.000         
0.000         
0.000         
0.000         
0.000         
0.000         
0.000         
0.000         
0.000         
0.000         
0.000         
0.000         
0.000         
0.000         
0.000         
0.000         
0.000         
0.000         
0.000         
0.000         
0.000         
0.000         
0.000         
0.000         
0.000         
0.000         
0.000         
0.000         
0.000         
0.000         
0.000         
0.000         
0.000         
0.000         
0.000         
0.000         
0.000         
0.000         
0.000         
0.000         
0.000         
0.000         
0.000         
0.000         
0.000         
0.000         
0.000         
0.000         
0.000         
0.000         
0.000         
0.000         
0.000         
0.000         
0.000         
0.000         
0.000         
0.000         
0.000         
0.000         
0.000         
0.000         
0.000         
0.000         
0.000         
0.000         
0.000         
0.000         
0.000         
0.000         
0.000         
0.000         
0.000         
0.000         
0.000         
0.000         
0.000         
0.000         
0.000         
0.000         
0.000         
0.000         
0.000         
0.000         
0.000         
0.000         
0.000         
0.000         
0.000         
0.000         
0.000         
0.000         
0.000         
0.000         
0.000         
0.000         
0.000         
0.000         
0.000         
0.000         
0.000         
0.000         
0.000         
0.000         
0.000         
0.000         
0.000         
0.000         
0.000         
0.000         
0.000         
0.000         
0.000         
0.000         
0.000         
0.000         
0.000         
0.000         
0.000         
0.000         
0.000         
0.000         
0.000         
0.000         
0.000         
0.000         
0.000         
0.000         
0.000         
0.000         
0.000         
0.000         
0.000         
0.000         
0.000         
0.000         
0.000         
0.000         
0.000         
0.000         
0.000         
0.000         
0.000         
0.000         
0.000         
0.000         
0.000         
0.000         
0.000         
0.000         
0.000         
0.000         
0.000         
0.000         
0.000         
0.000         
0.000         
0.000         
0.000         
0.000         
0.000         
0.000         
0.000         
0.000         
0.000         
0.000         
0.000         
0.000         
0.000         
0.000         
0.000         
0.000         
0.000         
0.000         
0.000         
0.000         
0.000         
0.000         
0.000         
0.000         
0.000         
0.000         
0.000         
0.000         
0.000         
0.000         
0.000         
0.000         
0.000         
0.000         
0.000         
0.000         
0.000         
0.000         
0.000         
0.000         
0.000         
0.000         
0.000         
0.000         
0.000         
0.000         
0.000         
0.000         
0.000         
0.000         
0.000         
0.000         
0.000         
0.000         
0.000         
0.000         
0.000         
0.000         
0.000         
0.000         
0.000         
0.000         
0.000         
0.000         
0.000         
0.000         
0.000         
0.000         
0.000         
0.000         
0.000         
0.000         
0.000         
0.000         
0.000         
0.000         
0.000         
0.000         
0.000         
0.000         
0.000         
0.000         
0.000         
0.000         
0.000         
0.000         
0.000         
0.000         
0.000         
0.000         
0.000         
0.000         
0.000         
0.000         
0.000         
0.000         
0.000         
0.000         
0.000         
0.000         
0.000         
0.000         
0.000         
0.000         
0.000         
0.000         
0.000         
0.000         
0.000         
0.000         
0.000         
0.000         
0.000         
0.000         
0.000         
0.000         
0.000         
0.000         
0.000         
0.000         
0.000         
0.000         
0.000         
0.000         
0.000         
0.000         
0.000         
0.000         
0.000         
0.000         
0.000         
0.000         
0.000         
0.000         
0.000         
0.000         
0.000         
0.000         
0.000         
0.000         
0.000         
0.000         
0.000         
0.000         
0.000         
0.000         
0.000         
0.000         
0.000         
0.000         
0.000         
0.000         
0.000         
0.000         
0.000         
0.000         
0.000         
0.000         
0.000         
0.000         
0.000         
0.000         
0.000         
0.000         
0.000         
0.000         
0.000         
0.000         
0.000         
0.000         
0.000         
0.000         
0.000         
0.000         
0.000         
0.000         
0.000         
0.000         
0.000         
0.000         
0.000         
0.000         
0.000         
0.000         
0.000         
0.000         
0.000         
0.000         
0.000         
0.000         
0.000         
0.000         
0.000         
0.000         
0.000         
0.000         
0.000         
0.000         
0.000         
0.000         
0.000         
0.000         
0.000         
0.000         
0.000         
0.000         
0.000         
0.000         
0.000         
0.000         
0.000         
0.000         
0.000         
0.000         
0.000         
0.000         
0.000         
0.000         
0.000         
0.000         
0.000         
0.000         
0.000         
0.000         
0.000         
0.000         
0.000         
0.000         
0.000         
0.000         
0.000         
0.000         
0.000         
0.000         
0.000         
0.000         
0.000         
0.000         
0.000         
0.000         
0.000         
0.000         
0.000         
0.000         
0.000         
0.000         
0.000         
0.000         
0.000         
0.000         
0.000         
0.000         
0.000         
0.000         
0.000         
0.000         
0.000         
0.000         
0.000         
0.000         
0.000         
0.000         
0.000         
0.000         
0.000         
0.000         
0.000         
0.000         
0.000         
0.000         
0.000         
0.000         
0.000         
0.000         
0.000         
0.000         
0.000         
0.000         
0.000         
0.000         
0.000         
0.000         
0.000         
0.000         
0.000         
0.000         
0.000         
0.000         
0.000         
0.000         
0.000         
0.000         
0.000         
0.000         
0.000         
0.000         
0.000         
0.000         
0.000         
0.000         
0.000         
0.000         
0.000         
0.000         
0.000         
0.000         
0.000         
0.000         
0.000         
0.000         
0.000         
0.000         
0.000         
0.000         
0.000         
0.000         
0.000         
0.000         
0.000         
0.000         
0.000         
0.000         
0.000         
0.000         
0.000         
0.000         
0.000         
0.000         
0.000         
0.000         
0.000         
0.000         
0.000         
0.000         
0.000         
0.000         
0.000         
0.000         
0.000         
0.000         
0.000         
0.000         
0.000         
0.000         
0.000         
0.000         
0.000         
0.000         
0.000         
0.000         
0.000         
0.000         
0.000         
0.000         
0.000         
0.000         
0.000         
0.000         
0.000         
0.000         
0.000         
0.000         
0.000         
0.000         
0.000         
0.000         
0.000         
0.000         
0.000         
0.000         
0.000         
0.000         
0.000         
0.000         
0.000         
0.000         
0.000         
0.000         
0.000         
0.000         
0.000         
0.000         
0.000         
0.000         
0.000         
0.000         
0.000         
0.000         
0.000         
0.000         
0.000         
0.000         
0.000         
0.000         
0.000         
0.000         
0.000         
0.000         
0.000         
0.000         
0.000         
0.000         
0.000         
0.000         
0.000         
0.000         
0.000         
0.000         
0.000         
0.000         
0.000         
0.000         
0.000         
0.000         
0.000         
0.000         
0.000         
0.000         
0.000         
0.000         
0.000         
0.000         
0.000         
0.000         
0.000         
0.000         
0.000         
0.000         
0.000         
0.000         
0.000         
0.000         
0.000         
0.000         
0.000         
0.000         
0.000         
0.000         
0.000         
0.000         
0.000         
0.000         
0.000         
0.000         
0.000         
0.000         
0.000         
0.000         
0.000         
0.000         
0.000         
0.000         
0.000         
0.000         
0.000         
0.000         
0.000         
0.000         
0.000         
0.000         
0.000         
0.000         
0.000         
0.000         
0.000         
0.000         
0.000         
0.000         
0.000         
0.000         
0.000         
0.000         
0.000         
0.000         
0.000         
0.000         
0.000         
0.000         
0.000         
0.000         
0.000         
0.000         
0.000         
0.000         
0.000         
0.000         
0.000         
0.000         
0.000         
0.000         
0.000         
0.000         
0.000         
0.000         
0.000         
0.000         
0.000         
0.000         
0.000         
0.000         
0.000         
0.000         
0.000         
0.000         
0.000         
0.000         
0.000         
0.000         
0.000         
0.000         
0.000         
0.000         
0.000         
0.000         
0.000         
0.000         
0.000         
0.000         
0.000         
0.000         
0.000         
0.000         
0.000         
0.000         
0.000         
0.000         
0.000         
0.000         
0.000         
0.000         
0.000         
0.000         
0.000         
0.000         
0.000         
0.000         
0.000         
0.000         
0.000         
0.000         
0.000         
0.000         
0.000         
0.000         
0.000         
0.000         
0.000         
0.000         
0.000         
0.000         
0.000         
0.000         
0.000         
0.000         
0.000         
0.000         
0.000         
0.000         
0.000         
0.000         
0.000         
0.000         
0.000         
0.000         
0.000         
0.000         
0.000         
0.000         
0.000         
0.000         
0.000         
0.000         
0.000         
0.000         
0.000         
0.000         
0.000         
0.000         
0.000         
0.000         
0.000         
0.000         
0.000         
0.000         
0.000         
0.000         
0.000         
0.000         
0.000         
0.000         
0.000         
0.000         
0.000         
0.000         
0.000         
0.000         
0.000         
0.000         
0.000         
0.000         
0.000         
0.000         
0.000         
0.000         
0.000         
0.000         
0.000         
0.000         
0.000         
0.000         
0.000         
0.000         
0.000         
0.000         
0.000         
0.000         
0.000         
0.000         
0.000         
0.000         
0.000         
29.089        
5.283         
131.612       
4.204         
0.008         
1.856         
5.932         
21.191        
1.247         
0.018         
0.284         
3.765         
0.023         
0.146         
8.557         
0.256         
11.553        
31.574        
36.465        
31.152        
11.838        
28.829        
0.120         
0.215         
1.044         
73.894        
0.876         
6.411         
16.559        
34.804        
106.697       
31.321        
3.794         
12.540        
11.489        
1.464         
52.760        
156.118       
68.755        
2.786         
16.499        
172.233       
2.011         
57.906        
93.957        
104.735       
231.181       
0.026         
25.189        
4.418         
43.124        
6.767         
16.754        
29.486        
9.250         
6.889         
9.216         
10.797        
5.427         
0.226         
1.464         
8.179         
2.858         
1.899         
3.517         
1.104         
18.370        
18.764        
7.952         
0.735         
50.252        
3.949         
6.706         
52.453        
3.002         
10.596        
48.923        
11.458        
0.387         
15.169        
1.709         
6.682         
0.000         
0.390         
0.867         
1.957         
4.115         
17.260        
21.892        
3.666         
5.602         
22.275        
1.605         
16.997        
5.386         
10.124        
9.673         
1.066         
15.399        
8.208         
2.335         
0.623         
3.162         
0.445         
0.000         
0.000         
0.000         
0.000         
0.000         
0.000         
0.000         
0.000         
0.000         
0.000         
0.000         
0.000         
0.000         
0.000         
0.000         
0.000         
0.000         
0.000         
0.000         
0.000         
0.000         
0.000         
0.000         
0.000         
0.000         
0.000         
0.000         
0.000         
0.000         
0.000         
0.000         
0.000         
0.000         
0.000         
0.000         
0.000         
0.000         
0.000         
0.000         
0.000         
0.000         
0.000         
0.000         
0.000         
0.000         
0.000         
0.000         
0.000         
0.000         
0.000         
0.000         
0.000         
0.000         
0.000         
0.000         
0.000         
0.000         
0.000         
0.000         
0.000         
0.000         
0.000         
0.000         
0.000         
0.000         
0.000         
0.000         
0.000         
0.000         
0.000         
0.000         
0.000         
0.000         
0.000         
0.000         
0.000         
0.000         
0.000         
0.000         
0.000         
0.000         
0.000         
0.000         
0.000         
0.000         
0.000         
0.000         
0.000         
0.000         
0.000         
0.000         
0.000         
0.000         
0.000         
0.000         
0.000         
0.000         
0.000         
0.000         
0.000         
0.000         
0.000         
0.000         
0.000         
0.000         
0.000         
0.000         
0.000         
0.000         
0.000         
0.000         
0.000         
0.000         
0.000         
0.000         
0.000         
0.000         
0.000         
0.000         
0.000         
0.000         
0.000         
0.000         
0.000         
0.000         
0.000         
0.000         
0.000         
0.000         
0.000         
0.000         
0.000         
0.000         
0.000         
0.000         
0.000         
0.000         
0.000         
0.000         
0.000         
0.000         
0.000         
0.000         
0.000         
0.000         
0.000         
0.000         
0.000         
0.000         
0.000         
0.000         
0.000         
0.000         
0.000         
0.000         
0.000         
0.000         
0.000         
0.000         
0.000         
0.000         
0.000         
0.000         
0.000         
0.000         
0.000         
0.000         
0.000         
0.000         
0.000         
0.000         
0.000         
0.000         
0.000         
0.000         
0.000         
0.000         
0.000         
0.000         
0.000         
0.000         
0.000         
0.000         
0.000         
0.000         
0.000         
0.000         
0.000         
0.000         
0.000         
0.000         
0.000         
0.000         
0.000         
0.000         
0.000         
0.000         
0.000         
0.000         
0.000         
0.000         
0.000         
0.000         
0.000         
0.000         
0.000         
0.000         
0.000         
0.000         
0.000         
0.000         
0.000         
0.000         
0.000         
0.000         
0.000         
0.000         
0.000         
0.000         
0.000         
0.000         
0.000         
110.842       
26.804        
6.800         
45.137        
0.540         
16.894        
7.141         
5.771         
1.030         
2.328         
6.255         
11.440        
11.753        
6.044         
5.238         
7.738         
27.589        
22.889        
12.195        
3.176         
64.748        
40.577        
99.065        
13.428        
18.790        
3.736         
5.590         
6.120         
14.163        
1.948         
1.936         
0.003         
6.339         
9.429         
4.933         
0.748         
7.164         
0.167         
10.884        
0.001         
47.153        
0.004         
1.241         
2.895         
0.001         
4.362         
10.802        
15.738        
10.086        
31.376        
0.010         
15.041        
14.984        
5.250         
0.412         
126.318       
183.726       
74.949        
24.092        
10.328        
2.869         
41.858        
90.430        
0.000         
0.000         
0.000         
0.000         
0.000         
0.000         
0.000         
0.000         
0.000         
0.000         
0.000         
0.000         
0.000         
0.000         
0.000         
0.000         
0.000         
0.000         
0.000         
0.000         
0.000         
0.000         
0.000         
0.000         
0.000         
0.000         
0.000         
0.000         
0.000         
0.000         
0.000         
0.000         
0.000         
0.000         
0.000         
0.000         
0.000         
0.000         
0.000         
0.000         
0.000         
0.000         
0.000         
0.000         
0.000         
0.000         
0.000         
0.000         
0.000         
0.000         
0.000         
0.000         
0.000         
0.000         
0.000         
0.000         
0.000         
0.000         
0.000         
0.000         
0.000         
0.000         
0.000         
0.000         
0.000         
0.000         
0.000         
0.000         
0.000         
0.000         
0.000         
0.000         
0.000         
0.000         
0.000         
0.000         
0.000         
0.000         
0.000         
0.000         
0.000         
0.000         
0.000         
0.000         
0.000         
0.000         
0.000         
0.000         
0.000         
0.000         
0.000         
0.000         
0.000         
0.000         
0.000         
0.000         
0.000         
0.000         
0.000         
0.000         
0.000         
0.000         
0.000         
0.000         
0.000         
0.000         
0.000         
0.000         
0.000         
0.000         
0.000         
0.000         
0.000         
0.000         
0.000         
0.000         
0.000         
0.000         
0.000         
0.000         
0.000         
0.000         
0.000         
0.000         
0.000         
0.000         
0.000         
0.000         
0.000         
0.000         
0.000         
0.000         
0.000         
0.000         
0.000         
0.000         
0.000         
0.000         
0.000         
0.000         
0.000         
0.000         
0.000         
0.000         
0.000         
0.000         
0.000         
0.000         
0.000         
0.000         
0.000         
0.000         
0.000         
0.000         
0.000         
0.000         
0.000         
0.000         
0.000         
0.000         
0.000         
0.000         
0.000         
0.000         
0.000         
0.000         
0.000         
0.000         
0.000         
0.000         
0.000         
0.000         
0.000         
0.000         
0.000         
0.000         
0.000         
0.000         
0.000         
0.000         
0.000         
0.000         
0.000         
0.000         
0.000         
0.000         
0.000         
0.000         
0.000         
0.000         
0.000         
0.000         
0.000         
0.000         
0.000         
0.000         
0.000         
0.000         
0.000         
0.000         
0.000         
0.000         
0.000         
0.000         
0.000         
0.000         
0.000         
0.000         
0.000         
0.000         
0.000         
0.000         
0.000         
0.000         
0.000         
0.000         
0.000         
0.000         
0.000         
0.000         
0.000         
0.000         
0.000         
0.000         
0.000         
0.000         
0.000         
0.000         
0.000         
0.000         
0.000         
0.000         
0.000         
0.000         
0.000         
0.000         
0.000         
0.000         
0.000         
0.000         
0.000         
0.000         
0.000         
0.000         
0.000         
0.000         
0.000         
0.000         
0.000         
0.000         
0.000         
0.000         
0.000         
0.000         
0.000         
0.000         
0.000         
0.000         
0.000         
0.000         
0.000         
0.000         
0.000         
0.000         
0.000         
0.000         
0.000         
0.000         
0.000         
0.000         
0.000         
0.000         
0.000         
0.000         
0.000         
0.000         
0.000         
0.000         
0.000         
0.000         
0.000         
0.000         
0.000         
0.000         
0.000         
0.000         
0.000         
0.000         
0.000         
0.000         
0.000         
0.000         
0.000         
0.000         
0.000         
0.000         
0.000         
0.000         
0.000         
0.000         
0.000         
0.000         
0.000         
0.000         
0.000         
0.000         
0.000         
0.000         
0.000         
0.000         
0.000         
0.000         
0.000         
0.000         
0.000         
0.000         
0.000         
0.000         
0.000         
0.000         
0.000         
0.000         
0.000         
0.000         
0.000         
0.000         
0.000         
0.000         
0.000         
0.000         
0.000         
0.000         
0.000         
0.000         
0.000         
0.000         
0.000         
0.000         
0.000         
0.000         
0.000         
0.000         
0.000         
0.000         
0.000         
0.000         
0.000         
0.000         
0.000         
0.000         
0.000         
0.000         
0.000         
0.000         
0.000         
0.000         
0.000         
0.000         
0.000         
0.000         
0.000         
0.000         
0.000         
0.000         
0.000         
0.000         
0.000         
0.000         
0.000         
0.000         
0.000         
0.000         
0.000         
0.000         
0.000         
0.000         
0.000         
0.000         
0.000         
0.000         
0.000         
0.000         
0.000         
0.000         
0.000         
0.000         
0.000         
0.000         
0.000         
0.000         
0.000         
0.000         
0.000         
0.000         
0.000         
0.000         
0.000         
0.000         
0.000         
0.000         
0.000         
0.000         
0.000         
0.000         
0.000         
0.000         
0.000         
0.000         
0.000         
0.000         
0.000         
0.000         
0.000         
0.000         
0.000         
0.000         
0.000         
0.000         
0.000         
0.000         
0.000         
0.000         
0.000         
0.000         
0.000         
0.000         
0.000         
0.000         
0.000         
0.000         
0.000         
0.000         
0.000         
0.000         
0.000         
0.000         
0.000         
0.000         
0.000         
0.000         
0.000         
0.000         
0.000         
0.000         
0.000         
0.000         
0.000         
0.000         
0.000         
0.000         
0.000         
0.000         
0.000         
0.000         
0.000         
0.000         
0.000         
0.000         
0.000         
0.000         
0.000         
0.000         
0.000         
0.000         
0.000         
0.000         
0.000         
0.000         
0.000         
0.000         
0.000         
0.000         
0.000         
0.000         
0.000         
0.000         
0.000         
0.000         
0.000         
0.000         
0.000         
0.000         
0.000         
0.000         
0.000         
0.000         
0.000         
0.000         
0.000         
0.000         
0.000         
0.000         
0.000         
0.000         
0.000         
0.000         
0.000         
0.000         
0.000         
0.000         
0.000         
0.000         
0.000         
0.000         
0.000         
0.000         
0.000         
0.000         
0.000         
0.000         
0.000         
0.000         
0.000         
0.000         
0.000         
0.000         
0.000         
0.000         
0.000         
0.000         
0.000         
0.000         
0.000         
0.000         
0.000         
0.000         
0.000         
0.000         
0.000         
0.000         
0.000         
0.000         
0.000         
0.000         
0.000         
0.000         
0.000         
0.000         
0.000         
0.000         
0.000         
0.000         
0.000         
0.000         
0.000         
0.000         
0.000         
0.000         
0.000         
0.000         
0.000         
0.000         
0.000         
0.000         
0.000         
0.000         
0.000         
0.000         
0.000         
0.000         
0.000         
0.000         
0.000         
0.000         
0.000         
0.000         
0.000         
0.000         
0.000         
0.000         
0.000         
0.000         
0.000         
0.000         
0.000         
0.000         
0.000         
0.000         
0.000         
0.000         
0.000         
0.000         
0.000         
0.000         
0.000         
0.000         
0.000         
0.000         
0.000         
0.000         
0.000         
0.000         
0.000         
0.000         
0.000         
0.000         
0.000         
0.000         
0.000         
0.000         
0.000         
0.000         
0.000         
0.000         
0.000         
0.000         
0.000         
0.000         
0.000         
0.000         
0.000         
0.000         
0.000         
0.000         
0.000         
0.000         
0.000         
0.000         
0.000         
0.000         
0.000         
0.000         
0.000         
0.000         
0.000         
0.000         
0.000         
0.000         
0.000         
0.000         
0.000         
0.000         
0.000         
0.000         
0.000         
0.000         
0.000         
0.000         
0.000         
0.000         
0.000         
0.000         
0.000         
0.000         
0.000         
0.000         
0.000         
0.000         
0.000         
0.000         
0.000         
0.000         
0.000         
0.000         
0.000         
0.000         
0.000         
0.000         
0.000         
0.000         
0.000         
0.000         
0.000         
0.000         
0.000         
0.000         
0.000         
0.000         
0.000         
0.000         
0.000         
0.000         
0.000         
0.000         
0.000         
0.000         
0.000         
0.000         
0.000         
0.000         
0.000         
0.000         
0.000         
0.000         
0.000         
0.000         
0.000         
0.000         
0.000         
0.000         
0.000         
0.000         
0.000         
0.000         
0.000         
0.000         
0.000         
0.000         
0.000         
0.000         
0.000         
0.000         
0.000         
0.000         
0.000         
0.000         
0.000         
0.000         
0.000         
0.000         
0.000         
0.000         
0.000         
0.000         
0.000         
0.000         
0.000         
0.000         
0.000         
0.000         
0.000         
0.000         
0.000         
0.000         
0.000         
0.000         
0.000         
0.000         
0.000         
0.000         
0.000         
0.000         
0.000         
0.000         
0.000         
0.000         
0.000         
0.000         
0.000         
0.000         
0.000         
0.000         
0.000         
0.000         
0.000         
0.000         
0.000         
0.000         
0.000         
0.000         
0.000         
0.000         
0.000         
0.000         
0.000         
0.000         
0.000         
0.000         
0.000         
0.000         
0.000         
0.000         
0.000         
0.000         
0.000         
0.000         
0.000         
0.000         
0.000         
0.000         
0.000         
0.000         
0.000         
0.000         
0.000         
0.000         
0.000         
0.000         
0.000         
0.000         
0.000         
0.000         
0.000         
0.000         
0.000         
0.000         
0.000         
0.000         
0.000         
0.000         
0.000         
0.000         
0.000         
0.000         
0.000         
0.000         
0.000         
0.000         
0.000         
0.000         
0.000         
0.000         
0.000         
0.000         
0.000         
0.000         
0.000         
0.000         
0.000         
0.000         
0.000         
0.000         
0.000         
0.000         
0.000         
0.000         
0.000         
0.000         
0.000         
0.000         
0.000         
0.000         
0.000         
0.000         
0.000         
0.000         
0.000         
0.000         
0.000         
0.000         
0.000         
0.000         
0.000         
0.000         
0.000         
0.000         
0.000         
0.000         
0.000         
0.000         
0.000         
0.000         
0.000         
0.000         
0.000         
0.000         
0.000         
0.000         
0.000         
0.000         
0.000         
0.000         
0.000         
0.000         
0.000         
0.000         
0.000         
0.000         
0.000         
0.000         
0.000         
0.000         
0.000         
0.000         
0.000         
0.000         
0.000         
0.000         
0.000         
0.000         
0.000         
0.000         
0.000         
0.000         
0.000         
0.000         
0.000         
0.000         
0.000         
0.000         
0.000         
0.000         
0.000         
0.000         
0.000         
0.000         
0.000         
0.000         
0.000         
0.000         
0.000         
0.000         
0.000         
0.000         
0.000         
0.000         
0.000         
0.000         
0.000         
0.000         
0.000         
0.000         
0.000         
0.000         
0.000         
0.000         
0.000         
0.000         
0.000         
0.000         
0.000         
0.000         
0.000         
0.000         
0.000         
0.000         
0.000         
0.000         
0.000         
0.000         
0.000         
0.000         
0.000         
0.000         
0.000         
0.000         
0.000         
0.000         
0.000         
0.000         
0.000         
0.000         
0.000         
0.000         
0.000         
0.000         
0.000         
0.000         
0.000         
0.000         
0.000         
0.000         
0.000         
0.000         
0.000         
0.000         
0.000         
0.000         
0.000         
0.000         
0.000         
0.000         
0.000         
0.000         
0.000         
0.000         
0.000         
0.000         
0.000         
0.000         
0.000         
0.000         
0.000         
0.000         
0.000         
0.000         
0.000         
0.000         
0.000         
0.000         
0.000         
0.000         
0.000         
0.000         
0.000         
0.000         
0.000         
0.000         
0.000         
0.000         
0.000         
0.000         
0.000         
0.000         
0.000         
0.000         
0.000         
0.000         
0.000         
0.000         
0.000         
0.000         
0.000         
0.000         
0.000         
0.000         
0.000         
0.000         
0.000         
0.000         
0.000         
0.000         
0.000         
0.000         
0.000         
0.000         
0.000         
0.000         
0.000         
0.000         
0.000         
0.000         
0.000         
0.000         
0.000         
0.000         
0.000         
0.000         
0.000         
0.000         
0.000         
0.000         
0.000         
0.000         
0.000         
0.000         
0.000         
0.000         
0.000         
0.000         
0.000         
0.000         
0.000         
0.000         
0.000         
0.000         
0.000         
0.000         
0.000         
0.000         
0.000         
0.000         
0.000         
72.255        
13.902        
7.549         
6.198         
0.511         
0.091         
0.002         
16.533        
0.460         
10.103        
3.809         
37.659        
1.487         
2.186         
33.408        
5.184         
83.790        
33.221        
0.081         
0.229         
28.300        
6.593         
2.356         
3.417         
14.088        
0.053         
0.667         
19.128        
0.805         
0.862         
4.258         
0.104         
0.617         
0.682         
0.505         
5.082         
27.147        
1.184         
0.690         
6.272         
17.247        
0.397         
0.041         
8.094         
40.015        
96.900        
161.606       
68.252        
77.463        
177.071       
122.912       
6.986         
6.554         
45.709        
185.611       
188.727       
0.000         
0.000         
0.000         
0.000         
0.000         
0.000         
0.000         
0.000         
0.000         
0.000         
0.000         
0.000         
0.000         
0.000         
0.000         
0.000         
0.000         
0.000         
0.000         
0.000         
0.000         
0.000         
0.000         
0.000         
0.000         
0.000         
0.000         
0.000         
0.000         
0.000         
0.000         
0.000         
0.000         
0.000         
0.000         
0.000         
0.000         
0.000         
0.000         
0.000         
0.000         
0.000         
0.000         
0.000         
0.000         
0.000         
0.000         
0.000         
0.000         
0.000         
0.000         
0.000         
0.000         
0.000         
0.000         
0.000         
0.000         
0.000         
0.000         
0.000         
0.000         
0.000         
0.000         
0.000         
0.000         
0.000         
0.000         
0.000         
0.000         
0.000         
0.000         
0.000         
0.000         
0.000         
0.000         
0.000         
0.000         
0.000         
0.000         
0.000         
0.000         
0.000         
0.000         
0.000         
0.000         
0.000         
0.000         
0.000         
0.000         
0.000         
0.000         
0.000         
0.000         
0.000         
0.000         
0.000         
0.000         
0.000         
0.000         
0.000         
0.000         
0.000         
0.000         
0.000         
0.000         
0.000         
0.000         
0.000         
0.000         
0.000         
0.000         
0.000         
0.000         
0.000         
0.000         
0.000         
0.000         
0.000         
0.000         
0.000         
0.000         
0.000         
0.000         
0.000         
0.000         
0.000         
0.000         
0.000         
0.000         
0.000         
0.000         
0.000         
0.000         
0.000         
0.000         
0.000         
0.000         
0.000         
0.000         
0.000         
0.000         
0.000         
0.000         
0.000         
0.000         
0.000         
0.000         
0.000         
0.000         
0.000         
0.000         
0.000         
0.000         
0.000         
0.000         
0.000         
0.000         
0.000         
0.000         
0.000         
0.000         
0.000         
0.000         
0.000         
0.000         
0.000         
0.000         
0.000         
0.000         
0.000         
0.000         
0.000         
0.000         
0.000         
0.000         
0.000         
0.000         
0.000         
0.000         
0.000         
0.000         
0.000         
0.000         
0.000         
0.000         
0.000         
0.000         
0.000         
0.000         
0.000         
0.000         
0.000         
0.000         
0.000         
0.000         
0.000         
0.000         
0.000         
0.000         
0.000         
0.000         
0.000         
0.000         
0.000         
0.000         
0.000         
0.000         
0.000         
0.000         
0.000         
0.000         
0.000         
0.000         
0.000         
0.000         
0.000         
0.000         
0.000         
0.000         
0.000         
0.000         
0.000         
0.000         
0.000         
0.000         
0.000         
0.000         
0.000         
0.000         
0.000         
0.000         
0.000         
0.000         
0.000         
0.000         
0.000         
0.000         
0.000         
0.000         
0.000         
0.000         
0.000         
0.000         
0.000         
0.000         
0.000         
0.000         
0.000         
0.000         
0.000         
0.000         
0.000         
0.000         
0.000         
0.000         
0.000         
0.000         
0.000         
0.000         
0.000         
0.000         
0.000         
0.000         
0.000         
0.000         
0.000         
0.000         
0.000         
0.000         
0.000         
0.000         
0.000         
0.000         
0.000         
0.000         
0.000         
0.000         
0.000         
0.000         
0.000         
0.000         
0.000         
0.000         
0.000         
0.000         
0.000         
0.000         
0.000         
0.000         
0.000         
0.000         
0.000         
0.892         
12.884        
27.601        
19.984        
62.721        
3.071         
33.485        
22.557        
60.017        
10.711        
50.351        
13.758        
23.651        
0.326         
28.653        
0.534         
14.269        
3.110         
3.959         
20.011        
9.120         
0.027         
5.511         
1.513         
0.156         
83.970        
15.795        
57.476        
46.492        
4.788         
8.341         
0.488         
0.143         
10.604        
0.042         
0.059         
0.098         
5.052         
0.000         
3.434         
61.302        
14.115        
0.428         
0.000         
0.687         
0.000         
39.260        
0.173         
1.207         
0.417         
0.406         
0.008         
4.011         
42.501        
6.802         
10.274        
0.008         
0.151         
0.404         
7.697         
0.215         
212.112       
51.789        
2.844         
116.499       
22.251        
53.512        
7.482         
158.117       
11.496        
175.932       
30.152        
184.294       
16.740        
26.117        
43.254        
86.270        
35.537        
52.067        
140.977       
19.690        
184.782       
11.249        
104.321       
16.705        
41.023        
392.518       
99.623        
65.440        
0.176         
20.912        
97.267        
196.311       
32.976        
79.369        
13.910        
10.493        
11.128        
8.362         
4.216         
18.168        
14.127        
3.129         
0.839         
0.023         
75.804        
1.839         
21.174        
15.945        
10.199        
15.883        
3.572         
17.145        
0.711         
5.038         
2.018         
1.554         
3.744         
2.851         
1.566         
20.901        
6.160         
10.057        
6.056         
25.348        
28.360        
26.622        
20.093        
2.194         
1.201         
6.602         
18.695        
21.784        
26.550        
3.542         
40.356        
19.291        
21.198        
0.000         
0.000         
0.000         
0.000         
0.000         
0.000         
0.000         
0.000         
0.000         
0.000         
0.000         
0.000         
0.000         
0.000         
0.000         
0.000         
0.000         
0.000         
0.000         
0.000         
0.000         
0.000         
0.000         
0.000         
0.000         
0.000         
0.000         
0.000         
0.000         
0.000         
0.000         
0.000         
0.000         
0.000         
0.000         
0.000         
0.000         
0.000         
0.000         
0.000         
0.000         
0.000         
0.000         
0.000         
0.000         
0.000         
0.000         
0.000         
0.000         
0.000         
0.000         
0.000         
0.000         
0.000         
0.000         
0.000         
0.000         
0.000         
0.000         
0.000         
0.000         
0.000         
0.000         
0.000         
0.000         
0.000         
0.000         
0.000         
0.000         
0.000         
0.000         
0.000         
0.000         
0.000         
0.000         
0.000         
